imam	imam
imam	imán
sugar	azucar
sugar	azúcar
hades	hades
terorismo	terrorismo
monogatari	monogatari
kings	reyes
kings	kings
hepe	jefa
hepe	chief
hepe	jefe
robinson	robinson
dingding	muralla
dingding	pared
dingding	murallas
dingding	muro
slayers	slayers
charge	cargos
charge	cargo
charge	carga
charge	cargada
charge	cobrado
ballet	ballet
expressway	autopista
propaganda	publicidad
propaganda	propaganda
belen	belén
belen	belen
belen	belén
manchester	mánchester
manchester	manchester
kelly	kelly
mababasa	legible
mababasa	legibles
apayao	apayao
inside	dentro
inside	adentro
inside	inside
minimum	mínima
minimum	mínimo
minimum	mínimos
minimum	mínimas
minimum	minimo
pakikibaka	lucha
sinehan	teatro
sinehan	teatros
sinehan	cine
sinehan	cinema
kinukuha	obteniendo
galileo	galileo
kyung	kyung
iginawad	otorgado
iginawad	galardonado
iginawad	adjudicado
iginawad	premiado
iginawad	concedido
samu	samu
ariano	ariano
dalai	dalai
pagtatalaga	asignación
pagtatalaga	cesión
pagtatalaga	inauguración
pagtatalaga	investidura
mouse	ratón
mouse	mouse
humiling	pedida
humiling	solicitados
humiling	solicitado
humiling	solicitada
humiling	petición
humiling	solicitar
humiling	solicite
humiling	solicitud
mutya	mutya
arkansas	arkansas
electronic	electrónicos
electronic	electrónico
electronic	electrónica
electronic	electrónicas
electronic	electronic
ong	ong
pinalaki	ampliada
pinalaki	ampliados
pinalaki	ampliado
kumpanya	compañia
kumpanya	empresa
kumpanya	compañía
kumpanya	companía
kumpanya	compañias
kumpanya	empresas
kumpanya	compañías
fine	bien
fine	fine
fine	fino
qaeda	qaeda
tau	tau
emi	ime
emi	emi
maligayang	alegre
maligayang	merry
murphy	murphy
dallas	dallas
josephus	josephus
velasquez	velázquez
velasquez	velasquez
westlife	westlife
desc	desc
palayok	cerámica
palayok	cerámicas
palayok	olla
palayok	maceta
linux	linux
iminumungkahi	sugerida
iminumungkahi	sugerido
iminumungkahi	sugirió
iminumungkahi	sugieren
iminumungkahi	sugiera
iminumungkahi	sugerir
iminumungkahi	sugiere
evolution	evolution
evolution	evolución
pyramid	pirámide
pyramid	pirámides
mano	mano
dalang	portando
dalang	llevando
songwriter	compositor
songwriter	compositora
songwriter	cantautor
snapper	pargo
independence	autonomía
independence	independencia
granada	granada
aliw	consolación
aliw	consuelo
dae	dae
lagusan	falopio
koi	koi
paggunita	visualización
unibersal	universal
unibersal	universales
pagpapatunay	autenticación
pagpapatunay	autentificación
pagpapatunay	convalidación
pagpapatunay	validación
julie	julie
imbakan	almacén
imbakan	almacenaje
imbakan	almacenamiento
imbakan	embalse
athens	atenas
keyboard	teclado
keyboard	teclados
franco	franco
pikachu	pikachu
marcion	marción
athanasius	atanasio
kuta	fortaleza
kuta	fuerte
kuta	fort
masahiro	masahiro
sosyolohiya	sociología
pagpapalitan	intercambios
kabihasnang	micénica
tagasuporta	partidario
tagasuporta	hinchas
tagasuporta	partidarios
tagasuporta	simpatizantes
tagasuporta	seguidores
sugihara	sugihara
tres	tres
tinalakay	discutimos
tinalakay	debatido
tinalakay	discutido
tinalakay	discutida
morocco	marruecos
liberty	liberty
liberty	libertad
makikilala	reconocen
makikilala	reconoce
makikilala	reconoces
makikilala	reconocer
makikilala	reconocible
makikilala	reconocibles
hukay	foso
hukay	fosa
hukay	pit
hukay	pozo
hukay	hoyo
tong	tenazas
tong	pinzas
tong	tong
canon	canon
rex	rex
inamin	admitió
inamin	admitida
inamin	admitidos
inamin	admitido
kalabaw	búfalos
kalabaw	búfalo
kalabaw	buffalo
kalabaw	carabao
bavaria	baviera
barrel	cañón
barrel	barril
shakespeare	shakespeare
patnubay	guía
patnubay	guia
pagsasara	cierre
pagsasara	clausura
pagsasara	bloqueo
gagamba	araña
gagamba	spider
gagamba	arañas
joshua	joshua
joshua	josué
eugene	eugene
eugene	eugenio
sinapupunan	útero
sinapupunan	vientre
kababalaghan	fenómeno
kababalaghan	maravillas
titanic	titanic
corp	corp
pagtalakay	discutiendo
lutjanus	lutjanus
paghihiganti	revancha
paghihiganti	venganza
pagong	tortuga
pagong	tortugas
gamma	gama
gamma	gamma
beatles	beatles
resort	resort
devil	diablo
devil	demonio
alalahanin	conmemora
alalahanin	conmemorar
alalahanin	inquietudes
alalahanin	preocupación
alalahanin	preocupaciones
alalahanin	preocupación
alalahanin	inquietud
plan	plano
plan	plan
andorra	andorra
pinatunayan	demostrada
pinatunayan	probado
pinatunayan	demostrado
norma	norma
magpadala	enviar
magpadala	envíe
magpadala	mandar
sahara	sáhara
sahara	sahara
sapi	caldo
sapi	stock
sapi	acciones
sapi	existencias
request	petición
request	solicitar
request	solicite
request	solicitud
sahig	pisos
sahig	suelos
sahig	suelos
sahig	pavimento
sahig	planta
sahig	piso
sahig	suelo
sakramento	sacramento
pagbibitiw	dimisión
pagbibitiw	resignación
pagbibitiw	renuncia
cecilia	cecilia
blanco	blanco
soberanya	soberanía
hampshire	hampshire
speedway	speedway
naiwan	izquierda
naiwan	izquierdo
patak	gotas
huminto	abortar
huminto	parada
huminto	pare
huminto	stop
huminto	detener
huminto	parar
wan	wan
fiji	fiji
fiji	fiyi
schmidt	schmidt
hiragana	hiragana
marte	marte
marte	mars
laboratory	laboratorio
laboratory	laboratorios
iowa	iowa
selection	selección
bambang	bambang
smart	listo
smart	inteligentes
smart	smart
smart	inteligente
sinusuri	evaluadas
sinusuri	evaluados
sinusuri	evaluado
sinusuri	evaluada
namespaces	namespaces
pabrika	fábricas
pabrika	fabrica
pabrika	factoría
pabrika	factory
pabrika	fábrica
tangkay	tallo
kahinaan	debilidades
kahinaan	debilidad
kahinaan	cons
kahinaan	convictos
kahinaan	contras
kahinaan	estafas
timeline	cronología
timeline	biografía
pagsuporta	apoyar
pagsuporta	apoyando
kahapon	ayer
lin	lin
subukan	pruebe
subukan	probar
subukan	intente
subukan	prueba
subukan	tratar
subukan	test
subukan	probar
subukan	prueba
subukan	ensayo
pastoral	pastoral
porsyento	porcentaje
fauna	fauna
interesado	interesados
interesado	interesado
interesado	interesada
interesado	interesadas
nancy	nancy
predicted	predijo
predicted	predicho
apps	aplicaciones
puki	coño
puki	chocho
puki	vagina
imagesize	imagesize
belluno	belluno
par	par
seattle	seattle
imus	imus
turkmenistan	turkmenistán
pandinig	audición
pandinig	oído
ipinatupad	implementada
ipinatupad	implementado
galaxy	galaxy
galaxy	galaxia
vancouver	vancouver
sabah	sabah
marketing	mercadeo
marketing	marketing
marketing	mercadotecnia
marketing	comercialización
palo	palo
hapunan	cenas
hapunan	cenar
hapunan	cena
hapunan	cena
lagda	firma
lagda	firmas
bakr	bakr
doc	doc
jess	jess
cycle	ciclo
cycle	ciclos
kosovo	kosovo
bumabalik	regresando
bumabalik	regresar
ruiz	ruiz
supot	bolso
supot	bolsa
active	activos
active	activo
active	activa
teng	teng
stuart	stuart
limited	limited
limited	limitados
limited	limitado
limited	limitada
limited	limitadas
ludwig	luis
ludwig	ludwig
mythical	mítico
mythical	mítica
gaza	gaza
mikrobyo	alemania
butuan	butuan
graduate	postgrado
graduate	graduado
graduate	graduados
graduate	licenciado
orasan	reloj
nakaharap	enfrentando
nakaharap	afrontar
nakaharap	afrontando
marc	orujo
marc	marc
delgado	delgado
narrator	narrador
bartolome	bartolomé
edu	edu
crystal	cristal
crystal	crystal
bert	bert
bert	blas
defensive	defensiva
defensive	defensivo
defensive	defensivos
robles	roble
robles	robles
angela	angela
angela	ángela
estrella	estrella
diskriminasyon	discriminación
diskriminasyon	discriminaciones
ubo	tos
ubo	toser
specimen	espécimen
evans	evans
strike	strike
strike	huelga
pagpapalagay	suposiciones
pagpapalagay	presunciones
pagpapalagay	supuestos
liza	liza
panghalip	pronombre
ccp	pcc
ccp	ecc
ccp	ccp
hadlang	obstáculos
hadlang	barreras
hadlang	obstáculo
hadlang	obstáculos
hadlang	barrera
cfc	cfc
mental	mental
mental	mentales
herodotus	heródoto
bernadette	bernadette
alay	sacrificio
alay	sacrificar
alay	sacrificios
rob	robar
rob	rob
referee	árbitro
referee	referí
imdb	imdb
omar	omar
sumatra	sumatra
tabako	tabaco
minus	menos
ming	ming
obj	obj
learning	aprender
learning	aprendizaje
learning	aprendiendo
undef	undef
magpakita	espectáculo
magpakita	show
magpakita	mostrar
romulo	romulo
manhattan	manhattan
sermon	sermón
bulletin	boletín
paco	paco
command	mando
command	comando
command	comandancia
kennedy	kennedy
files	files
files	archivos
files	expedientes
files	ficheros
paggasta	gastos
paggasta	gasto
ibaraki	ibaraki
atlas	atlas
cola	cola
luigi	luigi
abdul	abdul
ulus	ulus
tamil	tamil
tamil	tamiles
headquarters	sede
headquarters	cuartel
headquarters	cuarteles
headquarters	sedes
batanes	batanes
miriam	miriam
wong	wong
neon	neón
neon	neon
huang	xun
huang	huang
sirkulasyon	circulación
sirkulasyon	tirada
czechoslovakia	checoslovaquia
bulgaria	bulgaria
zoroastrianismo	zoroastrismo
herodes	herodes
alala	preocuparse
alala	preocupada
alala	preocupados
alala	preocupado
pagpunta	va
pagpunta	yendo
cmd	cmd
bond	bonos
bond	vínculo
bond	lazo
bond	bond
tiger	tiger
tiger	tigres
tiger	tigre
pinaikling	abreviada
pinaikling	abreviado
yokohama	yokohama
commerce	comercio
lila	morado
lila	moradas
lila	morada
lila	púrpura
lila	violeta
lila	lila
mapapansin	observó
mapapansin	señalado
mapapansin	notado
mapapansin	observado
madoka	madoka
agila	águila
agila	eagle
agila	aguila
htm	htm
although	aunque
kristal	kristal
inayos	corregido
inayos	fijo
inayos	fijos
inayos	fijado
inayos	fijas
karibal	rival
karibal	rivales
karibal	rivales
elaeocarpus	elaeocarpus
malupit	cruel
malupit	crueles
helianthus	helianthus
positive	positivos
positive	positivo
positive	positiva
positive	positivas
tacloban	tacloban
troy	troy
troy	troya
pamana	patrimonio
pamana	herencia
pamana	heritage
royalty	realeza
royalty	regalías
letters	cartas
letters	letras
salot	peste
salot	plaga
salot	epidemia
salot	epidemias
pagtutuli	circuncisión
shaman	chamán
aviv	aviv
hockey	hockey
shot	tiro
shot	shot
shot	disparo
trak	remolque
trak	remolcado
trak	camiones
trak	camioneta
trak	camión
trak	camion
nationwide	xfinity
bahagya	apenas
bahagya	difícilmente
bahagya	apenas
bahagya	escasamente
bahagya	levemente
bahagya	ligeramente
tumawag	llamada
tumawag	llame
tumawag	llamar
tumawag	llama
bubuyog	abejas
bubuyog	abeja
bubuyog	bee
fujiwara	fujiwara
fungi	hongos
musa	musa
zamora	zamora
gallery	galería
gallery	galeria
buwaya	cocodrilo
buwaya	cocodrilos
buwaya	cocodrilos
joy	joy
joy	alegria
joy	alegría
joy	gozo
kapareho	parecido
kapareho	similar
kapareho	similares
kapareho	parecidos
mila	mila
transgender	transexual
transgender	transexuales
transgender	transgénero
lukas	lukas
milk	leche
milk	milk
binabago	modificar
binabago	modificando
vocal	vocales
vocal	vocal
pangangaso	cazar
pangangaso	caza
pangangaso	cacería
pangangaso	cazando
sinasadyang	accidentalmente
sinasadyang	accidentales
sinasadyang	accidental
sinasadyang	intencionadamente
sinasadyang	intencionalmente
pagpipilian	elección
pagpipilian	opción
pagpipilian	elegir
pagpipilian	choice
rene	rené
rene	rene
dakota	dakota
ralph	rodolfo
ralph	ralph
medya	treinta
medya	thirty
edge	edge
edge	filo
edge	borde
edge	arista
flora	flora
magkakahiwalay	individual
magkakahiwalay	individualmente
akademikong	académicos
akademikong	académico
akademikong	académicas
akademikong	académica
caribbean	caribeño
caribbean	caribeños
caribbean	caribe
orchestra	orchestra
orchestra	orquesta
temporal	temporal
harrison	harrison
settlement	asentamiento
settlement	liquidación
utc+	utc+
cbs	cbs
mississippi	mississippi
mississippi	misisipi
mori	mori
cerro	cerro
fuentes	fuentes
antigens	antígenos
kapal	descarado
kapal	sinvergüenza
kapal	espesor
kapal	grosor
turn	turn
turn	turno
turn	girar
pamilyar	familiar
pamilyar	familiarizado
pamilyar	familiarizados
pagdami	escalada
tuwiran	indirectamente
kagoshima	kagoshima
euclidean	vector
euclidean	vectorial
euclidean	vectores
tambol	tambor
pagdadala	entrega
pagdadala	parto
pagdadala	entregas
pagdadala	contrabando
pagdadala	envio
pagdadala	envío
pagdadala	envíos
madagascar	madagascar
libing	sepultura
libing	entierro
libing	funeraria
libing	funerales
libing	funeral
libing	entierro
edmund	edmund
utah	utah
columbus	colón
columbus	columbus
nakakaranas	experimentando
leonard	leonard
nagkakahalaga	apreciada
nagkakahalaga	valorado
nagkakahalaga	valorada
tali	cuerda
tali	soga
suk	suk
syriac	siríaco
lev	lev
magdala	trae
magdala	traiga
magdala	traer
magdala	traigan
matsumoto	matsumoto
pacquiao	pacquiao
payagan	permitir
tract	tracto
strip	franja
strip	tira
strip	tiras
strip	striptease
strip	strip
madrigal	madrigal
detroit	detroit
nariño	nariño
variety	variedad
binagong	enmendada
binagong	enmendado
chiang	chiang
tigil	deteniendo
tigil	parando
tigil	parada
tigil	pare
tigil	stop
tigil	detener
tigil	parar
pagtatanggal	borrado
pagtatanggal	supresión
pagtatanggal	remoción
pagtatanggal	eliminación
holmes	holmes
aichi	aichi
parke	parques
neumann	neumann
willie	willie
josephine	josephine
josephine	josefina
karugtong	ampliada
karugtong	extendidas
karugtong	extendido
karugtong	extendida
karugtong	ampliado
kuala	kuala
monthly	mensualmente
monthly	mensual
monthly	mensuales
mon	mon
mon	lun
xavier	xavier
xavier	javier
parin	todavia
parin	still
parin	todavía
parin	aún
parin	parin
suwesya	siria
suwesya	suecia
paghahatid	transmisión
paghahatid	transmision
paghahatid	entrega
paghahatid	parto
paghahatid	entregas
belt	cinto
belt	cinturón
basa	mojados
basa	húmedo
basa	mojado
basa	mojada
basa	húmeda
lobong	parietal
masigasig	entusiasmado
masigasig	entusiasmada
masigasig	entusiasmados
masigasig	entusiasta
masigasig	motivadas
masigasig	motivado
masigasig	motivada
masigasig	motivados
apog	caliza
pagbati	desea
pagbati	deseos
pagbati	saludos
pagbati	saludo
cameroon	camerún
tumatawag	vocación
tumatawag	llamando
tumatawag	llamar
katatagan	estabilidad
karboniperoso	carbonífero
agos	fluyendo
luz	luz
subic	subic
massa	massa
panghuli	ultimate
francesco	francesco
nabawasan	disminuida
nabawasan	disminuido
nabawasan	reducido
nabawasan	reducida
nabawasan	reducidas
nabawasan	reducidos
bahá	bahá
noel	noel
aayos	fijando
aayos	arreglando
aayos	fijación
aayos	ajustes
aayos	adaptaciones
aayos	organizando
aayos	organización
aayos	organizador
aayos	organizar
dick	polla
dick	verga
dick	dick
dick	pito
anton	anton
anton	antón
nagasaki	nagasaki
heights	heights
heights	alturas
somalia	somalia
nbc	nbc
hiroshima	hiroshima
curtis	curtis
polusyon	polución
polusyon	contaminación
kapitbahay	vecinas
kapitbahay	vecinos
kapitbahay	vecina
kapitbahay	vecino
kapitbahay	prójimo
hispano	hispano
nakatutok	dedicada
nakatutok	dedicados
nakatutok	dedicado
nakatutok	concentrado
nakatutok	enfocado
nakatutok	enfocada
nakatutok	centrado
nakatutok	concentrados
steven	alberto
steven	steven
istanbul	estambul
macabeo	macabeos
issues	multicultural
issues	multiculturales
emedicinesubj	emedicinesubj
nakaayos	configurado
nakaayos	configurada
nakaayos	ordenados
nakaayos	solucionado
lit	lit
lit	encendida
lit	encendido
lit	iluminado
everest	everest
jerome	jérôme
jerome	jerónimo
jerome	jerome
mikoto	mikoto
anchor	anclajes
anchor	ancla
anchor	anclas
anchor	anclaje
anchor	ancla
anchor	anclas
axis	eje
axis	ejes
beast	beast
beast	bestia
fiesta	fiesta
barack	barack
ratchasima	ratchasima
evangelion	evangelion
sheikh	sheikh
sheikh	sheik
sheikh	jeque
mia	mia
mia	mía
ipahayag	anunciar
ipahayag	anuncie
ipahayag	anuncia
ipahayag	expresar
ipahayag	expresas
ipahayag	express
ipahayag	expreso
ipahayag	expresa
ipahayag	exprés
ipahayag	declarar
ipahayag	declara
ipahayag	declaran
ipahayag	declare
ipahayag	declaro
makatwirang	razonable
makatwirang	razonables
gini	gini
instruksiyon	instrucción
gonzalez	gonzalez
gonzalez	gonzález
kamukha	similares
viz	viz
luma	viejo
luma	antiguo
luma	viejos
luma	antigua
luma	vieja
oregon	oregón
oregon	oregon
ultimate	ultimate
yale	yale
pagtigil	cesa
pagtigil	cesar
pagtigil	cese
yolanda	yolanda
akita	akita
moda	moda
moda	fashion
moda	modas
brain	brain
brain	cerebro
espn	espn
claudius	claudio
kalinangang	nok
samoa	samoa
piloto	pilot
piloto	piloto
pundasyong	fundación
pundasyong	cimientos
rosalinda	rosalinda
sui	sui
pagkakahati	desglose
mao	mao
bali	bali
bali	fractura
bali	fracturas
nars	enfermeros
nars	enfermeras
nars	enfermera
nars	enfermero
nars	niñera
nars	nanny
pagboto	votación
pagboto	votando
pagboto	votaciones
pagboto	votar
cia	cia
cia	cla
amo	jefa
amo	jefe
amo	boss
natutunan	aprendí
natutunan	aprendido
natutunan	aprendió
kuwait	kuwait
kuwait	kuwaití
itatag	establecer
summit	cumbre
summit	cima
summit	summit
summit	cumbres
matuklasan	descubrir
matuklasan	descubra
matuklasan	descubre
matuklasan	descubren
context	contexto
makatanggap	recibir
makatanggap	reciba
makatanggap	reciban
makatanggap	recibe
nakaupo	sentado
nakaupo	sentadas
nakaupo	sentada
nakaupo	sentados
kastilyo	castillo
patent	patente
patent	patentes
slam	slam
magnetic	magnéticas
magnetic	magnética
magnetic	magnético
magnetic	magnéticos
tiya	tía
tiya	tia
cha	cha
mozambique	mozambique
kasaganaan	prosperidad
taglagas	otoño
taglagas	fall
taglagas	otoño
taglagas	caída
nagsusuot	desgaste
panggagahasa	violación
panggagahasa	violaciones
gonzaga	gonzaga
françois	francois
françois	françois
caesarea	cesarea
tiago	tiago
nato	nato
nato	otan
dale	dale
gate	portón
gate	gate
gate	puerta
bula	burbujas
bula	burbuja
bula	espuma
bula	espumas
soon	pronto
soon	soon
soon	próximamente
athina	athina
eugenio	eugenio
eugenio	eugene
eugenio	eugenio
kawanihan	bureau
kawanihan	oficina
kawanihan	buró
bokan	bokan
orlando	orlando
latina	latina
latina	latinas
asuka	asuka
tagapamagitan	moderador
tagapamagitan	mediadores
tagapamagitan	mediadora
tagapamagitan	mediador
awtonomong	autónomo
awtonomong	autónomas
awtonomong	autonomía
awtonomong	autónomos
awtonomong	autónoma
mister	mister
mister	señor
magpakasal	casarme
magpakasal	casarse
magpakasal	casar
blason	blason
angola	angola
syrian	siria
syrian	sirios
syrian	sirio
haru	haru
aomori	aomori
giant	gigante
giant	giant
giant	gigantes
bawasan	trim
bawasan	recortar
bawasan	recorte
bawasan	reduzca
bawasan	reduce
bawasan	reducir
bawasan	descenso
bawasan	disminuir
bawasan	disminuye
bawasan	disminución
lightsteelblue	lightsteelblue
magnitude	magnitud
giuseppe	giuseppe
tigre	tiger
tigre	tigres
tigre	tigre
ipinasok	aportación
ipinasok	insumos
ipinasok	entrada
ipinasok	aporte
ipinasok	insertado
miki	miki
tuberculosis	tuberculosis
phone	teléfono
phone	teléfonos
phone	telefono
baghdad	bagdad
duel	duelo
konduktor	revisor
konduktor	conductor
thermal	térmicos
thermal	térmico
thermal	termal
thermal	térmica
pangkalakal	anuncio
pangkalakal	comercial
pangkalakal	comerciales
mole	topo
mole	mole
tora	tora
sinulid	hilos
sinulid	hilo
suka	vinagre
suka	vomito
suka	vomitar
suka	vómito
albania	albania
neujmin	neúimin
kontrolin	control
kontrolin	controlar
regal	regal
regal	regia
led	liderado
led	liderados
led	led
led	llevó
configuration	configuración
agoncillo	agoncillo
gates	gates
gates	puertas
forbes	forbes
matapat	veraz
matapat	sinceramente
matapat	honestamente
matapat	sincero
matapat	honesto
matapat	honesta
matapat	honestos
trapiko	tránsito
trapiko	tráfico
trapiko	trafico
nagbabawal	prohíbe
nagbabawal	prohibe
ferrer	ferrer
concepción	concepción
sabaw	sopa
sabaw	caldo
paikot	radiales
paikot	radial
ruben	rubén
ruben	ruben
leopoldo	leopoldo
pal	pal
paradise	paraiso
paradise	paraíso
paradise	paradise
bianca	bianca
lampas	superando
lampas	beyond
dewey	dewey
magnanakaw	ladrón
magnanakaw	ladrona
magnanakaw	ladrón
download	descarga
download	bajar
download	descargas
download	descargar
download	descargue
download	descargas
nagtataguyod	abogar
nagtataguyod	abogando
nagtataguyod	promociona
nagtataguyod	promueva
nagtataguyod	fomenta
nagtataguyod	promueve
wii	wii
warriors	warriors
warriors	guerreros
doble	dobles
doble	doble
mammalia	mammalia
cynthia	cynthia
montreal	montreal
ini	ini
supply	abastecimiento
supply	aprovisionamiento
supply	suministro
teresita	teresita
respeto	respeten
respeto	respeto
respeto	respetar
respeto	respeta
britannica	britannica
quebec	québec
quebec	quebec
romantiko	romántico
romantiko	románticas
romantiko	románticos
romantiko	romántica
nicomedia	nicomedia
bernal	bernal
lapid	lapid
miyagi	miyagi
italic	cursiva
gfdl	gfdl
classic	clásicos
classic	clásica
classic	clasico
classic	classic
classic	clásico
lepton	leptón
apektado	afectados
apektado	afectado
apektado	afectó
apektado	afectada
apektado	afectadas
shizuoka	shizuoka
inline	inline
tessie	tessie
copenhagen	copenhague
plataporma	andén
plataporma	plataforma
plataporma	plataformas
alumni	alumnos
lumalaking	crecer
lumalaking	creciente
lumalaking	creciendo
paghawak	manejo
paghawak	manejando
paghawak	manipulación
hinihinalang	presuntos
hinihinalang	sospechado
scottish	escoceses
scottish	escocesa
scottish	escocés
scottish	scottish
emblem	emblema
emblem	emblemas
tadhana	destino
tadhana	destiny
canal	canal
kasabihan	proverbio
gulo	lío
gulo	desorden
gulo	confrontación
gulo	enfrentamiento
gulo	slash
alba	alba
hinawakan	celebrada
midnight	midnight
midnight	medianoche
aki	aki
halal	halal
harvick	harvick
fusion	fusion
fusion	fusión
mcdonald	mcdonald
cortex	corteza
keys	keys
keys	teclas
keys	llaves
keys	cayos
keys	claves
sumagot	responde
sumagot	respondan
sumagot	responder
sumagot	responda
sumagot	contestó
sumagot	respondió
sumagot	contestar
sumagot	contestación
sumagot	responder
sumagot	respuesta
sumagot	respondido
sumagot	respondió
sumagot	respondieron
nagpakilala	introducido
nagpakilala	introducidos
nagpakilala	introducida
paalala	recordatorio
impeachment	destitución
impeachment	impugnación
ahmad	ahmad
integrated	integrados
integrated	integrado
integrated	integrada
integrated	integradas
manirahan	reside
manirahan	residir
manirahan	resida
manirahan	residen
selyo	estampillas
selyo	franqueo
patricia	patricia
demand	exigencia
demand	exigir
demand	demanda
teacher	maestra
teacher	profe
teacher	maestro
teacher	docente
teacher	profesor
teacher	profesora
hawakan	manija
hawakan	asa
hawakan	manejar
hawakan	conmovedor
hawakan	tocar
hawakan	conmovedora
hawakan	tocando
hawakan	hold
hawakan	aguanta
hawakan	sostenga
nanumpa	juramento
pahalang	horizontales
pahalang	horizontal
pahalang	horizontalmente
maximus	máximo
digit	dígitos
digit	dígito
digit	dígitos
athletic	athletic
athletic	atlética
athletic	atlético
metapisika	metafísica
donasyon	donativo
donasyon	donaciones
donasyon	donación
donasyon	donaciones
donasyon	donativos
heinrich	heinrich
stack	pila
stack	stack
quarter	trimestre
ipinapalagay	asumió
ipinapalagay	supuesto
ipinapalagay	asumido
grado	grados
buddy	buddy
ipagtanggol	defender
ipagtanggol	defiendan
ipagtanggol	defenderme
ipagtanggol	defensa
disk	disco
georgian	georgiano
georgian	georgianos
mat	mat
mat	tapete
minsa	aveces
marinig	escuche
marinig	escuchar
marinig	oír
marinig	oyes
quest	quest
mixed	mixtas
mixed	mixta
mixed	mixto
mixed	mixtos
mixed	mezclado
mortal	mortales
mortal	mortal
matugunan	conozca
matugunan	conocer
nagamit	utilizada
nagamit	usada
nagamit	usado
nagamit	utilizado
nagamit	utilizados
nagamit	usados
dublin	dublín
dublin	dublin
tinamaan	golpeó
tinamaan	hit
tinamaan	golpear
malusog	sano
malusog	saludables
malusog	saludable
malusog	sana
natutulog	duerme
natutulog	durmiendo
natutulog	dormido
natutulog	dormir
natutulog	dormida
ernst	ernesto
sarangani	sarangani
negima	negima
panggatong	leña
pagbaybay	ortografía
pagbaybay	deletrear
titan	titán
titan	titan
moske	mezquitas
ground	terreno
ground	molido
ground	ground
yap	yap
dagdagan	incremento
dagdagan	aumento
dagdagan	aumentar
dagdagan	aumenta
dagdagan	aumentan
virtual	virtuales
virtual	virtual
ran	ran
ran	corrió
esperanto	esperanto
pagsasayaw	baile
pagsasayaw	bailes
pagsasayaw	danza
pagsasayaw	bailando
pagsasayaw	bailar
antiochus	antíoco
josh	josh
cpu	cpu
educational	educativo
educational	educación
educational	educativa
kuweba	gruta
kuweba	cueva
kuweba	cave
kuweba	caverna
maine	maine
paputok	petardos
paputok	fuegos
león	león
enriquez	enriquez
nerbiyos	nerviosismo
nerbiyos	nervios
digits	dígitos
bandalismo	pintadas
bandalismo	graffiti
bandalismo	vandalismo
parker	parker
interwiki	interwiki
hardware	hardware
hardware	ferretería
hugo	hugo
toledo	toledo
amado	amado
kenneth	jose
kenneth	kenneth
iwate	iwate
anino	sombras
anino	sombra
anino	sombras
anino	sombra
anino	shadow
anino	reflejo
anino	reflejos
core	core
core	núcleo
propesyon	profesión
estadistikang	descriptiva
estadistikang	descriptivos
estadistikang	descriptivo
silva	silva
piliin	seleccione
piliin	seleccionar
piliin	selecciona
formation	formación
formation	formaciones
orleans	orleans
orleans	orleáns
malubha	severas
malubha	severa
malubha	severo
malubha	grave
prague	praga
sira	rota
sira	broken
sira	rotos
sira	roto
sira	quebrado
sison	sison
tinuruan	enseñado
tinuruan	enseñaba
tinuruan	enseñó
sumasalamin	resonar
pumipigil	limitando
pumipigil	limitar
masigla	energética
masigla	energético
masigla	enérgico
masigla	energéticos
teologo	teólogo
transition	transición
pagbomba	bombardeo
pagbomba	bombardeos
pagbomba	atentado
pagbomba	bombardear
recent	recientes
recent	reciente
esteban	stephen
esteban	esteban
esteban	esteban
ishikawa	ishikawa
makinis	suave
makinis	liso
kodansha	kodansha
arc	arc
arc	arco
bug	bicho
bug	insecto
bug	bug
coalition	coalición
alien	alien
alien	extraterrestre
alien	extranjero
alien	alienígena
alien	extranjeros
alien	alienígenas
alien	aliens
alien	extranjería
alien	extraterrestres
walker	walker
walker	caminante
denominasyon	denominación
oil	aceite
oil	petroleo
oil	óleo
oil	petróleo
pulbos	pólvora
pulbos	polvo
pulbos	polvos
pagpapatakbo	operacional
pagpapatakbo	operativo
pagpapatakbo	operacionales
pagpapatakbo	operativa
zambia	zambia
owen	owen
bonus	bonos
bonus	extra
bonus	bonus
bonus	bono
bonus	bonificación
trigo	trigo
kaliwanagan	claridad
banner	banners
banner	banderas
banner	pancartas
banner	pancarta
banner	estandarte
banner	bandera
banner	banner
spider	araña
spider	spider
spider	arañas
nagkakaiba	difiere
composer	compositor
composer	compositora
tang	tang
tōhoku	tōhoku
siko	codo
moore	moore
pormang	trinitaria
sinusubukan	intentando
sinusubukan	probando
sinusubukan	tratando
sinusubukan	intentándolo
sinusubukan	ensayos
sinusubukan	probando
sinusubukan	pruebas
sinusubukan	ensayo
pasulong	adelante
pasulong	forward
pasulong	delantero
nagpapatakbo	carreras
nagpapatakbo	corre
alahas	joyería
alahas	joyas
alahas	joya
alahas	bisutería
wasakin	destruyan
wasakin	destruye
wasakin	destruyen
wasakin	destruir
xbox	xbox
marcelino	marcelino
creator	creadora
creator	creador
oman	omán
aux	aux
path	sendero
path	path
path	camino
path	surco
otomo	otomo
doo	doo
sapin	estrato
sapin	estratos
lea	lea
hell	hell
hell	infierno
kyrgyzstan	kirguistán
alternate	alternativo
alternate	suplente
alternate	suplentes
alternate	alternar
alternate	alternativa
gorilla	gorilas
gorilla	gorila
langaw	moscas
langaw	vuela
rachel	raquel
rachel	rachel
corpus	corpus
bulak	algodón
bulak	cotton
aristotle	aristóteles
tibetan	tibetanos
tibetan	tibetana
tibetan	tíbet
tibetan	tibetano
palau	palau
honduras	honduras
wiktionary	wikcionario
aid	ayuda
aid	ayudas
hating	odiar
uruguay	uruguay
magtatag	establecer
movies	peliculas
movies	cine
movies	películas
maki	maki
aaron	aaron
aaron	aarón
magpatuloy	continúe
magpatuloy	continúa
magpatuloy	continuar
magpatuloy	procedan
magpatuloy	proceder
magpatuloy	proceda
conrad	conrad
conrad	conrado
humarap	enfrentados
humarap	enfrentó
humarap	enfrentado
mayayaman	rico
mayayaman	ricas
mayayaman	rich
mayayaman	ricos
mayayaman	rica
pilit	tensas
sensei	sensei
pondong	fondos
pondong	fondo
matalino	sabia
matalino	sabios
matalino	wise
matalino	sabias
matalino	sabio
matalino	listo
matalino	inteligentes
matalino	astuto
matalino	inteligente
matalino	listo
matalino	inteligentes
matalino	smart
matalino	inteligente
charts	gráficas
charts	gráficos
connecticut	connecticut
hudson	hudson
pananatili	morar
bote	frasco
bote	biberón
bote	botella
katapangan	coraje
katapangan	valentía
katapangan	valor
hepburn	hepburn
badyet	presupuestos
badyet	presupuesto
pagsuko	rindiendo
click	clic
click	click
click	clics
percentage	porcentaje
pagpapalaki	criando
lino	lino
lino	lino
lino	linus
lucy	lucía
lucy	lucy
sexy	sexy
sexy	sexi
sexy	sensual
sexy	sexys
emmy	emmy
candelaria	candelaria
kawani	personal
kawani	staff
aus	aus
sinauna	music
sinauna	música
sinauna	musica
kalinisan	higiene
kalinisan	saneamiento
membranong	mucosas
membranong	mucosa
lumipad	vuela
lumipad	fly
lumipad	mosca
lumipad	vuele
lumipad	volar
lumipad	volado
lumipad	despegar
lumipad	despegue
romansa	romance
romansa	romanticismo
romansa	romances
tuyo	secos
tuyo	seca
tuyo	secar
tuyo	seco
tuyo	seca
tuyo	secado
tuyo	secos
tuyo	seco
construction	construcción
construction	construcciones
construction	construccion
kopff	kopff
taliban	talibán
taliban	talibanes
hubog	entrenado
hubog	entrenada
hubog	capacitado
hubog	entrenados
stanley	stanley
nucleotide	nucleótido
edinburgh	edinburgh
edinburgh	edimburgo
jeong	jeong
shadow	sombras
shadow	sombra
shadow	shadow
oceania	oceanía
lemmon	lemmon
aalala	preocupación
aalala	inquietud
pageant	certamen
superior	superior
superior	superiores
planta	plantas
planta	vegetal
planta	planta
ella	ella
asahi	asahi
cooper	cooper
paggana	funcionalidad
paggana	funcionalidades
matanggap	recibir
matanggap	reciba
matanggap	reciban
matanggap	recibe
kakayanan	competencia
kakayanan	competencias
lam	lam
glandula	glándulas
sayaka	sayaka
labintatlong	trece
labintatlong	thirteen
anglo	anglosajón
anglo	anglo
fatima	fátima
fatima	fatima
botohan	encuestas
botohan	sondeos
botohan	urnas
botohan	encuesta
botohan	sondeo
lozada	lozada
ibenta	venda
ibenta	vender
ibenta	venta
ibenta	vendo
ibenta	vende
geisha	geisha
gardens	jardín
gardens	jardines
gardens	gardens
timothy	timoteo
timothy	timothy
pagkanta	canto
pagkanta	cantos
pagkanta	cantando
pagkanta	cantar
whole	entera
whole	enteras
whole	enteros
whole	entero
josue	joshua
josue	josué
soccer	soccer
soccer	fútbol
soccer	futbol
buksan	abrir
buksan	abre
buksan	abierta
buksan	abra
buksan	abierto
katalan	catalán
sarado	cerrada
sarado	cerrado
sarado	cerrados
tab	pestaña
tab	solapa
tab	ficha
tab	tab
hwan	hwan
sword	espada
inaprubahan	aprobados
inaprubahan	aprobado
inaprubahan	aprobada
inaprubahan	aprobadas
ekolohiya	ecológica
ekolohiya	ecológicas
ekolohiya	ecológicos
ekolohiya	ecológico
ekolohiya	ecología
ekolohiya	informática
ekolohiya	computadores
ekolohiya	computadoras
ekolohiya	ordenadores
psp	psp
opus	opus
amanda	amanda
denver	denver
wikibase	wikibase
pinagsasama	combina
tatlumpung	treinta
tatlumpung	thirty
isis	isis
kumbinasyon	combinación
quote	citar
quote	cita
quote	cotización
quote	cotizar
pagsasahimpapawid	transmisión
pagsasahimpapawid	radiodifusión
pagsasahimpapawid	emisión
pagsasahimpapawid	transmision
pagsasahimpapawid	difusión
pagsasahimpapawid	radiodifusión
pagsasahimpapawid	transmitiendo
pagsasahimpapawid	broadcasting
premyo	premiado
premyo	premio
premyo	premios
siksik	densa
siksik	densas
siksik	densos
siksik	denso
jefferson	jefferson
tumutol	disputa
tumutol	cuestionado
tumutol	disputado
tumutol	discutido
ebolusyong	divergentes
driver	conductores
driver	pilotos
driver	controladores
driver	choferes
driver	controlador
driver	driver
driver	chofer
driver	conductor
driver	chófer
chūō	chūō
calabria	calabria
siberia	siberia
oportunidad	oportunidades
dosis	dosificación
dosis	dosis
dosis	posología
dosis	dosis
luke	luke
luke	lucas
kulog	thunder
kulog	trueno
kulog	truenos
khmer	khmer
khmer	jemeres
pornograpiya	pornografía
pornograpiya	pornográfica
pornograpiya	pornográficos
pornograpiya	pornográfico
electronics	electrónicos
electronics	electrónica
winds	viento
winds	vientos
sistematikong	sistemático
sistematikong	sistemáticas
sistematikong	sistemáticos
sistematikong	sistemática
gerald	gerald
raha	raja
donald	donald
gumalaw	moverse
gumalaw	movimiento
gumalaw	mover
gumalaw	muévete
gumalaw	mudanza
gumalaw	revuelo
maestro	maestro
plantae	plantae
claus	claus
graphic	gráficos
graphic	gráfico
graphic	gráfica
graphic	gráficas
bukal	inherentes
bukal	inherente
paumanhin	perdon
paumanhin	disculpen
paumanhin	perdona
paumanhin	perdón
paumanhin	disculpa
steel	acero
steel	aceros
tiyuhin	tio
tiyuhin	tío
rolando	rolando
etikal	ética
etikal	éticos
etikal	éticas
etikal	ético
dome	dome
dome	cúpula
dome	domo
claude	claudia
claude	claude
claude	claudio
honey	honey
honey	miel
honey	cariño
ramirez	ramírez
ramirez	ramirez
meaning	significado
nagbebenta	venda
nagbebenta	vender
nagbebenta	venta
nagbebenta	vendo
nagbebenta	vende
nagbebenta	vendiendo
nagbebenta	vender
nagbebenta	venta
nagbebenta	vendo
nagbebenta	vendedor
nagbebenta	vendedora
earl	earl
earl	conde
pagpayag	homologación
pagpayag	aprobación
pagpayag	voluntad
pagpayag	disposición
judy	judy
inuyasha	inuyasha
lumikas	evacuar
nagustuhan	gustado
nagustuhan	gustaba
harris	harris
betty	betty
styles	styles
styles	estilos
karayom	agujas
makinarya	maquinarias
makinarya	maquinaria
makinarya	máquinas
katherine	catalina
katherine	katherine
laden	cargado
laden	laden
laden	cargados
ridge	ridge
ridge	cresta
cinderella	cenicienta
franchise	franquicias
franchise	franquicia
ragusa	ragusa
campo	campo
ezekiel	ezequiel
infanta	infanta
pantasya	fantasy
pantasya	fantasia
pantasya	fantasías
pantasya	fantasía
berkeley	berkeley
partial	parciales
partial	parcial
pagpoproseso	procesamiento
pagpoproseso	procesando
pagpoproseso	tramitación
pagpoproseso	transformación
pagpoproseso	procesado
#ff	#ff
baker	panadero
baker	baker
inter	inter
pansit	fideos
pansit	tallarines
kandila	vela
kandila	velas
bonaparte	bonaparte
kadiliman	tinieblas
kadiliman	oscuridad
akala	pensamiento
akala	pensó
akala	imagínate
akala	imagina
akala	imaginar
akala	imagine
ernesto	ernesto
sites	sitios
sites	emplazamientos
alone	alone
alone	solo
alone	solos
alone	sola
loki	loki
anu	anu
anu	qué
anatolia	anatolia
wolfgang	wolfgang
split	dividir
split	dividida
split	split
split	divididos
vampire	vampiros
vampire	vampiro
bohr	bohr
tangent	tangente
ending	terminando
margarita	margarita
hermes	hermes
eta	eta
jet	chorro
jet	jet
panel	tableros
panel	paneles
panel	panel
pilot	pilot
pilot	piloto
diktador	dictador
smile	sonrisa
smile	smile
smile	sonreír
smile	sonríe
burton	burton
vishnu	vishnu
designer	diseñadores
carter	carter
pinal	finales
pinal	final
pinal	definitivo
pino	pino
pino	pinus
pino	pino
pino	pinos
lucky	afortunados
lucky	afortunada
lucky	afortunado
lucky	suerte
lucky	lucky
kanto	corner
kanto	rincón
kanto	esquina
kanto	intersección
kanto	cruce
magtayo	construya
magtayo	construir
magtayo	construye
bawang	ajos
bawang	ajo
inaalagaan	cuidada
saya	tristeza
saya	pena
saya	saya
saya	felicidad
notre	notre
trial	juicio
trial	trial
trial	ensayo
smiles	sonríe
smiles	sonrisas
banayad	suave
banayad	leve
gaia	gaia
tsubasa	tsubasa
isports	deportivo
isports	deportes
isports	deporte
glory	glory
glory	gloria
financial	financiero
financial	financial
financial	financieros
financial	financiera
naglalakad	caminar
naglalakad	caminando
naglalakad	pasear
naglalakad	paseando
lunar	lunares
lunar	lunar
sinasakop	portadas
sinasakop	fundas
sinasakop	abarca
sinasakop	cubiertas
naghihintay	esperándote
naghihintay	esperando
naghihintay	esperar
botante	votante
botante	elector
botante	votantes
botante	electores
produces	produce
toreng	torre
toreng	tower
binabantayan	supervisión
nyo	nyo
suborder	suborden
advertising	publicidad
yesno	yesno
kinopya	copiado
matuto	aprenda
matuto	aprendan
matuto	aprender
matuto	aprende
salvi	salvi
income	ingresos
income	rentas
income	ingreso
income	renta
selena	selena
hen	gallina
penelope	penelope
penelope	penélope
matatapos	finaliza
matatapos	termina
matatapos	extremos
matatapos	expirar
matatapos	end
matatapos	fin
matatapos	final
petty	petty
petty	mezquino
petty	mezquina
charity	beneficencia
charity	caridad
gunma	gunma
griffin	griffin
griffin	grifo
diwata	diosa
buwanang	mensualmente
buwanang	mensual
buwanang	mensuales
provence	provence
provence	provenza
tagapagbatas	legislativo
tagapagbatas	legislatura
tagapagbatas	legislador
holdings	holdings
holdings	explotaciones
holdings	tenencias
holdings	participaciones
nakararami	mayoría
nakararami	mayoritaria
nakararami	mayorías
nakararami	mayoria
nakararami	mayoritario
hilario	hilario
nagsalita	hablé
nagsalita	hablaba
nagsalita	habló
nagsalita	hablaron
pinapalitan	convierte
furuta	furuta
cleveland	cleveland
prix	prix
jeanne	agresor
jeanne	atacante
jeanne	juana
jeanne	jeanne
etimolohiya	etimología
boulevard	boulevard
boulevard	bulevar
kimiko	kimiko
mormon	mormones
mormon	mormón
niyebe	nieves
niyebe	nevado
niyebe	nieve
mara	mara
hubble	hubble
megumi	megumi
pst	pst
wallace	wallace
lawin	halcón
lawin	hawk
janet	janet
accountancy	contabilidad
kawad	alambre
kawad	wire
kawad	alambres
estate	patrimonio
estate	finca
kurt	kurt
inihanda	preparado
inihanda	preparada
inihanda	preparados
inihanda	preparadas
warsaw	sublevación
warsaw	insurrección
warsaw	levantamiento
warsaw	revuelta
warsaw	rebelión
nagpapadala	envía
metabolismo	metabolismo
kapatiran	fraternidad
kapatiran	hermandad
nakulong	encarcelado
nakulong	encarcelados
nakulong	atrapada
nakulong	atrapados
nakulong	atrapadas
nakulong	atrapado
jets	jets
jets	chorros
baywang	cintura
daisy	daisy
daisy	margarita
formula	formula
formula	fórmula
galilea	galilea
dub	dub
delporte	delporte
putol	rebanadas
putol	rodajas
gabriela	gabriela
rugby	rugby
konstelasyon	constelación
konstelasyon	constelaciones
jensen	jensen
punta	punta
ipatupad	implementar
hatinggabi	midnight
hatinggabi	medianoche
deposito	deposito
deposito	deposite
deposito	depósito
deposito	depositar
deposito	depósitos
easy	facil
easy	sencilla
easy	fácil
easy	sencillo
easy	easy
sylvia	silvia
sylvia	sylvia
imbento	inventada
imbento	inventado
imbento	inventó
imbento	inventamos
imbento	invento
imbento	invento
imbento	invención
imbento	inventos
imbento	inventiva
photon	fotón
photon	fotones
tagapakinig	oyente
tagapakinig	oyentes
enzyme	enzimas
enzyme	enzima
shirley	shirley
ultra	ultra
sibilisasyon	civilización
sibilisasyon	civilizaciones
westminster	westminster
praga	praga
kid	chaval
kid	pibe
kid	niño
kid	chico
kid	kid
lingua	lingua
gibraltar	gibraltar
sto	sto
touch	touch
touch	toques
touch	tacto
touch	toque
gautama	gautama
lingayen	lingayen
dubai	dubai
dubai	dubái
emosyonal	emocional
emosyonal	emocionales
emosyonal	emotivo
emosyonal	emocionalmente
mexican	mexicana
mexican	mexicanos
mexican	mexicanas
mexican	mexicano
ciro	ciro
elepante	elefante
pandiwang	verbales
pandiwang	verbal
mananatili	permanezca
mananatili	permanece
mananatili	permanezcan
mananatili	permanecer
sport	deportes
sport	sport
sport	deporte
itago	ocultar
itago	oculta
itago	ocultarse
itago	esconderse
itago	esconder
sunflower	girasol
null	nulo
null	nulas
null	nulos
null	nula
pete	pete
tekstuwal	textual
kalat	dispersas
kalat	disperso
kalat	dispersa
kalat	dispersos
kalat	desordenada
kalat	desordenado
kasu	articulaciones
kasu	porros
togo	togo
armstrong	armstrong
constitution	constitución
constitution	constitucional
pagkakasulat	capitalización
admiral	almirante
chu	chu
xiv	xiv
winasak	rompió
winasak	quebrada
winasak	roto
winasak	quebrado
lyon	lyon
iranian	iraní
iranian	iraníes
richards	richards
homme	homme
jeremy	jeremy
foster	foster
ching	ching
nero	nerón
nero	nero
tsokolate	cacao
tsokolate	chocolates
tsokolate	chocolate
napagmasdan	examinado
napagmasdan	examinó
napagmasdan	examinados
napagmasdan	examinada
masakit	dolorosa
masakit	dolorosos
masakit	doloroso
masakit	duele
masakit	lastima
kahel	orange
kahel	naranja
kahel	anaranjado
flor	flor
memphis	memphis
nutrisyon	nutrición
nagpasiya	decide
hacienda	hacienda
crispa	crispa
kahaliling	alternativo
kahaliling	suplente
kahaliling	suplentes
kahaliling	alternar
kahaliling	alternativa
yuan	yuan
joseon	joseon
carrara	carrara
deboto	devota
deboto	devoto
prc	rpc
montana	montana
falcon	halcones
falcon	halcón
falcon	falco
falcon	falcon
nguyen	nguyen
dean	dean
dean	decano
tadyang	costilla
tadyang	costillas
fourth	cuarto
fourth	cuarta
basil	basil
basil	basilio
basil	albahaca
dolores	dolores
tommy	tommy
kaligayahan	felicidad
candidate	candidata
candidate	candidato
candidate	candidatos
levant	levante
delete	eliminada
delete	suprimido
delete	eliminados
delete	eliminado
delete	borrado
delete	borrar
delete	eliminar
delete	suprimir
pagsikat	subiendo
pagsikat	rising
ncaa	ncaa
pinasok	entrado
pinasok	introducido
pinasok	entró
pinasok	ingresado
hayti	haiti
hayti	haití
yard	patios
yard	yardas
paglulunsad	lanzamiento
paglulunsad	lanzar
hadith	hadith
pekeng	imitación
pekeng	imitaciones
konserbatibo	conservadora
konserbatibo	conservadoras
konserbatibo	conservadores
konserbatibo	conservador
effect	efecto
talo	perdedora
talo	perdedor
palasyong	buckingham
nuoro	nuoro
astrolohiya	astrología
athletics	atletismo
sumuporta	apoyo
sumuporta	soporte
diocese	diócesis
sibuyas	cebolla
sibuyas	cebollas
sibuyas	cebolla
sibuyas	cebollas
fighting	combates
fighting	peleas
fighting	lucha
fighting	fighting
fighting	luchando
makakamit	lograr
dominic	dominic
itinalagang	designadas
itinalagang	designada
itinalagang	designado
itinalagang	designados
pambahay	hogar
pambahay	doméstico
ruby	rubí
ruby	ruby
mura	mura
mura	tacaño
mura	barato
mura	baratas
mura	baratos
mura	barata
lata	tin
lata	hojalata
lata	estaño
pansamantala	temporalmente
pansamantala	temporales
pansamantala	temporal
pansamantala	temporario
pansamantala	temporalmente
pansamantala	tentativa
pansamantala	tentativas
datavalue	datavalue
ash	cenizas
ash	ceniza
ash	ash
hana	hana
ronnie	ronnie
pagkakaibigan	amistad
morong	morong
sicilia	sicilia
nextel	nextel
maintindihan	entienda
maintindihan	comprenda
maintindihan	comprender
maintindihan	entiende
maintindihan	entender
prizes	premios
estratehiya	estrategias
estratehiya	estrategia
magkaibigan	friends
magkaibigan	amigos
magkaibigan	amigas
yano	yano
pakikisalamuha	socializar
pakikisalamuha	socialización
abnormal	anormales
abnormal	anormal
mabait	amable
mabait	buenas
mabait	bien
mabait	bueno
mabait	buena
mabait	buenos
mabait	obediente
probinsya	provincia
turo	apuntando
turo	señalando
sinai	sinaí
frances	frances
miyazaki	miyazaki
dam	dam
dam	presa
dam	embalse
dam	represa
dam	dique
comments	observaciones
comments	comenta
comments	comentarios
comments	comentario
fantasy	fantasy
fantasy	fantasia
fantasy	fantasías
fantasy	fantasía
nararanasan	experimentando
nararanasan	encuentro
boku	boku
pagtanda	envejeciendo
pagtanda	envejecer
pagtanda	envejecimiento
deutsche	deutsche
fernández	fernández
pagbibilang	contando
pagbibilang	contar
secretarial	secretariado
secretarial	secretaría
pon	pon
republican	republicana
republican	republicanos
republican	republicano
ceo	ceo
stroke	golpe
stroke	trazo
stroke	derrame
idinisenyo	diseñadas
idinisenyo	diseñada
idinisenyo	diseñado
idinisenyo	diseñados
eri	eri
makasalanan	pecaminosa
makasalanan	pecadora
makasalanan	pecadores
makasalanan	pecador
makasalanan	pecadores
chain	cadena
palgrave	palgrave
hun	hun
hun	hunos
kohoutek	kohoutek
kinokontrol	controladas
kinokontrol	controlada
kinokontrol	controlado
kinokontrol	controlados
kinokontrol	mandos
kinokontrol	controles
kinokontrol	controla
pusong	late
pusong	ritmos
pusong	latidos
pusong	rogue
pusong	bribón
pusong	pícaro
pusong	payasos
pusong	payaso
malabo	borrosa
malabo	borroso
malabo	borrosas
malabo	borrosa
malabo	borroso
malabo	borrosas
armenian	armenio
armenian	armenios
armenian	armenia
factory	fábricas
factory	fabrica
factory	factoría
factory	factory
factory	fábrica
sunshine	sunshine
sunshine	sol
kumamoto	kumamoto
cortez	cortés
cortez	cortez
api	api
paleolitiko	paleolítico
reklamo	quejas
reklamo	reclamaciones
reklamo	denuncias
reklamo	queja
reklamo	quejas
reklamo	reclamación
reklamo	denuncia
yoko	yoko
cut	corta
cut	cut
cut	cortar
cut	corte
cut	corten
tinitingnan	comprobación
tinitingnan	comprobando
tinitingnan	visualización
falls	caídas
falls	cascadas
falls	falls
falls	cataratas
falls	cae
rutherford	rutherford
seconds	segundos
balot	envueltos
balot	envuelta
balot	envueltas
balot	envuelto
juda	juda
tapusin	acabar
tapusin	terminar
tapusin	finalizar
tapusin	acabado
tapusin	end
tapusin	fin
tapusin	final
tapusin	concluir
coco	coco
montes	montes
tiket	entradas
tiket	billetes
tiket	boletos
tiket	tickets
tiket	pasaje
tiket	ticket
tiket	boleto
tiket	billete
romulus	romulus
phi	fi
phi	phi
pagpapatayo	secado
pagpapatayo	secar
pagpapatayo	secando
naghahanda	preparando
naghahanda	preparación
naghahanda	preparándose
semifinals	semifinales
semifinals	semifinal
sima	sima
ariel	ariel
knights	knights
knights	caballeros
euler	euler
siracusa	siracusa
siracusa	syracuse
tenga	orejas
tenga	oídos
tenga	auriculares
tenga	audífonos
binuhay	levantado
binuhay	recaudado
binuhay	criado
binuhay	planteadas
nickelodeon	nickelodeon
thompson	thompson
thompson	fernández
pasasalamat	agradecimiento
pasasalamat	gratitud
kasalan	casamiento
kasalan	matrimonio
kasalan	matrimonios
kasalan	matrimonial
kasalan	boda
kasalan	bodas
kasalan	casamiento
pamamaril	disparos
pamamaril	disparo
pamamaril	tiroteo
pamamaril	tiro
pamamaril	rodaje
goodbye	adiós
goodbye	despedida
goodbye	adios
kaori	kaori
gasolina	combustible
gasolina	carburante
gasolina	combustibles
gasolina	gasolina
humanap	hallazgos
humanap	encuentra
pagkakahawig	parecido
pagkakahawig	semejanza
sumakay	cabalgata
sumakay	ride
sumakay	paseo
sumakay	cabalgar
sumakay	montó
reign	reinar
reign	reinado
publish	publico
publish	publicar
publish	publique
publish	publicados
publish	publicadas
publish	publicada
publish	publicado
konektado	conectada
konektado	conectados
konektado	conectadas
konektado	conectado
geneva	génova
geneva	ginebra
mood	animo
mood	humor
mood	ánimo
puhunan	inversion
puhunan	inversiones
puhunan	invertir
puhunan	inversión
architecture	arquitectura
ram	ram
ram	rama
ram	carnero
cet	cet
kapakinabangan	utilidad
grey	gris
grey	grey
grey	grises
biyahe	trip
biyahe	viaje
capitol	capitolio
capitol	capitol
harbor	harbor
challenge	impugnación
challenge	challenge
challenge	reto
challenge	desafio
challenge	desafío
ichigo	ichigo
morris	morris
lehitimong	legítimas
lehitimong	legítima
lehitimong	legítimo
lehitimong	legítimos
makoto	makoto
banga	banga
vacant	vacante
vacant	vacantes
parade	parade
parade	desfilar
parade	desfile
pagmimina	minero
pagmimina	minería
weekend	finde
inuugnay	asociar
inuugnay	conecta
cyber	cibernética
cyber	cibernético
cyber	cyber
cyber	ciber
harina	harinas
harina	harina
lantad	exposición
gamecube	gamecube
edgardo	edgardo
alternatibo	alternativo
alternatibo	alternativos
alternatibo	alternativa
alternatibo	alternativas
alternatibo	alternativos
conversion	reconversión
conversion	conversión
tanghali	mediodía
tanghali	tarde
tanghali	tardes
magaspang	duro
magaspang	áspera
magaspang	áspero
ildefonso	ildefonso
tambalang	tándem
yeon	yeon
humina	debilitado
humina	debilitada
humina	debilitados
marduk	marduk
combo	combo
jamaica	jamaica
negosyong	empresa
negosyong	negocio
negosyong	negocios
mirror	espejo
mirror	mirror
subst	subst
ligaya	felicidad
mauritius	mauricio
natupad	cumplida
natupad	cumplido
bolivia	bolivia
coffee	cafetera
coffee	coffee
coffee	cafe
coffee	cafetería
coffee	café
coordinate	coordinar
coordinate	coordina
coordinate	coordenadas
coordinate	coordinadas
coordinate	coordina
coordinate	coordenadas
tenerife	tenerife
singular	singulares
singular	singular
osorkon	osorkon
idea	idea
shine	shine
shine	brilla
shine	brillo
shine	brillar
komentaryo	comentario
mikhail	mijaíl
mikhail	mikhail
salamangka	mágica
salamangka	mágico
salamangka	magic
salamangka	magia
processing	procesamiento
processing	procesando
processing	tramitación
processing	transformación
processing	procesado
dharma	dharma
egyptian	egipcia
egyptian	egipcio
egyptian	egipto
egyptian	egipcios
balbal	jerga
maeda	maeda
duet	dueto
duet	dúo
goals	metas
goals	objetivos
goals	goles
hinalal	elegidas
hinalal	elegidos
hinalal	electo
hinalal	elegido
hinalal	elegida
battles	batallas
hokkien	hokkien
estonia	estonia
rovigo	rovigo
listahang	lista
listahang	listado
extension	extensiones
extension	prórrogas
extension	ampliaciones
extension	ampliación
extension	extensión
extension	prórroga
hwang	hwang
komplikasyon	complicación
komplikasyon	complicaciones
komplikasyon	complicación
porto	porto
porto	oporto
sai	sai
jojo	jojo
lagay	tracto
lyrics	letra
lyrics	letras
kalipa	califa
enlil	enlil
chung	chung
kenny	kenny
hipon	camarón
hipon	langostinos
hipon	gambas
hipon	camarones
hipon	gamba
zhang	zhang
nida	nida
pittsburgh	pittsburgh
bronze	bronce
mask	mascarilla
mask	máscara
mask	mascara
baltimore	baltimore
counter	contrarrestar
counter	contra
counter	contador
counter	mostrador
leroy	leroy
lotus	lotus
lotus	loto
edo	edo
json	json
hiwaga	misterios
nakakain	comestibles
nakakain	comestible
marangal	noble
marangal	nobles
marangal	digno
marangal	digna
chopin	chopin
kongkreto	hormigón
kongkreto	cemento
kongkreto	concrete
kongkreto	concreto
tapang	coraje
tapang	valentía
tapang	valor
less	menos
planck	planck
mikroskopyo	microscopio
phantom	phantom
phantom	fantasma
christine	cristina
christine	christine
ergaster	ergaster
mahayana	mahayana
ebolusyonaryong	evolutiva
ebolusyonaryong	evolutivo
nachi	nachi
torneo	torneos
alvarado	alvarado
konsulado	consulados
konsulado	consulado
aphrodite	afrodita
garcía	garcía
ninakaw	robada
ninakaw	robados
ninakaw	robadas
ninakaw	robado
magna	magna
pagtatrabaho	trabajando
pagtatrabaho	funcionando
pagtatrabaho	trabajar
nakalista	listado
nakalista	enumerado
nakalista	enumerados
malik	malik
ladies	señoras
ladies	damas
ladies	señoritas
linnaeus	linneo
daytona	daytona
pagsamahin	fusionar
pagsamahin	fusión
pagsamahin	combinar
pagsamahin	combinan
pagsamahin	combinen
pagsamahin	combine
pagsamahin	combinar
pagsamahin	fusionada
pagsamahin	fusionado
mandaragat	marinero
mandaragat	marinera
mandaragat	marino
taxon	taxón
terorista	terrorismo
terorista	terrorista
terorista	terroristas
pagdarasal	orar
pagdarasal	rezando
pagdarasal	orando
dengeki	dengeki
tribunal	tribunal
itakda	conjunto
itakda	set
itakda	fijado
itakda	plató
wright	wright
numeric	numérico
numeric	numéricos
numeric	numérica
usui	usui
gifu	gifu
romanization	romanización
candy	dulces
candy	caramelos
candy	dulce
candy	caramelo
candy	candy
tigdas	rubéola
tigdas	sarampión
komplikado	complicados
komplikado	complicado
komplikado	complicadas
komplikado	complicada
sense	sentido
warrior	guerrero
warrior	guerrera
aalay	sostiene
sapa	cala
sapa	caleta
sapa	ensenada
sapa	sapa
lara	lara
direct	directa
direct	directo
direct	directamente
direct	direct
direct	directos
direct	directas
manchuria	manchuria
ekonomista	economistas
abstract	abstracto
abstract	abstractos
abstract	resumen
abstract	abstracta
jericho	jericho
jericho	jericó
uss	uss
ester	ester
ester	éster
ester	ester
ester	esther
donna	donna
donna	doña
thanh	thanh
turner	turner
ask	preguntar
ask	pregunte
ask	pregunta
ask	pregunten
kilometrong	kilómetro
dai	dai
paquito	paquito
speech	discurso
sagana	abundante
sagana	abundantes
willy	willy
eve	eva
eve	eve
eve	víspera
voiceless	fricativa
eiji	eiji
karma	karma
reperendum	referéndum
reperendum	plebiscito
reperendum	referendo
reperendum	referendos
liu	liu
wawa	wawa
lumpur	lumpur
agnes	inés
agnes	ines
agnes	agnes
nandito	aquí
nandito	aca
nandito	aqui
nandito	acá
ortega	ortega
binhi	semilla
binhi	semillas
coca	coca
danilo	danilo
pindutin	prensa
pindutin	presione
pindutin	prensas
speaker	altavoz
speaker	orador
speaker	parlante
speaker	oradora
speaker	altavoces
ichiro	ichiro
katapat	homólogo
katapat	contraparte
katapat	contrapartida
sumpa	maldición
wedding	boda
wedding	bodas
wedding	casamiento
bitak	grietas
bitak	fisuras
wake	velatorio
wake	despertar
wake	despierta
wake	estela
nakakaalam	sabe
mapabuti	mejore
mapabuti	mejorar
mapabuti	mejora
ionization	ionización
nakakamit	alcanzada
nakakamit	alcanzados
nakakamit	logrado
nakakamit	alcanzado
clarissa	clarissa
equivalent	equivalentes
equivalent	equivalente
cap	tapa
cap	pac
cap	cap
cap	capi
cap	gorra
shear	esquileo
arezzo	arezzo
heswita	jesuitas
patpat	stick
patpat	palo
inalok	ofrecido
inalok	ofrecida
inalok	ofrecí
inalok	ofreció
inalok	ofrecidos
mohammed	mohammed
mohammed	mahoma
mohammed	mohamed
mohammed	sharif
natanggal	eliminada
natanggal	suprimido
natanggal	eliminados
natanggal	eliminado
natanggal	borrado
mapayapang	pacífico
mapayapang	pacíficos
mapayapang	pacífica
langgam	ant
langgam	hormiga
langgam	hormigas
langgam	hormigas
pietro	pietro
maxwell	maxwell
inchi	inchi
wings	alas
wings	wings
wings	alitas
chun	chun
fushigi	fushigi
neptuno	neptuno
worldwide	worldwide
worldwide	mundial
worldwide	mundialmente
maisagawa	realizar
maisagawa	realice
scholarship	becas
scholarship	beca
nalalapit	inminentes
nalalapit	inminente
ppp	ppa
ppp	ppp
sepc	sepc
pusod	ombligo
buntala	cometas
genoa	génova
benz	benz
circa	circa
nominal	nominales
nominal	nominal
wanted	buscado
wanted	buscados
wanted	quería
abaya	abaya
lenin	lenin
tinta	tinta
tinta	tintas
mechanics	mecánicos
mechanics	mecánica
mechanics	mecánicas
sulo	antorcha
sulo	soplete
nationalist	nacionalistas
nationalist	nacionalista
harvey	harvey
lives	vive
lives	vidas
maihahambing	comparables
maihahambing	comparable
sensor	sensores
sensor	sensor
ayat	ayat
dolphy	dolphy
estimulasyon	estímulo
estimulasyon	estimulación
sigaw	gritando
portable	portátil
portable	portátiles
portable	portable
nabucodonosor	nabucodonosor
frankfurt	frankfurt
frankfurt	francfort
frankfurt	fráncfort
pintura	pintar
pintura	pintura
pintura	pinta
passing	pasando
spin	spin
spin	girar
lua	lua
nasyonal	nacionales
nasyonal	national
nasyonal	nacional
obligasyon	obligaciones
obligasyon	obligación
inakala	pensamiento
inakala	pensó
nike	nike
diary	diario
diary	agenda
iskedyul	programación
iskedyul	programar
iskedyul	horario
iskedyul	calendario
iskedyul	horarios
maps	mapas
maps	mapa
princeton	princeton
rossi	rossi
ibc	ibc
vigan	vigan
pier	muelle
pier	pier
pier	embarcadero
suportado	respaldado
suportado	apoyado
suportado	soportado
suportado	apoyó
stockholm	estocolmo
prostitusyon	prostitución
madlax	madlax
katuparan	realización
espirituwal	espirituales
espirituwal	espiritual
cathy	cathy
pabilog	radiales
pabilog	radial
tabak	espada
palestine	palestinos
palestine	palestino
palestine	palestina
spot	spot
spot	manchas
corps	corps
bethlehem	belén
transfer	transferencia
transfer	transfer
transfer	traslado
transfer	traslados
transfer	traspaso
cosplay	cosplay
masiglang	buzzy
dilim	dark
dilim	oscuro
dilim	oscuridad
dilim	oscuros
dilim	oscura
multo	ghost
multo	fantasmas
multo	fantasma
multo	fantasmas
bipolar	bipolar
seksyon	seccion
seksyon	sección
pinaikli	acortado
