gagamba	spider
gagamba	araignée
joshua	joshua
eugene	eugène
eugene	eugene
sinapupunan	utérus
kababalaghan	phénomène
kababalaghan	merveilles
asuncion	asuncion
titanic	titanic
corp	corp
lutjanus	lutjanus
paghihiganti	revanche
paghihiganti	vengeance
paghihiganti	venger
pagong	turtle
pagong	tortue
pagong	tortues
gamma	gamma
beatles	beatles
devil	démon
devil	devil
devil	diable
alalahanin	commémorer
alalahanin	inquiétudes
alalahanin	préoccupations
alalahanin	préoccupation
alalahanin	préoccupations
alalahanin	inquiétudes
alalahanin	inquiétude
plan	planifier
plan	plan
andorra	andorra
andorra	andorre
pinatunayan	prouvé
pinatunayan	prouvée
pinatunayan	prouvées
pinatunayan	prouvés
norma	norma
magpadala	envoie
magpadala	envoyez
magpadala	envoi
magpadala	envoyer
sahara	sahara
sapi	stock
request	demander
request	demande
request	requête
request	demandez
sahig	étages
sahig	planchers
sahig	sols
sahig	planchers
sahig	revêtements
sahig	plancher
sahig	sols
sahig	etage
sahig	étage
sahig	sol
sahig	plancher
sakramento	sacrement
pagbibitiw	résignation
pagbibitiw	démission
cecilia	cecilia
blanco	blanco
haleakala	haleakala
soberanya	souveraineté
hampshire	hampshire
speedway	speedway
naiwan	gauche
patak	gouttes
huminto	abandonner
huminto	avorter
huminto	arrêt
huminto	stop
huminto	arrêter
huminto	arrête
huminto	arrêtez
wan	wan
fiji	fidji
fiji	fidjien
schmidt	schmidt
hiragana	hiragana
marte	mars
laboratory	laboratoire
laboratory	laboratoires
iowa	iowa
selection	choix
selection	sélections
selection	sélection
bambang	bambang
smart	intelligente
smart	malin
smart	intelligent
smart	smart
smart	futé
sinusuri	évaluées
sinusuri	évalué
sinusuri	évaluée
sinusuri	évalués
pabrika	fabrique
pabrika	usine
tangkay	tige
tangkay	souches
tangkay	potence
kahinaan	faiblesse
kahinaan	faiblesses
kahinaan	cons
timeline	chronologie
timeline	journal
pagsuporta	soutenir
kahapon	hier
kahapon	yesterday
lin	lin
subukan	essaie
subukan	essayez
subukan	essayer
subukan	essaye
subukan	essai
subukan	test
subukan	épreuve
subukan	tester
pastoral	pastorale
pastoral	pastorales
porsyento	pourcentages
porsyento	pourcentage
fauna	faune
interesado	intéressée
interesado	intéressés
interesado	intéressées
interesado	intéressé
nancy	nancy
predicted	prédit
apps	applications
apps	apps
puki	minou
puki	pussy
puki	chatte
puki	chattes
puki	vagin
imagesize	imagesize
belluno	belluno
seattle	seattle
imus	imus
turkmenistan	turkménistan
pandinig	audition
pandinig	audience
pandinig	ouïe
pandinig	entendre
galaxy	galaxie
galaxy	galaxy
vancouver	vancouver
sabah	sabah
marketing	marketing
marketing	commercialisation
palo	palo
hapunan	dîner
hapunan	souper
hapunan	diner
hapunan	souper
lagda	signature
bakr	bakr
doc	doc
doc	toubib
jess	jess
cycle	cycle
kosovo	kosovo
bumabalik	retournant
bumabalik	revenant
ruiz	ruiz
supot	sac
supot	sachet
supot	sacoche
active	active
active	actif
active	actives
active	actifs
teng	teng
stuart	stuart
limited	limitée
limited	limitées
limited	limité
limited	limités
ludwig	ludwig
mythical	mythiques
mythical	mythique
gaza	gaza
mikrobyo	allemagne
graduate	diplômés
graduate	diplômée
graduate	diplômé
orasan	horloge
orasan	horloges
marc	marc
delgado	delgado
narrator	narrateur
bartolome	barthélemy
bartolome	bartholomew
edu	edu
crystal	cristal
crystal	cristalline
crystal	cristaux
crystal	crystal
bert	bert
defensive	défensives
defensive	défensive
defensive	défensif
robles	chênes
robles	oak
robles	chêne
robles	robles
angela	angela
estrella	estrella
diskriminasyon	discrimination
diskriminasyon	discriminations
por	por
ubo	toux
ubo	tousser
ubo	tousse
specimen	spécimens
specimen	spécimen
evans	evans
strike	strike
strike	frappe
strike	grève
strike	frapper
pagpapalagay	suppositions
pagpapalagay	hypothèses
pagpapalagay	postulats
liza	liza
ccp	pcc
ccp	ccp
pagkakaayos	tri
pagkakaayos	sorte
pagkakaayos	trier
hadlang	entraves
hadlang	obstacles
hadlang	barrières
hadlang	obstacle
hadlang	barrière
cfc	cfc
mental	mentale
mental	mental
bernadette	bernadette
alay	sacrifices
alay	sacrifié
alay	sacrifice
alay	sacrifier
rob	rob
rob	cambrioler
rob	braquer
referee	arbitres
referee	arbitrer
referee	arbitre
omar	omar
sumatra	sumatra
tabako	tabac
tabako	tabagisme
minus	moins
minus	minus
ming	ming
obj	obj
learning	apprendre
learning	apprentissage
magpakita	afficher
magpakita	montre
magpakita	montrer
magpakita	spectacle
manhattan	manhattan
vao	vao
sermon	sermon
bulletin	bulletin
paco	paco
command	commandement
command	commande
kennedy	kennedy
files	fichiers
files	dossiers
paggasta	dépenses
paggasta	dépense
ibaraki	ibaraki
atlas	atlas
cola	cola
luigi	luigi
abdul	abdul
abdul	abdel
tamil	tamoul
tamil	tamil
tamil	tamouls
headquarters	siège
miriam	myriam
miriam	miriam
wong	wong
neon	néon
neon	fluo
huang	xun
huang	huang
sirkulasyon	circulation
czechoslovakia	tchécoslovaquie
bulgaria	bulgarie
herodes	hérode
alala	inquiétude
alala	inquiet
alala	inquiété
alala	inquiète
alala	inquiets
pagpunta	aller
cmd	cmd
bond	cautionnement
bond	caution
bond	bond
tiger	tiger
tiger	tigresse
tiger	tigres
tiger	tigre
pinaikling	abrégé
pinaikling	abrégée
yokohama	yokohama
commerce	commerce
lila	violette
lila	pourpre
lila	violet
lila	lila
mapapansin	notée
mapapansin	remarqué
mapapansin	noté
madoka	madoka
agila	eagle
agila	aigle
htm	htm
although	quoique
kristal	kristal
inayos	corrigé
inayos	fixe
inayos	fixes
inayos	fixé
inayos	réparé
karibal	rival
karibal	rivale
karibal	rivaux
karibal	rivaux
elaeocarpus	elaeocarpus
malupit	cruels
malupit	cruelle
malupit	cruel
malupit	cruelles
helianthus	helianthus
positive	positive
positive	positives
positive	positif
positive	positifs
troy	troie
troy	troy
pamana	héritage
pamana	patrimoine
royalty	redevance
royalty	royauté
royalty	redevances
letters	lettres
salot	peste
salot	fléau
salot	épidémie
salot	épidémies
salot	épidémiques
salot	épizootie
pagtutuli	excision
pagtutuli	circoncision
shaman	chaman
aviv	aviv
hockey	hockey
shot	coup
shot	shot
shot	abattus
shot	tir
shot	abattu
trak	remorquage
trak	camionnette
trak	fourgon
trak	camion
bahagya	légèrement
tumawag	appeler
tumawag	appelez
tumawag	appel
tumawag	appelle
bubuyog	abeille
bubuyog	abeilles
bubuyog	abeille
bubuyog	bee
fujiwara	fujiwara
fungi	champignons
fungi	champignon
musa	musa
zamora	zamora
gallery	galerie
gallery	gallerie
gallery	gallery
gallery	galeries
buwaya	crocodile
buwaya	crocodiles
buwaya	croco
buwaya	crocodiles
joy	joy
joy	joie
kapareho	similaires
kapareho	similaire
kapareho	semblables
kapareho	analogue
kapareho	semblable
mila	mila
transgender	transgenres
transgender	transsexuels
lukas	lukas
casa	casa
milk	lait
vocal	vocaux
vocal	chant
vocal	vocale
vocal	vocal
pangangaso	chasser
pangangaso	chasse
sinasadyang	accidentellement
sinasadyang	accidentels
sinasadyang	accidentel
sinasadyang	accidentelle
sinasadyang	accidentellement
sinasadyang	intentionnellement
pagpipilian	choix
pagpipilian	choix
rene	rené
rene	rene
dakota	dakota
nuevo	nuevo
ralph	ralph
medya	trente
medya	thirty
edge	bord
edge	bordure
edge	arête
edge	edge
flora	flora
flora	flore
magkakahiwalay	individuellement
magkakahiwalay	individuelle
akademikong	académiques
akademikong	universitaire
akademikong	universitaires
akademikong	académique
caribbean	caraïbes
caribbean	antilles
caribbean	caraïbe
orchestra	orchestre
temporal	temporels
temporal	temporal
temporal	temporelle
temporal	temporel
harrison	harrison
nakakalat	errants
cbs	cbs
mississippi	mississippi
mori	mori
cerro	cerro
fuentes	fuentes
antigens	antigènes
kapal	effronté
kapal	shameless
kapal	épaisseur
kapal	épaisseurs
turn	tourne
turn	turn
turn	tourner
turn	tournez
pamilyar	familières
pamilyar	familière
pamilyar	familier
pamilyar	familiers
tuwiran	indirectement
kagoshima	kagoshima
euclidean	vecteur
tambol	batterie
tambol	tambour
tambol	fût
pagdadala	livraison
pagdadala	livraisons
pagdadala	accouchement
pagdadala	contrebande
pagdadala	livraison
pagdadala	expédition
pagdadala	envoi
madagascar	madagascar
libing	enfouissement
libing	inhumation
libing	enterrement
libing	funérailles
libing	obsèques
libing	funéraire
libing	enterrement
edmund	edmund
edmund	edmond
utah	utah
columbus	colomb
columbus	columbus
leonard	léonard
leonard	leonard
nagkakahalaga	évalués
nagkakahalaga	apprécié
tali	corde
suk	suk
syriac	syriaque
lev	lev
magdala	amener
magdala	apporte
magdala	amenez
magdala	apportez
magdala	apporter
matsumoto	matsumoto
pacquiao	pacquiao
payagan	permettent
payagan	autoriser
payagan	permettre
strip	strip
madrigal	madrigal
detroit	détroit
detroit	detroit
nariño	nariño
variety	variété
binagong	modifié
binagong	modifiée
binagong	amendée
binagong	amendé
chiang	chiang
tigil	arrêt
tigil	stop
tigil	arrêter
tigil	arrête
tigil	arrêtez
pagtatanggal	suppressions
pagtatanggal	effacement
pagtatanggal	suppression
pagtatanggal	déménagement
pagtatanggal	enlèvement
pagtatanggal	suppression
holmes	holmes
seiyuu	seiyuu
aichi	aichi
parke	parcs
iglesias	iglesias
neumann	neumann
willie	willie
josephine	josephine
josephine	joséphine
karugtong	prolongée
karugtong	étendu
karugtong	prolongé
karugtong	prolongés
karugtong	étendue
kuala	kuala
monthly	mensuel
monthly	mensuellement
monthly	mensuels
monthly	mensuelle
mon	mon
mon	lun
xavier	xavier
parin	still
parin	encore
parin	toujours
parin	parin
suwesya	syrienne
suwesya	syrie
suwesya	suède
paghahatid	transmission
paghahatid	transmissions
paghahatid	livraison
paghahatid	livraisons
paghahatid	accouchement
belt	courroie
belt	ceinture
belt	belt
basa	humide
basa	mouillé
basa	mouillés
basa	mouillée
basa	humides
lobong	pariétal
masigasig	enthousiaste
masigasig	enthousiastes
masigasig	motivée
masigasig	motivés
masigasig	motivé
masigasig	motivées
apog	calcaires
apog	calcaire
pagbati	voeux
pagbati	désirs
pagbati	souhaits
pagbati	souhaite
pagbati	vœux
pagbati	salutations
pagbati	salutation
cameroon	cameroun
tumatawag	appelant
tumatawag	appeler
tumatawag	appelant
katatagan	stabilité
agos	coulant
muon	muon
luz	luz
subic	subic
massa	massa
panghuli	ultimes
panghuli	ultimate
panghuli	ultime
francesco	francesco
nabawasan	diminution
nabawasan	diminué
nabawasan	diminuée
nabawasan	réduit
nabawasan	réduite
nabawasan	réduites
noel	noel
aayos	fixation
aayos	réglages
aayos	ajustements
aayos	adaptations
aayos	ajustement
aayos	organisatrice
aayos	organiser
dick	bite
dick	dick
anton	anton
nagasaki	nagasaki
heights	hauteurs
somalia	somalie
somalia	somalien
nbc	nbc
hiroshima	hiroshima
curtis	curtis
polusyon	pollution
kapitbahay	voisines
kapitbahay	voisins
kapitbahay	voisine
kapitbahay	voisin
hispano	hispano
nakatutok	dédiée
nakatutok	dévoué
nakatutok	dédié
nakatutok	dédiés
nakatutok	dévouée
nakatutok	concentré
nakatutok	concentrée
steven	stéphane
steven	steven
istanbul	istanbul
issues	multiculturel
issues	multiculturelle
issues	multiculturelles
emedicinesubj	emedicinesubj
nakaayos	configuré
nakaayos	configurés
nakaayos	configurée
nakaayos	trié
nakaayos	triés
lit	allumé
lit	éclairé
lit	allumée
lit	allumés
everest	everest
jerome	jérôme
jerome	jerome
mikoto	mikoto
anchor	ancres
anchor	ancre
anchor	ancrages
anchor	ancrage
anchor	ancres
anchor	ancre
anchor	ancrer
axis	axes
axis	axe
beast	bête
fiesta	fiesta
barack	barack
ratchasima	ratchasima
evangelion	evangelion
sheikh	cheikh
sheikh	sheikh
sheikh	cheik
mia	mia
ipahayag	annoncent
ipahayag	annoncer
ipahayag	exprès
ipahayag	exprimer
ipahayag	express
ipahayag	expresse
ipahayag	déclarer
ipahayag	déclare
ipahayag	déclarons
ipahayag	déclarent
makatwirang	raisonnable
makatwirang	raisonnablement
makatwirang	raisonnables
gini	gini
instruksiyon	instruction
gonzalez	gonzalez
gonzalez	gonzález
kamukha	sosie
viz	viz
luma	ancienne
luma	anciens
luma	ancien
luma	vieux
luma	vieille
oregon	oregon
ultimate	ultimes
ultimate	ultimate
ultimate	ultime
yale	yale
pagtigil	cesse
pagtigil	cesser
pagtigil	cessez
yolanda	yolanda
akita	akita
moda	mode
brain	cerveaux
brain	cérébrale
brain	cerveau
brain	cervelle
espn	espn
claudius	claudius
kalinangang	nok
samoa	samoa
piloto	pilot
piloto	pilote
piloto	pilotes
pundasyong	fondement
pundasyong	fondation
pundasyong	fondations
rosalinda	rosalinda
sui	sui
pagkakahati	répartition
pagkakahati	décomposition
pagkakahati	ventilation
mao	mao
bali	bali
bali	cassure
bali	fracture
nars	infirmiers
nars	infirmier
nars	infirmières
nars	infirmier
nars	infirmière
nars	nourrice
nars	nanny
nars	nounou
pagboto	vote
pagboto	voter
pagboto	votants
cia	cia
amo	boss
amo	patron
amo	patronne
amo	amo
natutunan	appris
natutunan	apprise
natutunan	apprises
kuwait	koweït
kuwait	koweit
itatag	établir
summit	sommet
matuklasan	découvrez
matuklasan	découverte
matuklasan	découvrir
context	contexte
makatanggap	reçois
makatanggap	reçoivent
makatanggap	recevez
makatanggap	recevoir
nakaupo	assise
nakaupo	assis
kastilyo	château
kastilyo	chateau
patent	brevets
patent	brevet
slam	slam
magnetic	magnétiques
magnetic	magnétique
magnetic	magnétisme
tiya	tatie
tiya	tante
cha	cha
mozambique	mozambique
kasaganaan	prospérité
taglagas	automne
taglagas	tomber
taglagas	automne
taglagas	chute
taglagas	fall
nagsusuot	usure
panggagahasa	viols
panggagahasa	viol
panggagahasa	colza
panggagahasa	violer
gonzaga	gonzaga
françois	françois
screenshot	capture
tiago	tiago
nato	otan
dale	dale
gate	gate
gate	porte
bula	bulles
bula	bulle
bula	mousses
bula	écume
bula	mousse
bula	bula
soon	bientôt
soon	prochainement
soon	bientot
athina	athina
eugenio	eugenio
eugenio	eugène
eugenio	eugene
orlando	orlando
latina	latines
latina	latino
latina	latina
latina	latine
cellspacing	cellspacing
asuka	asuka
tagapamagitan	modérateur
tagapamagitan	animateur
tagapamagitan	animatrice
tagapamagitan	médiateur
tagapamagitan	médiateurs
tagapamagitan	médiatrice
awtonomong	autonomes
awtonomong	autonomie
awtonomong	autonome
mister	mister
mister	monsieur
magpakasal	marier
magpakasal	épouser
blason	blason
angola	angola
syrian	syrien
syrian	syrienne
syrian	syriens
haru	haru
aomori	aomori
giant	géants
giant	géant
giant	giant
giant	géante
bawasan	trim
bawasan	garnitures
bawasan	garniture
bawasan	réduire
bawasan	diminution
bawasan	diminuer
bawasan	réduire
bawasan	baisse
lightsteelblue	lightsteelblue
magnitude	ampleur
magnitude	magnitude
magnitude	grandeur
giuseppe	giuseppe
tigre	tiger
tigre	tigresse
tigre	tigres
tigre	tigre
ipinasok	insérée
ipinasok	insérées
ipinasok	inséré
ipinasok	insérés
miki	miki
verbania	verbania
tuberculosis	tuberculose
phone	téléphone
baghdad	bagdad
duel	duel
duel	duels
konduktor	conducteur
thermal	thermale
thermal	thermique
thermal	thermiques
pangkalakal	commercial
pangkalakal	commerciaux
pangkalakal	commerciales
pangkalakal	commerciale
mole	taupe
mole	mole
tora	tora
sinulid	filetage
sinulid	thread
sinulid	fil
suka	vinaigre
suka	vomir
suka	vomi
suka	vomit
albania	albanie
neujmin	neujmin
kontrolin	contrôler
kontrolin	contrôle
regal	regal
led	led
configuration	configuration
gates	portails
gates	vannes
gates	gates
gates	portes
forbes	forbes
matapat	véridiques
matapat	véridique
matapat	honnêtement
matapat	franchement
matapat	honnête
matapat	honnêtes
trapiko	trafic
trapiko	circulation
ferrer	ferrer
concepción	concepción
sabaw	potage
sabaw	soupes
sabaw	soupe
sabaw	bouillon
paikot	radiale
paikot	radial
ruben	ruben
evangelista	evangelista
leopoldo	leopoldo
pal	pote
pal	pal
paradise	paradis
paradise	paradisiaque
paradise	paradise
bianca	bianca
lampas	beyond
dewey	dewey
magnanakaw	cambrioleur
magnanakaw	voleuse
magnanakaw	voleur
download	télécharge
download	téléchargements
download	télécharger
download	téléchargement
download	télécharge
download	téléchargements
download	téléchargement
nagtataguyod	préconisant
nagtataguyod	prôner
nagtataguyod	préconiser
nagtataguyod	favorise
nagtataguyod	encourage
nagtataguyod	promeut
wii	wii
warriors	warriors
warriors	guerriers
doble	doubler
doble	double
doble	doubles
cynthia	cynthia
montreal	montréal
montreal	montreal
ini	ini
supply	approvisionnement
teresita	teresita
respeto	respect
respeto	respecter
respeto	respecte
britannica	britannica
quebec	québec
quebec	québécois
quebec	quebec
romantiko	romantisme
romantiko	romantiques
romantiko	romantique
bernal	bernal
lapid	lapid
miyagi	miyagi
italic	italique
italic	italiques
gfdl	gfdl
classic	classic
classic	classique
classic	classiques
lepton	lepton
apektado	affectée
apektado	affectés
apektado	touchés
apektado	touchée
apektado	affecté
apektado	touché
shizuoka	shizuoka
inline	inline
tessie	tessie
copenhagen	copenhague
plataporma	plate
plataporma	quai
plataporma	plateforme
plataporma	plateformes
alumni	anciens
lumalaking	grandir
lumalaking	croissant
lumalaking	grandissant
lumalaking	croissante
paghawak	maniabilité
paghawak	manipulation
paghawak	manutention
hinihinalang	présumés
hinihinalang	soupçonnée
hinihinalang	suspecté
hinihinalang	soupçonné
scottish	ecossais
scottish	écossaise
scottish	écossais
emblem	armoiries
emblem	emblème
tadhana	destinée
tadhana	destiny
tadhana	destin
canal	canal
kasabihan	proverbes
kasabihan	proverbe
gulo	mess
gulo	désordre
gulo	bordel
gulo	pagaille
gulo	affrontements
gulo	confrontation
gulo	confrontations
gulo	affrontement
gulo	slash
alba	alba
hinawakan	tenu
midnight	minuit
midnight	midnight
aki	aki
halal	halal
fusion	fusion
mcdonald	mcdonald
identidad	identidad
cortex	cortex
keys	clés
keys	clefs
sumagot	répondez
sumagot	répondu
sumagot	répondait
sumagot	répondit
sumagot	réponse
sumagot	réplique
sumagot	répondez
sumagot	répondre
sumagot	reponse
sumagot	répondu
nagpakilala	introduit
nagpakilala	introduits
nagpakilala	introduites
paalala	rappels
paalala	rappel
impeachment	destitution
ahmad	ahmad
integrated	intégrée
integrated	intégrées
integrated	intégré
integrated	intégrés
manirahan	résider
selyo	affranchissement
patricia	patricia
demand	exiger
teacher	professeur
teacher	enseignante
teacher	enseignant
teacher	institutrice
hawakan	manipuler
hawakan	poignée
hawakan	touchant
hawakan	touchante
hawakan	toucher
hawakan	tenir
hawakan	tiens
hawakan	tenez
nanumpa	juré
pahalang	horizontales
pahalang	horizontaux
pahalang	horizontal
pahalang	horizontalement
pahalang	horizontale
maximus	maximus
digit	chiffre
athletic	athlétique
athletic	athlétisme
metapisika	métaphysique
donasyon	dons
donasyon	don
donasyon	donation
donasyon	dons
donasyon	donations
heinrich	heinrich
stack	empiler
stack	pile
stack	stack
quarter	quart
quarter	trimestre
ipinapalagay	supposé
ipinapalagay	présumé
grado	grades
buddy	pote
buddy	copain
buddy	buddy
ipagtanggol	défendons
ipagtanggol	défendre
ipagtanggol	défendez
ipagtanggol	défense
disk	disque
disk	disquette
georgian	géorgien
georgian	géorgie
georgian	géorgiens
georgian	géorgienne
mat	paillasson
mat	mat
minsa	quelquefois
minsa	parfois
marinig	entendez
marinig	entendre
quest	quest
quest	quête
mixed	mélangé
mixed	mixtes
mixed	mélangés
mixed	mixte
mortal	mortels
mortal	mortel
mortal	mortelle
matugunan	rencontrez
matugunan	rencontre
matugunan	rencontrer
nagamit	utilisées
nagamit	utilisé
nagamit	utilisés
nagamit	utilisée
dublin	dublin
tinamaan	touché
tinamaan	frappé
tinamaan	frapper
malusog	sain
malusog	saine
natutulog	dort
natutulog	sommeil
natutulog	dormir
natutulog	coucher
natutulog	couchage
ernst	ernst
pagbaybay	orthographe
titan	titan
moske	mosquées
ground	moulu
yap	yap
dagdagan	augmenter
dagdagan	accroître
dagdagan	augmentation
dagdagan	accroissement
virtual	virtuel
virtual	virtuels
virtual	virtuelle
virtual	virtual
virtual	virtuelles
ran	ran
ran	couru
esperanto	espéranto
black}}	noir}}
pagsasayaw	danse
pagsasayaw	danses
pagsasayaw	danser
pagsasayaw	dansant
josh	josh
cpu	processeurs
cpu	cpu
cpu	processeur
educational	éducatif
kuweba	caverne
kuweba	grotte
kuweba	cave
maine	maine
paputok	artifices
león	león
enriquez	enriquez
nerbiyos	nervosité
nerbiyos	nerfs
bandalismo	graffiti
bandalismo	graffitis
bandalismo	vandalisme
parker	parker
interwiki	interwiki
hardware	quincaillerie
hardware	matériel
hardware	matériels
hugo	hugo
toledo	tolède
toledo	toledo
amado	amado
kenneth	kenneth
iwate	iwate
anino	ombre
anino	ombres
anino	shadow
anino	ombre
anino	ombres
anino	réflexe
anino	reflex
anino	réflexes
core	core
core	cœur
core	coeur
core	noyau
propesyon	métier
propesyon	profession
estadistikang	descriptif
estadistikang	descriptive
silva	silva
piliin	choisissez
piliin	choisir
piliin	sélection
piliin	sélectionnez
piliin	sélectionner
orleans	orleans
orleans	orléans
malubha	sévères
malubha	graves
malubha	grave
malubha	sévère
prague	prague
sira	brisé
sira	broken
sira	cassé
sira	brisée
sira	cassée
tinuruan	enseignée
tinuruan	enseigné
tinuruan	appris
sumasalamin	résonner
pumipigil	limitation
pumipigil	limitant
pumipigil	limiter
masigla	énergiques
masigla	énergique
teologo	théologien
transition	transition
pagbomba	bombardement
pagbomba	bombardements
pagbomba	attentat
recent	récents
recent	récent
recent	récentes
recent	récente
esteban	stéphane
esteban	stephen
esteban	étienne
esteban	esteban
ishikawa	ishikawa
makinis	lisser
makinis	lisses
makinis	lisse
kodansha	kodansha
arc	arc
bug	punaise
bug	bogue
bug	bug
bug	insecte
coalition	coalition
alien	étranger
alien	alien
alien	extraterrestre
alien	étrangers
alien	etrangers
walker	walker
walker	rôdeur
denominasyon	dénomination
oil	huiles
oil	huile
oil	pétrole
pulbos	poudre
pulbos	poudres
pagpapatakbo	opérationnelles
pagpapatakbo	opérationnel
pagpapatakbo	opérationnels
pagpapatakbo	opérationnelle
zambia	zambie
owen	owen
owen	fabien
bonus	bonus
bonus	prime
bonus	bonification
trigo	froment
trigo	blé
kaliwanagan	clarté
banner	banderoles
banner	bandeaux
banner	bannière
banner	bannières
banner	bannières
banner	banderole
banner	banner
banner	bannière
spider	spider
spider	araignée
nagkakaiba	diffère
nagkakaiba	diffèrent
composer	compositeur
composer	compositrice
tang	tang
tōhoku	tōhoku
siko	coude
siko	coudes
moore	moore
sinusubukan	essayant
sinusubukan	essayer
sinusubukan	essai
sinusubukan	test
sinusubukan	essais
sinusubukan	tests
sinusubukan	tester
suma	suma
pasulong	forward
alahas	bijouterie
alahas	joaillerie
alahas	bijoux
wasakin	détruisez
wasakin	anéantir
wasakin	détruire
xbox	xbox
marcelino	marcelino
creator	créatrice
creator	créateur
oman	oman
path	sentier
path	chemin
path	sillon
otomo	otomo
doo	doo
sapin	strates
lea	lea
lea	léa
hell	hell
hell	enfer
kyrgyzstan	kirghizistan
kyrgyzstan	kirghizstan
alternate	suppléant
alternate	alterner
gorilla	gorille
gorilla	gorilles
langaw	mouches
rachel	rachel
corpus	corpus
bulak	coton
aristotle	aristote
tibetan	tibétains
tibetan	tibétaine
tibetan	tibétain
palau	palaos
honduras	honduras
wiktionary	wiktionary
aid	aides
aid	aide
hating	détester
hating	haïr
nrhp	nrhp
uruguay	uruguay
magtatag	établir
movies	films
movies	cinéma
movies	ciné
maki	maki
aaron	aaron
magpatuloy	continuer
magpatuloy	continue
magpatuloy	continuons
magpatuloy	continuez
magpatuloy	poursuivre
magpatuloy	procéder
conrad	conrad
mayayaman	riches
mayayaman	rich
mayayaman	riche
pilit	tendu
pilit	tendus
pilit	tendue
pilit	tendues
sensei	sensei
pondong	fonds
matalino	sage
matalino	wise
matalino	intelligent
matalino	malin
matalino	astucieux
matalino	habile
matalino	ingénieux
matalino	intelligente
matalino	malin
matalino	intelligent
matalino	smart
matalino	futé
charts	graphiques
charts	diagrammes
connecticut	connecticut
hudson	hudson
bote	bouteille
bote	bouteilles
bote	flacon
bote	biberon
katapangan	courage
hepburn	hepburn
badyet	budgétaire
badyet	budget
pagsuko	capituler
click	cliquer
click	cliquez
click	cliquant
click	clics
percentage	pourcentages
percentage	pourcentage
attr	attr
lino	lino
lino	lin
lino	linge
lino	draps
lino	linus
lucy	lucie
lucy	lucy
sexy	sexy
emmy	emmy
candelaria	candelaria
kawani	personnel
aus	aus
sinauna	musiques
sinauna	musique
kalinisan	hygiène
kalinisan	hygiène
kalinisan	salubrité
kalinisan	assainissement
membranong	mucus
lumipad	vole
lumipad	voler
lumipad	mouches
lumipad	mouche
lumipad	piloté
lumipad	décollage
lumipad	soar
romansa	romantisme
romansa	idylle
romansa	romance
romansa	romantique
tuyo	sèche
tuyo	sèches
tuyo	sec
tuyo	secs
tuyo	sécher
tuyo	séchés
tuyo	séchées
tuyo	séchée
tuyo	séché
construction	construction
taliban	talibans
taliban	taliban
hubog	formés
hubog	entraîné
hubog	formé
stanley	yves
stanley	stanley
edinburgh	edimbourg
edinburgh	édimbourg
jeong	jeong
shadow	shadow
shadow	ombre
shadow	ombres
oceania	océanie
lemmon	lemmon
aalala	préoccupation
aalala	préoccupations
aalala	inquiétudes
aalala	inquiétude
superior	supérieurs
superior	supérieure
superior	supérieur
superior	superieure
superior	superieur
planta	végétal
planta	usine
planta	plante
ella	ella
asahi	asahi
cooper	cooper
paggana	fonctionnalités
paggana	fonctionnalité
matanggap	reçois
matanggap	reçoivent
matanggap	recevez
matanggap	recevoir
kakayanan	compétence
lam	lam
glandula	glandes
sayaka	sayaka
labintatlong	treize
labintatlong	thirteen
anglo	anglo
fatima	fatima
botohan	sondages
botohan	sondages
botohan	sondage
botohan	scrutin
lozada	lozada
ibenta	vends
ibenta	vendre
geisha	geisha
gardens	jardins
timothy	timothy
pagkanta	chant
pagkanta	chanter
whole	entiers
whole	entier
josue	joshua
soccer	football
soccer	foot
soccer	soccer
buksan	ouverte
buksan	ouvrez
buksan	ouvert
buksan	ouverture
buksan	ouvrir
katalan	catalan
katalan	catalans
katalan	catalane
sarado	fermée
sarado	fermé
sarado	fermés
sarado	clos
tab	tabulation
tab	onglets
tab	tab
tab	onglet
hwan	hwan
sword	épée
sword	glaive
sword	sabre
inaprubahan	approuvé
inaprubahan	approuvée
inaprubahan	approuvés
inaprubahan	agréée
inaprubahan	approuvées
inaprubahan	agréé
ekolohiya	écologiques
ekolohiya	écologique
ekolohiya	écologie
ekolohiya	informatique
ekolohiya	ordinateurs
psp	psp
opus	opus
amanda	amanda
denver	denver
wikibase	wikibase
pinagsasama	combine
pinagsasama	faisceaux
tatlumpung	trente
tatlumpung	thirty
isis	isis
kumbinasyon	combinaison
quote	cotation
quote	citation
quote	devis
quote	citer
quote	cite
pagsasahimpapawid	diffusion
pagsasahimpapawid	radiodiffusion
pagsasahimpapawid	diffuser
pagsasahimpapawid	radiodiffusion
pagsasahimpapawid	diffusion
siksik	dense
siksik	denses
jefferson	jefferson
tumutol	contesté
tumutol	disputées
tumutol	contestées
tumutol	contestée
bapor	paquebot
ebolusyong	divergentes
ebolusyong	divergente
ebolusyong	divergent
driver	chauffeurs
driver	conducteurs
driver	pilotes
driver	conducteur
driver	pilote
driver	conducteur
chūō	chūō
calabria	calabre
aktwal	réelle
siberia	sibérie
oportunidad	possibilités
oportunidad	occasions
oportunidad	opportunités
dosis	dosage
dosis	posologie
dosis	dose
dosis	doses
dosis	posologie
dosis	dose
luke	luke
luke	luc
kulog	thunder
kulog	tonnerre
khmer	khmers
khmer	khmer
pornograpiya	pornographie
pornograpiya	pornographique
pornograpiya	pornographiques
pornograpiya	pornographique
electronics	electronique
electronics	électronique
winds	vents
sistematikong	systématique
sistematikong	systématiquement
sistematikong	systématiques
gerald	gerald
gerald	gérald
raha	raja
donald	donald
gumalaw	déménagement
gumalaw	bouger
gumalaw	déménager
gumalaw	déplacer
gumalaw	agiter
gumalaw	remuer
maestro	maestro
claus	claus
graphic	graphiques
graphic	graphique
bukal	inhérente
bukal	inhérent
princesa	princesa
paumanhin	désolé
paumanhin	désolée
paumanhin	désolés
paumanhin	pardon
steel	acier
tiyuhin	tonton
tiyuhin	oncle
rolando	rolando
etikal	éthiques
etikal	éthique
dome	dôme
dome	coupole
dome	dome
claude	claude
honey	chéri
honey	cherie
honey	chérie
honey	miel
ramirez	ramírez
ramirez	ramirez
meaning	signification
meaning	sens
meaning	signifiant
nagbebenta	vends
nagbebenta	vendre
nagbebenta	vendre
nagbebenta	vendeur
earl	earl
earl	comte
pagpayag	approbation
pagpayag	agrément
pagpayag	homologation
judy	judy
lumikas	évacuer
nagustuhan	apprécié
nagustuhan	aimés
nagustuhan	aimées
nagustuhan	aimée
nagustuhan	aimé
harris	harris
betty	betty
styles	styles
karayom	aiguilles
makinarya	machinerie
makinarya	machines
katherine	katherine
laden	chargés
laden	chargé
laden	laden
ridge	dorsale
ridge	ridge
ridge	arête
ridge	crête
cinderella	cendrillon
franchise	franchise
franchise	franchises
franchise	franchisé
franchise	franchisés
campo	campo
ezekiel	ezekiel
pantasya	imaginaire
pantasya	fantasy
pantasya	fantasme
pantasya	fantaisie
berkeley	berkeley
partial	partiel
partial	partielles
partial	partiellement
partial	partiels
partial	partielle
pagpoproseso	transformation
pagpoproseso	traitement
#ff	#ff
baker	boulanger
baker	baker
inter	inter
pansit	nouilles
kandila	bougie
kandila	chandelle
kandila	bougies
kandila	cierges
kandila	chandelles
kandila	bougie
bonaparte	bonaparte
kadiliman	noirceur
kadiliman	pénombre
kadiliman	obscurité
kadiliman	ténèbres
akala	réfléchi
akala	pensais
akala	pensé
akala	pensée
akala	imaginez
akala	imagines
akala	imaginons
akala	imaginer
akala	imagine
ernesto	ernesto
sites	sites
alone	seul
alone	seuls
alone	seule
loki	loki
anu	anu
anu	quoi
anu	quel
anu	quelle
anatolia	anatolie
wolfgang	wolfgang
split	diviser
split	scinder
split	split
split	scission
vampire	vampire
vampire	vampires
bohr	bohr
tangent	tangente
ending	finissant
margarita	marguerite
margarita	margarita
hermes	hermes
hermes	hermès
eta	hap
eta	eta
jet	jet
panel	panneaux
panel	panneau
panel	panel
pilot	pilot
pilot	pilote
pilot	pilotes
diktador	dictateur
smile	sourire
smile	souriez
burton	burton
vishnu	vishnu
designer	concepteurs
designer	designers
designer	créateurs
designer	dessinateurs
carter	carter
pinal	définitif
pinal	finale
pinal	final
pinal	définitive
pino	pino
pino	pine
pino	pin
lucky	chanceux
lucky	chanceuse
lucky	lucky
lucky	veinard
kanto	corner
kanto	coin
kanto	croisement
kanto	intersection
kanto	carrefour
magtayo	bâtir
magtayo	construire
bawang	ail
saya	tristesse
saya	peine
saya	chagrin
saya	saya
saya	bonheur
trial	essai
trial	procès
smiles	sourire
smiles	sourires
banayad	doux
banayad	légère
gaia	gaia
tsubasa	tsubasa
isports	sport
isports	sports
glory	glorieux
glory	gloire
glory	glory
financial	financière
financial	financier
naglalakad	marche
naglalakad	marcher
lunar	lunaire
sinasakop	couvertures
sinasakop	couvercles
sinasakop	couvre
sinasakop	housses
naghihintay	attente
naghihintay	attendre
naghihintay	attendant
botante	électeur
botante	électeurs
toreng	tour
toreng	tower
binabantayan	supervision
binabantayan	surveillance
advertising	publicitaire
advertising	publicité
advertising	publicités
yesno	yesno
kinopya	copié
kinopya	copiés
kinopya	copiée
matuto	apprenez
matuto	apprendre
matuto	apprends
salvi	salvi
income	revenu
income	revenus
selena	selena
hen	poule
mactan	mactan
pframe	pframe
penelope	pénélope
penelope	penelope
matatapos	ends
matatapos	extrémités
matatapos	expirer
matatapos	expire
matatapos	expiration
matatapos	expirent
matatapos	end
matatapos	fin
petty	mesquine
petty	mesquin
charity	bienfaisance
charity	aumône
charity	charité
gunma	gunma
griffin	griffin
griffin	griffon
diwata	déesses
diwata	déesse
buwanang	mensuel
buwanang	mensuellement
buwanang	mensuels
buwanang	mensuelle
provence	provence
tagapagbatas	législatif
tagapagbatas	législateur
tagapagbatas	législature
holdings	exploitations
holdings	participations
holdings	dotations
nakararami	majorité
nakararami	majoritaire
nakararami	majoritaires
hilario	hilario
pinapalitan	convertis
pinapalitan	convertit
furuta	furuta
cleveland	cleveland
jeanne	attaquant
jeanne	agresseur
jeanne	assaillant
jeanne	jeanne
boulevard	boulevard
kimiko	kimiko
mormon	mormons
mormon	mormon
niyebe	neige
niyebe	snow
mara	mara
hubble	hubble
megumi	megumi
pst	pst
wallace	wallace
lawin	hawk
lawin	faucon
lawin	buse
janet	janet
janet	mireille
accountancy	comptabilité
kawad	fils
kawad	fil
kurt	kurt
inihanda	préparés
inihanda	préparées
inihanda	préparée
inihanda	préparé
warsaw	révolte
warsaw	insurrection
warsaw	soulèvement
nagpapadala	envoie
metabolismo	métabolique
metabolismo	métabolisme
kapatiran	confrérie
kapatiran	fraternité
nakulong	incarcérés
nakulong	emprisonnés
nakulong	emprisonné
nakulong	coincé
nakulong	piégés
nakulong	piégée
nakulong	piégé
jets	jets
baywang	taille
daisy	marguerite
daisy	daisy
formula	formule
formula	formules
galilea	galilée
dub	dub
delporte	delporte
putol	rondelles
putol	tranches
gabriela	gabriela
rugby	rugby
konstelasyon	constellation
jensen	jensen
punta	punta
ipatupad	implémenter
ipatupad	appliquer
hatinggabi	minuit
hatinggabi	midnight
deposito	dépôt
deposito	déposer
deposito	caution
deposito	acompte
easy	facile
easy	faciles
easy	easy
easy	facilité
sylvia	sylvia
sylvia	sylvie
imbento	inventés
imbento	inventée
imbento	inventé
imbento	invention
photon	photons
photon	photon
tagapakinig	auditeur
tagapakinig	auditeurs
enzyme	enzyme
enzyme	enzymatique
shirley	shirley
ultra	ultra
sibilisasyon	civilisation
sibilisasyon	civilisations
sibilisasyon	civilisations
westminster	westminster
praga	prague
kid	gamin
lingua	lingua
gibraltar	gibraltar
huwaran	repères
huwaran	référentiels
sto	sto
touch	toucher
touch	touchez
touch	touch
touch	touche
pandan	pandan
gautama	gautama
dubai	dubai
dubai	dubaï
emosyonal	émotif
emosyonal	émotionnelle
emosyonal	émotions
emosyonal	affectif
emosyonal	émotionnel
emosyonal	soulful
emosyonal	émotionnellement
mexican	mexicaines
mexican	mexicaine
mexican	mexicains
mexican	mexicain
ciro	ciro
elepante	éléphants
elepante	elephant
elepante	éléphant
pandiwang	verbale
pandiwang	verbal
mananatili	demeurer
mananatili	rester
sport	sportif
sport	sportive
sport	sport
itago	masquer
itago	cache
itago	cacher
sunflower	tournesol
null	nul
null	null
null	nuls
null	nulle
null	nulles
pete	pete
tekstuwal	textuelle
kalat	dispersés
kalat	dispersé
kalat	dispersées
kalat	dispersée
kalat	éparpillés
kalat	désordre
kalat	désordonné
kasu	joints
kasu	articulations
togo	togo
armstrong	armstrong
constitution	constitution
pagkakasulat	capitalisation
admiral	amiral
chu	chu
xiv	xive
xiv	xiv
winasak	brisé
winasak	fauché
winasak	cassé
winasak	rompu
winasak	cassée
lyon	lyonnais
lyon	lyon
iranian	iraniennes
iranian	iranienne
iranian	iranien
richards	richards
homme	homme
jeremy	jérémie
jeremy	jeremy
jeremy	jérémy
foster	foster
ching	ching
kiyosato	kiyosato
nero	néron
nero	nero
tsokolate	cacao
tsokolate	chocolat
tsokolate	chocolats
napagmasdan	examinés
napagmasdan	examinées
napagmasdan	examinée
napagmasdan	examiné
masakit	douloureuse
masakit	pénible
masakit	douloureux
masakit	douloureuses
masakit	blesse
kahel	orange
kahel	orangé
kahel	oranges
flor	flor
memphis	memphis
nutrisyon	nutrition
nutrisyon	alimentation
nagpasiya	décide
hacienda	hacienda
crispa	crispa
kahaliling	suppléant
kahaliling	alterner
yuan	yuans
yuan	yuan
config	config
joseon	joseon
carrara	carrara
prc	rpc
montana	montana
falcon	falcon
falcon	faucon
nguyen	nguyen
dean	doyen
dean	dean
dean	doyenne
tadyang	côte
tadyang	côtes
fourth	quatrième
fourth	fourth
fourth	quatrièmement
basil	basile
basil	basil
basil	basilic
dolores	dolores
tommy	tommy
kaligayahan	bonheur
candidate	candidats
candidate	candidate
candidate	candidat
levant	levant
delete	supprimé
delete	supprimée
delete	effacé
delete	supprimés
delete	supprimées
delete	supprimer
delete	supprimez
delete	effacement
delete	supprime
delete	effacer
pagsikat	hausse
pagsikat	rising
pagsikat	montante
ncaa	ncaa
pinasok	entré
pinasok	entrés
hayti	haiti
hayti	haïti
yard	verges
yard	yards
paglulunsad	lancement
paglulunsad	lancements
paglulunsad	lancer
paglulunsad	lancez
hadith	hadith
pekeng	imitation
pekeng	imitations
konserbatibo	conservatisme
konserbatibo	conservateur
konserbatibo	conservatrice
konserbatibo	conservateurs
effect	effets
effect	effet
talo	perdant
talo	loser
talo	perdante
palasyong	buckingham
nuoro	nuoro
astrolohiya	astrologie
athletics	athlétisme
sumuporta	soutien
sumuporta	assistance
sumuporta	appui
diocese	diocèse
sibuyas	oignons
sibuyas	oignon
sibuyas	oignons
sibuyas	oignon
fighting	combats
fighting	combat
fighting	bagarre
makakamit	réaliser
dominic	dominic
dominic	dominique
itinalagang	désignée
itinalagang	désignés
itinalagang	désigné
itinalagang	désignées
pambahay	ménages
pambahay	ménage
ruby	ruby
ruby	rubis
mura	mura
lata	tin
lata	étain
lata	lata
pansamantala	temporairement
pansamantala	provisoirement
pansamantala	momentanément
pansamantala	provisoire
pansamantala	temporaires
pansamantala	temporaire
pansamantala	hésitante
datavalue	datavalue
ash	frêne
ash	cendres
ash	ash
ash	cendre
hana	hana
ronnie	ronnie
pagkakaibigan	amitié
pagkakaibigan	amitiés
sicilia	sicilia
sicilia	sicile
nextel	nextel
maintindihan	comprenez
maintindihan	comprendre
maintindihan	comprends
estratehiya	stratégies
estratehiya	stratégie
magkaibigan	amies
magkaibigan	amis
yano	yano
pakikisalamuha	socialisation
abnormal	anormale
abnormal	anormal
abnormal	anomalie
abnormal	anormaux
mabait	aimable
mabait	bons
mabait	bien
mabait	bonne
mabait	bon
mabait	bonnes
mabait	obéissant
probinsya	province
turo	pointage
turo	pointant
sinai	sinaï
frances	frances
frances	françoise
miyazaki	miyazaki
dam	dam
dam	barrage
dam	digue
comments	commentaires
comments	remarques
comments	observations
fantasy	imaginaire
fantasy	fantasy
fantasy	fantasme
fantasy	fantaisie
nararanasan	rencontre
boku	boku
pagtanda	vieillir
pagtanda	vieillissement
deutsche	deutsche
fernández	fernandez
fernández	fernández
pagbibilang	comptage
pagbibilang	compter
pagbibilang	décompte
secretarial	secrétaires
secretarial	secrétariat
pon	pon
republican	républicaine
republican	républicain
republican	républicains
ceo	pdg
stroke	attaque
stroke	caresse
stroke	avc
idinisenyo	conçu
idinisenyo	conçues
idinisenyo	conçue
idinisenyo	conçus
eri	eri
makasalanan	pécheur
makasalanan	pécheur
makasalanan	pécheurs
makasalanan	pécheurs
chain	enchaîner
chain	chaîne
chain	chaine
palgrave	palgrave
hun	hun
hun	huns
kohoutek	kohoutek
kinokontrol	contrôlées
kinokontrol	contrôlés
kinokontrol	contrôlée
kinokontrol	contrôlé
kinokontrol	contrôles
kinokontrol	commandes
marya	marya
pusong	bat
pusong	rythmes
pusong	battements
pusong	rogue
pusong	voyou
pusong	coquin
pusong	guignol
pusong	bouffon
pusong	clowns
pusong	clown
malabo	flous
malabo	floues
malabo	floue
malabo	flou
malabo	floue
malabo	flou
armenian	arménienne
armenian	arménien
armenian	arméniens
factory	fabrique
factory	usine
sunshine	sunshine
sunshine	soleil
sunshine	ensoleillement
kumamoto	kumamoto
cortez	cortez
api	api
reklamo	plainte
reklamo	plaintes
reklamo	réclamations
reklamo	réclamation
reklamo	plainte
reklamo	plaintes
yoko	yoko
cut	cut
cut	couper
cut	coupé
cut	coupez
cut	coupe
falls	chutes
falls	tombe
falls	falls
rutherford	rutherford
seconds	secondes
seconds	seconds
balot	enveloppés
balot	emballé
balot	enveloppé
balot	enroulé
balot	emballés
tapusin	finis
tapusin	finir
tapusin	terminer
tapusin	termine
tapusin	end
tapusin	fin
tapusin	conclure
coco	coco
montes	montes
tiket	billets
tiket	billetterie
tiket	billet
tiket	ticket
romulus	romulus
phi	phi
pagpapatayo	séchage
pagpapatayo	assèchement
pagpapatayo	sécher
naghahanda	préparer
sima	sima
ariel	ariel
knights	knights
knights	chevaliers
euler	euler
siracusa	syracuse
tenga	oreilles
tenga	épis
tenga	casques
tenga	casque
tenga	écouteurs
binuhay	élevé
binuhay	soulevées
nickelodeon	nickelodeon
thompson	thompson
pasasalamat	gratitude
pasasalamat	thanksgiving
kasalan	mariage
kasalan	mariage
kasalan	noces
kasalan	mariages
pamamaril	fusillade
pamamaril	tirs
pamamaril	tournage
pamamaril	tir
pamamaril	tirer
goodbye	adieu
goodbye	adieux
kaori	kaori
gasolina	combustible
gasolina	carburant
gasolina	essence
humanap	trouve
humanap	trouvailles
pagkakahawig	ressemblance
sumakay	chevaucher
sumakay	balade
reign	règne
reign	régner
publish	publier
publish	publie
publish	publiez
publish	publiée
publish	publiées
publish	publiés
publish	publié
konektado	connectée
konektado	connectés
konektado	raccordée
konektado	connecté
geneva	geneve
geneva	genève
mood	humeur
mood	ambiance
puhunan	investissement
puhunan	investissements
architecture	architecture
ram	ram
ram	bélier
kapakinabangan	utilité
grey	gris
grey	grise
biyahe	voyage
biyahe	trip
capitol	capitole
capitol	capitol
harbor	harbor
challenge	gageure
challenge	challenge
challenge	contestation
challenge	défi
ichigo	ichigo
morris	morris
lehitimong	légitimes
lehitimong	légitime
makoto	makoto
banga	banga
vacant	vacant
vacant	vacants
toscana	toscana
parade	défilé
parade	parade
pagmimina	minier
pagmimina	mines
pagmimina	minière
weekend	weekend
inuugnay	associant
inuugnay	relie
inuugnay	connecte
cyber	cyber
harina	farine
harina	farines
lantad	exposition
gamecube	gamecube
edgardo	edgardo
alternatibo	alternative
alternatibo	alternatif
alternatibo	alternatives
conversion	conversion
conversion	reconversion
tanghali	midi
magaspang	rude
magaspang	bruts
piaseczno	piaseczno
ildefonso	ildefonso
tambalang	tandem
yeon	yeon
humina	affaiblie
humina	affaibli
humina	affaiblis
marduk	marduk
combo	combinaison
combo	combo
jamaica	jamaïque
negosyong	affaires
negosyong	entreprise
negosyong	entreprises
mirror	miroir
mirror	miroirs
subst	subst
ligaya	bonheur
mauritius	maurice
natupad	satisfaites
natupad	accomplie
natupad	remplies
bolivia	bolivie
coffee	café
coordinate	coordonner
coordinate	coordonnée
coordinate	coordonné
coordinate	coordonnées
coordinate	coordonnés
tenerife	tenerife
tenerife	ténérife
singular	singulière
singular	singulier
osorkon	osorkon
idea	idée
shine	brillent
komentaryo	commentaire
mikhail	mikhail
mikhail	mikhaïl
salamangka	magie
salamangka	magic
salamangka	magique
processing	transformation
processing	traitement
dharma	dharma
egyptian	égyptiens
egyptian	égyptienne
egyptian	égyptien
balbal	argot
maeda	maeda
duet	duo
goals	buts
goals	objectifs
hinalal	élue
hinalal	élu
hinalal	élues
hinalal	élus
battles	batailles
hokkien	hokkien
estonia	estonie
rovigo	rovigo
listahang	liste
listahang	listes
extension	rallonges
extension	extensions
extension	prolongement
extension	prolongation
extension	extension
extension	vulgarisation
hwang	hwang
komplikasyon	complication
komplikasyon	complications
komplikasyon	complication
komplikasyon	complications
porto	porto
sai	sai
jojo	jojo
lyrics	paroles
lyrics	lyrique
kalipa	calife
enlil	enlil
chung	chung
kenny	kenny
hipon	crevette
hipon	crevettes
zhang	zhang
nida	nida
pittsburgh	pittsburgh
bronze	bronze
mask	masques
mask	masquer
mask	masque
baltimore	baltimore
counter	compteur
counter	comptoir
remedios	remedios
leroy	leroy
lotus	lotus
edo	edo
json	json
hiwaga	mystères
nakakain	comestibles
nakakain	comestible
marangal	noble
marangal	nobles
marangal	noblesse
marangal	dignes
marangal	digne
chopin	chopin
kongkreto	concret
kongkreto	concrètes
kongkreto	béton
tapang	courage
less	moins
planck	planck
mikroskopyo	microscope
mikroskopyo	microscopie
phantom	phantom
phantom	fantôme
christine	christiane
christine	christine
ergaster	ergaster
mahayana	mahayana
ebolusyonaryong	évolutif
ebolusyonaryong	évolutifs
ebolusyonaryong	évolutive
nachi	nachi
torneo	tournois
alvarado	alvarado
konsulado	consulats
konsulado	consulat
aphrodite	aphrodite
garcía	garcía
ninakaw	volée
ninakaw	volées
ninakaw	volé
ninakaw	volés
ninakaw	dérobée
magna	magna
pagtatrabaho	travaillant
pagtatrabaho	travailler
nakalista	listés
nakalista	listé
nakalista	énumérés
nakalista	répertoriés
malik	malik
ladies	mesdemoiselles
ladies	mesdames
ladies	dames
linnaeus	linnaeus
daytona	daytona
pagsamahin	fusionner
pagsamahin	fusionne
pagsamahin	fusion
pagsamahin	combiner
pagsamahin	conjuguer
pagsamahin	fusionnées
pagsamahin	fusionnée
pagsamahin	fusionnés
pagsamahin	fusionné
mandaragat	marin
mandaragat	matelot
taxon	taxon
terorista	terroriste
terorista	terroristes
pagdarasal	priant
pagdarasal	prières
pagdarasal	prier
dengeki	dengeki
tribunal	tribunal
itakda	définir
wright	wright
numeric	numérique
numeric	numériques
usui	usui
gifu	gifu
romanization	romanisation
candy	bonbon
candy	sucrerie
candy	bonbons
tigdas	rougeole
tigdas	rubéole
komplikado	compliqué
komplikado	compliquées
komplikado	complique
komplikado	compliquée
sense	sens
warrior	guerrière
warrior	warrior
warrior	guerrier
aalay	détient
aalay	tient
aalay	cales
sapa	crique
sapa	cove
sapa	anse
sapa	sapa
lara	lara
adj	adj
direct	directe
direct	directement
direct	direct
direct	directs
dato	dato
manchuria	mandchourie
ekonomista	économistes
abstract	abstraite
abstract	abstrait
abstract	abstraits
abstract	résumé
jericho	jericho
jericho	jéricho
uss	uss
ester	ester
ester	esther
donna	donna
thanh	thanh
turner	turner
ask	demander
ask	demandez
ask	demande
kilometrong	kilomètre
dai	dai
paquito	paquito
speech	discours
speech	allocution
sagana	abondance
sagana	abondante
sagana	abondants
sagana	abondant
sagana	abondantes
willy	willy
eve	ève
eve	eve
inset	déport
eiji	eiji
karma	karma
reperendum	referendum
reperendum	référendum
liu	liu
wawa	wawa
lumpur	lumpur
agnes	agnès
agnes	agnes
nandito	ici
nandito	voilà
nandito	voici
ortega	ortega
binhi	semences
binhi	graines
coca	coca
danilo	danilo
pindutin	appuyez
pindutin	presse
speaker	orateur
speaker	intervenant
speaker	enceintes
speaker	conférencier
ichiro	ichiro
katapat	contrepartie
sumpa	malédiction
wedding	mariage
wedding	noces
wedding	mariages
bitak	fissures
bitak	criques
bitak	fentes
wake	veillée
wake	wake
wake	réveiller
wake	sillage
nakakaalam	sait
nakakaalam	connait
mapabuti	améliorez
mapabuti	améliore
mapabuti	améliorer
ionization	ionisation
nakakamit	atteint
clarissa	clarissa
equivalent	équivalentes
equivalent	équivalente
equivalent	équivalents
equivalent	équivalent
cap	casquette
cap	pac
cap	cap
cap	capuchon
shear	tondre
shear	cisaillement
arezzo	arezzo
heswita	jésuite
heswita	jésuites
tartarus	tartare
patpat	stick
patpat	bâton
inalok	offerts
inalok	offertes
inalok	offerte
inalok	offert
mohammed	mohammed
mohammed	mahomet
mohammed	charif
mohammed	sharif
natanggal	supprimé
natanggal	supprimée
natanggal	effacé
natanggal	supprimés
natanggal	supprimées
mapayapang	pacifique
mapayapang	paisible
mapayapang	pacifiques
mapayapang	paisibles
langgam	ant
langgam	fourmi
langgam	fourmis
pietro	pietro
maxwell	maxwell
inchi	inchi
wings	wings
wings	ailes
chun	chun
fushigi	fushigi
neptuno	neptune
worldwide	mondiale
worldwide	mondial
maisagawa	effectuer
scholarship	bourse
nalalapit	imminent
nalalapit	imminentes
nalalapit	imminente
gata	gata
ppp	ppa
ppp	ppp
pusod	nombril
buntala	comètes
genoa	gênes
benz	benz
nominal	nominale
nominal	nominal
wanted	recherchés
wanted	recherché
wanted	recherchée
wanted	voulu
wanted	voulait
abaya	abaya
lenin	lénine
tinta	encres
tinta	encre
mechanics	mécano
mechanics	mécaniciens
mechanics	mécanique
mechanics	mécanicien
mechanics	mécaniques
sulo	torche
sulo	chalumeau
sulo	flambeau
nationalist	nationaliste
nationalist	nationalistes
harvey	harvey
lives	vies
maihahambing	comparables
maihahambing	comparable
sensor	détecteur
sensor	capteur
ayat	ayat
dolphy	dolphy
estimulasyon	stimulation
sigaw	crier
sigaw	criant
portable	portatifs
portable	portatif
portable	portables
portable	portable
frankfurt	frankfurt
frankfurt	francfort
pintura	peinture
pintura	peindre
passing	passer
passing	passant
spin	vrille
spin	spin
spin	tourner
spin	tourne
lua	lua
nasyonal	nationaux
nasyonal	national
nasyonal	nationale
nasyonal	nationales
obligasyon	obligations
obligasyon	obligation
inakala	réfléchi
inakala	pensais
inakala	pensé
inakala	pensée
nike	nike
diary	journal
diary	agenda
iskedyul	horaires
iskedyul	horaire
iskedyul	calendrier
maps	cartes
princeton	princeton
rossi	rossi
ibc	cib
vigan	vigan
pier	pier
pier	jetée
pier	embarcadère
suportado	supportés
suportado	appuyé
suportado	soutenue
suportado	soutenu
suportado	supporté
stockholm	stockholm
prostitusyon	prostitution
katuparan	réalisation
espirituwal	spirituelle
espirituwal	spirituel
espirituwal	spirituelles
cathy	cathy
pabilog	radiale
pabilog	radial
tabak	épée
tabak	glaive
tabak	sabre
palestine	palestine
palestine	palestinienne
palestine	palestinien
spot	spot
spot	spots
spot	taches
corps	corps
bethlehem	bethléem
transfer	virement
transfer	transfer
transfer	transférer
transfer	transfert
cosplay	cosplay
masiglang	buzzy
dilim	noir
dilim	foncé
dilim	sombre
multo	ghost
multo	fantôme
multo	fantômes
multo	fantômes
bipolar	bipolaire
bipolar	bipolaires
seksyon	section
baños	baños
pinaikli	raccourcie
ernest	ernest
malapad	large
malapad	vaste
emilia	emilie
emilia	emilia
antiquark	antiquark
killer	tueur
killer	killer
killer	meurtrier
matindi	féroce
matindi	farouche
matindi	féroces
graham	graham
ranma	ranma
pancho	pancho
nahatulan	condamnée
nahatulan	condamné
nahatulan	condamnés
augustine	augustin
augustine	augustine
puke	décharge
puke	déchargement
streptomyces	streptomyces
niger	nigérien
niger	niger
imposible	impossible
imposible	impossibles
sementeryo	cimetière
cho	cho
kato	kato
magi	mages
saturno	saturno
baras	baras
paula	paula
muñoz	muñoz
mega	méga
mega	mega
italia	italia
murray	murray
collins	collins
rwanda	rwanda
cyril	cyril
cyril	cyrille
superstar	superstar
pagtatae	diarrhée
pagtatae	diarrhées
cristobal	cristobal
concat	concat
parsons	parsons
magpakamatay	suicide
magpakamatay	suicides
yule	yule
gumaling	guérir
gumaling	guéris
gumaling	guérit
gumaling	récupérées
gumaling	récupéré
gumaling	retrouvé
gumaling	récupérée
gumaling	récupérés
expansion	agrandissement
expansion	extension
expansion	expansion
petisyon	pétition
antropolohiyang	anthropologie
antropolohiyang	linguistique
entries	entrées
hokkaido	hokkaido
yyyy	aaaa
rolling	laminage
rolling	rouler
rolling	roulant
rolling	roulement
tin	tin
tin	étain
jimenez	jiménez
jimenez	jimenez
nagsasalaysay	narration
millennium	millénaire
millennium	millenium
millennium	millennium
crispin	crispin
longitude	longitude
device	appareil
device	dispositif
device	périphérique
busan	busan
dosenang	douzaines
dosenang	dizaine
dosenang	dizaines
dosenang	douzaine
rangers	rangers
gana	gana
gana	appétit
gana	appétit
shorts	short
shorts	shorts
contact	contacter
contact	contactez
contact	contact
contact	contacte
evangelical	évangélique
nakalimbag	imprimé
nakalimbag	imprimée
nakalimbag	imprimées
nakalimbag	imprimés
bel	bel
naaalala	rappeler
naaalala	rappel
naaalala	mémoriser
naaalala	souviens
pineda	pineda
kumplikadong	complexe
kumplikadong	complexes
crew	équipage
crew	équipages
paghuhukay	excavation
paghuhukay	terrassement
paghuhukay	fouilles
paghuhukay	forages
paghuhukay	forage
paghuhukay	perçage
quinn	quinn
transcription	transcription
sinadya	signifiait
tale	récit
tale	conte
journey	voyage
journey	journey
journey	parcours
luto	cuits
luto	cuite
luto	cuit
luto	cuisiné
luto	cuites
practice	pratiquer
practice	pratique
practice	pratiques
practice	pratiquant
practice	exercer
practice	pratiquer
pansinin	ignore
pansinin	ignorez
pansinin	ignorer
pansinin	remarque
pansinin	préavis
pansinin	avis
singers	chanteurs
singers	chanteuses
palengke	marché
nes	nda
nes	nes
nes	ness
shaw	shaw
cemetery	cimetière
pagbawi	rétablissement
pagbawi	recouvrement
pagbawi	récupération
pagbawi	guérison
inoue	inoue
delhi	delhi
bias	biais
bias	préjugé
nuestra	nuestra
ubas	raisins
ubas	raisin
ubas	cépages
paglahok	participer
paglahok	participantes
paglahok	participant
paglahok	participation
tropa	troupe
underground	underground
underground	souterraine
underground	souterrain
underground	souterrains
met	rencontrée
met	rencontrées
met	rencontré
met	rencontrés
magsuot	usure
roberts	roberts
marx	marx
lumapit	viens
lumapit	venez
lumapit	come
lumapit	venir
lumapit	approche
lumapit	démarche
lumapit	vient
nakatalaga	attribué
nakatalaga	assignée
nakatalaga	assignés
nakatalaga	affecté
nakatalaga	assignées
nakatalaga	assigné
nakatalaga	stationnés
nakatalaga	stationné
perry	perry
guru	gourou
ingay	bruits
ingay	bruit
lorna	lorna
aang	aang
scout	scout
scout	éclaireur
scout	éclaireurs
scout	scoutisme
scout	recruteurs
scout	scouts
schrödinger	schrödinger
uzbekistan	ouzbékistan
tech	tech
thru	thru
kiso	kiso
kyoko	kyoko
rules	règles
rules	regles
igf	igf
masusing	minutieux
masusing	minutieuse
danish	danoises
danish	danois
danish	danoise
expiry	expiration
georg	georg
bunganga	bouche
bunganga	embouchure
elohim	elohim
computing	informatique
nagkasala	délinquants
nagkasala	délinquant
nagkasala	agresseur
nagkasala	contrevenant
wei	wei
flavius	flavius
madalang	rarement
nong	nong
distributor	distributeur
distributor	distributeurs
glasgow	glasgow
genera	genres
chat	discuter
chat	discussion
chat	causerie
chat	bavardage
chat	chat
exo	exo
elpidio	elpidio
pinta	peinture
pinta	peintures
alimango	crabes
alimango	crabe
places	endroits
places	lieux
ashley	ashley
pasa	pasa
tunisia	tunisie
tunisia	tunisienne
wayne	wayne
carrier	porteur
carrier	transporteur
lamok	moustiques
lamok	moustique
palihim	secrètement
reggio	reggio
statistical	statistique
helsinki	helsinki
yuko	yuko
