cfc	cfc
mental	psychiczna
mental	psychiczne
mental	umysłowe
mental	psychiczny
mental	psychicznego
herodotus	herodot
bernadette	bernadette
alay	poświęcenie
alay	poświęcić
alay	ofiara
alay	poświęcenia
rob	rob
rob	roba
referee	sędzia
imdb	imdb
omar	omar
omar	omara
sumatra	sumatra
tabako	tytoń
tabako	tytoniu
minus	odjąć
minus	minus
ming	ming
learning	nauka
undef	undef
magpakita	pokaż
magpakita	pokaz
manhattan	manhattanie
manhattan	manhattanu
manhattan	manhattan
sermon	kazanie
sermon	kazania
bulletin	biuletyn
bulletin	biuletynie
paco	paco
command	dowództwo
command	polecenie
command	komenda
command	polecenia
kennedy	kennedy
files	pliki
files	plików
paggasta	wydatek
paggasta	wydatki
ibaraki	ibaraki
atlas	atlas
cola	cola
luigi	luigi
abdul	abdul
tamil	tamil
headquarters	siedziba
miriam	miriam
wong	wong
neon	neon
huang	xun
huang	huang
sirkulasyon	obieg
sirkulasyon	krążenie
sirkulasyon	nakład
czechoslovakia	czechosłowacji
bulgaria	bułgaria
bulgaria	bułgarii
herodes	herod
alala	martwić
alala	zaniepokojony
cmd	cmd
bond	obligacji
bond	więź
bond	wiązanie
bond	bond
tiger	tygrys
tiger	tiger
pinaikling	skrócone
yokohama	yokohama
commerce	handlu
commerce	handel
lila	purpurowe
lila	fioletowy
lila	purpurowy
lila	fioletowe
lila	lili
lila	lila
mapapansin	zauważył
mapapansin	zauważyć
mapapansin	odnotowane
mapapansin	odnotowano
mapapansin	stwierdzone
madoka	madoka
agila	orła
agila	eagle
agila	orzeł
htm	htm
although	chociaż
although	aczkolwiek
although	choć
kristal	kristal
inayos	stałe
inayos	stały
inayos	stała
inayos	ustalone
inayos	ustalona
karibal	rywala
karibal	rywali
malupit	okrutna
malupit	okrutny
malupit	okrucieństwo
malupit	okrutne
positive	pozytywna
positive	pozytywne
positive	dodatni
positive	pozytywnie
positive	pozytywny
troy	troy
troy	troi
pamana	dziedzictwo
pamana	dziedzictwa
royalty	royalty
letters	pisma
letters	liter
letters	listy
letters	litery
salot	plagi
salot	plaga
salot	zaraza
salot	zarazy
salot	epidemii
salot	epidemia
pagtutuli	obrzezanie
shaman	szaman
aviv	awiwie
hockey	hokej
hockey	hokeja
shot	zastrzelony
shot	postrzelony
shot	ujęcie
shot	strzał
trak	holowania
trak	ciężarówkę
trak	truck
trak	ciężarówki
trak	ciężarówka
nationwide	nationwide
bahagya	ledwo
bahagya	ledwie
bahagya	nieznacznie
bahagya	lekko
bahagya	nieco
bubuyog	pszczoły
bubuyog	pszczół
bubuyog	pszczoła
bubuyog	pszczoły
bubuyog	bee
fujiwara	fujiwara
fungi	grzyby
musa	musa
zamora	zamora
gallery	galerii
gallery	galeria
buwaya	krokodyla
buwaya	krokodyl
buwaya	krokodyle
joy	radość
joy	radości
joy	joy
kapareho	podobni
kapareho	podobna
kapareho	podobny
kapareho	podobne
mila	mila
transgender	transseksualnych
lukas	lukas
lukas	łukasz
casa	casa
milk	mleka
milk	mleko
binabago	modyfikacja
vocal	vocal
pangangaso	polowania
pangangaso	polowanie
sinasadyang	przypadkowo
sinasadyang	przypadkowe
sinasadyang	przypadkowa
sinasadyang	przypadkowy
sinasadyang	umyślnie
sinasadyang	celowo
pagpipilian	wybory
pagpipilian	wyboru
pagpipilian	wybór
rene	rené
rene	rene
dakota	dakota
nuevo	nuevo
ralph	ralph
medya	trzydzieści
medya	thirty
edge	edge
edge	krawędź
edge	krawędzi
flora	flory
flora	flora
magkakahiwalay	pojedynczo
magkakahiwalay	indywidualnie
akademikong	akademickich
akademikong	akademickie
caribbean	karaibów
caribbean	karaiby
orchestra	orkiestrę
orchestra	orkiestra
orchestra	orkiestry
temporal	czasowa
harrison	harrisona
harrison	harrison
settlement	osady
settlement	ugoda
settlement	rozliczenie
settlement	osada
settlement	rozrachunku
utc+	utc+
cbs	cbs
mississippi	missisipi
mississippi	mississippi
mori	mori
cerro	cerro
fuentes	fuentes
antigens	antygenów
kapal	grubość
kapal	grubości
pamilyar	znajome
pamilyar	znajomy
pagdami	eskalacji
tuwiran	pośrednio
kagoshima	kagoshima
euclidean	wektor
tambol	beczka
tambol	bęben
tambol	bębny
pagdadala	dostawa
pagdadala	przesyłka
pagdadala	dostarczanie
pagdadala	dostawy
pagdadala	przemyt
pagdadala	wysyłki
madagascar	madagaskar
libing	pogrzeb
libing	pochówku
libing	pochówek
libing	pogrzeb
libing	pogrzebu
libing	pogrzeby
edmund	edmund
utah	utah
columbus	columbus
nakakaranas	doświadcza
leonard	leonarda
leonard	leonard
tali	lina
tali	liny
tali	sznur
suk	suk
lev	lew
magdala	przynieść
matsumoto	matsumoto
pacquiao	pacquiao
payagan	umożliwić
strip	pasek
strip	strip
madrigal	madrigal
detroit	detroit
variety	odmiany
variety	odmianę
variety	odmiana
variety	różnorodność
binagong	zmieniona
binagong	zmienione
binagong	zmieniony
chiang	chiang
tigil	zatrzymanie
pagtatanggal	usunięcie
pagtatanggal	usuwanie
pagtatanggal	usunięcie
pagtatanggal	usuwanie
holmes	holmes
holmes	holmesa
aichi	aichi
parke	parki
iglesias	iglesias
neumann	neumann
willie	willy
willie	willie
josephine	josephine
karugtong	rozszerzone
karugtong	rozszerzona
karugtong	rozszerzony
karugtong	przedłużony
kuala	kuala
monthly	miesięcznie
monthly	miesięczne
monthly	miesięczny
mon	mon
xavier	xavier
parin	nadal
parin	wciąż
parin	jeszcze
suwesya	syria
suwesya	syrii
suwesya	szwecji
suwesya	szwecja
paghahatid	transmisji
paghahatid	przesyłanie
paghahatid	transmisja
paghahatid	przekazanie
paghahatid	dostawa
paghahatid	przesyłka
paghahatid	dostarczanie
paghahatid	dostawy
belt	pasek
belt	pas
basa	mokre
basa	wilgotna
basa	mokro
basa	mokra
basa	mokry
lobong	ciemieniowej
masigasig	entuzjazm
apog	wapień
pagbati	życzenia
pagbati	życzy
pagbati	życzeń
pagbati	pozdrawiam
pagbati	pozdrowienia
pagbati	powitanie
cameroon	kamerun
tumatawag	rozmówca
tumatawag	wzywa
tumatawag	powołanie
katatagan	stabilizacja
katatagan	stabilności
katatagan	trwałość
katatagan	stabilność
agos	płynące
luz	luz
subic	subic
massa	massa
panghuli	ostateczna
panghuli	ostateczne
panghuli	ultimate
panghuli	ostateczny
francesco	francesco
nabawasan	zmniejszone
nabawasan	zmniejszenie
nabawasan	zmniejszona
nabawasan	zmniejszone
nabawasan	skrócony
nabawasan	obniżona
nabawasan	zmniejszona
nabawasan	zmniejszony
bahá	bahá
noel	noel
aayos	ustawianie
aayos	ustalające
aayos	ustalanie
aayos	dostosowania
aayos	korekty
aayos	organizowanie
dick	dick
dick	fiut
anton	anton
nagasaki	nagasaki
heights	wysokości
heights	heights
somalia	somalii
nbc	nbc
hiroshima	hiroszimę
curtis	curtisa
curtis	curtis
polusyon	zanieczyszczenia
polusyon	zanieczyszczenie
kapitbahay	sąsiadów
kapitbahay	sąsiedzi
kapitbahay	sąsiad
kapitbahay	sąsiadka
hispano	hispano
nakatutok	poświęcone
nakatutok	oddany
nakatutok	poświęcona
nakatutok	poświęcony
nakatutok	oddani
nakatutok	skoncentrowany
nakatutok	skupiona
nakatutok	skupiony
steven	stevena
steven	steven
istanbul	stambule
nakaayos	posortowane
everest	everest
jerome	jerome
mikoto	mikoto
anchor	kotwice
anchor	kotwicę
axis	osi
axis	osie
axis	oś
beast	bestia
beast	bestii
beast	bestie
fiesta	fiesta
barack	barack
ratchasima	ratchasima
evangelion	evangelion
sheikh	szejk
mia	mia
mia	mii
ipahayag	ogłosić
ipahayag	ekspres
ipahayag	express
ipahayag	ekspresowe
ipahayag	oświadczam
makatwirang	uzasadnione
makatwirang	rozsądne
makatwirang	rozsądny
makatwirang	rozsądna
gini	gini
instruksiyon	instrukcje
instruksiyon	instrukcja
gonzalez	gonzalez
viz	viz
luma	stare
luma	stary
luma	old
luma	stara
oregon	oregon
ultimate	ostateczna
ultimate	ostateczne
ultimate	ultimate
ultimate	ostateczny
yale	yale
yolanda	yolanda
akita	akita
moda	moda
moda	fashion
moda	mody
brain	mózg
brain	rozum
brain	umysł
brain	mózgu
espn	espn
claudius	klaudiusz
kalinangang	nok
samoa	samoa
piloto	pilocie
piloto	pilot
pundasyong	podstawa
pundasyong	fundacja
pundasyong	fundacji
pundasyong	podkład
pundasyong	foundation
rosalinda	rosalinda
sui	sui
pagkakahati	podział
pagkakahati	załamanie
pagkakahati	rozbicie
mao	mao
bali	bali
bali	złamania
bali	pęknięcie
bali	złamanie
nars	pielęgniarek
nars	pielęgniarki
nars	pielęgniarki
nars	pielęgniarka
nars	niani
nars	niania
pagboto	głosowanie
pagboto	głosuje
pagboto	głosujemy
pagboto	głosowania
cia	cia
amo	szef
amo	szefie
amo	amo
kuwait	kuwejt
itatag	ustanowić
itatag	ustalenie
summit	szczycie
summit	szczytu
summit	szczyt
matuklasan	odkryć
matuklasan	odkrywanie
context	kontekst
context	kontekście
context	kontekstu
makatanggap	otrzymywać
makatanggap	odbierać
makatanggap	otrzymać
nakaupo	siedzenie
nakaupo	siedzący
nakaupo	siedzi
kastilyo	zamek
kastilyo	castle
kastilyo	zamku
patent	patent
patent	patentu
patent	patenty
slam	slam
magnetic	magnetyczne
magnetic	magnetyczny
tiya	cioci
tiya	ciocia
tiya	ciotka
cha	cha
cha	cza
mozambique	mozambiku
kasaganaan	dobrobytu
kasaganaan	pomyślności
kasaganaan	dobrobyt
taglagas	jesień
taglagas	jesieni
taglagas	upadek
taglagas	jesień
nagsusuot	załóż
nagsusuot	nosić
nagsusuot	nosi
panggagahasa	gwałtu
panggagahasa	gwałt
gonzaga	gonzaga
françois	francois
françois	françois
screenshot	zrzut
caesarea	cezarei
tiago	tiago
nato	nato
dale	dale
gate	bramka
gate	brama
gate	bramy
gate	bramę
gate	gate
gate	wrota
bula	pęcherzyki
bula	bańki
bula	piany
bula	pianki
bula	bula
soon	niedługo
soon	wkrótce
eugenio	eugenio
eugenio	eugene
kawanihan	prezydium
kawanihan	biuro
orlando	orlando
latina	latina
cellspacing	cellspacing
asuka	asuka
tagapamagitan	moderatora
tagapamagitan	mediatora
awtonomong	autonomiczne
awtonomong	autonomicznych
awtonomong	autonomiczny
blason	blason
angola	angoli
syrian	syrii
haru	haru
aomori	aomori
giant	gigant
giant	olbrzymie
giant	olbrzymi
giant	olbrzym
bawasan	przyciąć
bawasan	zmniejszyć
bawasan	zmniejszenia
bawasan	zredukować
bawasan	zmniejszyć
bawasan	spadek
bawasan	zmniejszenie
lightsteelblue	lightsteelblue
giuseppe	giuseppe
tigre	tygrys
tigre	tiger
ipinasok	wejściowe
ipinasok	wkład
ipinasok	wejście
ipinasok	brzmieniu
miki	miki
tuberculosis	gruźlica
tuberculosis	gruźlicę
tuberculosis	gruźlicy
phone	telefony
phone	telefonicznie
phone	telefon
baghdad	bagdadu
baghdad	bagdadzie
duel	pojedynek
konduktor	dyrygent
thermal	termiczne
pangkalakal	komercyjny
pangkalakal	komercyjne
mole	kreta
mole	kret
tora	tora
sinulid	gwintowane
sinulid	nić
sinulid	nici
sinulid	wątek
sinulid	wątku
suka	ocet
albania	albania
albania	albanii
neujmin	nieujmin
kontrolin	control
kontrolin	sterowanie
kontrolin	kontrola
regal	regal
led	doprowadziło
led	led
configuration	konfiguracji
configuration	konfiguracja
gates	gates
gates	bramy
gates	bram
forbes	forbes
matapat	szczerze
matapat	szczere
matapat	uczciwy
matapat	szczery
matapat	szczera
trapiko	ruch
trapiko	korki
nagbabawal	zabrania
nagbabawal	zakazuje
ferrer	ferrer
concepción	concepción
sabaw	zupy
sabaw	zupa
sabaw	rosół
paikot	radialna
ruben	ruben
evangelista	evangelista
leopoldo	leopoldo
pal	pal
pal	kolego
paradise	raju
paradise	raj
paradise	paradise
bianca	bianca
lampas	poza
dewey	dewey
magnanakaw	włamywacz
magnanakaw	złodziej
download	pobieranie
download	pobrać
download	pobierz
download	pobieranie
nagtataguyod	promuje
wii	wii
warriors	wojowników
warriors	wojownicy
doble	podwójny
doble	podwójna
doble	podwójne
doble	podwójnie
mammalia	mammalia
cynthia	cynthia
montreal	montrealu
ini	ini
supply	zaopatrzenie
supply	dostaw
supply	podaż
respeto	szacunek
respeto	szacunku
respeto	poszanowanie
respeto	szacunkiem
respeto	szanuje
britannica	britannica
quebec	quebec
romantiko	romantyczny
romantiko	romantyczne
romantiko	romantyczna
nicomedia	nikomedii
bernal	bernal
miyagi	miyagi
italic	kursywa
gfdl	gfdl
classic	klasyk
classic	klasyka
classic	klasyczny
classic	classic
classic	klasyczne
apektado	dotknięty
apektado	dotknięte
shizuoka	shizuoka
inline	inline
inline	wewnętrznie
copenhagen	kopenhagi
copenhagen	kopenhadze
plataporma	peron
plataporma	platformie
plataporma	platforma
plataporma	platformy
plataporma	platform
alumni	absolwentów
lumalaking	rosnące
lumalaking	rośnie
lumalaking	rosnący
lumalaking	uprawa
lumalaking	uprawy
paghawak	postępowanie
hinihinalang	podejrzenie
hinihinalang	podejrzewa
scottish	szkocka
scottish	szkocki
emblem	godło
tadhana	przeznaczenia
tadhana	przeznaczeniem
tadhana	przeznaczenie
canal	kanał
kasabihan	przysłowie
gulo	bałagan
gulo	bajzel
gulo	burdel
gulo	konfrontacji
gulo	slash
alba	alba
hinawakan	utrzymywane
midnight	północy
midnight	północ
aki	aki
fusion	fuzja
fusion	fusion
mcdonald	mcdonald
cortex	kora
cortex	korze
keys	klucze
keys	klawisze
sumagot	odpowiedz
sumagot	odpowiedział
sumagot	odpowiedz
sumagot	odpowiedź
sumagot	odpowiedział
sumagot	odpowiedziało
nagpakilala	wprowadzone
nagpakilala	wprowadzono
nagpakilala	wprowadzony
nagpakilala	wprowadzona
paalala	przypomnienie
paalala	przypomnienia
paalala	przypominam
ahmad	ahmed
ahmad	ahmad
integrated	zintegrowana
integrated	zintegrowane
integrated	zintegrowany
patricia	patrycja
patricia	patricia
demand	popytu
demand	popyt
demand	zapotrzebowanie
demand	żądanie
teacher	nauczycielu
teacher	nauczyciel
teacher	nauczycielka
hawakan	uchwyt
hawakan	rączka
hawakan	dotyka
hawakan	dotknięcie
hawakan	dotykać
pahalang	poziomy
pahalang	horyzontalne
pahalang	poziomo
pahalang	poziome
maximus	maximus
digit	cyfr
digit	cyfry
digit	cyfra
athletic	athletic
metapisika	metafizyka
donasyon	darowizny
donasyon	darowizna
donasyon	dotacja
donasyon	dotacje
donasyon	datki
donasyon	wpłat
donasyon	darowizny
donasyon	wpłaty
heinrich	heinrich
stack	stosie
stack	stack
stack	stos
quarter	kwartał
quarter	kwartale
ipinapalagay	założono
grado	stopnie
buddy	buddy
buddy	kumpel
buddy	kolego
ipagtanggol	bronić
ipagtanggol	obrony
ipagtanggol	obrona
disk	dysk
disk	dysku
georgian	gruzji
mat	mat
minsa	czasami
minsa	czasem
marinig	usłyszeć
quest	poszukiwanie
quest	quest
quest	wyprawa
mixed	zmieszane
mixed	mieszane
mixed	mieszana
mixed	mieszany
mixed	mieszanej
mortal	śmiertelna
mortal	śmiertelny
matugunan	poznać
matugunan	poznaj
matugunan	spotkanie
nagamit	stosowane
nagamit	wykorzystane
nagamit	użyte
nagamit	używana
nagamit	używany
nagamit	używane
dublin	dublinie
dublin	dublina
dublin	dublin
tinamaan	uderzenie
tinamaan	hit
tinamaan	uderzył
tinamaan	trafienie
malusog	zdrowe
malusog	zdrowo
malusog	zdrowa
malusog	zdrowi
malusog	zdrowy
natutulog	śpi
natutulog	spanie
natutulog	śpi
natutulog	spać
natutulog	śpiący
ernst	ernst
pagbaybay	pisowni
titan	tytan
moske	meczety
ground	ziemi
ground	grunt
ground	mielone
ground	podłoże
yap	yap
dagdagan	zwiększenie
dagdagan	wzrost
virtual	wirtualny
virtual	wirtualna
virtual	wirtualne
ran	biegał
ran	biegł
esperanto	esperanto
pagsasayaw	tańczy
pagsasayaw	taniec
pagsasayaw	tańce
antiochus	antioch
josh	josha
josh	josh
cpu	procesora
cpu	procesor
educational	wykształcenie
educational	edukacyjne
educational	edukacyjny
educational	edukacyjnych
educational	edukacja
kuweba	jaskinia
kuweba	jaskini
maine	maine
paputok	fajerwerki
león	león
nerbiyos	nerwowość
nerbiyos	nerwy
nerbiyos	nerwów
digits	cyfr
digits	cyfry
bandalismo	graffiti
bandalismo	wandalizm
parker	parkera
parker	parker
interwiki	interwiki
hardware	sprzętu
hardware	sprzęt
hugo	hugo
toledo	toledo
amado	amado
kenneth	kenneth
iwate	iwate
anino	cieni
anino	cienie
anino	cień
anino	cieniu
anino	cienia
anino	shadow
anino	cień
anino	odruch
core	rdzeń
core	rdzenia
core	jądro
propesyon	zawód
estadistikang	opisowe
silva	silva
piliin	zaznacz
piliin	wybierz
formation	formacja
formation	szyk
formation	formacji
formation	formacje
orleans	orleanie
orleans	orleanu
orleans	orlean
malubha	poważna
malubha	poważne
prague	pradze
prague	praga
sira	rozbite
sira	złamane
sira	łamane
sira	złamana
sira	złamany
tinuruan	nauczył
tinuruan	uczył
pumipigil	ograniczenie
pumipigil	ograniczanie
masigla	energiczny
masigla	energetyczne
teologo	teolog
transition	przejścia
transition	przejściowy
transition	przemiana
transition	przejście
pagbomba	bombardowanie
recent	niedawno
recent	najnowsze
recent	ostatnie
recent	ostatnich
recent	ostatnio
esteban	stephen
esteban	stefan
esteban	stephena
esteban	esteban
ishikawa	ishikawa
makinis	gładkie
makinis	gładka
makinis	gładki
makinis	sprawne
kodansha	kōdansha
arc	łuk
arc	arc
bug	robak
bug	bug
coalition	koalicji
alien	obcych
alien	kosmita
alien	obce
alien	obca
alien	obcy
alien	kosmici
alien	cudzoziemców
alien	obcy
walker	walker
walker	walkera
denominasyon	nominał
oil	oleje
oil	oleju
oil	olej
oil	oliwa
pulbos	proszek
pulbos	proch
pagpapatakbo	operacyjny
pagpapatakbo	operacyjnych
pagpapatakbo	operacyjne
pagpapatakbo	sprawny
zambia	zambii
owen	owena
owen	owen
bonus	bonus
bonus	premia
bonus	premie
trigo	pszenica
trigo	pszenicy
kaliwanagan	przejrzystość
kaliwanagan	jasności
kaliwanagan	jasność
banner	banner
spider	pająk
spider	spider
composer	kompozytor
composer	edytor
tang	tang
tōhoku	tōhoku
siko	łokieć
moore	moore
sinusubukan	testy
sinusubukan	badanie
sinusubukan	testowanie
sinusubukan	badania
sinusubukan	próba
pasulong	naprzód
nagpapatakbo	biegnie
nagpapatakbo	biega
alahas	biżuterii
alahas	biżuteria
alahas	biżuterię
wasakin	zniszczyć
xbox	xbox
marcelino	marcelino
creator	stwórca
creator	twórca
creator	twórcy
creator	twórcą
oman	oman
aux	aux
path	ścieżki
path	ścieżkę
path	ścieżka
path	drogę
doo	doo
lea	lea
hell	hell
hell	piekło
kyrgyzstan	kirgistanie
alternate	zastępca
alternate	alternatywny
alternate	zastępców
alternate	alternatywne
alternate	alternatywna
gorilla	goryla
gorilla	goryl
langaw	muchy
langaw	much
rachel	rachel
corpus	ciałko
corpus	corpus
corpus	korpus
bulak	bawełnę
bulak	bawełny
bulak	bawełna
bulak	cotton
aristotle	arystoteles
tibetan	tybetański
palau	palau
honduras	honduras
wiktionary	wikisłownik
aid	pomoc
aid	pomocy
uruguay	urugwaju
magtatag	ustanowić
magtatag	ustalenie
movies	filmy
maki	maki
aaron	aaron
aaron	aarona
magpatuloy	kontynuować
magpatuloy	kontynuować
conrad	konrad
conrad	conrad
mayayaman	bogata
mayayaman	bogate
mayayaman	rich
mayayaman	bogaty
pilit	napięte
sensei	sensei
pondong	fundusz
pondong	fundusze
pondong	funduszu
matalino	mądry
matalino	mądrze
matalino	mądra
matalino	mądre
matalino	sprytne
matalino	sprytnie
matalino	sprytny
matalino	mądry
matalino	mądrze
matalino	mądra
matalino	inteligentne
matalino	smart
charts	wykresy
connecticut	connecticut
hudson	hudson
bote	butelka
bote	butelkę
bote	butelki
katapangan	odwagi
katapangan	odwagę
katapangan	odwaga
hepburn	hepburn
badyet	budżetu
badyet	budżet
click	kliknij
click	kliknięć
click	kliknięcia
percentage	procent
percentage	odsetek
pagpapalaki	wychowanie
pagpapalaki	podnoszenie
pagpapalaki	podniesienie
lino	lino
lino	pościel
lino	linus
lucy	lucy
sexy	sexy
emmy	emmy
candelaria	candelaria
kawani	personelu
kawani	personel
kawani	pracownicy
kawani	kadra
kawani	kadry
aus	aus
sinauna	muzyka
sinauna	music
sinauna	muzyki
kalinisan	higieny
kalinisan	kanalizacji
membranong	śluzowych
lumipad	fly
lumipad	latać
lumipad	leć
lumipad	latał
lumipad	soar
romansa	romans
romansa	romanse
romansa	romansu
tuyo	suchy
tuyo	pralnia
tuyo	sucha
tuyo	suche
tuyo	sucho
tuyo	suszone
ramesses	ramzes
construction	konstrukcja
construction	budowa
construction	budownictwo
kopff	kopff
taliban	talibów
hubog	wyszkoleni
hubog	wyszkolony
stanley	stanley
stanley	stanleya
nucleotide	nukleotydów
edinburgh	edynburgu
jeong	jeong
shadow	cieniu
shadow	cienia
shadow	shadow
shadow	cień
oceania	oceania
lemmon	lemmon
aalala	troski
aalala	dotyczą
aalala	troska
superior	superior
superior	przełożony
planta	roślin
planta	rośliny
planta	roślina
ella	ella
asahi	asahi
cooper	coopera
cooper	cooper
paggana	funkcjonalności
paggana	funkcjonalność
paggana	funkcje
matanggap	otrzymywać
matanggap	odbierać
matanggap	otrzymać
kakayanan	kompetencji
kakayanan	kompetencje
lam	lam
glandula	gruczoły
sayaka	sayaka
labintatlong	trzynastu
labintatlong	trzynaście
labintatlong	thirteen
anglo	anglo
fatima	fatima
botohan	ankiety
botohan	sondażach
botohan	sondaże
botohan	ankieta
botohan	ankiety
botohan	ankietę
ibenta	sprzedać
geisha	gejsza
gardens	ogrody
gardens	ogrodów
timothy	timothy
pagkanta	śpiewanie
pagkanta	śpiewać
pagkanta	śpiew
pagkanta	śpiewa
pagkanta	śpiewam
whole	całość
whole	cały
whole	cała
whole	całe
josue	joshua
buksan	otwórz
buksan	otwarte
buksan	otwarty
katalan	kataloński
sarado	zamknięty
sarado	nieczynne
sarado	zamknięte
sarado	zamknięta
tab	karcie
tab	karta
hwan	hwan
sword	miecz
inaprubahan	zatwierdzony
inaprubahan	zatwierdzono
inaprubahan	zatwierdzona
inaprubahan	zatwierdzone
inaprubahan	zatwierdzonych
ekolohiya	ekologiczny
ekolohiya	ekologiczna
ekolohiya	ekologiczne
ekolohiya	ekologii
ekolohiya	komputery
ekolohiya	komputerów
psp	psp
opus	opus
amanda	amandą
amanda	amanda
amanda	amando
denver	denver
wikibase	wikibase
pinagsasama	łączy
pinagsasama	wiązek
tatlumpung	trzydzieści
tatlumpung	thirty
isis	isis
kumbinasyon	kombinacja
kumbinasyon	kombinacje
quote	cytuję
quote	cytat
pagsasahimpapawid	transmisje
pagsasahimpapawid	transmisja
pagsasahimpapawid	nadawanie
pagsasahimpapawid	transmisji
pagsasahimpapawid	nadawanie
pagsasahimpapawid	nadawania
premyo	nagrodę
premyo	nagroda
premyo	nagrody
premyo	nagród
premyo	nagrody
siksik	gęste
jefferson	jefferson
jefferson	jeffersona
tumutol	kwestionowane
tumutol	spór
tumutol	sporne
bapor	parowiec
ebolusyong	rozbieżne
driver	kierowcy
driver	kierowców
driver	sterowniki
driver	kierowca
driver	sterownik
driver	kierowcy
chūō	chūō
calabria	calabria
aktwal	rzeczywista
aktwal	rzeczywisty
aktwal	faktyczny
aktwal	rzeczywiste
aktwal	faktyczne
siberia	syberii
oportunidad	okazje
oportunidad	możliwości
dosis	dawkowanie
dosis	dawka
dosis	dawki
dosis	dawkowanie
dosis	dawkę
dosis	dawka
dosis	dawki
luke	łukasz
kulog	grom
kulog	piorun
kulog	grzmot
khmer	khmer
pornograpiya	pornografia
pornograpiya	pornografii
pornograpiya	pornografia
pornograpiya	pornograficzne
electronics	elektronika
winds	wiatry
sistematikong	systematyczny
sistematikong	systematycznie
sistematikong	systematyczne
gerald	gerald
raha	raja
donald	donalda
donald	donald
maestro	maestro
graphic	grafiki
graphic	graficzny
graphic	grafika
graphic	graficzne
princesa	princesa
paumanhin	przepraszam
steel	stal
steel	stalowe
steel	stali
tiyuhin	wujek
tiyuhin	wuju
rolando	rolando
etikal	etycznych
etikal	etyczne
dome	kopuły
dome	dome
dome	kopuła
claude	klaudia
claude	claude
honey	miód
honey	kochanie
honey	skarbie
ramirez	ramirez
meaning	znaczenie
meaning	rozumieniu
nagbebenta	sprzedać
nagbebenta	sprzedawanie
nagbebenta	sprzedaży
nagbebenta	sprzedaż
nagbebenta	sprzedaje
nagbebenta	sprzedawca
nagbebenta	sprzedawcy
nagbebenta	sprzedający
earl	earl
earl	earla
earl	hrabia
pagpayag	zatwierdzanie
pagpayag	zatwierdzenia
pagpayag	homologacji
pagpayag	zatwierdzenie
pagpayag	gotowość
pagpayag	chęci
judy	judy
inuyasha	inuyasha
lumikas	ewakuować
nagustuhan	lubił
nagustuhan	polubił
harris	harrisa
harris	harris
betty	betty
styles	style
karayom	igieł
karayom	igły
makinarya	maszyny
katherine	katherine
katherine	katarzyna
laden	ladena
laden	obciążona
laden	obciążony
ridge	grzbiet
ridge	ridge
cinderella	kopciuszek
franchise	franczyzy
ragusa	ragusa
campo	campo
ezekiel	ezekiel
infanta	infanta
pantasya	fantazji
pantasya	fantasy
pantasya	fantazja
pantasya	fantazje
berkeley	berkeley
partial	częściowa
partial	częściowo
partial	częściowy
partial	częściowe
pagpoproseso	przetwarzania
pagpoproseso	przetwarzanie
pagpoproseso	przetwórstwo
pagpoproseso	obróbka
#ff	#ff
baker	baker
inter	między
pansit	makaron
pansit	kluski
kandila	świeca
kandila	świecę
kandila	świece
kandila	świeczki
kandila	świece
bonaparte	bonaparte
kadiliman	mroku
kadiliman	ciemności
kadiliman	ciemność
kadiliman	mrok
akala	myślałem
akala	myślał
akala	myśl
akala	pomyślał
akala	wyobrazić
ernesto	ernesto
sites	witryny
sites	witryn
alone	samotnie
alone	sama
alone	sam
loki	loki
anu	anu
anu	jakie
anu	co
anatolia	anatolii
wolfgang	wolfgang
split	podział
split	podziel
split	split
vampire	wampirów
vampire	wampiry
vampire	wampirem
vampire	wampir
bohr	bohr
tangent	styczna
ending	zakończenie
margarita	małgorzata
margarita	margarita
hermes	hermes
eta	eta
jet	odrzutowiec
jet	jet
panel	paneli
panel	panele
panel	panelu
panel	panel
pilot	pilocie
pilot	pilot
diktador	dyktatora
smile	uśmiech
smile	uśmiechu
burton	burton
vishnu	vishnu
designer	projektantów
carter	carter
pinal	ostateczny
pinal	ostateczna
pinal	finał
pinal	ostateczne
pinal	końcowe
pino	pino
pino	sosna
pino	pine
pino	sosny
lucky	szczęście
lucky	lucky
lucky	szczęściarz
kanto	zakręt
kanto	kącik
kanto	róg
kanto	rogu
kanto	skrzyżowania
kanto	skrzyżowaniu
kanto	skrzyżowanie
magtayo	zbudować
magtayo	budować
magtayo	budowanie
bawang	czosnek
bawang	czosnku
inaalagaan	zależało
saya	smutku
saya	smutek
saya	saya
saya	szczęście
saya	szczęścia
notre	notre
trial	proces
trial	próba
trial	rozprawa
banayad	łagodna
banayad	łagodne
banayad	łagodny
gaia	gaia
tsubasa	tsubasa
isports	sport
isports	sporty
isports	sportowe
glory	chwała
glory	chwały
glory	glory
financial	finansowe
financial	financial
financial	finansowy
financial	finansowych
financial	finansowa
naglalakad	chodzenie
naglalakad	spacery
naglalakad	spaceru
naglalakad	spacer
lunar	lunar
lunar	księżycowy
sinasakop	pokrywa
sinasakop	okładki
sinasakop	pokrywy
sinasakop	obejmuje
naghihintay	czekanie
naghihintay	czeka
naghihintay	oczekiwanie
naghihintay	czekamy
naghihintay	czekam
botante	wyborca
botante	wyborcy
produces	wytwarza
produces	produkuje
toreng	wieża
toreng	tower
toreng	wieży
binabantayan	nadzór
binabantayan	nadzoru
suborder	podrząd
advertising	reklamy
advertising	reklama
advertising	reklamę
kinopya	skopiowane
salvi	salvi
income	dochód
income	przychód
income	przychody
income	dochodów
income	dochody
selena	selena
hen	kura
hen	hen
penelope	penelope
matatapos	kończy
matatapos	końce
matatapos	wygasają
matatapos	koniec
matatapos	end
charity	dobroczynność
gunma	gunma
griffin	griffin
diwata	bogini
buwanang	miesięcznie
buwanang	miesięczne
buwanang	miesięczny
span	span
provence	provence
tagapagbatas	legislatura
holdings	gospodarstwa
holdings	gospodarstw
nakararami	większość
nakararami	większości
hilario	hilario
furuta	furuta
cleveland	cleveland
prix	prix
jeanne	napastnika
jeanne	napastnik
jeanne	jeanne
etimolohiya	etymologia
boulevard	boulevard
kimiko	kimiko
mormon	mormonów
niyebe	śnieg
niyebe	śnieżka
niyebe	śniegu
mara	mara
hubble	hubble
megumi	megumi
pst	pst
wallace	wallace
lawin	jastrząb
lawin	hawk
janet	janet
accountancy	księgowość
kawad	drutu
kawad	drut
kawad	druty
estate	osiedle
estate	posiadłości
kurt	kurt
kurt	kurta
inihanda	przygotowane
inihanda	przygotowany
inihanda	przygotowana
warsaw	powstania
warsaw	powstanie
nagpapadala	przesyła
nagpapadala	wysyła
metabolismo	metabolizm
kapatiran	bractwa
kapatiran	braterstwo
kapatiran	bractwo
nakulong	uwięziony
nakulong	uwięzione
nakulong	uwięziona
nakulong	uwięzieni
nakulong	uwięziony
nakulong	uwięziona
nakulong	uwięzione
jets	jets
baywang	talii
baywang	talia
baywang	talię
daisy	daisy
formula	wzór
formula	formuła
galilea	galilei
dub	dub
delporte	delporte
putol	plastry
gabriela	gabriela
rugby	rugby
konstelasyon	konstelacji
jensen	jensen
punta	punta
ipatupad	wdrożenie
ipatupad	wdrożenia
hatinggabi	północy
hatinggabi	północ
deposito	depozyt
deposito	depozytu
deposito	depozyty
easy	łatwy
easy	łatwe
easy	łatwo
easy	easy
sylvia	sylvia
sylvia	sylwia
imbento	wymyślone
imbento	wymyślił
imbento	wynalazł
imbento	wynalazek
tagapakinig	słuchaczem
tagapakinig	słuchaczy
enzyme	enzymu
enzyme	enzym
enzyme	enzymy
shirley	shirley
ultra	ultra
sibilisasyon	cywilizacja
sibilisasyon	cywilizacji
sibilisasyon	cywilizacje
sibilisasyon	cywilizacji
westminster	westminster
praga	pradze
praga	praga
kid	dzieciak
kid	kid
lingua	lingua
gibraltar	gibraltaru
gibraltar	gibraltar
sto	sto
touch	touch
touch	dotyk
lingayen	lingayen
dubai	dubaju
emosyonal	emocjonalne
emosyonal	emocje
emosyonal	emocjonalny
emosyonal	emocjonalna
emosyonal	emocjonalnie
mexican	meksykanie
mexican	meksykańskie
mexican	meksykański
mexican	meksykańska
ciro	ciro
elepante	słoń
elepante	słonie
pandiwang	werbalne
pandiwang	ustne
mananatili	pozostać
sport	sport
itago	ukryj
sunflower	słonecznika
null	null
pete	pete
kalat	rozproszone
kalat	bałagan
kasu	złącza
kasu	stawy
kasu	stawów
togo	togo
armstrong	armstrong
constitution	konstytucji
constitution	konstytucja
constitution	konstytucję
pagkakasulat	kapitalizacji
admiral	admirał
chu	chu
xiv	xiv
winasak	złamał
winasak	pękła
lyon	lyon
iranian	irański
richards	richards
homme	homme
jeremy	jeremy
foster	foster
ching	ching
nero	nero
tsokolate	kakao
tsokolate	czekoladowy
tsokolate	czekolada
tsokolate	czekolady
tsokolate	czekoladowe
napagmasdan	zbadane
napagmasdan	badane
napagmasdan	badana
masakit	bolesna
masakit	bolesny
masakit	bolesne
masakit	boli
kahel	pomarańczowy
kahel	orange
kahel	pomarańczowe
kahel	pomarańczowa
flor	flor
memphis	memphis
nutrisyon	żywieniowe
nutrisyon	odżywiania
nutrisyon	żywieniu
nagpasiya	decyduje
nagpasiya	postanawia
kahaliling	zastępca
kahaliling	alternatywny
kahaliling	zastępców
kahaliling	alternatywne
kahaliling	alternatywna
yuan	yuan
joseon	joseon
carrara	carrara
prc	chrl
montana	montanie
montana	montana
montana	montany
falcon	falcon
falcon	sokół
nguyen	nguyen
dean	dean
dean	dziekan
tadyang	żebro
tadyang	żebra
fourth	czwarty
fourth	czwartego
fourth	czwarte
fourth	czwarta
basil	basil
dolores	dolores
tommy	tommy
kaligayahan	szczęście
kaligayahan	szczęścia
candidate	kandydata
candidate	kandydaci
candidate	kandydat
levant	levant
delete	usunięto
delete	usunięte
delete	usunięta
delete	usunięty
delete	usuń
delete	usunąć
pagsikat	rośnie
ncaa	ncaa
pinasok	wprowadzone
pinasok	wpisane
pinasok	wprowadzony
hayti	haiti
yard	jardów
paglulunsad	start
paglulunsad	uruchomienie
paglulunsad	startu
hadith	hadis
pekeng	imitacja
konserbatibo	konserwatywny
effect	efekt
effect	skutek
talo	przegrany
palasyong	buckingham
nuoro	nuoro
astrolohiya	astrologia
athletics	lekkoatletyka
sumuporta	wsparcia
sumuporta	wsparcie
sumuporta	wspieranie
diocese	diecezja
diocese	diecezji
sibuyas	cebulę
sibuyas	cebuli
sibuyas	cebula
sibuyas	cebulę
sibuyas	cebuli
sibuyas	cebula
fighting	walka
fighting	walki
makakamit	osiągnięty
makakamit	osiągnięta
makakamit	osiągnięte
makakamit	osiągać
makakamit	osiągnięcia
makakamit	osiągnąć
dominic	dominik
dominic	dominika
dominic	dominic
itinalagang	wyznaczony
itinalagang	wyznaczona
itinalagang	wskazany
itinalagang	wyznaczone
itinalagang	wskazane
pambahay	domowych
ruby	rubin
ruby	ruby
mura	mura
mura	tania
mura	tanio
mura	tani
mura	tanie
mura	taniej
lata	tin
lata	puszka
pansamantala	chwilowo
pansamantala	tymczasowo
pansamantala	czasowo
pansamantala	tymczasowy
pansamantala	tymczasowo
pansamantala	tymczasowa
pansamantala	tymczasowe
pansamantala	czasowe
datavalue	datavalue
ash	ash
ash	popiołu
ash	popiół
hana	hana
ronnie	ronnie
ronnie	ronniego
pagkakaibigan	przyjaźni
pagkakaibigan	znajomość
pagkakaibigan	przyjaźń
sicilia	sicilia
sicilia	sycylii
maintindihan	zrozumieć
maintindihan	zrozum
prizes	nagród
prizes	nagrody
estratehiya	strategie
estratehiya	strategii
estratehiya	strategia
estratehiya	strategii
magkaibigan	przyjaciele
magkaibigan	przyjaciółki
magkaibigan	znajomi
magkaibigan	znajomych
magkaibigan	przyjaciół
yano	yano
abnormal	nieprawidłowe
mabait	rodzaj
mabait	dobre
mabait	dobrze
mabait	posłuszna
mabait	posłuszny
probinsya	województwo
probinsya	prowincji
probinsya	prowincja
sinai	synaj
frances	frances
miyazaki	miyazaki
dam	tamy
dam	zapora
dam	tama
dam	dam
comments	uwagi
comments	komentarzy
comments	komentarze
fantasy	fantazji
fantasy	fantasy
fantasy	fantazja
fantasy	fantazje
nararanasan	doświadcza
pagtanda	starzenie
deutsche	deutsche
indent	wcięte
fernández	fernández
pagbibilang	liczyć
pagbibilang	liczenie
pagbibilang	liczę
pon	pon
republican	republikanów
republican	republikanie
ceo	prezes
ceo	ceo
stroke	udar
idinisenyo	zaprojektowane
idinisenyo	zaprojektowana
idinisenyo	zaprojektowano
idinisenyo	zaprojektowany
idinisenyo	zaprojektowanych
eri	eri
makasalanan	grzeszne
makasalanan	grzesznika
makasalanan	grzeszników
makasalanan	grzesznicy
chain	łańcuchy
chain	łańcuch
chain	łańcucha
chain	łańcuszek
palgrave	palgrave
hun	hun
hun	hunowie
kinokontrol	kontrolowane
kinokontrol	kontrolowana
kinokontrol	kontrolowanych
kinokontrol	kontrolowany
kinokontrol	kontrole
kinokontrol	sterowanie
pusong	bije
pusong	bity
pusong	łotr
pusong	rogue
pusong	łobuz
pusong	klaun
pusong	klauna
malabo	niewyraźne
malabo	niewyraźne
armenian	armenii
factory	fabrykę
factory	fabryce
factory	fabryki
factory	fabryka
sunshine	słońce
sunshine	słoneczko
sunshine	słonko
sunshine	słoneczna
kumamoto	kumamoto
cortez	cortez
api	api
paleolitiko	paleolit
reklamo	skargi
reklamo	skarg
reklamo	zażalenie
reklamo	skarga
reklamo	skargę
reklamo	skargi
yoko	yoko
cut	cięcie
tinitingnan	sprawdzamy
tinitingnan	sprawdzam
tinitingnan	sprawdzanie
tinitingnan	sprawdzenie
tinitingnan	przeglądanie
tinitingnan	oglądanie
tinitingnan	wyświetlanie
falls	spada
falls	falls
falls	opada
falls	wodospad
rutherford	rutherford
seconds	sekund
seconds	sekundy
tapusin	skończyć
tapusin	koniec
tapusin	end
tapusin	podsumowując
coco	coco
montes	montes
tiket	bilety
tiket	mandat
tiket	kupon
tiket	bilet
romulus	romulus
phi	fi
phi	phi
pagpapatayo	suszenia
naghahanda	przygotowanie
naghahanda	przygotowywanie
semifinals	półfinały
sima	sima
ariel	ariel
knights	rycerzy
knights	rycerze
euler	euler
siracusa	syracuse
tenga	uszy
tenga	słuchawki
binuhay	podniesione
binuhay	podniesiony
binuhay	wychowana
binuhay	wychowany
binuhay	wychował
nickelodeon	nickelodeon
thompson	thompson
pasasalamat	wdzięczność
pasasalamat	wdzięczności
pasasalamat	dziękczynienia
kasalan	ślub
kasalan	małżeństwo
kasalan	małżeństwa
kasalan	ślub
kasalan	wesele
kasalan	weselny
pamamaril	strzelanina
pamamaril	strzelać
pamamaril	strzelanie
kaori	kaori
gasolina	paliwo
gasolina	paliwa
gasolina	benzyna
gasolina	benzyny
humanap	znajdzie
humanap	znajduje
pagkakahawig	podobieństwo
sumakay	przejazd
sumakay	przejażdżka
sumakay	jazda
sumakay	jechał
reign	rządy
reign	panowania
reign	panowanie
publish	opublikować
publish	publikowanie
publish	publikować
publish	opublikowane
publish	opublikowany
publish	opublikowano
publish	publikacja
publish	publikowane
konektado	podłączone
konektado	powiązane
konektado	połączony
konektado	połączone
konektado	związane
geneva	genewie
mood	nastrój
mood	nastroju
mood	nastroje
mood	humor
puhunan	inwestycje
puhunan	inwestycji
puhunan	inwestycja
puhunan	inwestycyjne
puhunan	inwestowanie
architecture	architektura
architecture	architektury
ram	ram
ram	rama
ram	baran
cet	cet
kapakinabangan	przydatność
grey	siwy
grey	szary
grey	szara
grey	szare
grey	grey
biyahe	podróż
biyahe	wyjazd
biyahe	trip
biyahe	wycieczka
capitol	kapitolu
capitol	capitol
harbor	harbor
challenge	wyzwanie
challenge	challenge
challenge	wyzwania
ichigo	ichigo
morris	morris
lehitimong	uzasadnione
lehitimong	legalnie
lehitimong	legalne
makoto	makoto
toscana	toscana
parade	parada
parade	paradę
parade	pochód
parade	parady
pagmimina	wydobycie
pagmimina	górnictwa
pagmimina	kopalnia
weekend	weekendu
weekend	weekend
inuugnay	łączy
cyber	cyber
harina	mąka
harina	mąki
lantad	narażenia
lantad	ekspozycja
lantad	narażenie
gamecube	gamecube
edgardo	edgardo
alternatibo	alternatywna
alternatibo	alternatywne
alternatibo	alternatywa
alternatibo	alternatywny
alternatibo	alternatywnie
alternatibo	alternatywy
alternatibo	alternatywa
conversion	konwersji
conversion	zamiana
conversion	przekształcenie
conversion	konwersja
conversion	konwersje
conversion	przemiana
tanghali	południe
tanghali	popołudnie
tanghali	popołudnia
magaspang	ostro
magaspang	szorstki
piaseczno	piaseczno
ildefonso	ildefonso
tambalang	tandemie
yeon	yeon
humina	osłabiony
marduk	marduk
combo	combo
combo	kombinacja
jamaica	jamajka
negosyong	biznes
negosyong	interesy
negosyong	business
negosyong	interes
mirror	lustro
mirror	lusterko
subst	subst
ligaya	szczęście
ligaya	szczęścia
mauritius	mauritius
natupad	spełnione
natupad	zrealizowane
natupad	spełniony
natupad	spełniona
bolivia	boliwii
coffee	kawa
coffee	kawy
coffee	kawie
coordinate	koordynowanie
coordinate	koordynacja
coordinate	koordynować
coordinate	współrzędnych
coordinate	współrzędne
coordinate	koordynaty
tenerife	teneryfa
singular	pojedynczej
singular	pojedyncze
idea	pomysl
idea	pomysł
idea	idea
shine	shine
komentaryo	komentarz
mikhail	michaił
salamangka	magiczne
salamangka	czary
salamangka	magic
salamangka	magii
salamangka	magia
processing	przetwarzania
processing	przetwarzanie
processing	przetwórstwo
processing	obróbka
dharma	dharma
egyptian	egipski
egyptian	egipcjanie
balbal	slang
maeda	maeda
duet	duet
goals	bramki
goals	cele
goals	celów
goals	bramek
battles	bitwy
estonia	estonii
estonia	estonia
rovigo	rovigo
listahang	listy
listahang	wykaz
listahang	lista
listahang	spis
listahang	listę
extension	rozszerzenia
extension	przedłużenia
extension	rozszerzenia
extension	rozbudowa
extension	wydłużenie
extension	przedłużenie
extension	rozszerzenie
hwang	hwang
komplikasyon	powikłania
komplikasyon	komplikacje
komplikasyon	powikłania
komplikasyon	komplikacje
porto	porto
sai	sai
jojo	jojo
lyrics	teksty
kalipa	kalif
enlil	enlil
chung	chung
kenny	kenny
hipon	krewetki
hipon	krewetek
zhang	zhang
nida	nida
pittsburgh	pittsburghu
bronze	brązu
bronze	brąz
mask	masce
mask	maski
mask	maskę
mask	maska
baltimore	baltimore
counter	licznik
remedios	remedios
leroy	leroy
lotus	lotus
edo	edo
json	json
hiwaga	tajemnice
hiwaga	zagadki
nakakain	jadalne
marangal	noble
marangal	szlachetnych
marangal	szlachetne
marangal	szlachetna
marangal	szlachetny
marangal	godne
chopin	chopin
kongkreto	betonu
kongkreto	konkretne
kongkreto	beton
kongkreto	konkretny
tapang	odwagi
tapang	odwagę
tapang	odwaga
less	mniejsza
less	mniej
planck	plancka
mikroskopyo	mikroskop
phantom	phantom
phantom	widmo
christine	krystyna
christine	christine
mahayana	mahajana
ebolusyonaryong	ewolucji
torneo	turnieje
alvarado	alvarado
konsulado	konsulat
aphrodite	afrodyta
garcía	garcia
garcía	garcía
ninakaw	skradziona
ninakaw	skradziono
ninakaw	skradziony
ninakaw	skradzione
magna	magna
pagtatrabaho	pracujący
pagtatrabaho	pracujemy
nakalista	wymienionych
nakalista	wymienione
malik	malik
ladies	panie
linnaeus	linnaeus
daytona	daytona
pagsamahin	łączenie
pagsamahin	połączyć
pagsamahin	połączyć
pagsamahin	połączone
pagsamahin	połączona
pagsamahin	łączone
mandaragat	marynarz
taxon	taksonu
terorista	terroryści
terorista	terrorysta
terorista	terrorystycznych
terorista	terroryzm
pagdarasal	modlitwa
dengeki	dengeki
tribunal	trybunał
itakda	ustaw
itakda	set
itakda	zestaw
itakda	komplet
wright	wright
numeric	numeryczny
usui	usui
gifu	gifu
candy	cukierki
candy	candy
candy	cukierek
candy	słodycze
tigdas	odra
komplikado	skomplikowany
komplikado	skomplikowana
komplikado	skomplikowane
sense	wyczucie
sense	zmysł
sense	sens
sense	sensie
sense	poczucie
warrior	wojownika
warrior	wojownik
sapa	zatoka
sapa	cove
sapa	sapa
lara	lara
direct	bezpośrednia
direct	bezpośredni
direct	bezpośrednie
direct	direct
dato	dato
manchuria	mandżurii
ekonomista	ekonomistów
abstract	abstrakcyjne
jericho	jericho
uss	uss
ester	ester
ester	ester
ester	esther
donna	donna
thanh	thanh
turner	turner
turner	turnera
ask	pytaj
ask	zapytaj
ask	poproś
kilometrong	kilometr
dai	dai
speech	mowa
speech	przemowa
speech	przemówienie
speech	wystąpienie
sagana	obfite
willy	willy
preload	preload
eve	ewa
eve	ewo
eve	eve
eve	ewy
eiji	eiji
karma	karmę
karma	karma
karma	karmy
reperendum	referendum
liu	liu
wawa	wawa
lumpur	lumpur
agnes	agnieszka
nandito	tutaj
ortega	ortega
binhi	ziarna
binhi	nasion
binhi	nasiona
coca	coca
danilo	danilo
pindutin	prasa
pindutin	prasie
pindutin	naciśnij
pindutin	prasy
speaker	głośnik
speaker	mówca
ichiro	ichiro
katapat	odpowiednik
sumpa	przekleństwo
sumpa	klątwę
sumpa	klątwa
wedding	ślub
wedding	wesele
wedding	weselny
bitak	pęknięcia
nakakaalam	wie
mapabuti	poprawy
mapabuti	poprawa
ionization	jonizacji
nakakamit	zrealizowane
nakakamit	osiągnięta
nakakamit	osiągnięte
nakakamit	osiągnięto
nakakamit	osiągnięty
clarissa	clarissa
equivalent	równowartość
equivalent	odpowiednik
equivalent	równoważny
equivalent	ekwiwalent
equivalent	równoważne
cap	cap
cap	czapka
shear	ścinanie
arezzo	arezzo
heswita	jezuici
tartarus	tartaru
patpat	patyk
inalok	oferowane
inalok	oferowana
mohammed	muhammad
mohammed	mohammed
mohammed	sharif
natanggal	usunięto
natanggal	usunięte
natanggal	usunięta
natanggal	usunięty
mapayapang	pokojowe
mapayapang	pokojowych
mapayapang	spokojne
mapayapang	spokojna
langgam	mrówka
langgam	mrówki
langgam	mrówki
pietro	pietro
maxwell	maxwell
wings	skrzydeł
wings	skrzydełka
wings	skrzydła
chun	chun
neptuno	neptune
maisagawa	wykonać
scholarship	stypendium
gata	gata
ppp	ppp
pusod	pępka
buntala	komety
genoa	genui
benz	benz
nominal	nominalnej
nominal	nominalna
wanted	poszukiwana
wanted	chciał
wanted	poszukiwany
wanted	poszukiwani
lenin	lenin
tinta	atrament
tinta	tusz
mechanics	mechanika
sulo	pochodnię
sulo	latarka
sulo	palnik
nationalist	narodowców
harvey	harvey
harvey	harveya
lives	mieszka
lives	żyje
maihahambing	porównywalne
maihahambing	porównywalna
maihahambing	porównywalny
sensor	czujnik
sensor	czujniki
sensor	czujnika
estimulasyon	stymulacji
estimulasyon	pobudzenie
sigaw	krzyczy
sigaw	krzyczeć
sigaw	krzyki
sigaw	krzycząc
portable	przenośne
portable	przenośny
nabucodonosor	nabuchodonozor
frankfurt	frankfurt
pintura	farba
pintura	farby
passing	przechodząc
passing	mijania
spin	spin
lua	lua
nasyonal	krajowa
nasyonal	krajowe
nasyonal	national
nasyonal	narodowy
nasyonal	krajowy
nasyonal	krajowych
obligasyon	zobowiązania
obligasyon	obowiązki
obligasyon	zobowiązanie
obligasyon	obowiązek
inakala	myślałem
inakala	myślał
inakala	myśl
inakala	pomyślał
nike	nike
diary	dziennik
diary	pamiętniku
diary	pamiętnik
iskedyul	grafik
iskedyul	rozkład
iskedyul	harmonogram
maps	mapy
princeton	princeton
rossi	rossi
ibc	ibc
pier	przystań
pier	pier
pier	molo
suportado	wspierany
suportado	obsługiwany
suportado	wspierane
suportado	obsługiwane
stockholm	sztokholmu
stockholm	sztokholmie
prostitusyon	prostytucji
prostitusyon	prostytucja
katuparan	realizacja
katuparan	realizacji
katuparan	wykonanie
espirituwal	duchowy
espirituwal	duchowego
espirituwal	duchowym
espirituwal	duchowej
espirituwal	duchowe
cathy	cathy
pabilog	radialna
tabak	miecz
palestine	palestyny
spot	miejsce
spot	spot
spot	plamki
corps	korpus
corps	korpusu
bethlehem	betlejem
transfer	przenoszenie
transfer	transfer
transfer	przeniesienie
transfer	przelew
transfer	przekazanie
transfer	transferu
dilim	dark
dilim	ciemno
dilim	ciemne
dilim	ciemna
dilim	ciemny
multo	ghost
multo	duchu
multo	duch
multo	duchów
multo	duchy
seksyon	sekcję
seksyon	sekcji
seksyon	dział
seksyon	sekcja
baños	baños
pinaikli	skrócony
pinaikli	skrócenie
pinaikli	skrócone
ernest	ernest
malapad	szeroki
malapad	szeroka
malapad	szeroko
malapad	szerokie
emilia	emilia
antiquark	antykwark
killer	zabójczy
killer	morderca
killer	zabójcze
killer	zabójca
graham	grahama
graham	graham
ranma	ranma
pancho	pancho
nahatulan	skazany
nahatulan	skazana
nahatulan	skazani
augustine	augustine
puke	absolutorium
streptomyces	streptomyces
niger	niger
imposible	niemożliwa
imposible	niemożliwe
sementeryo	cmentarzu
sementeryo	cmentarz
cho	cho
kato	kato
magi	magi
paula	pauli
paula	paula
muñoz	muñoz
mega	mega
italia	italia
murray	murray
collins	collins
collins	collinsa
rwanda	rwandzie
cyril	cyril
superstar	superstar
pagtatae	biegunka
pagtatae	biegunkę
cristobal	cristobal
concat	concat
parsons	parsons
magpakamatay	samobójstwo
magpakamatay	samobójstwa
yule	yule
gumaling	uleczyć
gumaling	odzyskane
expansion	rozszerzenie
expansion	rozbudowa
expansion	ekspansji
petisyon	petycję
petisyon	petycji
antropolohiyang	antropologii
antropolohiyang	językowej
entries	zapisy
entries	wpisy
hokkaido	hokkaido
yyyy	rrrr
une	une
rolling	rolling
tin	tin
tin	puszka
jimenez	jimenez
nagsasalaysay	narracja
millennium	milenijnych
millennium	millennium
millennium	tysiąclecia
crispin	crispin
device	urządzenia
device	wyrób
device	urządzenie
busan	busan
dosenang	dozen
dosenang	tuzin
rangers	rangers
rangers	zwiadowcy
gana	gana
gana	apetyt
shorts	spodenki
shorts	szorty
contact	kontakt
contact	kontakty
evangelical	ewangelicko
nakalimbag	drukowane
nakalimbag	wydrukowane
bel	bel
naaalala	zapamiętaj
naaalala	pamiętaj
pineda	pineda
kumplikadong	złożone
kumplikadong	złożona
kumplikadong	złożony
kumplikadong	kompleks
kumplikadong	skomplikowane
crew	ekipa
crew	załogi
crew	załoga
crew	ekipy
paghuhukay	wykopaliska
paghuhukay	wiercenia
quinn	quinna
quinn	quinn
transcription	transkrypcji
sinadya	oznaczało
sinadya	znaczyło
tale	opowieść
journey	podróż
luto	gotowane
practice	praktyce
practice	trening
practice	praktyki
practice	ćwiczenia
practice	praktyka
practice	ćwiczyć
practice	ćwiczy
pansinin	zignorować
pansinin	ignorować
pansinin	zauważ
pansinin	zawiadomienie
singers	śpiewaków
palengke	rynek
palengke	targ
palengke	rynku
palengke	market
nes	nes
nes	ness
shaw	shaw
shaw	shawa
cemetery	cmentarzu
cemetery	cmentarz
pagbawi	odzyskanie
pagbawi	odzysk
pagbawi	odzyskiwanie
pagbawi	odzysku
inoue	inoue
delhi	delhi
bias	uprzedzenia
nuestra	nuestra
pampulitika	polityczny
pampulitika	politycznych
pampulitika	polityczne
pampulitika	polityczna
ubas	winogron
ubas	winogrona
paglahok	uczestniczących
paglahok	uczestniczące
paglahok	uczestnictwo
paglahok	uczestnictwa
paglahok	uczestnictwo
paglahok	udział
underground	podziemne
underground	podziemny
underground	podziemia
met	spełnione
met	met
met	spotkał
magsuot	załóż
magsuot	nosić
roberts	roberts
marx	marx
marx	marks
lumapit	chodź
lumapit	podejście
lumapit	podejścia
lumapit	przychodzi
lumapit	przybywa
nakatalaga	przypisana
nakatalaga	przydzielony
nakatalaga	przypisano
nakatalaga	przypisany
nakatalaga	przypisane
nakatalaga	stacjonował
perry	perry
guru	guru
ingay	hałas
ingay	hałasy
ingay	hałasu
ingay	szum
lorna	lorna
scout	scout
scout	zwiadowcy
schrödinger	schrödingera
uzbekistan	uzbekistan
tech	tech
thru	thru
kiso	kiso
kyoko	kyoko
rules	zasady
rules	reguły
rules	zasadami
igf	igf
danish	duńskie
danish	duński
danish	duńskim
expiry	wygaśnięcie
expiry	wygaśnięcia
georg	georg
bunganga	mouth
bunganga	usta
bunganga	gęba
elohim	elohim
bien	bien
computing	informatyka
nagkasala	przestępca
nagkasala	sprawca
wei	wei
flavius	flavius
madalang	rzadko
nong	nong
distributor	dystrybutor
distributor	dystrybutora
glasgow	glasgow
genera	rodzaje
genera	rodzajów
chat	czat
chat	czatu
exo	exo
pinta	obraz
pinta	malarstwo
pinta	malowanie
alimango	kraby
alimango	crab
alimango	kraba
alimango	krab
places	lokale
places	miejsca
places	miejsc
ashley	ashley
tunisia	tunezja
wayne	wayne
wayne	łukasz
carrier	przewoźnik
carrier	przewoźnika
carrier	nośnik
lamok	komara
lamok	komary
palihim	potajemnie
reggio	reggio
statistical	statystyczne
statistical	statystyczny
helsinki	helsinkach
yuko	yuko
pisngi	policzek
pisngi	policzki
lagerkvist	lagerkvist
bengal	bengalu
kasalungat	sprzeczne
uso	trend
uso	tendencje
uso	tendencja
uso	trendy
uso	tendencje
uso	tendencji
daughter	córka
daughter	córeczka
nagwawakas	narada
triassic	trias
palayain	wyzwolić
stella	stella
kwento	historia
kwento	story
kwento	opowieść
kwento	zdarzenie
kwento	opowiadanie
favorite	ulubione
favorite	ulubiona
favorite	ulubionych
favorite	ulubiony
lambert	lambert
jon	jon
paghuhukom	wyrok
paghuhukom	orzeczenie
paghuhukom	osąd
inuri	sklasyfikowane
inuri	tajne
inuri	tajna
inuri	tajny
marian	marian
wrestling	wrestling
wrestling	zapasy
tzu	tzu
thalia	thalia
adrian	adrian
lazaro	lazaro
semilya	nasienia
semilya	nasienie
siriliko	cyrylica
paghahalo	mieszania
paghahalo	mieszanie
palaka	żaby
palaka	żaba
palaka	żaby
pirata	pirata
pirata	pirat
shrine	sanktuarium
binisita	odwiedzili
binisita	odwiedził
binisita	odwiedziła
tableta	pigułki
colon	okrężnicy
antigua	antigua
isipin	pomyśl
isipin	myśl
nirvana	nirvana
xxiii	xxiii
mapayapa	pokojowe
mapayapa	pokojowych
mapayapa	spokojne
mapayapa	spokojna
sean	sean
sean	seana
chase	gonić
chase	pogoń
chase	pościg
chase	chase
trip	podróż
trip	wyjazd
trip	trip
trip	wycieczka
pagtalon	skok
pagtalon	skacze
pagtalon	skoki
syntax	składni
gabby	gabby
accounting	księgowości
accounting	rachunkowość
accounting	księgowość
accounting	księgowy
accounting	rachunkowości
randy	randy
reina	reina
cbc	morfologia
jurassic	jurajskiego
bio	bio
bio	życiorys
preview	podgląd
ada	ada
mainsnak	mainsnak
effects	efekty
effects	skutki
nightingale	nightingale
directory	spis
directory	katalog
directory	katalogu
micronesia	mikronezji
pananda	znacznik
pananda	marker
pagpipigil	powściągliwość
florentino	florentino
milagros	milagros
vega	vega
pak	pak
pinakamatagal	najdłużej
pinakamatagal	najdłuższy
fast	szybkie
fast	szybki
fast	szybka
fast	szybko
jehovah	jehowa
photos	fotografie
photos	zdjęcia
photos	zdjęć
photos	zdjecia
lover	kochanka
lover	kochankiem
lover	kochanek
iwanan	zostaw
mine	mine
mine	kopalnia
mine	moja
mine	mój
mine	moje
malungkot	samotny
malungkot	samotna
malungkot	samotni
malungkot	samotne
malungkot	samotność
malungkot	smutno
malungkot	smutne
malungkot	smutny
malungkot	smutna
aquila	aquila
shooting	strzelanina
shooting	strzelać
shooting	strzelanie
kundisyon	warunki
kundisyon	warunek
kundisyon	stan
mantika	skrócenia
mantika	skrócenie
kredito	kredyty
kredito	kredytów
kabit	pani
kabit	kochanka
shinee	shinee
rené	rené
rené	rene
salamangkero	magika
salamangkero	magik
naranasan	doświadczony
naranasan	doświadczonych
focus	skupienie
focus	koncentracja
focus	skupić
hinihikayat	zachęca
hinihikayat	zachęcanie
hinihikayat	zachęcić
hinihikayat	zachęca
shannon	shannon
kapamilya	rodzina
kapamilya	rodziny
kapamilya	rodzinne
kapamilya	rodzinka
kapamilya	rodzinnie
pueblo	pueblo
oso	miś
oso	misiek
oso	misia
oso	misiu
oso	niedźwiedź
pulitika	polityka
pulitika	politycy
pulitika	polityki
pagbago	mutacje
pagbago	mutacji
pagbago	mutacja
violin	skrzypce
naipasa	przekazany
naipasa	przekazana
naipasa	przekazano
naipasa	przekazane
narciso	narciso
mph	mph
kuru	kuru
tail	ogon
tail	tail
tail	ogonie
infection	infekcja
infection	infekcje
infection	zakażenia
infection	zakażenie
perth	perth
sosyal	społeczna
sosyal	towarzyskie
sosyal	społeczne
sosyal	socjalna
sosyal	społeczny
sosyal	społecznego
sosyal	elegancko
asosasyon	stowarzyszeń
asosasyon	skojarzenia
asosasyon	stowarzyszenia
kontrolado	kontrolowane
kontrolado	kontrolowana
kontrolado	kontrolowanych
kontrolado	kontrolowany
cry	płakać
cry	płacz
pagsusuka	wymioty
eksibisyon	wystawy
eksibisyon	wystawę
eksibisyon	targi
eksibisyon	wystawa
eksibisyon	wystawy
veronica	veronica
veronica	weronika
plot	zarys
sumubok	próbowałem
sumubok	próbowałeś
helicopter	helikoptera
helicopter	helikopter
helicopter	śmigłowce
helicopter	śmigłowiec
pure	czysty
pure	czysta
pure	czyste
bahaghari	rainbow
bahaghari	tęcza
rudolph	rudolph
rudolph	rudolf
rudolph	rudolf
nerve	nerwy
nerve	nerwów
nerve	nerw
prayer	modlitwie
prayer	modlitwy
prayer	modlitwę
prayer	modlitwa
indio	indio
nicole	nicole
chuck	chuckiem
chuck	chuck
chuck	chucka
caceres	caceres
rowling	rowling
onna	onna
gag	knebel
kuneho	królik
kuneho	rabbit
kuneho	króliki
kuneho	króliczek
kuneho	zając
fans	fani
fans	fanów
fans	wentylatory
fans	kibice
cherry	cherry
diet	dieta
diet	diety
wen	wen
taxa	taksonów
mabasa	czytaj
mabasa	czytać
mabasa	przeczytaj
magbayad	zapłacić
whitney	whitney
qui	qui
amalia	amalia
fra	fra
arkibo	archiwa
arkibo	archiwum
res	res
masaganang	zamożnych
panunaw	trawienie
nadagdagan	zwiększone
nadagdagan	zwiększona
nadagdagan	zwiększony
nadagdagan	zwiększenie
masedonya	macedonii
masedonya	macedonia
android	android
paggaling	odzyskanie
paggaling	odzysk
paggaling	odzyskiwanie
paggaling	odzysku
deal	oferty
deal	umowa
deal	układ
eli	eli
iono	ion
alexis	alexis
mya	mya
joachim	joachim
dion	dion
binalak	zaplanowane
binalak	planowana
binalak	planowany
binalak	planowane
binalak	zaplanowany
nakatago	ukryty
nakatago	ukryta
nakatago	schowane
nakatago	ukryte
ind	ind
glacier	lodowiec
overseas	zamorskich
gulf	zatoka
gulf	zatoce
puri	puri
amazon	amazon
uwak	kruki
uwak	wrony
uwak	crow
uwak	kruk
uwak	wrony
uwak	kruka
uwak	kruka
uwak	kruk
uwak	raven
desert	pustyni
desert	pustynia
ekstrang	zapasowe
chamber	komnata
chamber	komora
chamber	komory
chamber	izbie
chamber	izba
precious	cenne
precious	cenna
precious	skarb
precious	cenny
manatiling	zostań
manatiling	zostać
lie	kłamstwo
lie	kłamać
molina	molina
vietnamese	wietnamski
elvis	elvis
elvis	elvisa
kent	kenta
kent	kent
luwalhati	chwała
luwalhati	chwały
luwalhati	glory
yamanashi	yamanashi
developer	programista
developer	twórca
developer	twórcy
developer	deweloper
developer	wykonawca
nababago	zmiany
nababago	zmian
talahanayan	tabeli
talahanayan	tabela
talahanayan	stół
talahanayan	stolik
talahanayan	tablica
jam	jam
jam	dżem
tochigi	tochigi
logic	logika
logic	logiczne
logic	logikę
logic	logiki
gilmore	gilmore
verde	verde
sato	sato
gets	zdobywa
gets	dostaje
