rey	rey
copper	bakrit
copper	bakri
copper	bakër
ไดอะแกรม	diagrama
mas	mas
navbar	navbar
แฮมเบอร์เกอร์	hamburger
ลีห์	lej
vaccinium	vaccinium
sekai	sekai
เฮโรอีน	heroinë
เฮโรอีน	heroina
เฮโรอีน	heroinën
เฮโรอีน	heroine
mrt	mrt
sting	djegë
zhao	zhao
tmd	tmd
kpa	kpa
vols	vols
airplay	airplay
tar	katran
tar	tar
เอ็มม่า	emma
เอ็มม่า	ema
แบบสอบถาม	pyetësorin
attitude	qëndrim
attitude	qëndrimi
attitude	sjellja
โรงรถ	garazh
len	len
nest	fole
nest	nest
nest	foleja
gadget	vegël
ภวังค์	ekstazë
ซิงค์	sinkronizuar
ซิงค์	sync
ซิงค์	sinkronizimi
มอร์ฟีน	morfinë
เฟร็ด	fredi
เฟร็ด	fred
พูห์	martohu
ying	ying
โฟลเดอร์	kartelat
โฟลเดอร์	kartela
โฟลเดอร์	kartelën
โฟลเดอร์	kartelë
bwv	bwv
hai	hai
rockman	rockman
ffa	ffa
เมกะไบต์	megabit
medaltemplates	medaltemplates
เท่ห์	kull
เท่ห์	cool
bon	bon
ยุ่น	japonezë
ยุ่น	japoneze
premium	premium
mst	mst
exe	exe
tsunami	cunami
eest	eest
หนุ่มๆ	djemt
หนุ่มๆ	djem
หนุ่มๆ	çuna
หนุ่มๆ	djemë
หนุ่มๆ	djemtë
หนุ่มๆ	djema
คาร์ไลล์	carlisle
arsenal	arsenal
arsenal	arsenali
xiv	xiv
triumph	triumfi
triumph	triumf
triumph	triumfit
hotmail	hotmail
crest	stemën
ฟีเจอร์	tipar
ฟีเจอร์	veçori
ฟอยล์	folje
ฟอยล์	fletë
infoboxes	infoboxes
mbps	mbps
เคอร์เนล	kernelit
mbs	mbs
adm	adm
cash	holla
cash	cash
cash	para
คอนโทรล	kontrolla
คอนโทรล	kontroll
คอนโทรล	kontrolli
คอนโทรล	kontrollë
หดหู่	depresion
หดหู่	depresive
หดหู่	dëshpëruese
หดหู่	depresionin
หดหู่	depresioni
หดหู่	depresion
aboveclass	aboveclass
boo	bu
boo	boo
hoya	hoya
transformers	ekspozitat
transformers	ekspozita
สุขใจ	gezuar
สุขใจ	gëzuar
boku	boku
ซูม	zoom
ncbi	ncbi
thesis	tezën
thesis	teza
เทต	tate
utf	utf
โคเคน	kola
โคเคน	kokainë
โคเคน	kokaina
เฮ่อ	dhive
frozen	ngrinë
frozen	ngri
frozen	ngrire
frozen	ngrirë
mammalia	mammalia
initiative	iniciativë
initiative	nismë
initiative	nisme
initiative	iniciativa
initiative	nisma
plotarea	plotarea
sysop	sysop
xyz	xyz
ดาการ์	dake
safari	safari
โนห์	noh
transfermarkt	transfermarkt
ปลาบปลื้ม	ekstazë
rai	rai
dateformat	dateformat
dino	dino
tattoo	tatuazh
tattoo	tattoo
tattoo	tatuazhi
เคฟ	kev
mev	mev
ด้ง	gojore
gpcm	gpcm
ping	ping
melbourne	melbourne
undef	undef
บังเกอร์	bunker
บังเกอร์	bunkeri
อิสลามาบัด	islamabad
mia	mia
bride	nuse
bride	nusja
ภูเขาน้ำแข็ง	ajsberg
chuck	çak
chuck	chuck
ไฝ	urithi
ไฝ	moles
petit	petit
สลิป	rrëshqitje
cruz	cruz
cruz	kruz
finale	finalja
finale	finale
finale	finalen
maya	maya
maya	maja
dolby	dolby
เบลค	blake
jstor	jstor
เน็ด	ned
ล็อบบี้	holl
ซ้าบ	saab
aki	aki
palestine	palestinë
kate	kate
fhm	fhm
กรี๊ด	britma
กรี๊ด	bërtasin
อีเจียน	egjeut
อีเจียน	egje
vita	vita
iaea	iaea
belowclass	belowclass
ซิบ	zinxhirin
ซิบ	zinxhir
โพส	postimi
โพส	posto
โพส	postim
โพส	posti
โพส	postimin
โพส	përbëjnë
แฮ็ก	tuja
icao	icao
ขายส่ง	shumicë
ขายส่ง	shumice
sap	sap
dmy	dmy
บดขยี้	thellësive
บดขยี้	grimcuar
บดขยี้	shtypur
textcolor	textcolor
licensor	licensor
โปสการ์ด	kartolinë
โปสการ์ด	kartolina
โปสการ์ด	kartolina
หวงแหน	gezojme
หวงแหน	buzëqeshi
engl	engl
gpu	gpu
ทุบตี	rrahjet
ทุบตี	rrahje
pframe	pframe
สปา	spa
สปา	spas
tbl	tbl
ลค	blake
chill	ftohje
cyp	cyp
origargs	origargs
pid	pid
duty	detyrë
duty	detyre
duty	detyrën
duty	detyra
คอรัปชั่น	korruptive
คอรัปชั่น	korruptuar
คอรัปชั่น	korruptuara
din	din
spd	sdp
orbiter	orbiter
che	çe
che	che
แพ็คเกจ	pako
แพ็คเกจ	paketë
แพ็คเกจ	canta
แพ็คเกจ	plan
แพ็คเกจ	plani
แพ็คเกจ	pakoja
แพ็คเกจ	pako
แพ็คเกจ	paketë
แพ็คเกจ	pakete
แพ็คเกจ	paketa
autocollapse	autocollapse
วอลเล่ย์	volejboll
sans	without
sans	sans
acm	acm
ccff	ccff
gym	gym
gym	fitnes
gym	palestra
gym	palestër
gym	gjimnastika
ncaa	ncaa
singlechart	singlechart
seventeen	shtatëmbëdhjetë
เซอร์ไพรส์	befasi
เซอร์ไพรส์	surprizë
rune	rune
rune	germa
ars	ars
อาเมน	amen
อาเมน	amin
อาเมน	ishalla
อาเมน	amen
ฟลอเรส	flores
เท็ต	tate
ความเฉื่อย	inercisë
memphis	memphis
ดิ๊ก	dick
ดิ๊ก	palla
ดิ๊ก	dik
แคลอรี่	kalori
แคลอรี่	kalori
univ	univ
bdfutbol	bdfutbol
พล็อต	komplot
พล็อต	komploti
พล็อต	komplotin
พล็อต	kurtha
getparent	getparent
roca	roca
เป๊ะ	fiks
เป๊ะ	tamam
เป๊ะ	pikërisht
เป๊ะ	saktësisht
annie	eni
annie	ani
annie	annie
ไถนา	çan
xtreme	xtreme
bella	bela
bella	bella
เมอร์ลิน	merlin
แชด	çad
แชด	chad
มูส	musën
vpn	vpn
resistivity	resistivity
imagestyle	imagestyle
chelsea	çelsi
chelsea	chelsea
coin	monedhe
coin	monedhë
coin	monedha
หอน	shtizën
หอน	shtiza
หอน	shtizë
ทรัม	tramp
ทรัม	trump
titan	titan
wet	lagur
wet	lagësht
wet	lag
เตาผิง	oxhak
เตาผิง	vatër
เตาผิง	oxhaku
บาร์บูดา	barbudës
อัลฟ่า	alfa
ขนมอบ	tepsi
ขนมอบ	pastë
ขนมอบ	brumi
สดๆ	fresh
สดๆ	freskët
subst	subst
ukr	ukr
crh	crh
mpa	mpa
prof	prof
หวีด	bilbili
หวีด	bilbil
บรูก	brun
ลูค	luke
บาร์เลย์	elb
ปู่ย่า	gran
ppp	ppp
funky	funky
pete	pete
pete	pit
อินเตอร์เน็ต	interneti
อินเตอร์เน็ต	internet
อินเดียนา	indiana
แฮกเกอร์	haker
แฮกเกอร์	hakerat
nikki	nikki
nikki	niki
benz	benz
scalemajor	scalemajor
piaget	piaget
nocat	nocat
adsl	adsl
hdtv	hdtv
burton	burton
burton	barton
vestibular	vestibular
lcd	lcd
gakuen	gakuen
teamwidth	teamwidth
หลวมๆ	lirshëm
hay	kashtë
แอป	aplikacioni
แอป	aplikacion
แอป	aplikacionin
แอป	aplikacionit
แอป	aplikacionet
แอป	aplikacione
แอป	programet
cid	cid
นกหวีด	bilbili
นกหวีด	bilbil
นกหวีด	bilbila
ต้นคอ	qafën
ต้นคอ	qafen
ต้นคอ	qafa
ต้นคอ	qafë
chrome	kromit
ก้าวก่าย	bezdisshëm
sim	sim
amp	amp
blason	blason
แลป	laboratori
แลป	lab
แลป	laborator
ขี้เหร่	shemtuar
ขี้เหร่	shëmtuar
ขี้เหร่	shëmtuara
พรีเมียม	premium
aru	aru
uri	uri
เทด	tedi
เทด	ted
ชาร์ล็อตต์	charlotte
wikimania	wikimania
มีดโกน	brisk
sophie	sofi
ลูกเห็บ	breshëri
ลูกเห็บ	breshër
ลูกเห็บ	rroftë
อุ้งเท้า	putrat
อุ้งเท้า	putra
อุ้งเท้า	putra
ronaldo	ronaldo
casa	casa
หนักใจ	shqetësues
sos	sos
ฮวา	hwa
อายัด	ngrinë
อายัด	ngri
อายัด	ngrire
อายัด	ngrirë
ssp	ssp
ซุซุ	zeusi
ซุซุ	zeus
ซุซุ	zeusin
ซุซุ	zeusit
มุทะลุ	pamatur
eddy	eddy
visa	visa
visa	viza
visa	vizë
ขนตา	qerpiku
ขนตา	qerpikët
ขนตา	kamxhik
ddr	ddr
อาร์กิวเมนต์	argumentet
อาร์กิวเมนต์	argumente
uhf	uhf
crush	shtyp
crush	dashuruar
reg	reg
ซอฟแวร์	programe
ซอฟแวร์	programesh
ซอฟแวร์	programet
ซอฟแวร์	software
ocinsoutput	ocinsoutput
แฟนซี	luksoze
mda	mda
mari	meri
mari	mari
อะเดล	adele
alignbars	alignbars
concepts	konceptet
smes	sme
skill	aftësi
skill	aftësitë
sud	sud
มอเตอร์เวย์	autostrade
ฟีด	furnizimi
ฟีด	ushqyer
ฟีด	feed
ฟีด	ushqehet
ฟีด	ushqen
บัซ	baz
viva	viva
sql	sql
bodystyle	bodystyle
ไปรษณียบัตร	kartolinë
ไปรษณียบัตร	kartolina
ตรรก	racional
ตรรก	racionale
ตรรก	llogjike
ตรรก	logjike
ตรรก	logjik
ตรรก	logjikë
ตรรก	logjika
lte	lte
passive	pasiv
passive	pasive
dao	dao
pascal	paskal
ขยะแขยง	shpifur
ขยะแขยง	pështirë
ขยะแขยง	neveritshme
burke	burke
โลเวลล์	lowell
หลาบ	jard
ดอกจิก	klubet
ดอกจิก	klube
hood	lagja
hood	hood
autoconfirmed	autoconfirmed
น้ำมูก	shami
ร่ำไห้	qani
หลงกล	mashtruar
alam	alam
กุญแจมือ	prangat
กุญแจมือ	pranga
โปรไฟล์	profil
โปรไฟล์	profili
โปรไฟล์	profilit
โปรไฟล์	profile
โปรไฟล์	profilet
sais	sais
linn	lin
clover	clover
cheese	djathë
cheese	djath
cheese	djathi
จู๊ด	jude
wto	obt
บูกิต	bukit
moe	moe
เบลโล	bello
turismo	turismo
ing	ing
ctrl	ctrl
dota	dota
pac	pac
sortable	sortable
nums	nums
รปภ	sigurimi
รปภ	siguria
elsevier	elsevier
emma	emma
emma	ema
heuristic	heuristic
plc	plc
raven	korbi
raven	raven
lorem	lorem
แล็ปท็อป	laptop
เบลก	blake
lucy	lusin
lucy	lusi
lucy	lucy
กานพลู	karafil
ordre	ordre
โป๊กเกอร์	poker
nfl	nfl
lip	buza
moss	mosi
moss	moss
ปลอกคอ	qafore
ปลอกคอ	jaka
civic	qytetare
leiden	leiden
iec	iec
naruto	naruto
tlc	tlc
carmen	karmen
carmen	carmen
ท็อปส์	maksimalisht
ลวนลาม	ngacmuar
ตื้นๆ	cekët
retval	retval
mustela	mustela
ลอต	lott
ลินซ์	lynch
bce	bce
คีท	keith
dubai	dubai
ทรัมเปต	fryhet
เหิร	heq
tao	tao
gis	gis
สวยๆ	bukur
สวยๆ	goxha
สวยๆ	bukur
ภาพยนต์	filmi
ภาพยนต์	film
ภาพยนต์	filma
ภาพยนต์	filmave
ภาพยนต์	filmat
asa	asa
rue	rue
ฉุบ	gërshërët
ฉุบ	gërshërë
mou	mou
พุพอง	flluska
นํ้า	uje
นํ้า	uj
นํ้า	uji
นํ้า	ujë
คราง	ankohem
uprising	juntës
slim	pakta
slim	slim
scaleminor	scaleminor
stp	stp
templatedata	templatedata
zonal	zonale
rft	rft
exp	exp
orientalis	orientalis
loaddata	loaddata
directx	directx
merriam	merriam
miocene	miocenit
luca	luca
ตาชั่ง	terezi
evergreen	evergreen
ใคร่ครวญ	mendojnë
titleclass	titleclass
mmorpg	mmorpg
nic	nic
rubiaceae	rubiaceae
ขวนขวาย	fitoni
ขวนขวาย	fituat
rae	rae
tls	tls
wmf	wmf
idn	idn
encyclopaedia	enciklopedie
bandai	bandai
มิจฉาชีพ	hajdutët
ucla	ucla
เอทีเอ็ม	atm
wta	wta
แรนด์	rand
ยางลบ	gomë
นมวัว	lop
นมวัว	lopë
นมวัว	lopa
sdn	sdn
จรจัด	pastrehë
pizza	pice
pizza	pica
pizza	pizza
rem	rem
เซรามิค	qeramike
เซรามิค	qeramikës
cis	cis
dek	dek
nrt	nrt
cotton	pambuk
cotton	pambuku
cze	cze
ipod	ipod
setmetatable	setmetatable
hokusai	hokusai
ole	ole
chennai	chennai
solaris	solaris
comp	punëtorit
บาร์บีคิว	skarë
hcl	hcl
baba	baba
ems	ems
เทียนไข	qiri
hoc	hoc
regie	regie
เก๊าท์	përdhes
บู้	bu
บู้	boo
eos	eos
tidal	baticës
เพียซ	pierce
pdp	ppd
pdp	pdp
เมก	meg
shtml	shtml
sue	sue
sue	su
terme	terme
als	als
birdlife	birdlife
bas	bas
รีซ	reese
จอร์น	gjoni
จอร์น	xhon
จอร์น	john
จอร์น	gjon
ตะคริว	ngërç
plantae	plantae
lccn	lccn
oecd	oecd
sig	fir
ตูด	ass
racer	garues
พลั่ว	lopata
พลั่ว	lopatë
irn	irn
basestyle	basestyle
afp	afp
ฟอร์แมต	formati
ฟอร์แมต	format
คิงสตัน	kingston
ไดร์ฟ	drive
bacillus	bacillus
wifi	wifi
getcurrenttitle	getcurrenttitle
ambox	ambox
msv	msv
ipad	ipad
สำลัก	mbytet
gmelin	gmelin
เบรค	frenat
เบรค	frena
เบรค	frenat
เบรค	frena
marksize	marksize
กลมๆ	rund
กลมๆ	raund
กลมๆ	raundi
กลมๆ	round
mcdonald	mcdonald
nist	nist
มัดจำ	depozitave
มัดจำ	depozita
มัดจำ	depozitë
vhs	vhs
kde	kde
medlineplus	medlineplus
wikibooks	wikibooks
alternativemap	alternativemap
อีเมล์	email
อีเมล์	emaili
lothringen	lothringen
ไนลอน	najloni
ทะลึ่ง	pacipë
ปมด้อย	inferioritetit
lopez	lopez
ลินช์	lynch
goldblatt	goldblatt
กิกิ	kiki
sato	sato
datastyle	datastyle
ต้อกระจก	kataraktit
gpa	përqindja
gpa	gpa
lightsteelblue	lightsteelblue
อินเตอร์เฟส	ndërfaqe
stardust	stardust
sao	sao
aol	aol
ลอเรล	laurel
perrow	perrow
ยาสลบ	anestezi
ก๊าด	vajguri
rss	rss
แบส	bas
ฝักบัว	dush
ปาโล	palo
คลัสเตอร์	grumbull
tee	tee
nom	nom
wittgenstein	wittgenstein
avec	avec
nano	nano
casting	hedhja
iss	iss
iss	is
gmail	gmail
ผ้าเช็ดหน้า	shami
ผ้าเช็ดหน้า	shami
ผ้าเช็ดหน้า	shaminë
ผ้าเช็ดหน้า	shamia
เมดเลย์	medley
itf	itf
geoffroy	geoffroy
มอลต์	malt
เนด	ned
เหยือก	turi
monobook	monobook
gprs	gprs
playmore	playmore
fips	fips
watt	watt
โปรโมชัน	promo
โปรโมชัน	promovimi
โปรโมชัน	promovim
โปรโมชัน	promovimin
editpage	editpage
eka	eka
citationclass	citationclass
yves	yves
ซ้า	saab
universität	universität
ซอด	zod
amet	amet
kin	kin
ras	ras
อุ้งมือ	putrat
อุ้งมือ	putra
sprint	sprint
nyc	nyc
otome	otome
publicationdate	publicationdate
panoramio	panoramio
แพม	pem
แพม	pam
จดจ่อ	fokusuar
จดจ่อ	përqëndruar
australopithecus	australopithecus
evo	evo
ทรัมป์	tramp
ทรัมป์	trump
timeshift	timeshift
ich	ich
doki	doki
johan	johan
bust	bust
อรรถประโยชน์	shërbimeve
อรรถประโยชน์	shërbimet
อรรถประโยชน์	njësia
rsa	rsa
ฮิบ	hip
ฮิบ	ija
metacritic	metacritic
โบรกเกอร์	komisioner
พาราฟิน	paraffin
cms	cms
abcd	abcd
biz	biz
dude	shoku
dude	daku
deutsch	deutsch
subpages	subpages
pga	pga
ไมก้า	mika
mont	mont
svk	svk
เซสชัน	seanca
เซสชัน	seancën
เซสชัน	sesion
เซสชัน	seancë
เซสชัน	seancat
เซสชัน	sesionet
เซสชัน	seanca
capo	capo
บัดดี้	shoku
บัดดี้	buddy
เอะอะ	bujë
vlan	vlan
panasonic	panasonic
infraordo	infraordo
kaon	kaon
พาธ	pozicioni
พาธ	shtegu
longus	longus
cochrane	cochrane
คอมมูน	bashkësi
nds	nds
gogo	gogo
aac	aac
dia	dia
adr	adr
util	util
globalsecurity	globalsecurity
kentucky	kentucky
imageright	imageright
ไฮไลต์	pah
ไฮไลต์	theksoi
ไฮไลต์	kryesoret
ไฮไลต์	thekson
ไฮไลต์	nënvizon
ลูกวัว	viçin
ลูกวัว	viç
ซีรี่ส์	seritë
ซีรี่ส์	seria
ซีรี่ส์	seri
longman	longman
mah	mah
aps	aps
แชต	biseda
แชต	chat
แชต	bisedë
capensis	capensis
österreich	österreich
quis	quis
cfm	cfm
contentcat	contentcat
cccc	cccc
fps	fps
pardus	pardus
joker	xholi
fcc	fcc
เสริฟ	shërbejë
เสริฟ	shërbej
เสริฟ	shërbejnë
demospace	demospace
pog	pog
mundo	mundo
titlebackground	titlebackground
แท่	tae
tel	tel
ฟิค	fikut
delle	delle
gam	gam
coco	koko
coco	coco
palgrave	palgrave
titleforeground	titleforeground
osama	osama
japonica	japonica
อัลเฟร็ด	alfredi
อัลเฟร็ด	alfred
nec	nec
nbsp	nbsp
duomo	duomo
nvidia	nvidia
isi	isi
pubmed	pubmed
ส่วนลด	ulje
ส่วนลด	zbritje
ส่วนลด	zbritje
ค่าสัมบูรณ์	absolut
ค่าสัมบูรณ์	absolute
xvi	xvi
hdl	hdl
arxiv	arxiv
gin	xhin
gin	gjin
วัตถุนิยม	materialiste
วัตถุนิยม	materializmi
buttonlabel	buttonlabel
eco	eko
eco	eco
kokoro	kokoro
université	université
liebe	liebe
amor	amor
bayern	bayern
ผิวปาก	bilbili
ผิวปาก	bilbil
ผิวปาก	fishkëllimë
mis	mis
ใสๆ	doe
saab	saab
amorphous	amorf
anhalt	anhalt
ati	ati
gmbh	gmbh
intl	intl
tnt	tnt
eso	eso
ปฐมนิเทศ	orientimi
tam	tam
tam	tem
amadeus	amadeus
โบกมือ	valë
โบกมือ	vala
โบกมือ	vale
อัลลอฮฺ	zoti
อัลลอฮฺ	allahu
อัลลอฮฺ	zot
württemberg	württemberg
lepus	lepus
มอซ	moz
subsid	subsid
ไลค์	si
ไลค์	psh
ไลค์	sikur
ไลค์	like
domenico	domenico
เดนี	dani
ไฟแนนซ์	financimin
ไฟแนนซ์	financime
ไฟแนนซ์	financimi
ไฟแนนซ์	financimet
ไฟแนนซ์	financim
ไฟแนนซ์	financa
ไฟแนนซ์	finance
ไฟแนนซ์	financë
เฝือก	hedhura
เฝือก	hedhur
ppi	ppi
colstyle	colstyle
moulin	moulin
mayo	mayo
dcc	dcc
jfk	jfk
primer	primer
mov	mov
const	const
mpv	mpv
mee	mee
vga	vga
scr	scr
บล็อค	bllok
บล็อค	blloko
บล็อค	bllokuar
บล็อค	bllokohet
บล็อค	bllokuan
บล็อค	bllokoi
proud	krenarë
proud	krenar
proud	proud
proud	krenare
slr	slr
cfc	cfc
trend	trend
trend	prirja
trend	prirje
trend	tendenca
outlook	perspektiva
ลูปัส	lupus
ชีก	sheiku
ชีก	sheik
lounge	lounge
lounge	sallë
checkuser	checkuser
beau	beau
มโนธรรม	ndërgjegjja
มโนธรรม	ndërgjegje
มโนธรรม	ndërgjegja
palatinate	pfalz
เหน็บแนม	tallje
ร้อนๆ	nxehtë
ร้อนๆ	nxeht
ร้อนๆ	hot
ร้อนๆ	seksi
เงินผ่อน	financimin
เงินผ่อน	financime
เงินผ่อน	financimi
เงินผ่อน	financimet
เงินผ่อน	financim
hpa	hpa
โรงนา	hangar
โรงนา	paharruar
โรงนา	stalla
inset	inset
archiveurl	archiveurl
cena	cena
mgrtitle	mgrtitle
ecu	ecu
แปรงสีฟัน	dhembeve
nobelprize	nobelprize
dev	devi
dev	dev
แล็ป	laboratori
แล็ป	laboratori
แล็ป	lab
แล็ป	laborator
suzumiya	suzumiya
พุช	maçoku
พุช	maçok
กักตุน	deponuar
whitesmoke	whitesmoke
irq	irq
insight	insight
lyn	lyn
musashi	musashi
formatdate	formatdate
ซักรีด	rrobat
pcall	pcall
tyson	tyson
sharpe	sharpe
แฮก	tuja
coo	coo
hug	përqafim
ราจ	raj
เย็นๆ	ftohte
เย็นๆ	ftoft
เย็นๆ	ftoht
เย็นๆ	ftohet
เย็นๆ	ftohtë
dante	dante
colhead	colhead
cassini	cassini
république	république
slip	rrëshqitje
och	och
ter	ter
npv	npv
คนสวน	kopshtar
kawasaki	kawasaki
backgroundcolors	backgroundcolors
éditions	éditions
สต๊อก	aksioneve
aspergillus	aspergillus
pulp	tul
doubleday	doubleday
voivodeship	voivodeship
fitzinger	fitzinger
sortkey	sortkey
งุนงง	huti
amg	amg
uni	universitet
dab	dab
quicktime	quicktime
otoko	otoko
lac	lac
นมผง	formula
นมผง	formulën
นมผง	formulë
srb	srb
sevilla	sevilla
wikibase	wikibase
isnotempty	isnotempty
andante	andante
aviator	aviator
philips	philips
utrecht	utrecht
gainsboro	gainsboro
พาโล	palo
mango	mango
milne	milne
theodor	theodor
uncollapsed	uncollapsed
rec	rec
kbps	kbps
lightblue	lightblue
taxa	taxa
แรงๆ	godasin
hina	hina
ordovician	ordovician
ติวเตอร์	tutori
puma	puma
giotto	giotto
hatnote	hatnote
caretta	caretta
โป๊ป	papa
interscope	interscope
emp	pem
emp	impuls
kappa	kappa
voip	voip
rotterdam	roterdam
คอแดง	fshatar
pargs	pargs
mein	mein
coauthors	coauthors
mild	butë
filmfare	filmfare
คาร์ไมเคิล	carmichael
ไบเบิ้ล	biblën
ไบเบิ้ล	bibël
ไบเบิ้ล	bibla
annales	annales
spam	spam
lite	lite
เทอร์โมมิเตอร์	termometër
cervus	cervus
honneur	honneur
schleswig	schleswig
coord	coord
futbolme	futbolme
sis	sis
sis	motër
sis	moter
hendrik	hendrik
carpi	carpi
rina	rina
otc	otc
gts	gts
faa	faa
sartre	sartre
txt	txt
เลินเล่อ	neglizhencë
tdi	tdi
artistid	artistid
อ่างอาบน้ำ	vaskë
อ่างอาบน้ำ	banjë
อ่างอาบน้ำ	banjo
อ่างอาบน้ำ	dush
checktype	checktype
ssl	ssl
streptococcus	streptococcus
atr	atr
เกบ	gabe
เกบ	golashënuesi
dst	dst
tachi	tachi
tenshi	tenshi
burger	burger
burger	hamburger
arkive	arkive
จุกจิก	bezdisur
ucl	ucl
แท็ป	tap
คาร์ลอ	cari
คาร์ลอ	kari
คาร์ลอ	karl
คาร์ลอ	carl
molly	moli
molly	molly
ฮอง	hong
valentin	valentin
schloss	schloss
lindbergh	lindbergh
isis	isis
réunion	réunion
umts	umts
bruxelles	bruxelles
województwo	województwo
แรนดัล	randall
moments	çaste
moments	momente
moments	momentet
poj	poj
jabs	grushte
edda	edda
ceeb	ceeb
แม็ท	matt
แม็ท	mat
แม็ท	met
แม็ท	meti
hobby	hobi
datavalue	datavalue
gaiden	gaiden
maison	maison
พุส	maçoku
พุส	maçok
sar	sar
deutschen	deutschen
ucs	ucs
jojo	jojo
plainlinks	plainlinks
mainz	mainz
csa	csa
เคอร์ฟิว	shperndahen
funimation	funimation
ชักช้า	mbetet
ชักช้า	rini
เทท	tate
thirteen	trembëdhjetë
surrealism	surrealizmi
บารอมิเตอร์	barometri
chapelle	chapelle
leisure	leisure
münster	münster
île	île
alb	alb
ไลล์	lyle
bbs	bbs
geograph	geograph
beats	rreh
pda	pda
pda	pda
aura	aura
pliocene	pliocene
neue	neue
eduardo	eduardo
bing	bing
méxico	méxico
iptv	iptv
mun	mun
msm	msm
chō	chō
shm	shm
fef	fef
flex	flex
atl	atl
stadio	stadio
dagestan	dagestan
nacl	nacl
bpm	bpm
olav	olav
sto	sto
italiana	italiana
shoujo	shoujo
lozano	lozano
deutsches	deutsches
ryū	ryū
fes	fes
ams	ams
centro	centro
ria	ria
vitis	vitis
imd	imd
บางเบา	pupla
nin	nin
daum	daum
innsbruck	innsbruck
tottenham	tottenham
dora	dora
อ๊ะ	ups
mime	mime
peterson	peterson
หนักๆ	rëndë
หนักๆ	rende
std	std
wolfram	volfram
acta	acta
muller	muller
imax	imax
bung	bung
archivedate	archivedate
kerry	keri
unhcr	unhcr
generalized	përgjithësuar
cups	kupa
cups	gota
cups	gotat
cups	kupat
guerra	guerra
msnbc	msnbc
pong	pong
tve	tve
kanye	kanye
magnet	magnet
toon	tun
nrhp	nrhp
bild	bild
gbp	gbp
suru	suru
cooh	cooh
อุ๊ย	ups
dunk	kërcim
bam	bam
ง่อย	sakat
exodus	eksod
arthropoda	arthropoda
pocock	pocock
fet	fet
nen	nen
lettres	lettres
tabi	tabi
ora	ora
plosive	plosive
inst	inst
goto	goto
อัพเดท	përditësuar
อัพเดท	rifreskuar
gta	gta
nas	nas
ups	ups
cod	cod
เคเบิ้ล	kabull
เคเบิ้ล	kabllor
เคเบิ้ล	kabllo
เลขาฯ	sekretare
เลขาฯ	sekretar
เลขาฯ	sekretari
leben	leben
deutschland	deutschland
lisbon	lisbonës
tpe	tpe
topographic	topographic
เมี้ยว	mjau
zoids	zoids
dyk	dyk
livre	livre
gesellschaft	gesellschaft
cdu	cdu
fernandez	fernandez
transcluded	transcluded
mir	mir
medien	medien
droit	droit
korn	korn
michele	michele
ตอแหล	gjepura
ตอแหล	pallavra
köln	köln
jalan	jalan
hotspur	hotspur
église	église
abovebelow	abovebelow
ชอปปิ้ง	pazar
ชอปปิ้ง	blerje
ชอปปิ้ง	pazari
ชอปปิ้ง	shopping
ชอปปิ้ง	blerjet
superfamilia	superfamilia
bom	bom
กรีส	lyhet
uru	uru
noi	noi
ksa	ksa
siècle	siècle
เบย	bae
república	república
crocodylus	crocodylus
ไมโล	milo
งีบ	gjumë
งีบ	gjume
ichigo	ichigo
ano	ano
musique	musique
vim	vim
quantitative	sasiore
dtv	dtv
kirchner	kirchner
เปียนโน	pianos
เปียนโน	piano
เปียนโน	pianon
collagen	silikon
prolog	prolog
ดอยช์	deutsche
sina	sina
macbook	macbook
sac	sac
pseudomonas	pseudomonas
unitary	unitar
ดินเนอร์	darkë
ดินเนอร์	darka
ดินเนอร์	darke
mazda	mazda
ไกส์	skype
mimi	mimi
avatar	avatar
avatar	avatari
yaroslavl	yaroslavl
omim	omim
ssc	ssc
fcb	fcb
accademia	accademia
powerpc	powerpc
coe	coe
pennsylvanian	pennsylvanian
wikinews	wikinews
ย่อมเยา	përballueshme
dvořák	dvořák
เลอะเทอะ	katrahurë
เลอะเทอะ	rrëmujë
เลอะเทอะ	mess
เลอะเทอะ	rrëmujë
barincrement	barincrement
taxon	taxon
cta	cta
chapterurl	chapterurl
fai	fei
études	études
broker	komisioner
fia	fia
ซิการ์	cigare
ซิการ์	puro
ซิการ์	cigarja
ejective	ejective
valencian	valencian
ดรอป	hidh
ดรอป	drop
ดรอป	lësho
ดรอป	hidhe
กระด้ง	gojore
henrik	henrik
ouest	ouest
bafta	bafta
การขนส่งมวลชน	tranziti
การขนส่งมวลชน	tranzite
การขนส่งมวลชน	tranzit
loc	loc
bonn	bonit
bonn	bonn
เมกะเฮิรตซ์	mhz
sixteen	gjashtëmbëdhjetë
บังตา	verbuar
khabarovsk	khabarovsk
oakland	oakland
nadph	nadph
emedicine	emedicine
oro	oro
พุซ	maçoku
พุซ	maçok
นู่	nuhi
นู่	nuh
นู่	nuhu
กระเด้ง	bounce
ขาอ่อน	kofshë
ขาอ่อน	kofshët
dns	dns
ttl	ttl
นรีแพทย์	gjinekolog
shonen	shonen
แชท	biseda
แชท	chat
แชท	bisedë
mcfarland	mcfarland
internazionale	internazionale
evenodd	evenodd
moo	moo
zap	zap
buryatia	burjatia
เอเย่นต์	agjenti
เอเย่นต์	agjent
เอเย่นต์	agjente
espada	espada
mississippian	mississippian
msu	msu
ตูส	stu
rechts	rechts
outdoor	outdoor
intermedia	intermedia
influenzae	influenzae
antineutrino	antineutrino
เปเป	pepe
เปเป	peru
hodder	hodder
bodyguard	truproje
bodyguard	truprojë
bodyguard	truproja
samba	samba
velit	velit
dreamworks	dreamworks
wikiversity	wikiversity
minimal	minimale
minimal	minimal
ntsc	ntsc
sop	sop
csu	csu
จู้จี้	bezdisur
barron	barron
bopp	bopp
özil	özil
subunit	subunit
pur	pur
gaba	gaba
ช๊อค	tronditje
ช๊อค	shok
ช๊อค	tronditja
yami	yami
เตารีด	hekuri
เตารีด	hekur
reine	reine
governorate	governorate
göttingen	göttingen
atk	atk
hohenzollern	hohenzollern
saya	saja
หวานๆ	sweet
หวานๆ	ëmbël
หวานๆ	embel
urs	urs
upn	upn
micky	miki
céline	céline
tuva	tëvaja
dunam	dunam
wikivoyage	wikivoyage
lexikon	lexikon
dmc	dmc
montréal	montréal
vue	vue
consequat	consequat
bara	bara
vin	vin
gpp	gpp
humboldt	humboldt
nike	nike
เนธาน	natan
เนธาน	nathan
cava	cava
paleocene	paleocene
ops	operacione
ops	ops
nisi	nisi
degeneres	degeneres
enim	enim
blackberry	blackberry
marius	marius
oligocene	oligocene
bsc	bsc
commuter	udhëtarësh
mps	deputetet
mps	deputetë
mps	deputetët
hrsg	hrsg
นิกิ	niki
ซื่อๆ	naive
ซื่อๆ	naiv
rip	rip
smtp	smtp
sus	sus
muda	muda
pedersen	pedersen
utd	utd
dag	dag
animenewsnetwork	animenewsnetwork
nsdap	nsdap
fila	fila
đức	đức
nicky	nicky
nicky	niki
palermo	palermo
meryl	meryl
เบลิซ	belize
vojvodina	vojvodinës
vojvodina	vojvodina
buchholz	buchholz
abbaye	abbaye
dukes	dukes
mita	mita
prc	prc
parque	parque
rondo	rondo
amr	amr
moma	moma
sachsen	sachsen
catedral	catedral
hannover	hannover
iglesias	iglesias
mobygames	mobygames
neuroimaging	neuroimazheria
uncredited	uncredited
augsburg	augsburg
historiography	historiografia
manutd	manutd
kyi	kyi
gmatch	gmatch
wmflabs	wmflabs
prec	preç
affricate	affricate
องคชาติ	penisi
องคชาติ	penisit
องคชาติ	penis
nsw	nsw
hussain	hussain
tempor	tempor
neanderthalensis	neanderthalensis
nail	gozhdë
aes	aes
zum	zum
reina	reina
afi	afi
albin	albin
เพลีย	lodhen
เพลีย	lodh
เพลีย	lodhur
maga	krav
svensson	svensson
ffb	ffb
เด็บ	deb
enwiki	enwiki
homme	homme
léopold	léopold
adp	adp
monospace	monospace
uzb	uzb
ether	eter
kwh	kwh
tdma	tdma
parserfunctions	parserfunctions
asturias	asturias
asc	asc
gadgets	veglat
gsp	gsp
bund	bund
palacio	palacio
série	série
beverley	beverly
beverley	beverley
eros	erosi
lgbt	lgbt
hkg	hkg
rihanna	rihanna
blitz	blitz
nur	nur
nazionale	nazionale
bouvier	bouvier
dictionnaire	dictionnaire
aniplex	aniplex
situ	situ
dprk	dprk
kendall	kendall
castelnau	castelnau
thành	thành
stripe	shirit
sylvia	silvia
wolfsburg	wolfsburg
หลานๆ	nipa
หลานๆ	nipat
xix	xix
openbsd	openbsd
dolce	dolce
antiquark	antiquark
gbr	gbr
peterborough	kontea
civ	civ
barker	barker
buch	buch
truncatus	truncatus
bibcode	bibcode
currentnumber	currentnumber
consolidation	konsolidimin
fútbol	fútbol
sixty	sixty
sixty	gjashtëdhjetë
politique	politique
ซุปเปอร์มาร์เก็ต	supermarkete
ซุปเปอร์มาร์เก็ต	supermarket
volvo	volvo
disambig	disambig
deus	deus
dylan	dylan
oldid	oldid
puy	puy
battista	battista
เปล่งปลั่ง	shkëlqen
analogues	analogues
milo	milo
สะอึก	lemza
เฮ้	hey
เฮ้	hej
เฮ้	ej
nikon	nikon
prk	prk
sana	sana
คอแห้ง	etje
คอแห้ง	etur
atrium	atrium
nowiki	nowiki
ไพค์	pike
ไพค์	piken
ไพค์	pikes
freenode	freenode
gucci	gucci
gerd	gerd
guilford	guilford
qam	qam
kari	kari
naoh	naoh
chembox	chembox
หนึบ	ngjitëse
หนึบ	ngjitës
snak	snak
hbv	hbv
ansi	ansi
soccerway	soccerway
เคอร์เซอร์	kursorit
ragtime	ragtime
mola	mola
prinz	prinz
snes	snes
imo	imo
tenth	dhjetën
tenth	dhjeta
naa	naa
roadster	roadster
saku	saku
localisation	localisation
copyleft	copyleft
adj	adj
motilal	motilal
staffordshire	staffordshire
facies	facies
hsdpa	hsdpa
สมิทธ์	smithi
สมิทธ์	smith
rolfe	rolfe
ทำครัว	kuzhine
ทำครัว	kuzhinë
ทำครัว	kuzhina
bmj	bmj
sfr	sfr
rtl	rtl
vir	vir
tnf	tnf
เบ็ท	beta
เบ็ท	beth
เบ็ท	bet
rosetta	rosetta
suomen	suomen
utm	utm
trump	tramp
trump	trump
pron	pron
nach	nach
columnwidth	columnwidth
sungai	sungai
bose	bose
anchoring	ankoroheshin
kunst	kunst
tep	tep
plainlist	plainlist
todor	todor
ฟินช์	finch
kuw	kuw
earn	fitoni
earn	fituat
อวดดี	kryelartë
adolph	adolph
yama	yama
navi	lundërtari
hilton	hilton
abdel	abdel
wrc	wrc
donau	donau
lago	lago
clubnumber	clubnumber
kaval	fyelli
suppressplaceholder	suppressplaceholder
prestel	prestel
ota	ota
boomerang	bumerang
stephan	stephan
wikilinks	wikilinks
shōjo	shōjo
lfp	lfp
haliaeetus	haliaeetus
zun	zun
eme	eme
fibrous	fibroze
โฮลท์	holt
mls	mls
uma	uma
trofeo	trofeo
tem	stervitur
ดุค	duku
ดุค	duk
ดุค	duka
ดุค	dukë
sfc	sfc
asm	asm
tres	tres
dod	dod
shueisha	shueisha
หลวย	tubimet
soccernet	soccernet
origyear	origyear
spiegel	spiegel
preprocess	preprocess
cheers	gezuar
cheers	gëzuar
consectetur	consectetur
nld	nld
sergio	sergio
เฮ็ค	hek
markus	markus
chanel	chanel
oliveira	oliveira
eazy	eazy
jassim	jassim
hermes	hermes
bernhard	bernhard
teres	teres
voluptate	voluptate
mappings	mappings
mus	mus
herrera	herrera
sven	sven
listn	listn
marri	marri
อาลิ	aliu
อาลิ	ali
kirov	kirov
ใจแข็ง	pashpirt
ipo	ipo
bbd	bbd
หือ	hë
ฟรอสท์	frost
ฟรอสท์	acari
func	func
lgpl	lgpl
vlsi	vlsi
shiki	shiki
forte	forte
anura	anura
ทะนุถนอม	gezojme
ทะนุถนอม	buzëqeshi
grape	rrush
grape	rrushi
dioguardi	dioguardi
vaginal	vaginal
blum	blum
photoshop	photoshop
bartolomeo	bartolomeo
msx	msx
โฮลต์	holt
ebook	ebook
openoffice	openoffice
leno	leno
iis	iis
tui	tui
ว่างๆ	vakant
ว่างๆ	boshe
ว่างๆ	bosh
symphonic	simfonike
ontology	ontologjia
mentor	mentor
mentor	mentori
สเต็ก	biftek
nep	nep
selena	selena
pauling	pauling
ses	ses
tyrol	bolzanos
swartz	swartz
pam	pem
pam	pam
deadurl	deadurl
qaboos	qaboos
sonate	sonate
publ	publ
merci	merci
swat	swat
swat	suat
psg	psg
biol	biol
แม็ต	matt
แม็ต	mat
แม็ต	met
แม็ต	meti
aso	aso
postcode	postal
catalunya	catalunya
relax	relax
nivea	nivea
chelyabinsk	chelyabinsk
rhineland	rheinland
noël	noël
kcal	kcal
avi	avi
mallorca	mallorca
shima	shima
perugino	perugino
rhein	rhein
nhl	nhl
mariano	mariano
rhs	rhs
bourgogne	bourgogne
concacaf	concacaf
autosomal	autosomal
icc	icc
nobilis	nobilis
เฝอ	virgil
natvar	natvar
โบนส์	kockat
โบนส์	kocka
โบนส์	eshtrat
โบนส์	eshtra
ยูนิฟอร์ม	uniform
ยูนิฟอร์ม	uniforma
ยูนิฟอร์ม	uniforme
ยูนิฟอร์ม	uniformë
ยูนิฟอร์ม	uniformën
zim	zim
bfa	bfa
metabolite	metabolite
novosti	novosti
selassie	selassie
wikispecies	wikispecies
recherche	recherche
wav	wav
onegai	onegai
megan	megan
tay	tay
hispano	hispano
miley	maili
mainsnak	mainsnak
labore	labore
palmas	palmas
vitae	vitae
moa	moa
pyotr	pyotr
eba	eba
zai	zai
einer	einer
diaz	diaz
kage	kage
amine	amine
implementations	implementations
แอ๊ปเปิ้ล	molla
taisen	taisen
gridcolor	gridcolor
trọng	trọng
hieronymus	hieronymus
wmo	wmo
เทพพยากรณ์	orakulli
เทพพยากรณ์	orakullin
เทพพยากรณ์	orakull
acp	acp
farnese	farnese
ise	ise
villars	villars
presto	presto
cinerea	cinerea
cnet	cnet
พิมพ์เขียว	skicat
rebels	rebelët
rebels	rebelet
rebels	rebelë
ode	odë
