ils	ils
harrassowitz	harrassowitz
amylase	amilazės
rossetti	rossetti
tokuma	tokuma
karabakh	karabachu
gms	bgs
dassault	dassault
jepson	jepson
tambov	tambovas
zac	zac
afg	afg
hasselt	hasselt
amri	amri
metropolitana	metropolitana
bps	bps
fulbright	fulbright
lato	lato
quintet	kvintetas
gmina	palenkės
tribus	tribus
mila	mila
centropus	centropus
ferrer	ferrer
spectrometry	spektrometrija
balkaria	balkarija
herrmann	herrmann
miyamoto	mijamoto
hno	hno
sinica	sinica
dietmar	dietmar
colwidth	colwidth
thwaites	thwaites
insularis	insularis
pessoa	pessoa
valery	valerijus
kombat	kombat
brics	brics
lavigne	lavigne
cambridgeshire	kembridžšyras
mérite	mérite
คลัตช์	sankabos
raiden	raiden
corot	corot
farrar	farrar
nyu	nyu
pulchra	pulchra
stavropol	stavropolio
schulze	schulze
federalist	federalistų
kahlo	kahlo
arkhangelsk	archangelskas
regnal	regnal
sportivo	sportivo
xxiv	xxiv
nacht	nacht
asio	asio
basilique	basilique
berlioz	berlioz
pacifica	pacifica
omnibus	omnibus
physik	physik
sdk	sdk
nndb	nndb
ปันผล	dividendų
emacs	emacs
เท็ท	teit
milena	milena
mcmillan	mcmillan
naoko	naoko
krasnodar	krasnodar
atmos	atmos
oratorio	oratorio
cécile	sesilija
mlb	mlb
rada	rada
borgo	borgo
ktm	eur
oryx	oriksas
ryazan	riazanės
othertournaments	othertournaments
kyiv	kiïv
npov	npov
festa	festa
gules	gules
motacilla	motacilla
kleine	kleine
tjk	tjk
fdp	fdp
václav	václav
avl	avl
lek	lekas
bruegel	bruegel
dka	dka
tirol	tirol
heinemann	heinemann
nkvd	nkvd
espanyol	espanyol
orbis	orbis
obverse	averso
hansa	hansa
arcimboldo	arcimboldo
nob	nob
iberia	iberia
furukawa	furukawa
józef	juozapas
donum	donum
bardeen	bardeen
murillo	murillo
staples	staples
lublin	liublino
gtk	gtk
ifbb	ifbb
wir	wir
seraphim	seraphim
hommes	hommes
dac	vpk
nicotinic	nikotino
iaa	iaa
tft	tft
sebastián	sebastián
monika	monika
bmp	bmp
elton	eltonas
kostroma	kostroma
transformer	transformatorių
sgi	sgi
ผ้าปูที่นอน	lakštai
cherkessia	čerkesija
clio	clio
lévy	lévy
oryol	oriolas
helmholtz	helmholco
bmx	bmx
lol	lol
irkutsk	irkutskas
jimi	jimi
saratov	saratovo
polysaccharides	polisacharidų
savonarola	savonarola
ballantine	ballantine
nytimes	nytimes
angelique	andželika
ghirlandaio	ghirlandaio
เบเบ	bae
unctad	unctad
glycosides	glikozidų
incertae	incertae
hessen	heseno
grb	grb
souza	souza
wehrmacht	vermachto
ribosomal	ribosomos
skn	skn
psv	psv
yunnanensis	yunnanensis
rusa	rusa
คอมเมนท์	komentarai
คอมเมนท์	pastabas
คอมเมนท์	pastabos
คอมเมนท์	komentaruose
condensate	kondensatas
naturalis	naturalis
bef	bef
crusaders	kryžiuočiai
papio	papio
zeitschrift	zeitschrift
česká	česká
nef	nef
motorsport	motorsport
iapetus	japetas
clef	clef
lanceolatus	lanceolatus
diels	diels
duncker	duncker
australianopendoublesresult	australianopendoublesresult
anion	anijonas
yangtze	jangdzė
mémoires	mémoires
ibiza	ibiza
gaspard	gaspard
agito	agito
sedna	sedna
astra	astra
barbera	barbera
azad	azad
een	een
pathé	pathé
hala	hala
miu	mtv
tomsk	tomsko
monomer	monomero
montanus	montanus
kimberley	kimberley
lineata	lineata
hdr	hdr
nigricollis	nigricollis
utamaro	utamaro
semicircular	pusapvalis
bre	bre
tpa	tpa
baill	baill
ฟีบี	febė
ttf	ttf
talkpage	talkpage
floral	žiedų
mur	mur
vasari	vasari
paleo	paleo
vfl	vfl
wyclef	wyclef
wythoff	wythoff
trisomy	trisomija
perú	perú
โค้ท	paltą
polonia	polonija
krzysztof	kristupas
จอส	joss
cpv	verslas
puebla	puebla
susanne	susanne
qantas	qantas
steiermark	steiermark
quay	krantinės
storch	storch
demos	demos
roden	roden
camino	camino
agro	agro
priscus	priskas
ulyanovsk	uljanovsko
แจ๊คพ็อต	dešimtuką
kemerovo	kemerovas
ribeiro	ribeiro
atf	atf
sula	sula
ibc	ibc
jobim	jobim
gian	gian
schmitt	schmitt
onu	onu
เนบ	nava
tōjō	tōjō
wikimedians	wikimedians
kaufmann	kaufmann
dansk	dansk
gustaf	gustaf
nicki	nicki
soares	soares
stemma	stemma
rodrigues	rodrigues
interwikis	interwikis
condenser	kondensatorius
posix	posix
ffm	ffm
vivax	vivax
hamada	hamada
rote	rote
lhs	lhs
corel	corel
scripta	scripta
verdi	verdi
proteus	proteus
ahli	ahli
vaux	vaux
kabila	kabila
tver	tver
munch	munch
renaud	renaud
bicentenario	bicentenario
tdm	lam
fallout	fallout
jolly	linksmas
marinus	marinus
macross	macross
pge	pge
kant	kanto
nena	nena
vfig	vfig
rogier	rogier
runabout	runabout
srpska	srpska
vlc	vlc
บร็อค	brokas
endash	endash
fascia	fascija
moor	atsiremti
adidas	adidas
pywikipedia	pywikipedia
rêve	rêve
hydrophobic	hidrofobinės
kwk	kwk
waffen	waffen
schönbrunn	šenbruno
pygmaea	pygmaea
roe	ikrai
roe	roe
amiga	amiga
yum	jum
herta	herta
tokai	tokai
sturm	sturm
standardization	standartizacija
standardization	standartizavimas
standardization	standartizacijos
fayard	fayard
maculata	maculata
symonds	symonds
newell	newell
ase	ase
artemisia	artemisia
monographs	monografijos
monza	monza
altaica	altaica
natalensis	natalensis
beef	vida
kabushiki	kabushiki
calvados	kalvadosas
concatenation	concatenation
mne	mne
polylepis	polylepis
งามๆ	nuostabiai
mammuthus	mammuthus
udf	udf
lucena	lucena
ayrshire	eršyras
atpase	atpazė
cmc	kvk
bibliothèque	bibliothèque
verso	verso
nausicaa	nausikaja
ordinal	ordinal
justicia	justicia
kidman	kidman
sebastiano	sebastiano
trinita	trinita
fsb	fsb
alyssa	alyssa
microsystems	microsystems
nopp	nopp
floris	floris
nrl	nel
fsf	fsf
utilitarianism	utilitarizmas
printemps	printemps
malabaricus	malabaricus
christgau	christgau
hrv	hrv
โซลูชัน	sprendimai
plutarch	plutarchas
rostrata	rostrata
aab	aab
kovalenko	kovalenko
pharrell	pharrell
โค๊ช	treneris
โค๊ช	trenerio
scrophulariaceae	scrophulariaceae
minaj	minaj
qcd	qcd
beaulieu	beaulieu
metabolites	metabolitai
qos	qos
sumana	sumana
persica	persica
แม๊กซ์	daugiausiai
alexej	alexej
dias	dias
tymoshenko	timošenko
sangallo	sangallo
caa	caa
hugues	hugues
bundestag	bundestagas
languedoc	langedokas
murciélago	murciélago
marriott	marriott
iwate	ivatės
lomo	lomo
cassius	kasijus
westfalen	westfalen
umayyad	omeijadų
syndromes	sindromai
bmc	bmc
rac	rac
isaf	isaf
gigi	gigi
danilo	danilo
wallichii	wallichii
fernand	fernand
huguenots	hugenotų
sosnowiec	sosnoveco
scherzo	scherzo
peña	peña
montreux	montreux
striatus	striatus
coleoptera	coleoptera
shikibu	shikibu
kau	kau
tommaso	tommaso
carte	carte
gsl	gsl
ulm	ulmas
gnp	bnp
wrx	wrx
tca	tca
correggio	correggio
siebold	siebold
sforza	sforza
mpaa	mpaa
taira	taira
holographic	holografinis
ทริบูน	tribune
mateu	mateu
dreamcast	dreamcast
grc	grc
tul	tul
naturae	naturae
bdsm	bdsm
kook	kook
bdi	bdi
lbf	lbf
khaled	khaled
grotto	grota
authentic	autentiškas
authentic	autentiški
follicular	folikulų
vfigimage	vfigimage
legio	legio
hem	hem
gheorghe	gheorghe
duvall	duvall
reuter	reuter
grenoble	grenoble
trung	trung
amv	amv
akon	akon
arx	arx
khoisan	koisanai
aom	aam
floresiensis	floresiensis
deportivo	deportivo
carpio	carpio
virginiana	virginiana
philippinensis	philippinensis
philippi	philippi
xxiii	xxiii
ankara	ankaros
iggy	iggy
severn	severno
fuego	fuego
ecm	ecm
brueghel	brueghel
hawks	vanagai
cornelis	cornelis
ayew	ayew
mirbeau	mirbeau
remastered	remastered
urea	karbamidas
kru	kru
whitening	balinimo
gaspar	gaspar
mcleod	macleod
พาราไดส์	rojų
พาราไดส์	rojus
domine	domine
ful	ful
ubu	ubu
amc	amc
silesia	silezijos
albino	albino
zedong	dzedunas
sens	sens
asd	asd
inflorescence	žiedynas
balkan	balkanų
rift	plyšiu
ccl	ccl
tricolor	tricolor
ฮิสทีเรีย	isterija
brb	brb
messerschmitt	messerschmitt
ile	ile
mli	mli
théâtre	théâtre
stv	stv
joplin	joplin
aldosterone	aldosterono
lenz	lenz
ingo	ingo
waist	juosmens
penicillium	penicillium
candida	candida
juli	juli
cuculidae	cuculidae
gabriele	gabriele
yttrium	itrio
obiang	obiang
varicella	vėjaraupių
wadsworth	wadsworth
dorsalis	dorsalis
fulgens	fulgens
segunda	segunda
rheinmetall	rheinmetall
baldr	baldras
lal	lal
salisb	salisb
mgo	mgo
roussillon	roussillon
dimage	dimage
cfb	cfb
dsb	dsb
dene	dene
jeffery	jeffery
cytokines	citokinų
mulhouse	mulhouse
parvus	parvus
tle	tle
siri	siri
dtm	dtm
gsx	gsx
strigidae	strigidae
umno	umno
filler	užpildu
hbc	hbc
ogasawara	ogasavaros
lsu	lsu
schwarzenegger	schwarzenegger
toma	toma
dma	dma
oxo	okso
literatur	literatur
schön	schön
algarve	algarvės
cattleya	katlėja
hdd	hdd
maysky	majos
peta	peta
chardin	chardin
templo	templo
kenyatta	kenyatta
pavlov	pavlovas
bale	bale
jena	jena
bartolomé	bartolomé
zeiten	zeiten
bix	bix
herz	herz
wakayama	vakajamos
petrucci	petrucci
constructivism	konstruktyvizmas
caron	caron
reiner	reiner
iva	iva
buprenorphine	papildė
avalokiteśvara	avalokitešvara
coetzee	coetzee
handbuch	handbuch
prl	prl
metallurgy	metalurgijos
veronese	veronese
usopendoublesresult	usopendoublesresult
armani	armani
ramírez	ramírez
foz	foz
taihu	taihu
rotavirus	rotaviruso
heros	heros
popper	popper
vevo	vevo
anastasius	anastasijus
catwalk	takeliais
lsi	lsi
wilk	wilk
tensei	tensei
woodstock	woodstock
mirador	mirador
lieder	lieder
attenborough	attenborough
lti	lti
fsi	sif
xxix	xxix
ovi	ovi
mena	mena
pio	pio
svgborder	svgborder
smc	smc
creatine	kreatino
cours	cours
kreuz	kreuz
cdh	cdh
masa	masa
orientale	orientale
sturnidae	sturnidae
tokyopop	tokyopop
saf	saf
secretion	sekrecijos
secretion	sekrecija
daigaku	daigaku
fyodor	fiodoras
bantam	bantam
torneo	torneo
serine	serino
kuhn	kuhn
bms	bms
shrewsbury	shrewsbury
cagayan	kagajano
vfb	vfb
antonín	antoninas
alu	alu
usos	usos
valladolid	valjadolido
astrobiology	astrobiologija
oldfield	oldfield
stol	stol
altus	altus
tadashi	tadashi
orogeny	kalnodara
clube	clube
vls	vls
pisano	pisano
mittelalter	mittelalter
wadi	vadi
domus	domus
transl	transl
vazquez	vazquez
tinea	kailinė
eidos	eidos
galatasaray	galatasaray
cervidae	cervidae
piaf	piaf
supa	supa
tpi	tpi
nuovo	nuovo
teke	teke
archiv	archiv
schalke	schalke
kaskade	kaskade
faire	faire
pertussis	kokliušo
wimbledondoublesresult	wimbledondoublesresult
lemaitre	lemaitre
ดิ๊ค	dikas
nitida	nitida
banksy	banksy
พีรามิด	piramidės
dmx	dmx
karak	karako
miniato	miniato
benfica	benfica
คาร์ไลส์	carlisle
aspire	aspire
bcl	bcl
embraer	embraer
sade	sadas
payet	payet
lom	lom
toko	toko
vivre	vivre
tabasco	tabasko
hau	hau
seamonkey	seamonkey
groß	groß
ums	ums
antonin	antonijuje
trastevere	trastevere
arif	arif
puyi	puyi
jms	jms
ekaterina	jekaterina
maclean	maclean
illyria	ilyrija
gata	gata
jános	jános
warcraft	warcraft
berne	berno
giovanna	giovanna
schmid	schmid
hosni	hosni
shō	shō
breslau	breslau
papuana	papuana
ฟอเรส	miškas
meuse	masas
fille	fille
dep	dep
interieur	interieur
resins	dervų
resins	dervos
lista	lista
susumu	susumu
gregorio	gregorio
ilha	ilha
harmattan	harmatanas
königsberg	karaliaučiaus
uva	uva
jost	jost
franche	franche
arecaceae	arecaceae
singlestitles	singlestitles
gyro	giroskopo
vvv	vvv
rubus	rubus
quirinal	kvirinalo
lalibela	lalibela
novaehollandiae	novaehollandiae
melara	melara
universelle	universelle
nem	nem
khanate	chanatas
xlr	xlr
uls	uls
gillis	gillis
bsp	bsp
bey	bey
galant	galant
malam	malam
lopes	lopes
aer	aer
cacao	cacao
goh	goh
sti	sti
vogt	vogt
qajar	kadžarų
ssm	ssm
ciu	kis
regno	regno
sdp	sdp
nuestra	nuestra
เวสส	wes
phosphorylation	fosforilinimo
muaythai	muaythai
traoré	traoré
goldenrod	rykštenė
johnstone	johnstone
yekaterinburg	jekaterinburgas
directorate	direktoratas
iain	iain
snell	snell
sprache	sprache
maz	maz
biogeography	biogeografija
universitas	universitas
rostock	rostock
nordisk	nordisk
endocrinology	endokrinologija
icloud	icloud
sgml	sgml
alfons	alfons
eisner	eisner
pahang	pahangas
ifc	ifc
แท็งค์	sugebėti
แท็งค์	tankai
แท็งค์	bakas
rathaus	rathaus
businessweek	businessweek
maximilien	maksimiljanas
serbs	serbai
karlstad	karlstadas
iib	iib
natta	natta
nahuatl	nahuatl
puente	puente
gris	gris
passant	passant
eoc	eoc
amar	amar
castelli	castelli
กระติก	valgyklų
musculus	musculus
alpestris	alpestris
frenchopendoublesresult	frenchopendoublesresult
extremadura	extremadura
fragonard	fragonard
dha	dha
locomotives	lokomotyvai
premios	premios
osijek	osijek
scalar	skaliarinis
esters	esteriai
neckar	neckar
eustatius	eustatijus
คลัช	sankabos
dinamo	dinamo
ltu	ltu
etal	etal
łódź	lodzės
gnb	gnb
mobo	mobo
cfr	cfr
kondo	kondo
amm	sma
riemann	rymano
leeuwenhoek	leeuwenhoek
triticum	triticum
tondo	tondo
cska	cska
clin	clin
biographie	biographie
histidine	histidinas
speciosus	speciosus
chevaliers	ševaljė
gaertn	gaertn
kärnten	kärnten
coldplay	coldplay
yasuo	yasuo
lilian	liliana
stansted	stansted
générale	générale
vanna	vanna
loggia	loggia
scrofa	scrofa
frazier	frazier
graveolens	graveolens
ubs	ubs
ríos	rioso
falconiformes	falconiformes
zedd	zedd
pylori	pylori
livius	livius
ranidae	ranidae
princeps	princeps
endothelial	endotelio
beluga	beluga
museveni	museveni
tua	tua
kamal	kamal
weiß	weiß
plantarum	plantarum
turkestan	turkestanas
ndp	ndp
messi	messi
aspera	aspera
offenbach	offenbach
lind	lind
parasitology	parazitologija
hellhammer	hellhammer
marginata	marginata
llywelyn	livelinas
eglise	eglise
velde	velde
diocletian	diokletianas
xli	xli
breviceps	breviceps
nrj	nrj
steyr	steyr
buran	buran
benoît	benoît
neuropsychology	neuropsichologija
oba	oba
gorizia	gorizia
annalen	annalen
patna	patna
bakufu	bakufu
deum	deum
forsyth	forsyth
oku	oku
mémoire	mémoire
cea	cea
aga	aga
umbria	umbrijos
oper	oper
dunant	dunant
fratelli	fratelli
huguenot	hugenotai
abū	abū
แบล็คเมล์	šantažas
robustus	robustus
librairie	librairie
asiaticus	asiaticus
gei	gei
lanius	medšarkės
wsw	vsv
sinn	sinn
invictus	invictus
vistula	aistmarių
capitis	capitis
radix	radix
encyclopédie	encyclopédie
macropus	macropus
immunoglobulins	imunoglobulinai
broeder	broeder
troubadour	trubadūras
calvus	calvus
torvalds	torvalds
gamow	gamovas
ocarina	okarina
tarantula	tarantulo
jacky	jacky
genève	genève
uccello	uccello
clézio	clézio
sassetti	sassetti
nss	nss
cinereus	cinereus
marburg	marburgo
nevsky	nevskis
germania	germanija
hélène	hélène
braunschweig	braunschweig
pdr	ldr
mourir	mourir
christus	christus
orm	orm
amines	aminai
cok	tsn
isoleucine	izoleucinas
sabatier	sabatjė
trs	trs
playhouse	namelį
toefl	toefl
bertolt	bertold
zainal	zainal
dirck	dirck
dessert	desertas
peptides	peptidų
ruslan	ruslan
paramore	paramore
nudum	nudum
pluralism	pliuralizmo
pluralism	pliuralizmas
volcanism	volcanism
jenner	jenner
mappa	mappa
olympique	olympique
assr	assr
vilhelm	vilhelm
testa	testa
yakutsk	jakutskas
peres	peres
tiësto	tiësto
ลีธ	leith
guardant	guardant
takeo	takeo
korg	korg
duratec	duratec
filho	filho
beiträge	beiträge
tomáš	tomáš
hervé	hervé
whu	whu
แห้งๆ	sausa
แห้งๆ	sausas
แห้งๆ	sausos
wallenstein	wallenstein
satriani	satriani
stefanie	stefanie
herzberg	herzberg
commedia	commedia
vieillot	vieillot
philology	filologija
srebrenica	srebrenicos
britten	britten
förster	magica
carleton	carleton
lindau	lindau
topo	topo
yad	jad
armagnac	armanjakas
malin	malin
wilber	vilberis
condo	prabangūs
gmc	gmc
pim	pim
jahrhunderts	jahrhunderts
ebo	ebo
ribosome	ribosoma
transgenic	transgeninių
rois	rois
corneille	corneille
caspar	kasparas
iras	iras
bukowski	bukowski
vitesse	vitesse
darpa	darpa
tcs	tks
oceanographic	okeanografijos
estado	estado
currentsinglesranking	currentsinglesranking
artpop	artpop
sholokhov	šolochovas
leishmaniasis	leišmaniozė
orthopaedic	ortopedijos
beaked	snapuotieji
boigny	boigny
fujifilm	fujifilm
occidental	kordiljera
generis	generis
dressler	dressler
reale	reale
ltr	retais
familjebok	familjebok
scholes	scholes
tambo	tambo
mam	maa
gbe	gbe
gori	gori
arthropods	nariuotakojų
goldene	goldene
fleury	fleury
schumann	schumann
mariae	mariae
cisc	cisc
trudeau	trudeau
tomasz	tomasz
ignaz	ignacas
böhmen	böhmen
meo	meo
carrera	carrera
murinus	murinus
kurchatov	kurčiatovas
ondo	ondo
spinosus	spinosus
ried	ried
proline	prolinas
muelleri	muelleri
miyako	mijako
gbc	gbc
fal	fal
kiba	kiba
bfe	bfe
dijkstra	dijkstra
sevastopol	sevastopolis
caesars	iškovota
qpr	qpr
orazio	orazio
freund	freund
dfc	dfc
neige	neige
megamix	megamix
libertador	libertador
jef	jef
evol	evol
tanah	tanah
ostrobothnia	pohjanma
บราวเซอร์	naršykles
ephesus	telekom
quae	quae
udi	upi
stanzas	posmai
yoshizawa	jošidzava
boni	boni
elegy	elegija
elongatus	elongatus
matte	matinis
tatlin	tatlinas
rinaldo	rinaldo
salvadori	salvadori
władysław	vladislovas
simferopol	simferopolis
guérin	guérin
sternberg	sternberg
verrucosus	verrucosus
alcohols	alkoholiai
vulgare	vulgare
alpina	alpina
mbar	mbar
ormerod	ormerod
reggio	reggio
ojos	ojos
dnb	dnb
tutankhamun	tutanchamonas
henriette	henriette
jahrhundert	jahrhundert
josep	josep
maldonado	maldonado
città	città
aitken	aitken
assimilis	assimilis
hab	hab
calderón	calderón
mane	manas
aml	ūml
hussite	husitų
trier	trier
melchior	melchior
sleeve	mova
npg	npg
alenia	alenia
halberd	alebarda
skyteam	skyteam
nawaf	nawaf
michelin	michelin
osp	osp
hydrophilic	hidrofilinių
aristide	aristidas
norge	norge
zwingli	zwingli
wulf	wulf
krieg	krieg
slp	slp
joaquim	joaquim
svan	svan
superba	superba
arias	arias
mondiale	mondiale
oiseaux	oiseaux
jiménez	jiménez
sorbitol	sorbitolis
sorbitol	sorbitolio
knesset	kneseto
tottori	totorio
dji	dji
bor	bor
fibrinogen	fibrinogeno
helden	helden
quoll	sterbliakiaunė
trotsky	trockis
daniela	daniela
cauchy	koši
kcl	kcl
pergamon	pergamas
shp	shp
hre	hre
wigan	wigan
vedic	vedų
gatwick	gatwick
armas	armas
spurs	spurs
dissociation	disociacijos
renner	renner
morel	morel
rayleigh	relėjaus
laplace	laplaso
erde	erde
sessile	bekočio
vicenza	kvartale
macfarlane	macfarlane
zara	zara
ielts	ielts
heydar	heidaras
deva	deva
sampdoria	sampdoria
jazira	jazira
sharealike	sharealike
dungeons	požemiai
uto	jutų
pika	kiškėnai
polypropylene	polipropileno
ricard	ricard
collectie	collectie
tropenmuseum	tropenmuseum
tmnr	tmnr
sambo	sambo
rosenbaum	rozenbaumas
guttata	guttata
primacy	viršenybė
königin	königin
sagrada	sagrada
latte	latte
wallach	wallach
blanca	blanca
seligman	seligman
montagu	montagu
cfcs	cfc
chavannes	chavannes
tps	tps
rerum	rerum
rochefort	rochefort
baikonur	baikonuro
klee	klee
typhoid	šiltine
forex	forex
leucogaster	leucogaster
ascari	ascari
foxboro	foxboro
tino	tino
vanitas	vanitas
jeddah	džida
avn	avn
trad	trad
raisonné	raisonné
azureus	azureus
suhrkamp	suhrkamp
aubl	aubl
powys	povis
orff	orff
pumilio	pumilio
naturalism	natūralizmas
hermosa	hermosa
selby	selby
poznań	poznanėje
montmartre	montmartre
sericea	sericea
manu	manu
viswanathan	višvanatanas
variability	kintamumas
variability	kintamumą
endl	endl
folke	folke
synod	sinodas
icmp	icmp
osu	osu
icomos	icomos
dasa	dasa
ลมปาก	žodžiai
flavus	flavus
revista	revista
gok	kv
longa	longa
thắng	thang
huangdi	huangdi
chromatic	chromatinė
versace	versace
guzman	guzman
thermus	thermus
frankfurter	frankfurter
grd	grd
bentham	bentamas
อ้วนๆ	storas
อ้วนๆ	riebalų
อ้วนๆ	riebalai
europaea	europaea
abyssinian	abisinijos
häkkinen	häkkinen
superbike	superbike
btc	btc
campania	kampanija
sativum	sativum
gni	bnp
pictus	pictus
kesha	kesha
fsh	fsh
agnese	agnese
erj	erj
szczecin	ščecino
infanterie	infanterie
kitano	kitano
budi	budi
schwerin	schwerin
magazin	magazin
reagents	reagentai
groningen	groningen
slovene	slovėnijos
slovene	slovėnų
attenuata	attenuata
thérèse	thérèse
arborophila	miškinės
paganini	paganini
ajaccio	ajaccio
alberti	alberti
humber	hamberio
magni	magni
sufism	sufizmas
cortina	kortina
montefeltro	montefeltro
adriano	adriano
geist	geist
nebulosus	nebulosus
palladio	palladio
aeg	aeg
shimon	shimon
slobodan	slobodan
wirth	wirth
auer	auer
schweizer	schweizer
abbé	abbé
levesque	levesque
tana	tana
spartak	spartak
ไพก์	lydeka
brehm	brehm
alles	alles
nergal	nergal
vela	vela
debtors	skolininkų
debtors	skolininkai
cve	cve
bse	bse
mehmet	mehmet
mohan	mohan
baha	baha
origines	origines
upa	upa
kati	kati
silmarillion	silmarillion
mks	mks
madinat	madinat
garten	garten
friuli	friuli
mclachlan	mclachlan
salmonidae	lašišinės
virology	virusologijos
totalitarian	totalitarinių
transistors	tranzistoriai
sikorski	sikorski
lomas	lomas
wakeman	wakeman
spanky	spanky
mcneill	mcneill
ฮ่าๆ	lol
ika	ika
urb	urb
joffe	joffe
turk	turkas
cushion	pagalvėlės
krebs	krebso
katrin	katrin
gnarls	gnarls
rahn	rahn
odf	odf
yoshimoto	jošimoto
damping	slopinimas
sikkim	sikimas
vannes	vannes
orinoco	orinoko
cysteine	cisteino
fiumicino	fiumicino
dlr	dlr
dorn	dorn
rheumatology	reumatologijos
takarazuka	takarazuka
sarandon	sarandon
abi	abi
fruticosa	fruticosa
fbc	fbc
âme	âme
tvp	tvp
erowid	erowid
vil	vil
chaux	chaux
agilis	agilis
philibert	philibert
celta	celta
macrolepis	macrolepis
sobota	sobota
frelimo	frelimo
beos	beos
zdf	zdf
clouet	clouet
danzig	dancigo
londres	londres
ghamdi	ghamdi
classicism	klasicizmas
rustam	rustamas
septentrionalis	septentrionalis
tsg	tsg
ove	ove
dubia	dubia
pardo	pardo
concepción	konsepsjono
mommsen	mommsen
changchun	čangčunas
prokofiev	prokofjevas
heliamphora	heliamfora
dagmar	dagmar
pyloric	prievarčio
fluviatilis	fluviatilis
delaunay	delaunay
cimarron	cimarron
maes	maes
reni	reni
seuil	seuil
netanyahu	netanyahu
leal	leal
curzon	curzon
nanda	nanda
bona	bona
kemal	kemal
commerzbank	commerzbank
zoro	zoro
mckagan	mckagan
caput	caput
eintracht	eintracht
girona	girona
zárate	zárate
benvenuto	benvenutas
jørn	jørn
renfrewshire	renfrušyras
esperanza	esperanza
ligands	ligandai
glaucescens	ferokaktusas
michiel	michiel
vivir	vivir
southpaw	kairiarankis
joaquín	joaquín
moschata	moschata
pentax	pentax
pravda	pravda
notatus	notatus
olympicsresult	olympicsresult
clattenburg	clattenburg
เก้บ	gabe
kua	kua
dryocopus	dryocopus
kozlov	kozlov
jerez	jerez
rasa	rasa
hyaluronic	hialurono
tintoretto	tintoretas
varela	varela
roald	roald
mesoderm	mezoderma
kerch	kerčės
bhakti	bhakti
pagemaker	pagemaker
tengah	tengah
gtr	btr
caerphilly	karfilis
haim	haim
bfc	bfc
mendeleev	mendelejevas
taça	taça
camillo	camillo
taenia	jautinis
porträt	porträt
fibrin	fibrino
takai	takai
sqlite	sqlite
corte	corte
elastica	fikusas
krogh	krogh
watford	watford
henriques	henriques
lomonosov	lomonosovas
tatras	tatrai
ecce	ecce
xxxi	xxxi
bwa	bwa
dariusz	dariusz
vlt	vlt
mcmaster	mcmaster
kickstarter	kickstarter
lapland	laplandijos
tuomas	tuomas
livejournal	livejournal
uke	uke
berlinale	berlinale
kann	kano
governorates	muchafazos
depressa	depressa
aula	aula
pontus	pontas
jacksoni	jacksoni
odes	odes
toussaint	toussaint
anomala	bijūnas
hematite	hematitas
valeria	valeria
bryophytes	samanas
senghor	sengoras
uomo	uomo
dscf	dscf
pta	pta
faw	faw
linoleic	linolo
steampunk	stimpankas
mujer	mujer
paulus	paulus
futbol	futbol
bloemaert	bloemaert
zoran	zoran
schengen	šengeno
polypeptide	polipeptidas
irfan	irfan
yaoundé	yaoundé
arash	arash
ncp	ncp
aja	aja
kasia	kasia
collaris	medkirtis
utu	utu
siddeley	siddeley
plagioclase	plagioklazas
raab	raab
deportiva	deportiva
sochi	sočyje
canescens	canescens
cura	cura
galatea	galatėja
gracia	gracia
inaba	inaba
laz	laz
reiches	reiches
bruck	bruck
prodcode	prodcode
bmt	bmt
orel	orel
aon	aon
paleogene	paleogenas
popo	popo
ตู้จดหมาย	dėžutė
artnet	artnet
cistercian	cistersų
arabidopsis	baltažiedis
keynes	keynes
vps	vps
turdidae	turdidae
poprad	popradas
berchem	berchem
macke	macke
strigiformes	strigiformes
คิกิ	kiki
historica	historica
pera	pera
isidore	isidore
friedlander	friedlander
sopot	sopotas
exd	exd
popmatters	popmatters
signorelli	signorelli
arion	arion
oyama	oyama
อ่างล้างหน้า	užimtumą
oneworld	oneworld
prolactin	prolaktino
curia	curia
tennō	tennō
คุ้นๆ	pažįstamas
คุ้นๆ	matytas
cano	cano
carniola	kraina
pywikipediabot	pywikipediabot
wrocław	wrocław
mavericks	mavericks
pfalz	pfalz
schult	schult
saud	saudas
klug	klug
hesiod	hesiodas
dello	dello
régiment	régiment
formulae	formulės
formulae	formules
kiu	ktv
