loaddata	loaddata
osprey	osprey
directx	directx
merriam	merriam
miocene	miocene
zanthoxylum	zanthoxylum
luca	luca
ตาชั่ง	vảy
familycolor	familycolor
evergreen	evergreen
titleclass	titleclass
mmorpg	mmorpg
nic	nic
rubiaceae	rubiaceae
ขวนขวาย	giành
njpw	njpw
limnonectes	limnonectes
limnonectes	ingerana
cruiserweight	cwc
คังนัม	gangnam
rae	rae
tls	tls
mtc	mtc
wmf	wmf
pwg	pwg
idn	idn
bandai	bandai
ucla	ucla
เอทีเอ็ม	atm
wta	wta
แรนด์	rand
omniglot	omniglot
ยางลบ	tẩy
tepco	tepco
นมวัว	kua
นมวัว	bò
ped	ped
sdn	sdn
จรจัด	homeless
pizza	pizza
rem	rem
เซรามิค	gốm
เซรามิค	ceramic
เซรามิค	gốm
cis	cis
flop	flop
dek	dek
phuket	phuket
nrt	nrt
thx	thx
bhd	bhd
cotton	bông
cotton	cotton
bonsang	bonsang
cze	cze
ipod	ipod
ipod	ipods
emerg	emerg
ทำหมัน	spay
ไซนัส	xoang
ไซนัส	xoang
setmetatable	setmetatable
hokusai	hokusai
ole	ole
domesticpartner	domesticpartner
tobu	tobu
chennai	chennai
peng	bành
peng	peng
solaris	solaris
บาร์บีคิว	bbq
บาร์บีคิว	bbq
baba	baba
baba	margo
ems	ems
sohc	sohc
เทียนไข	candle
เทียนไข	nến
hoc	hoc
rafinesque	rafinesque
โคไซน์	cosin
เก๊าท์	gout
บู้	bu
บู้	hù
บู้	boo
subfamilia	subfamilia
eos	eos
tidal	tidal
เพียซ	pierce
pdp	pdp
เมก	meg
shtml	shtml
sue	sue
sue	kiện
terme	terme
als	als
cites	cites
birdlife	birdlife
emerald	chlorostilbon
emerald	emerald
bas	bas
percussion	percussion
แฮ็ค	hack
รีซ	reese
จอร์น	gioan
จอร์น	john
plantae	plantae
จำนอง	vay
จำนอง	mortgage
lccn	lccn
oecd	oecd
subclassis	subclassis
disp	disp
sig	sig
ตูด	đít
ตูด	mông
ตูด	butt
ตูด	giò
ตูด	mông
ตูด	đít
racer	racer
พลั่ว	xẻng
พลั่ว	xẻng
linecolor	linecolor
bodyslam	lmfao
irn	irn
วิสกี้	whiskey
วิสกี้	rượu
วิสกี้	scotch
วิสกี้	whiskey
วิสกี้	whisky
benth	benth
basestyle	basestyle
afp	afp
ฟอร์แมต	format
lycodon	lycodon
คิงสตัน	kingston
ไดร์ฟ	chạy
ไดร์ฟ	cán
lpg	gas
wifi	wifi
getcurrenttitle	getcurrenttitle
ambox	ambox
msv	msv
ipad	ipad
afanasieff	afanasieff
สำลัก	tàn
สำลัก	nghẹn
cmos	cmos
gmelin	gmelin
เบรค	phanh
เบรค	phanh
ดอท	chấm
ดอท	dot
marksize	marksize
กลมๆ	hiệp
กลมๆ	vòng
mcdonald	mcdonald
mcdonald	mcdonalds
mcdonald	mcdonalds
nist	nist
มัดจำ	deposit
trigramme	trigramme
vhs	vhs
kde	kde
asst	asst
medlineplus	medlineplus
wikibooks	wikibooks
bkk	bk
alternativemap	alternativemap
อีเมล์	email
nepenthaceae	nepenthaceae
ไนลอน	nylon
ทะลึ่ง	láu
albomarginata	albomarginata
lopez	lopez
ลินช์	lynch
goldblatt	goldblatt
กิกิ	kiki
sato	sato
datastyle	datastyle
apa	apa
kloster	kloster
ifpi	ifpi
forsskål	forsskål
gpa	gpa
lightsteelblue	lightsteelblue
sauvage	sauvage
อินเตอร์เฟส	giao
stardust	stardust
sao	sò
ministère	ministère
aol	aol
ลอเรล	laurel
perrow	perrow
factsheet	factsheet
hon	hon
rss	rss
rheum	rheum
aec	aec
senton	senton
แบส	bass
ฝักบัว	tắm
ปาโล	palo
คลัสเตอร์	cụm
คลัสเตอร์	cụm
tee	tee
nom	nom
wittgenstein	wittgenstein
kmc	kmc
avec	avec
geforce	geforce
nano	nano
casting	casting
bamboo	bamboo
bamboo	tre
nigra	nigra
miq	miq
gmail	gmail
webometrics	webometrics
cyworld	cyworld
เมดเลย์	medley
ipcc	ipcc
itf	itf
nong	nong
geoffroy	geoffroy
byp	byp
เนด	ned
เหยือก	mug
monobook	monobook
gprs	gprs
playmore	playmore
fips	fips
watt	watt
veitchii	veitchii
psu	edu
editpage	editpage
habilis	habilis
eka	eka
dodge	dodge
eia	eia
citationclass	citationclass
อมยิ้ม	lollipop
yves	yves
ซ้า	sab
ซ้า	saab
universität	universität
ซอด	zod
originalairdate	originalairdate
amet	amet
kin	kin
kyaw	kyaw
นัมบะ	namba
ras	ras
ลีท	leith
อุ้งมือ	paws
sprint	sprint
nyc	nyc
otome	otome
barneby	barneby
publicationdate	publicationdate
gee	gee
mma	mma
panoramio	panoramio
แพม	pam
australopithecus	australopithecus
vhf	vhf
evo	evo
ทรัมป์	trump
timeshift	timeshift
muell	muell
ich	ich
doki	doki
johan	johan
คีบ	forceps
rsa	rsa
ฮิบ	hip
ฮิบ	hông
metacritic	metacritic
cms	cms
abcd	abcd
arp	arp
uswa	uswa
biz	biz
dude	khứa
dude	dude
dude	kiss
deutsch	deutsch
ฮโย	hyo
ต้อหิน	glôcôm
subpages	subpages
หี	cunt
hotcat	hotcat
ไมก้า	micah
mont	mont
svk	svk
จัว	chùa
จัว	chua
เซสชัน	phiên
เซสชัน	phiên
capo	capo
บัดดี้	buddy
pantene	pantene
itc	itc
tko	tko
vlan	vlan
panasonic	panasonic
odbc	odbc
infraordo	infraordo
leguminosae	leguminosae
kaon	kaon
naka	naka
longus	longus
cochrane	cochrane
คอมมูน	xã
gogo	gogo
aac	aac
société	société
dia	dia
adr	adr
util	util
globalsecurity	globalsecurity
kentucky	kentucky
imageright	imageright
ไฮไลต์	highlight
ลูกวัว	ngưu
ลูกวัว	bê
raiders	raiders
ซีรี่ส์	series
longman	longman
ipc	ipc
mah	mah
aps	aps
แชต	chát
แชต	chat
capensis	capensis
österreich	österreich
quis	quis
cfm	cfm
contentcat	contentcat
fps	fps
kew	kew
cwa	cwa
กรน	ngáy
pardus	pardus
chikara	chikara
joker	joker
sakagami	sakagami
cambodge	cambodge
fcc	fcc
ataxia	ataxia
stadion	stadion
demospace	demospace
cpe	cpe
pog	pog
bash	bash
อืม	chà
อืม	ừm
hdmi	hdmi
mundo	mundo
titlebackground	titlebackground
เธน	thane
sumatrana	sumatrana
staphylococcus	staphylococcus
แท่	tae
tel	tel
tel	đt
ฟิค	fig
delle	delle
gam	gam
coco	coco
palgrave	palgrave
titleforeground	titleforeground
osama	osama
kinki	kinki
japonica	japonica
kinase	kinase
อัลเฟร็ด	alfred
nec	nec
sunsilk	sunsilk
baeksang	baeksang
cdt	cdt
nbsp	nbsp
duomo	duomo
halign	halign
nvidia	nvidia
isi	isi
pubmed	pubmed
tung	tùng
tung	tung
tero	tero
xvi	xvi
xvi	xvii
hdl	hdl
foto	foto
arxiv	arxiv
csv	csv
gin	gin
วัตถุนิยม	materialism
buttonlabel	buttonlabel
parc	tàng
eco	eco
kokoro	kokoro
université	université
facebuster	facebuster
nida	nida
liebe	liebe
muay	muay
amor	amor
tis	tis
fernández	fernández
bayern	bayern
ผิวปาก	còi
ผิวปาก	sáo
mis	mis
ใสๆ	hind
ใสๆ	doe
saab	sab
saab	saab
vtr	vtr
amorphous	amorphous
anhalt	anhalt
immunoglobulin	immunoglobulin
shortsummary	shortsummary
ati	ati
gmbh	gmbh
mugunghwa	mugunghwa
แฮ่	hae
psy	psy
intl	intl
tnt	tnt
natalie	natali
ปฐมนิเทศ	hướng
africana	africana
tam	tam
duméril	duméril
amadeus	amadeus
ลงๆ	swings
โบกมือ	vẫy
โบกมือ	sóng
โบกมือ	wave
korail	korail
württemberg	württemberg
มอซ	moz
utama	utama
subsid	subsid
harpercollins	harpercollins
ไลค์	như
ไลค์	thích
ไลค์	like
domenico	domenico
ชอล์ก	chalk
ชอล์ก	phấn
เดนี	dani
เฝือก	cast
berhad	berhad
colstyle	colstyle
pledis	pledis
moulin	moulin
mayo	mayo
proc	proc
uht	uht
rhizopus	rhizopus
nicholson	nicholson
jfk	jfk
primer	primer
bashkortostan	bashkortostan
mov	mov
const	const
fallax	fallax
mpv	mpv
กระเจี๊ยบ	gumbo
vga	vga
scr	scr
บล็อค	khối
บล็อค	block
บล็อค	chặn
slr	slr
ppv	pv
cfc	cfc
trend	trend
outlook	outlook
lacépède	lacépède
sissel	sissel
ลูปัส	lupus
ชีก	sheik
squamata	squamata
inflow	inflow
eis	eis
lounge	lounge
moonsault	moonsault
trna	trna
gaon	gaon
checkuser	checkuser
govaerts	govaerts
meshnumber	meshnumber
beau	beau
cmu	cmu
brookesia	brookesia
crossbody	crossbody
hominin	hominin
ร้อนๆ	hot
ร้อนๆ	nóng
erminea	erminea
hpa	hpa
โรงนา	thóc
inset	inset
archiveurl	archiveurl
cena	cena
chrtitle	chrtitle
endtheme	endtheme
nadh	nadh
mgrtitle	mgrtitle
arius	arius
ecu	ecu
ขนลุก	creepy
bcd	bcd
nobelprize	nobelprize
dev	dev
som	som
saurischia	saurischia
พุช	puss
repackage	repackage
oxidase	oxidase
stm	stm
gagnep	gagnep
msds	msds
whitesmoke	whitesmoke
pod	pods
irq	irq
insight	insight
lyn	lyn
musashi	musashi
formatdate	formatdate
ซักรีด	giặt
pcall	pcall
tyson	tyson
sharpe	sharpe
แฮก	hacker
แฮก	hack
reductase	reductase
hug	hug
hug	ôm
hug	kẹp
hug	siết
hug	kiem
ราจ	raj
เย็นๆ	lạnh
underhook	underhook
pst	pst
dante	dante
colhead	colhead
jelly	thạch
jelly	jelly
eigenmann	eigenmann
cassini	cassini
république	république
slip	trượt
och	och
ter	ter
คนสวน	gartner
kawasaki	kawasaki
backgroundcolors	backgroundcolors
iep	iep
éditions	éditions
สต๊อก	kho
sfsr	sfsr
aspergillus	aspergillus
pulp	pulp
doubleday	doubleday
voivodeship	voivodeship
fitzinger	fitzinger
sortkey	sortkey
metallicity	metallicity
amg	amg
ducal	ducal
uni	uni
dab	dab
quicktime	quicktime
otoko	otoko
agassiz	agassiz
liverpoolfc	liverpoolfc
lac	lac
srb	srb
nulla	nulla
sevilla	sevilla
subtemplate	subtemplate
hatsukoi	hatsukoi
nrc	rfa
seds	seds
wikibase	wikibase
isnotempty	isnotempty
andante	andante
aviator	aviator
philips	philips
gba	gba
พุดดิ้ง	pudding
utrecht	utrecht
tentaculata	tentaculata
gainsboro	gainsboro
พาโล	palo
ute	ute
tsu	tsu
mango	xoài
mango	mango
milne	milne
kato	kato
lowii	lowii
theodor	theodor
uncollapsed	uncollapsed
rec	rec
kbps	kbps
lightblue	lightblue
scopus	scopus
taxa	taxa
hina	hina
megaman	megaman
ติวเตอร์	latin
puma	puma
syed	syed
giotto	giotto
hatnote	hatnote
caretta	caretta
interscope	interscope
ลมกรด	lốc
ลมกรด	whirlwind
emp	emp
kappa	kappa
voip	voip
rotterdam	rotterdam
pargs	pargs
mein	mein
coauthors	coauthors
mild	nhẹ
aqm	aqm
ลีต	leith
filmfare	filmfare
confed	confed
sco	sco
fern	fern
คาร์ไมเคิล	carmichael
annales	annales
spam	spam
geki	geki
lite	lite
cervus	cervus
honneur	honneur
schleswig	schleswig
futbolme	futbolme
sis	sis
sis	chị
hendrik	hendrik
carpi	carpi
hubbs	hubbs
rina	rina
mdi	mdi
rta	rta
otc	otc
gts	gts
decca	decca
faa	faa
fanny	fanny
sartre	sartre
txt	txt
kabardino	kabardino
tdi	tdi
artistid	artistid
อ่างอาบน้ำ	bad
อ่างอาบน้ำ	bath
อ่างอาบน้ำ	tắm
checktype	checktype
ssl	ssl
streptococcus	streptococcus
atr	atr
mpc	mpc
เกบ	gabe
dst	dst
tachi	tachi
zingiberaceae	zingiberaceae
ถลอก	cạo
abusefilter	abusefilter
burger	burger
cacatua	cacatua
arkive	arkive
ucl	ucl
แท็ป	nhấn
คาร์ลอ	carl
archaeopteryx	archaeopteryx
molly	molly
ฮอง	hong
ฮอง	hồng
gimp	gimp
valentin	valentin
valentin	valentín
schloss	schloss
smf	smf
soa	soa
lindbergh	lindbergh
isis	isis
réunion	réunion
mistyrose	mistyrose
ncsoft	ncsoft
sampa	sampa
อิ่มใจ	basking
bigbang	bigbang
hist	hist
jacq	jacq
contribs	contribs
wikiquote	wikiquote
รังแค	gàu
getz	getz
bruxelles	bruxelles
województwo	województwo
แรนดัล	randall
miniseries	miniseries
mcclelland	mcclelland
moments	moments
poj	poj
jabs	jabs
cribb	cribb
ceeb	ceeb
stenophylla	stenophylla
แม็ท	matt
datavalue	datavalue
gaiden	gaiden
maison	maison
พุส	puss
sar	sar
nbr	nbr
borneensis	borneensis
ucs	ucs
jojo	jojo
plainlinks	plainlinks
mainz	mainz
csa	csa
accord	accord
funimation	funimation
ชักช้า	lag
เทท	tate
thirteen	thirteen
surrealism	surrealism
vevent	vevent
chapelle	chapelle
rüppell	rüppell
münster	münster
île	île
alb	alb
ไลล์	lyle
ncc	ncc
bbs	bbs
geograph	geograph
beats	hê
beats	sọc
ronda	ronda
unforgiven	unforgiven
tvn	tvn
pda	pda
pda	pda
aura	aura
pliocene	pliocene
neue	neue
rosso	rosso
eduardo	eduardo
bing	bing
méxico	méxico
méxico	mêxico
iptv	iptv
mun	mun
msm	msm
chō	chō
fef	fef
flex	flex
ambystoma	ambystoma
atl	atl
stadio	stadio
dagestan	dagestan
fta	fta
pectinata	pectinata
nacl	nacl
bpm	bpm
olav	olav
hystrix	hystrix
sto	sto
italiana	italiana
skyblue	skyblue
argonauta	argonauta
shoujo	shoujo
lgv	lgv
latreille	latreille
lozano	lozano
angiosperm	angiosperm
deutsches	deutsches
ryū	ryū
fes	fes
ams	ams
nco	nco
daesang	daesang
centro	centro
radeon	radeon
wiesbaden	wiesbaden
ria	ria
vitis	vitis
imd	imd
บางเบา	lông
srt	srt
nin	nin
daum	daum
pubchem	pubchem
innsbruck	innsbruck
weibo	weibo
tottenham	tottenham
tev	tev
dora	dora
อ๊ะ	ối
อ๊ะ	oops
อ๊ะ	op
mime	mime
microlepis	microlepis
firewire	firewire
peterson	peterson
หนักๆ	nặng
geneon	geneon
birdman	birdman
kao	kao
std	std
acta	acta
muller	muller
escherichia	escherichia
imax	imax
archivedate	archivedate
kerry	kerry
unhcr	unhcr
generalized	generalized
qld	qld
orchestre	orchestre
cups	tách
cups	cups
cups	bện
dnp	dnp
pars	pars
idolmaster	idolmaster
benn	benn
guerra	guerra
msnbc	msnbc
pong	soi
pong	pong
tve	tve
blink	nháy
blink	blink
kanye	kanye
sixteenth	sixteenth
iarc	iarc
magnet	magnet
valeton	valeton
nrhp	nrhp
bild	bild
courbet	courbet
gbp	gbp
dct	dct
suru	suru
cooh	cooh
อุ๊ย	ối
อุ๊ย	oops
อุ๊ย	op
bam	bam
ง่อย	què
arthropoda	arthropoda
pocock	pocock
rwd	rwd
nen	nen
kraenzl	kraenzl
lettres	lettres
acipenser	acipenser
igf	igf
nct	nct
tabi	tabi
ora	ora
ucode	ucode
inst	inst
goto	goto
pax	pax
gta	gta
tiến	tiến
ups	ups
cod	cod
เคเบิ้ล	cáp
craib	craib
leben	leben
deutschland	deutschland
lisbon	lisboa
lisbon	lisbon
powerslam	powerslam
tpe	tpe
ptsd	ptsd
haeckel	haeckel
topographic	topographic
tbm	tbm
transliteration	transliteration
เมี้ยว	meow
เมี้ยว	meo
dyk	dyk
livre	livre
zita	zita
ไซปัน	saipan
gesellschaft	gesellschaft
cdu	cdu
nabo	nabo
fernandez	fernandez
kunth	kunth
transcluded	transcluded
mir	mir
girard	girard
medien	medien
bismuth	bitmut
cronquist	cronquist
droit	droit
mainichi	mainichi
econ	econ
overdrive	overdrive
michele	michele
dickson	dickson
ตอแหล	vẩn
taxoboxes	taxoboxes
nok	nok
apec	apec
pou	pou
toolserver	toolserver
คูต	fulica
jalan	jalan
btob	btob
nnn	nnn
hotspur	hotspur
spinebuster	spinebuster
wikt	wikt
église	église
abovebelow	abovebelow
ชอปปิ้ง	sắm
ชอปปิ้ง	shopping
citrate	citrate
superfamilia	superfamilia
miramax	miramax
bom	bom
petroglyphs	petroglyphs
dsrna	dsrna
กรีส	grease
กรีส	mỡ
sirna	sirna
uru	uru
noi	noi
kuniyoshi	kuniyoshi
ksa	ksa
ocellatus	ocellatus
siècle	siècle
เบย	bae
berghahn	berghahn
cfa	cfa
república	república
jikan	jikan
crocodylus	crocodylus
ไมโล	milo
gangan	gangan
nucleotide	nucleotide
ichigo	ichigo
ano	ano
musique	musique
vim	vim
moctezuma	moctezuma
dtv	dtv
kirchner	kirchner
lour	lour
เปียนโน	piano
dlc	dlc
utagawa	utagawa
collagen	collagen
collagen	colagen
prolog	prolog
ดอยช์	deutsche
sina	sina
macbook	macbook
sac	sac
pseudomonas	pseudomonas
unitary	unitary
ferreira	ferreira
ดินเนอร์	tối
mazda	mazda
unabridged	unabridged
ไกส์	skype
garman	garman
mimi	mimi
singha	singha
กิลเลส	gillespie
nenets	nenets
avatar	thịnh
avatar	avatar
somersault	somersault
yaroslavl	yaroslavl
bokura	bokura
omim	omim
fcb	fcb
accademia	accademia
powerpc	powerpc
coe	coe
pennsylvanian	pennsylvanian
wikinews	wikinews
moderne	moderne
chitra	chitra
shinsengumi	shinsengumi
เลอะเทอะ	messy
เลอะเทอะ	mess
เลอะเทอะ	nhác
เลอะเทอะ	bừa
เลอะเทอะ	giỡn
barincrement	barincrement
botanic	botanic
taxon	taxon
cta	cta
chapterurl	chapterurl
ทัณฑ์บน	parole
fai	fải
fai	fai
petite	petite
romaji	romaji
quint	quint
études	études
continuum	continuum
จืดชืด	nhạt
ejective	ejective
ดรอป	giọt
ดรอป	bỏ
ดรอป	thả
rodentia	rodentia
electronegativity	electronegativity
pfeil	pfeil
henrik	henrik
hoang	hoang
ouest	ouest
bafta	bafta
loc	loc
rsmc	rsmc
angiosperms	angiosperms
bonn	bón
thesz	thesz
เมกะเฮิรตซ์	mhz
sixteen	sixteen
glutamate	glutamate
khabarovsk	khabarovsk
oakland	oakland
nadph	nadph
tensor	tensor
emedicine	emedicine
oro	oro
พุซ	puss
heidelbergensis	heidelbergensis
กระเด้ง	nảy
กระเด้ง	bounce
ขาอ่อน	đùi
dpr	dpr
dns	dns
cristatus	cristatus
shonen	shonen
adagio	adagio
แชท	chát
แชท	chat
mcfarland	mcfarland
africanus	africanus
internazionale	internazionale
vishwanath	vishwanath
evenodd	evenodd
moo	moo
zap	zap
buryatia	buryatia
espada	espada
seurat	seurat
oed	oed
mississippian	mississippian
msu	msu
ตูส	stu
shockley	shockley
germplasm	germplasm
infraclassis	infraclassis
lemonchiffon	lemonchiffon
rechts	rechts
polydor	polydor
intermedia	intermedia
influenzae	influenzae
barbus	barbus
gakuin	gakuin
antineutrino	antineutrino
treme	treme
imc	imc
เปเป	pepe
เปเป	peru
hodder	hodder
nfc	nfc
samba	samba
velit	velit
dreamworks	dreamworks
wikiversity	wikiversity
nikkan	nikkan
raion	raion
niloticus	niloticus
ntsc	ntsc
sop	sop
csd	csd
eaba	eaba
czw	czw
viz	viz
torii	torii
mcv	mcv
schweinf	schweinf
casio	casio
barron	barron
özil	özil
subunit	subunit
pur	pur
gaba	gaba
ช๊อค	sốc
ช๊อค	shock
yami	yami
เตารีด	sắt
coturnix	coturnix
plexus	plexus
voc	voc
subphylum	subphylum
viroid	viroid
reine	reine
เครป	crepe
governorate	dimashq
göttingen	göttingen
asahina	asahina
atk	atk
tjm	tjm
hohenzollern	hohenzollern
หวานๆ	sweet
หวานๆ	ngọt
urs	urs
upn	upn
micky	micky
tyrosine	tyrosine
samguk	samguk
theropoda	theropoda
tuva	tuva
dunam	dunam
wikivoyage	wikivoyage
mms	mms
lexikon	lexikon
tcwc	tcwc
dmc	dmc
vue	vue
consequat	consequat
spica	spica
bara	bara
vin	vin
webos	webos
gpp	gp
มึนงง	rơn
humboldt	humboldt
nike	nike
เนธาน	nathan
abdulrahman	abdulrahman
iter	iter
cava	cava
paleocene	paleocene
ops	ops
nisi	nisi
degeneres	degeneres
enim	enim
blackberry	blackberry
marius	marius
tapirus	tapirus
oligocene	oligocene
bsc	bsc
commuter	commuter
cbn	cbn
regio	regio
บังกะโล	bungalow
บังกะโล	chòi
hrsg	hrsg
นิกิ	niki
rip	xé
rip	rip
alamos	alamos
smtp	smtp
sus	sus
diffusivity	diffusivity
muda	muda
pedersen	pedersen
nadar	nadar
utd	utd
dag	dag
epiphyte	epiphyte
animenewsnetwork	animenewsnetwork
nsdap	nsdap
fila	fila
phasianidae	phasianidae
pang	bàng
ngn	ngn
nicky	nicky
motogp	motogp
palermo	palermo
meryl	meryl
hspa	hspa
เบลิซ	be
เบลิซ	belize
vojvodina	vojvodina
rdf	rdf
buchholz	buchholz
abbaye	abbaye
dukes	dukes
mita	mita
prc	prc
parque	parque
rondo	rondo
amr	amr
truss	truss
moma	moma
spielberg	spielberg
เหยาะ	yao
เหยาะ	diêu
zaft	zaft
villosa	villosa
catedral	catedral
hannover	hanover
hannover	hannover
joanna	joanna
iglesias	iglesias
nycticebus	nycticebus
mobygames	mobygames
uncredited	uncredited
augsburg	augsburg
spectabilis	spectabilis
historiography	historiography
manutd	manutd
kyi	kyi
gmatch	gmatch
wmflabs	wmflabs
prec	prec
sdb	sdb
outre	outre
affricate	affricate
zaw	zaw
อาร์ตี้	artie
nsw	nsw
hussain	hussain
tempor	tempor
acs	acs
nail	nail
nail	móng
hookeriana	hookeriana
wimax	wimax
duis	duis
aes	aes
zum	zum
reina	reina
kalmykia	kalmykia
csc	csc
cvn	cvn
salvator	salvator
andersson	andersson
albin	albin
เพลีย	trau
เพลีย	mệt
svensson	svensson
emporis	emporis
poptime	poptime
barnstar	barnstar
apex	apex
เด็บ	deb
daw	daw
enwiki	enwiki
bubba	bubba
léopold	léopold
toho	toho
adp	adp
offical	offical
uzb	uzb
pwr	pwr
ether	ether
ether	ete
kwh	kwh
tdma	tdma
ramanujan	ramanujan
bwr	bwr
parserfunctions	parserfunctions
tcm	tcm
adv	adv
กยู	gyu
กยู	kyu
truncata	truncata
asturias	asturias
asc	asc
vaillant	vaillant
gsp	gsp
palacio	palacio
rutaceae	rutaceae
beverley	beverley
pka	pka
eros	eros
spathulata	spathulata
lgbt	lgbt
hkg	hkg
icann	icann
schum	schum
zanuck	zanuck
taxobox	taxobox
rihanna	rihanna
blitz	blitz
nur	nur
nazionale	nazionale
bouvier	bouvier
dictionnaire	dictionnaire
aniplex	aniplex
nsaids	nsaids
shoten	shoten
situ	situ
dprk	dprk
kendall	kendall
kendall	kendal
monodelphis	monodelphis
castelnau	castelnau
thành	thành
stripe	stripe
sylvia	sylvia
esse	esse
clustering	clustering
wolfsburg	wolfsburg
หลานๆ	cháu
mycobacterium	mycobacterium
omg	omg
photobucket	photobucket
xix	xix
agb	agb
openbsd	openbsd
vipera	vipera
dolce	dolce
vachellia	acacia
antiquark	antiquark
highestsinglesranking	highestsinglesranking
gbr	gbr
peterborough	peterborough
campanulata	campanulata
afs	afs
barker	barker
lydekker	lydekker
thalberg	thalberg
vivo	vivo
buch	buch
truncatus	truncatus
careerprizemoney	careerprizemoney
bibcode	bibcode
opengl	opengl
บลูเบอร์รี	blueberry
doublesrecord	doublesrecord
mtb	mtb
consolidation	consolidation
megaforce	megaforce
treron	treron
hamer	hamer
hamer	hammer
pskov	pskov
nzl	nzl
federalism	federalism
politique	politique
volvo	volvo
disambig	disambig
deus	deus
piedmont	cuneo
clostridium	clostridium
phineas	phineas
psk	psk
blainville	blainville
dylan	dylan
oldid	oldid
pgm	pgm
mollis	mollis
puy	puy
battista	battista
เปล่งปลั่ง	nến
เปล่งปลั่ง	glowing
leonhard	leonhard
milo	milo
pollutant	pollutant
transcriptase	transcriptase
laidlaw	laidlaw
สะอึก	nấc
varanus	varanus
laurenti	laurenti
เฮ้	nè
เฮ้	hi
เฮ้	này
เฮ้	hey
nikon	nikon
prk	prk
sana	sana
คอแห้ง	khát
nowiki	nowiki
shita	shita
ไพค์	pike
nyasaland	nyasaland
freenode	freenode
gucci	gucci
gerd	gerd
guilford	guilford
qam	qam
kari	kari
singlesrecord	singlesrecord
naoh	naoh
gourmet	gourmet
momoiro	momoiro
หนึบ	dính
หนึบ	sticky
flava	flava
humilis	humilis
cvd	cvd
snak	snak
pte	pte
nes	nes
hbv	hbv
plunkett	plunkett
hydrocortisone	hydrocortisone
ไวต์ฮอล	whitehall
ansi	ansi
soccerway	soccerway
wada	kaoru
akai	akai
tts	tts
ragtime	ragtime
kawaii	kawaii
mola	mola
prinz	prinz
derm	derm
snes	snes
imo	imo
richelieu	richelieu
naa	naa
roadster	roadster
ymca	ymca
saku	saku
localisation	localisation
copyleft	copyleft
adj	adj
motilal	motilal
staffordshire	staffordshire
khamis	khamis
xinhua	xinhua
primorsky	primorsky
getty	getty
tunguska	tunguska
facies	facies
hsdpa	hsdpa
สมิทธ์	smith
rolfe	rolfe
dake	dake
ทำครัว	bếp
bmj	bmj
jerkins	jerkins
sfr	sfr
rtl	rtl
vir	vir
tnf	tnf
สเน่ห์	allure
roundel	roundel
compositae	compositae
nativename	nativename
เบ็ท	beth
rosetta	rosetta
suomen	suomen
utm	utm
trump	trump
dihedral	dihedral
othernames	othernames
pron	pron
nach	nach
mordovia	mordovia
syr	syr
columnwidth	columnwidth
quoy	quoy
pteropus	pteropus
sungai	sungai
bose	bose
takehiko	takehiko
kunst	kunst
aof	aof
yonekura	koki
sivan	sivan
singlet	singlet
madagascariensis	madagascariensis
plainlist	plainlist
radialis	radialis
cpn	cpn
usher	usher
rté	rté
eutheria	eutheria
bbb	bb
highestdoublesranking	highestdoublesranking
todor	todor
ฟินช์	finch
kuw	kuw
earn	giành
kuni	kuni
adolph	adolph
yama	yama
kotoba	kotoba
navi	navi
hilton	hilton
abdel	abdel
swa	swa
ไฟร์เบิร์ด	firebird
wrc	wrc
regency	regency
protease	protease
donau	donau
lago	lago
spyder	spyder
lycée	lycée
naing	naing
clubnumber	clubnumber
kaval	kaval
suppressplaceholder	suppressplaceholder
sigurd	sigurd
scn	scn
coriacea	coriacea
ota	ota
boomerang	boomerang
stephan	stephan
networth	networth
desu	desu
tvk	tvk
wikilinks	wikilinks
somethin	somethin
thunb	thunb
lfp	lfp
ksc	ksc
aldansky	aldansky
haliaeetus	haliaeetus
jeju	jeju
clr	clr
zun	zun
iguaçu	iguaçu
tripitaka	tripitaka
eme	eme
muteki	muteki
epac	epac
monoamine	monoamine
ovata	ovata
โฮลท์	holt
mls	mls
uma	uma
prionailurus	prionailurus
trofeo	trofeo
ดุค	duke
sfc	sfc
asm	asm
onsen	onsen
tres	tres
shueisha	shūeisha
ces	ces
soccernet	soccernet
origyear	origyear
spiegel	spiegel
preprocess	preprocess
cheers	zô
cheers	cạn
consectetur	consectetur
phosphatase	phosphatase
paradisaea	paradisaea
fen	fen
stochastic	stochastic
insignis	insignis
nld	nld
italicized	italicized
sergio	sergio
markus	markus
triomphe	triomphe
faf	faf
nwo	nwo
chanel	chanel
niosh	niosh
australianopenresult	australianopenresult
oliveira	oliveira
eazy	eazy
jassim	jassim
hermes	hermes
poey	poey
bernhard	bernhard
teres	teres
cbm	cbm
voluptate	voluptate
mappings	mappings
mus	muss
mus	mus
herrera	herrera
sven	sven
listn	listn
อาลิ	ali
kirov	kirov
ลอตเตอรี่	xổ
jdbc	jdbc
astrakhan	astrakhan
ipo	ipo
tms	tms
หือ	hở
หือ	huh
หือ	hử
หือ	hả
testudo	testudo
บริกส์	briggs
ฟรอสท์	frost
polygonaceae	polygonaceae
func	func
lgpl	lgpl
britz	britz
römer	römer
เซจ	sage
koala	koala
vlsi	vlsi
atsuko	atsuko
naver	naver
uwa	uwa
shiki	shiki
forte	forte
anura	anura
