pasha	pasha
ieee	ieee
chói	brilhantismo
fokker	fokker
pearson	pearson
atriplex	atriplex
cantabria	cantábria
cebu	cebu
fast	presa
fast	preso
fast	presos
lodovico	lodovico
voldemort	voldemort
lốp	pneus
lốp	pneu
lốp	pneus
lốp	pneu
parviflora	parviflora
liège	liège
popov	popov
concolor	concolor
geoffrey	godofredo
geoffrey	geoffrey
bosch	bosch
lorentz	lorentz
namen	namen
twinkle	brilha
natal	natal
cohen	cohen
fern	feto
fern	fern
moses	moses
moses	moisés
apocynaceae	apocynaceae
memphis	memphis
chapman	chapman
cinnamomum	cinnamomum
pulchella	pulchella
thắn	maneirismos
eulophia	eulophia
norwich	norwich
alta	alta
clo	clo
clo	cloro
adelaide	adelaide
delphinium	delphinium
angelo	angelo
angelo	ângelo
nile	nilo
metacritic	metacritic
clapton	clapton
messier	messier
dreams	sonha
dreams	sonhos
dreams	dreams
sázavou	sázavou
nôi	berço
huesca	huesca
hector	hector
hector	heitor
ling	ling
maguire	maguire
kylie	kylie
cưng	querido
cưng	queridos
cưng	querida
suez	suez
yorktown	yorktown
federer	federer
bofors	bofors
yunnanensis	yunnanensis
vụng	desajeitada
vụng	desastrado
vụng	desastrada
vụng	trapalhão
vụng	desajeitado
dãi	baba
dãi	babar
zombie	zombie
zombie	zumbis
zombie	zumbi
aphonopelma	aphonopelma
ichigo	ichigo
mẩu	ark
mẩu	arca
mẩu	planilha
mẩu	lençol
mẩu	folha
mẩu	lençois
mẩu	folhas
mẩu	lençóis
brien	brien
turn	ginástica
hen	seriamente
hen	sério
hen	asma
tun	estaleiro
tun	yard
tun	quintal
tun	pátio
tun	tun
shō	shō
plymouth	plymouth
hwa	hwa
anglo	anglo
palm	palm
palm	palma
palm	palmeira
montreal	montreal
fulham	fulham
auf	auf
root	raízes
root	raiz
root	root
root	raíz
boheman	boheman
cinerea	cinerea
žďár	žďár
portugal	portugal
nhổ	cospe
nhổ	cuspir
nhổ	cospe
nhổ	cuspir
argiope	argiope
waterloo	waterloo
rành	conhecedor
citrus	citrinos
halifax	halifax
germar	germar
milton	milton
mollis	mollis
kazan	kazan
serra	serra
cac	cac
cac	tu
cac	você
cac	vc
archer	arqueiro
archer	archer
noel	noel
ritter	ritter
brooks	brooks
ferry	ferry
ferry	balsa
minima	minima
minima	mínimos
strauss	strauss
lóc	choramingar
naples	nápoles
emmanuel	emanuel
emmanuel	emmanuel
allison	allison
allison	alison
guérin	guérin
jäger	jäger
lionel	lionel
orchidee	orchidee
cuvier	cuvier
trick	truque
trick	trick
mariah	mariah
aster	aster
oerlikon	oerlikon
rivera	rivera
curtiss	curtiss
serrata	serrata
tenerife	tenerife
borhidi	borhidi
thani	thani
vữa	morteiro
vữa	argamassa
vữa	morteiros
burton	burton
catalan	catalão
rita	rita
giấm	vinagre
jtwc	jtwc
hua	hua
anobiidae	anobiidae
latreille	latreille
float	flutua
float	flutuar
hwang	hwang
rpg	rpg
proc	proc
compact	compactos
compact	compacto
compact	compacta
cheng	cheng
cyprinidae	cyprinidae
cornell	cornell
ribes	ribes
heller	heller
calyptranthes	calyptranthes
motor	motor
bandera	bandera
sat	sab
sat	sentei
sat	sentado
sat	sáb
sat	sat
christoph	christoph
andersen	andersen
orchideen	orchideen
elisabeth	elisabeth
rouge	rouge
darius	darius
darius	dario
chiapas	chiapas
benfica	benfica
saxon	saxão
saxon	saxões
saxon	saxon
smithsonian	smithsonian
penn	penn
primates	primatas
variabilis	variabilis
magnus	magno
magnus	magnus
sục	potência
sục	energia
sục	poder
sục	power
abe	abe
ita}}	ita}}
hòm	ark
hòm	arca
freeman	freeman
mọng	suculenta
mọng	suculento
kurz	kurz
yan	yan
glabra	glabra
ramos	ramos
polo	polo
polo	pólo
flores	flores
prairie	prairie
prairie	pradaria
timothy	timothy
timothy	timóteo
ieyasu	ieyasu
cloud	nuvens
cloud	nuvem
cloud	cloud
loét	úlcera
loét	úlceras
loét	úlcera
bernardo	bernardo
nbc	nbc
passiflora	passiflora
siemens	siemens
rotterdam	roterdão
rotterdam	rotterdam
vừng	sésamo
tằng	zeng
kiel	kiel
eublemma	eublemma
hikaru	hikaru
mcdonald	mcdonald
mcdonald	mcdonalds
eminem	eminem
rim	jante
rim	rim
rim	orla
rim	borda
rim	aro
rim	rima
rim	rimas
ferrara	ferrara
tryon	tryon
dido	dido
mượt	suave
mượt	suaves
mượt	liso
perth	perth
lev	lev
dmitri	dmitri
dmitri	dimitri
chad	chad
chad	chade
satsuma	satsuma
zagreb	zagreb
betula	betula
tesla	tesla
irish	irlandeses
irish	irish
irish	irlandesa
irish	irlandês
mayenne	mayenne
castilleja	castilleja
kun	kun
litsinger	litsinger
fishbase	fishbase
sấy	anchovas
sấy	secador
sấy	secagem
teamb	teamb
sitticus	sitticus
pine	pinheiro
pine	pine
pine	pinho
mol	verrugas
mol	toupeiras
mol	moles
mol	mol
giăng	teias
abel	abel
barbus	barbus
jičín	jičín
trút	derramando
anatolia	anatólia
purpurea	purpurea
midlands	midlands
sterculia	sterculia
spam	spam
westwood	westwood
barack	barack
nitida	nitida
cardiff	cardiff
kerr	kerr
vaccinium	vaccinium
indo	indo
videos	vídeos
videos	videos
michener	michener
rubra	rubra
chat	papo
chat	conversar
chat	chat
chat	conversa
zen	zen
goth	gótica
goth	gótico
goth	gótica
goth	gótico
scarlett	scarlett
derek	derek
belgrade	volgogrado
belgrade	belgrado
teresa	teresa
đuốc	tochas
đuốc	tocha
bibliography	bibliografia
schaus	schaus
tru	uivar
tru	ameaçar
tru	ameace
tru	sininho
katy	katy
jeremy	jeremy
léon	léon
nakamura	nakamura
veronica	veronica
veronica	verónica
vision	visão
vision	vision
glenn	glenn
manning	manning
mận	ameixa
mận	ameixas
mận	ameixa
nách	boxes
nách	poços
nách	axila
nách	axilas
szlach	szlach
hartmann	hartmann
euphrasia	euphrasia
agrostis	agrostis
firenze	firenze
polish	polonês
polish	polaco
polish	polonesa
elvis	elvis
tegenaria	tegenaria
benson	benson
sting	ferrão
sting	sting
royce	royce
hesse	hesse
mayer	mayer
litoria	litoria
marcos	marcos
française	française
greenwood	greenwood
parks	parques
xốp	espuma
ilyushin	ilyushin
sưởi	aquecedores
fra}}	fra}}
holocaust	holocausto
lucien	luciano
lucien	lucien
lisbon	lisboa
arachnida	arachnida
reggio	reggio
hyderabad	hyderabad
opuntia	opuntia
dion	dion
kay	kay
paramount	paramount
ellen	ellen
benton	benton
baron	barão
baron	baron
hít	respirar
hít	respira
continental	continental
continental	continentais
sato	sato
rus	rus
nexus	nexus
nexus	nexo
magiê	magnésio
kabul	cabul
kabul	kabul
còi	assobio
còi	assobiar
còi	apito
còi	apitos
pre	pre
pre	pré
preston	preston
phraya	phraya
emi	ime
emi	emi
luca	luca
aria	aria
aria	ária
saitama	saitama
jake	jake
acanthodelta	acaia
ferruginea	ferruginea
bel	bel
brabant	brabante
cave	gruta
cave	caverna
brandt	brandt
villosa	villosa
jensen	jensen
tito	tito
lille	lille
splendens	splendens
herrera	herrera
fairy	fada
vahl	vahl
gustave	gustave
wembley	wembley
vale	vale
mustang	mustang
wwf	wwf
berger	berger
vulgaris	vulgaris
ballet	ballet
ballet	balé
bali	bali
click	clica
click	click
click	clique
malay	malaio
burke	burke
habana	habana
baldwin	baldwin
baldwin	balduíno
glauca	glauca
gomez	gomes
gomez	gomez
gomez	gómez
diva	diva
mills	moinhos
mills	mills
vogel	vogel
exo	exo
aquila	aquila
riley	riley
prain	prain
apache	apache
apache	apaches
swaziland	suazilândia
ngất	desmaiar
ngất	desmaiou
kirk	kirk
villers	villers
dem	dem
bissau	bissau
humboldt	humboldt
mnet	mnet
angels	angels
angels	anjos
cincinnati	cincinnati
stein	stein
jalisco	jalisco
linden	linden
ada	adda
ada	ada
albion	albion
wade	wade
strong	forte
strong	strong
strong	fortes
wto	omc
gould	gould
morales	morais
morales	morales
pixar	pixar
campos	campos
kohl	kohl
gardens	jardins
gardens	gardens
quincy	quincy
ornata	ornata
shizuoka	shizuoka
mythimna	mythimna
paz	paz
dante	dante
pilosa	pilosa
gérard	gérard
fury	fury
fury	fúria
savage	selvagem
savage	savage
savage	selvagens
maculatus	maculatus
hogwarts	hogwarts
oahu	oahu
moy	moy
gil	gil
cabo	cabo
jolie	jolie
rolls	rolos
rolls	rola
rolls	rolls
lviv	lviv
summerh	summerh
rehder	rehder
kota	kota
bauhinia	bauhinia
alessandro	alessandro
ekman	ekman
log	log
parms	parms
springer	springer
barnard	barnard
sabre	sabre
thebes	tebas
claudius	cláudio
tricolor	tricolor
schulz	schulz
bari	bari
guillaumin	guillaumin
plasma	plasma
versicolor	versicolor
sturm	sturm
nathan	nathan
avro	avro
taekwondo	taekwondo
shinsengumi	shinsengumi
turk	turco
turk	turk
patricia	patrícia
patricia	patricia
minutus	minutus
eduard	eduard
bufonidae	bufonidae
yangon	yangon
calamus	calamus
enrique	enrique
strike	strike
strike	greve
asperula	asperula
elymus	elymus
ranger	ranger
yard	estaleiro
yard	yard
yard	quintal
yard	pátio
bucharest	bucareste
konstantinos	constantine
konstantinos	constantino
int	int
shelby	shelby
eudonia	eudonia
lufthansa	lufthansa
taken	tirada
taken	tomado
taken	levado
taken	tomadas
taken	tiradas
rufus	rufus
connor	conner
connor	connor
dynamo	dínamo
harrier	harrier
caudata	caudata
hon	querido
hon	queridos
hon	querida
ôliu	olive
ôliu	oliveira
ôliu	azeitona
ôliu	azeitona
ôliu	azeitonas
nola	nola
liechtenstein	liechtenstein
liechtenstein	listenstaine
shakira	shakira
sứa	medusa
benoit	benoit
rabaul	rabaul
richland	richland
atlantique	atlantique
cromwell	cromwell
queens	rainhas
queens	queens
plain	plain
plain	planície
plain	simples
cello	violoncelo
robertson	robertson
ser	sor
ser	ser
rán	fritar
rán	fritar
rán	fry
quầy	chef
quầy	cozinheiro
fungorum	fungorum
hae	hae
maxon	maxon
dracula	dracula
dracula	drácula
endl	endl
metropolitan	metropolitanas
metropolitan	metropolitana
metropolitan	metropolitano
metropolitan	metropolitan
capparis	capparis
vendée	vendée
tonga	tonga
andaman	andamão
pass	assista
pass	relógio
pass	assistir
pass	assistam
pass	passe
pass	passar
pass	passa
pass	pass
baja	baja
dam	barragem
dam	dique
dam	represa
dam	dam
yeltsin	ieltsin
lori	lori
canyon	desfiladeiro
canyon	canyon
malacca	malaca
lineata	lineata
walther	walther
christie	christie
oeste	oeste
eremophila	eremophila
dominique	dominique
garnier	garnier
ultimate	derradeira
ultimate	ultimate
dieu	dieu
gleason	gleason
crimean	crimeia
crimean	crimeia
chấu	gafanhotos
quentin	quentin
marlborough	marlborough
uta	uta
fleet	frotas
fleet	frota
prodcode	prodcode
tours	passeios
tours	tours
reeder	reeder
girona	girona
hokkaido	hokkaido
tales	contos
tales	tales
canadensis	canadensis
maldives	maldivas
rennes	rennes
castellón	castellón
javier	javier
brod	brod
sharon	sharon
rosario	rosário
rosario	rosario
rosea	rosea
suite	suite
suite	suíte
rollins	rollins
rollins	rawlins
clair	clair
woodson	woodson
antwerp	antuérpia
sevastopol	sebastopol
aurea	aurea
jeju	jeju
mirror	mirror
mirror	espelho
diếp	alface
cyclophora	cyclophora
macrophylla	macrophylla
potentilla	potentilla
lesotho	lesoto
aristotle	aristóteles
maslin	maslin
ultra	ultra
xxx	xxx
arcade	arcada
arcade	arcade
ústí	ústí
reef	recife
wasp	vespa
boong	convés
boong	pavimentos
boong	convés
boong	baralho
boong	deck
spectabilis	spectabilis
furnariidae	furnariidae
pratt	pratt
andalusia	andaluzia
lindau	lindau
kawasaki	kawasaki
bactria	báctria
amanda	amanda
malcolm	malcolm
malcolm	malcom
joker	joker
joker	brincalhão
joker	coringa
yves	yves
mrkos	mrkos
goethe	goethe
winchester	winchester
cnn	cnn
guillaume	guillaume
sericea	sericea
cúi	dobre
cúi	dobrar
cúi	bend
juss	juss
thây	zumbis
thây	zombies
kant	kant
japonicus	japonicus
trifolium	trifolium
granit	granit
nhấp	clica
nhấp	click
nhấp	clique
fallax	fallax
chronicle	crônica
chronicle	chronicle
chronicle	crónica
pumila	pumila
turku	turku
bradford	bradford
gaius	caio
gaius	gaius
antilles	antilhas
seki	seki
ekaterina	ekaterina
populus	populus
shark	tubarões
shark	shark
shark	tubarão
flagstaff	flagstaff
ein	ein
messina	messina
sếu	gruas
sếu	guindastes
sếu	guindaste
sếu	crane
sếu	garça
sếu	grua
mandela	mandela
metallica	metallica
ramírez	ramírez
kanagawa	kanagawa
burret	burret
scorea	scorea
asm	asm
xiếc	circus
xiếc	circo
xiếc	circos
dom	dom
gigas	gigas
dae	dae
altlink	altlink
erwin	erwin
belfast	belfast
linn	linn
picta	picta
joy	joy
joy	alegria
joy	alegrias
haplochromis	haplochromis
verdun	verdun
macau	macau
sint	sint
tyrannidae	tyrannidae
erysimum	erysimum
argia	argia
bryansk	bryansk
hare	hare
hare	lebre
jasper	jasper
nba	nba
tristis	tristis
plata	plata
phở	pho
trafford	trafford
affairs	assuntos
emirates	emirates
emirates	emirados
terme	terme
sum	soma
sum	sum
sum	somatório
swiss	suíça
swiss	suiça
swiss	suíços
swiss	swiss
swiss	suíço
aconitum	aconitum
chin	chin
chin	queixo
clemson	clemson
himmler	himmler
ahn	ivanov
ahn	ahn
dĩa	placa
dĩa	prato
dĩa	chapa
valenciennes	valenciennes
muang	muang
rna	rna
rna	arn
khoe	mostra
khoe	espetáculos
khoe	espectáculos
khoe	shows
düsseldorf	düsseldorf
düsseldorf	dusseldorf
maha	maha
usda	usda
lives	lives
lives	mora
lives	vidas
lives	vive
tyson	tyson
scotopteryx	scotopteryx
sonic	sonic
johor	johor
agm	agm
dượng	vernon
dượng	padrasto
cecil	cecil
larvae	larvas
larvae	larva
besançon	besançon
javascript	javascript
takeda	takeda
mercedes	mercedes
sigma	sigma
adventures	aventuras
adventures	adventures
licania	licania
ryū	ryu
ryū	ryū
ubuntu	ubuntu
kagoshima	kagoshima
tallinn	tallinn
vito	vito
peruviana	peruviana
varese	varese
sparrow	pardal
sparrow	sparrow
origins	origens
banh	bola
banh	ball
yucatán	yucatan
yucatán	yucatán
heli	hélio
wakayama	wakayama
wii	wii
orléans	orléans
orléans	orleães
amazonas	amazonas
lutea	lutea
almería	almería
ponte	ponte
martínez	martínez
thames	tamisa
guadeloupe	guadalupe
@yahoo	@yahoo
jma	jma
cumberland	cumberland
lamarck	lamarck
craugastor	craugastor
btr	btr
serv	serv
leslie	leslie
mụn	acne
mụn	espinhas
mụn	borbulhas
kirby	kirby
catasetum	catasetum
mustafa	mustafa
zona	zona
romero	romero
messerschmitt	messerschmitt
cardamine	cardamine
caradrina	caradrina
pittsburgh	pittsburgh
saladin	saladino
nigrescens	nigrescens
asturias	astúrias
weimar	weimar
synonym	sinônimo
synonym	sinónimo
yoshida	yoshida
vaughan	vaughan
seydlitz	seydlitz
gauss	gaussiana
gauss	gauss
sakhalin	sacalina
esp}}	esp}}
banner	caminhos
banner	bandeira
banner	banners
banner	banner
banner	faixa
banner	estandarte
pallas	pallas
seth	seth
regia	regia
wikidata	wikidata
pao	pao
mega	mega
tơi	correções
tơi	correcções
mindanao	mindanao
nigricans	nigricans
claire	claire
maru	maru
trias	trias
meridionalis	meridionalis
hessen	hessen
hessen	hesse
africanus	africanus
heliconia	heliconia
hindi	hindu
hindi	hindi
tango	tango
tribus	tribus
montréal	montreal
makoto	makoto
dubia	dubia
thank	agradecer
empires	impérios
jesse	jesse
walsh	walsh
hey	ei
hey	hey
adrian	adriano
adrian	adrian
indicus	indicus
kagome	kagome
prescott	prescott
ark	ark
ark	arca
albrecht	albrecht
marsh	pântano
marsh	marsh
govaerts	govaerts
suwon	suwon
gómez	gomes
gómez	gomez
gómez	gómez
gómez	gómez
leach	leach
coldplay	coldplay
české	české
olga	olga
carnegie	carnegie
kwon	kwon
dyar	dyar
yamaguchi	yamaguchi
brit	britt
brit	brit
rod	vara
rod	rod
rod	haste
rod	cana
pseudagrion	pseudagrion
bờm	mane
bờm	crina
crepis	crepis
hermione	hermione
phẩy	vírgula
zeno	zenão
mussolini	mussolini
amazing	incrível
amazing	incrivel
amazing	fantástico
amazing	amazing
nhờn	oleoso
nhờn	gorduroso
joshua	joshua
joshua	josué
earl	earl
earl	conde
demetrios	demétrio
amber	amber
amber	âmbar
nhk	nhk
montevideo	montevidéu
combretum	combretum
neon	néon
neon	neon
hoon	hoon
kenny	kenny
pallidus	pallidus
hanoi	hanói
richter	richter
gamble	gamble
shiki	shiki
kurd	curdo
kurd	curdos
kurd	curda
mercer	mercer
bethlehem	belém
bolt	bolt
invincible	invencível
invincible	invencíveis
sidi	sidi
mainz	mainz
pygmaea	pygmaea
moure	moure
tracy	tracy
imf	fmi
lactuca	lactuca
lacon	lacon
blanchard	blanchard
mickey	mickey
natalensis	natalensis
grenada	granada
uesac	uesac
xml	xml
antigua	antígua
claudia	cláudia
claudia	claudia
shogun	shogun
aung	aung
toei	toei
dynamics	dinâmicas
dynamics	dinâmica
disa	disa
stella	stella
sunda	sunda
sunda	sundae
stoke	stoke
baku	baku
car	carro
car	automóvel
eduardo	eduardo
quăng	atira
yen	iene
yen	ienes
yen	yen
sedis	sedis
werder	werder
seal	foca
seal	lacre
seal	selo
elliot	elliott
elliot	elliot
pasteur	pasteur
albany	albany
achaea	acaia
nesom	nesom
decipiens	decipiens
bloch	bloch
yoga	yoga
yoga	ioga
albacete	albacete
blade	lâmina
blade	blade
gundam	gundam
mat	alimentação
mat	alimentos
mat	alimento
mat	comida
mat	mat
mat	esteira
mat	tapete
nuevo	nuevo
disco	discoteca
disco	disco
rufa	rufa
heinkel	heinkel
gsub	gsub
asp	asp
penny	centavo
penny	penny
penny	tostão
penny	cêntimo
agrochola	agrochola
yuki	yuki
namedata	namedata
blackwall	blackwall
quýt	tangerina
quýt	mandarim
quýt	tangerina
sunni	sunitas
sunni	sunita
eve	eva
eve	véspera
eve	eve
minamoto	minamoto
node	nó
node	nódulo
hacker	hacker
hacker	hackers
hacker	hackers
hacker	hack
sendai	sendai
tiberius	tibério
christophe	christophe
ming	ming
engels	engels
xúi	jinx
lynn	lynn
olomouc	olomouc
durham	durham
chae	chae
chong	chong
hót	cantando
hót	cantar
hót	canta
coloma	coloma
thor	thor
sandbox	sandbox
padova	pádua
padova	padova
ovata	ovata
incertae	incertae
ruby	rubi
ruby	ruby
ruby	rubis
dwight	dwight
selena	selena
comoros	comores
fulton	fulton
palustris	palustris
xavier	xavier
blücher	blücher
candy	bombom
candy	doce
candy	bombons
candy	candy
candy	doces
sheridan	sheridan
pauly	pauly
xòe	tutu
broun	broun
griffin	griffin
fao	fao
vtc	vtc
menzies	menzies
khuấy	mexido
khuấy	mexer
khuấy	agitar
khuấy	mexa
konstantin	konstantin
konstantin	constantino
cube	cubo
r}}	r}}
emil	emílio
emil	emil
rahman	rahman
glen	glen
klaus	klaus
gorbachev	gorbachev
resort	estância
resort	resort
corinna	corinna
benz	benz
hampton	hampton
chandler	chandler
williamson	williamson
pers	pers
papilionidae	papilionidae
göring	goering
göring	göring
göring	göring
nordrhein	nordrhein
samar	samar
quinn	quinn
taira	taira
castel	castel
bmw	bmw
sumer	suméria
irene	irene
cartoon	cartoon
penang	penang
gớm	inflamação
zeller	zeller
scheer	scheer
oberösterreich	oberösterreich
vocals	vocal
vocals	vocais
kahn	kahn
toro	toro
gaon	gaon
sủa	casca
sủa	late
sủa	ladra
carr	carr
fpt	fpt
betty	betty
wilkinson	wilkinson
cholesterol	colesterol
constantinople	constantinopla
allmusic	allmusic
chihuahua	chihuahua
chihuahua	chihuahuas
ancona	ancona
descartes	descartes
tran	tran
madeira	madeira
micro	micro
micro	microfone
thìa	colheres
thìa	colher
bath	banheira
bath	banho
bath	bath
cristata	cristata
blanc	blanc
medici	médicis
medici	medici
medici	médici
gien	genes
gien	gene
gien	genes
cornwall	cornualha
cornwall	cornwall
uae	eau
uae	uae
scharnhorst	scharnhorst
bains	bains
luzula	luzula
marche	marche
bremer	bremer
hormone	hormônio
hormone	hormona
hormone	hormônio
hormone	hormonas
hormone	hormônios
udine	udine
michx	michx
kan	kan
gập	dobrar
gập	dobragem
lens	lente
lens	lentes
lens	vazamento
lens	fuga
beirut	beirute
hahn	hahn
yamada	yamada
linearis	linearis
carabus	carabus
dot	ponto
dot	dot
andersson	andersson
elip	elipse
lafayette	lafayette
willem	willem
tatar	tártaro
boom	bang
boom	estrondo
boom	boom
boom	bum
luigi	luigi
polygonum	polygonum
boone	boone
tetramorium	tetramorium
dumbledore	dumbledore
reo	duvido
reo	dúvidas
reo	duvidas
reo	dúvida
reo	duvida
garrison	guarnição
garrison	garrison
brunnea	brunnea
khun	khun
fiction	ficção
fiction	fiction
sidney	sidney
repens	repens
musashi	musashi
pluto	plutão
pluto	pluto
adobe	adobe
lexikon	lexikon
shizuka	shizuka
lindsey	lindsey
hyundai	hyundai
direct	directa
direct	direta
direct	diretos
direct	direct
direct	direto
primula	primula
hochst	hochst
vermont	vermont
sụn	cartilagem
craven	craven
kato	kato
nomura	nomura
diane	diana
diane	diane
diane	dianne
thrace	trácia
rivière	rivière
borealis	borealis
anders	anders
sugar	açúcares
sugar	açúcar
sugar	sugar
sugar	açucar
bouchet	bouchet
doc	doc
doc	doutora
doc	doutor
dianthus	dianthus
budějovice	budějovice
khalip	califa
antiochos	antíoco
schalke	schalke
kyushu	kyushu
phidippus	phidippus
cremona	cremona
handel	handel
turing	turing
talbot	talbot
piston	pistons
piston	êmbolo
piston	pistão
admiralty	almirantado
cattleya	cattleya
kyle	kyle
emerton	emerton
dale	dale
gloria	glória
gloria	gloria
oder	oder
lange	lange
dakshin	dakshin
shannon	shannon
liti	lítio
mehmed	mehmed
cayman	calgary
cayman	cayman
cayman	caimão
summit	cume
summit	cimeira
summit	cimeiras
summit	summit
martinique	martinica
villiers	villiers
wanda	nómada
wanda	wanda
wilcox	wilcox
martino	martino
obscurus	obscurus
saxophone	saxofone
friedman	friedman
canescens	canescens
vanessa	vanessa
baghdad	bagdade
baghdad	bagdá
baghdad	bagdad
haas	haas
ryukyu	ryukyu
kanon	kanon
schwartz	schwartz
hohenzollern	hohenzollern
para	pará
howell	howell
tolstoy	tolstoy
palawan	palawan
neptune	neptune
neptune	netuno
neptune	neptuno
jupiter	júpiter
velvet	veludo
velvet	velvet
violacea	violacea
mia	mia
alfonso	afonso
alfonso	alfonso
lara	lara
bromley	bromley
proxy	procuração
proxy	proxy
djibouti	djibuti
hattori	hattori
training	formação
training	treinamento
training	treinos
training	treino
musa	musa
bromus	bromus
acta	acta
akb	akb
californica	californica
marcello	marcello
encyclia	encyclia
gilles	gilles
shogakukan	shogakukan
norodom	norodom
funk	funk
robustus	robustus
jharkhand	jharkhand
shepard	shepard
microphylla	microphylla
zanzibar	zanzibar
lil	lil
dmitry	dmitry
boisduval	boisduval
sporobolus	sporobolus
apiaceae	apiaceae
cowan	cowan
randolph	randolph
#tôi	#eu
#tôi	#me
diadegma	diadegma
oakland	oakland
toscana	toscana
toscana	toscânia
ambrose	ambrose
aurelius	aurelius
aurelius	aurélio
antioquia	antioquia
sheikh	sheikh
sheikh	xeque
sheikh	sheik
krai	krai
kottelat	kottelat
gear	ritmo
gear	andamento
gear	gear
gear	engrenagem
gear	velocidades
andorra	podgorica
olympique	olympique
benedict	benedict
benedict	bento
palmer	palmer
irving	irving
trau	cansada
trau	cansados
trau	cansado
bison	bison
medeiros	medeiros
lat	lat
lat	preguiça
lat	preguiçosa
lat	preguiçosos
lat	preguiçoso
ferula	ferula
coruña	coruña
wigan	wigan
crane	guindaste
crane	crane
crane	garça
crane	grua
ôtô	automóveis
ôtô	carros
clement	clemente
clement	clement
fulva	fulva
nobilis	nobilis
darren	darren
duméril	duméril
beaver	beaver
beaver	castores
beaver	castor
paulus	paulus
chopin	chopin
ghẻ	crosta
canterbury	cantuária
canterbury	canterbury
gerhard	gerhard
ariel	ariel
fujiwara	fujiwara
fasciatus	fasciatus
maxima	maxima
indie	indie
konrad	konrad
castillo	castillo
kung	kung
championships	campeonatos
animax	animax
beograd	belgrado
martha	marta
martha	martha
bloom	florescer
bloom	bloom
bloom	florescem
marius	mário
marius	marius
helmut	helmut
avril	avril
mbar	mbar
kure	kure
khuya	tarde
khuya	atrasada
khuya	tardia
khuya	atrasados
khuya	atrasado
suffolk	suffolk
liststyle	liststyle
niken	níquel
kimi	kimi
beaufort	beaufort
maui	maui
tone	tons
tone	tone
rue	rue
michoacán	michoacán
ferrari	ferrari
stan	stan
rebel	rebeldes
rebel	rebelde
loi	loi
regina	regina
laporte	laporte
cerastium	cerastium
cherry	cherry
cherry	cereja
cherry	cerejeira
cherry	cerejas
scout	escoteiro
scout	batedor
scout	scout
scout	escuteiro
scout	olheiro
coburg	coburgo
lozère	lozère
pereira	pereira
borneensis	borneensis
interscope	interscope
bruxelles	bruxelas
gaston	gaston
clannad	clannad
citation	citação
sakai	sakai
plethodontidae	plethodontidae
fairey	fairey
curie	curie
chuck	chuck
dora	dora
két	cofres
aerospace	aeroespacial
aerospace	aerospace
benn	benn
donau	danúbio
donau	donau
punctatus	punctatus
dengeki	dengeki
romagna	romanha
bergen	bergen
hora	hora
schinz	schinz
laevis	laevis
scottish	escócia
scottish	escocês
scottish	escoceses
scottish	escocesa
scottish	scottish
sagar	sagar
turkish	turcos
turkish	turco
turkish	turca
turkish	turcas
trinity	trindade
trinity	trinity
antigonos	antígono
shop	loja
shop	comércio
shop	lojas
alur	alur
roche	roche
lamiaceae	lamiaceae
gallo	gallo
kafka	kafka
sonora	sonora
leiden	leiden
truncata	truncata
meteor	meteoro
meteor	meteorito
meteor	meteoros
hubert	humberto
hubert	hubert
thwaites	thwaites
schumacher	schumacher
bertrand	bertrand
turin	turim
tibialis	tibialis
sylvia	sylvia
sylvia	silvia
wikitext	wikitext
valentin	valentin
thriller	suspense
thriller	thriller
holly	holly
sensu	sensu
fidel	fidel
ivanovich	ivanovich
ash	ash
ash	cinza
ash	cinzas
brittany	bretanha
brittany	brittany
benoist	benoist
gentry	gentry
pohl	pohl
wickes	wickes
giặt	lavandaria
giặt	lavanderia
giặt	lavada
giặt	lavadas
giặt	lavou
giặt	lavado
wrestlemania	wrestlemania
middlesbrough	middlesbrough
barker	barker
spitfire	spitfire
gurevich	gurevich
philipp	philipp
andre	andre
andre	andré
andre	andré
hibiscus	hibiscus
barton	barton
pierce	pierce
rfc	rfc
dactylorhiza	dactylorhiza
catania	catania
scandens	scandens
falcata	falcata
canary	canário
canary	canárias
karst	karst
cynanchum	cynanchum
santana	santana
logroño	logroño
hilton	hilton
smithii	smithii
spotted	malhado
spotted	visto
spotted	avistado
paniculata	paniculata
sexy	sexy
sexy	sensual
sexy	sexys
vinyl	vinil
cược	aposta
cược	apostar
cược	aposta
cược	bet
lars	lars
jia	jia
krasnodar	krasnodar
wikimapia	wikimapia
chẻ	buraco
chẻ	hole
chẻ	furo
formosana	formosana
rainer	rainer
vilnius	vilnius
trieste	trieste
pharaon	faraós
columnea	columnea
miers	miers
phineas	phineas
sirius	sirius
arafat	arafat
bèo	coxo
bèo	manco
leonid	leonid
fuller	fuller
kino	kino
phoebe	phoebe
concorde	concorde
fernald	fernald
micrantha	micrantha
benevento	benevento
seok	seok
cervus	cervus
boleslav	boleslav
brevipes	brevipes
sec	sec
natalie	natalie
natalie	nathalie
barca	barça
barca	barca
cassini	cassini
halloween	halloween
midland	midland
narcissus	narciso
nottingham	nottingham
boson	bóson
angelica	angelica
angelica	angélica
labrador	labrador
shinichi	shinichi
shinichi	kudo
malesia	malesia
mono	mono
charlton	charlton
rót	pour
sites	sítios
sites	sites
skin	pele
skin	skin
doyle	doyle
cedar	cedar
cedar	cedro
saturn	saturn
saturn	saturno
container	recipiente
container	contentores
container	contentor
kerch	kerch
thom	thom
jihlava	jihlava
ocotea	ocotea
gamespot	gamespot
tít	ouvir
nitrat	nitrato
nitrat	nitratos
hilbert	hilbert
rising	rising
eight	oito
eight	eight
cobain	cobain
leigh	leigh
hogg	hogg
núm	apertou
núm	mamilos
cody	cody
mitra	mitra
biếng	preguiça
biếng	preguiçosa
biếng	preguiçosos
biếng	preguiçoso
massa	massa
shiva	shiva
shiva	siva
welw	welw
phlegra	phlegra
cryptantha	cryptantha
zing	zing
merlin	merlin
gmelin	gmelin
officiel	officiel
anchor	pivô
anchor	ancorar
anchor	âncora
ascii	ascii
vice	vício
vice	vice
nymphalidae	nymphalidae
phillip	phillip
phillip	filipe
surrey	surrey
barset	barset
bolzano	bolzano
martinez	martinez
martinez	martínez
nmi	nmi
phalaenopsis	phalaenopsis
teaser	teaser
gill	gill
hilaire	hilaire
globe	globo
globe	globe
edison	edson
edison	edison
orton	orton
djokovic	djokovic
chằng	ligamento
oppenheimer	oppenheimer
cyanea	cyanea
sẹo	cicatrizes
sẹo	cicatriz
sẹo	scar
bravo	bravo
honshū	honshu
tahiti	taiti
bauer	bauer
eurovision	eurovisão
wolfsburg	wolfsburg
kalinin	kalinin
lateralis	lateralis
vittata	vittata
hopper	hopper
goa	goa
hyperolius	hyperolius
nicholson	nicholson
dhabi	dhabi
smirnova	smirnova
guderian	guderian
mladá	mladá
soft	soft
soft	suave
soft	macio
soft	mole
soft	suaves
caproni	caproni
laguna	laguna
engelm	engelm
theodosius	teodósio
satyrium	satyrium
vasily	vassily
ornatus	ornamentado
ornatus	ornatus
coca	cocaína
coca	coque
coca	coca
coca	coca
králové	králové
estadio	estádio
pixel	pixel
pixel	pixels
pixel	píxeis
jörg	jörg
brevis	brevis
breed	raça
breed	mestiço
cronquist	cronquist
philippi	filipos
titlestyle	titlestyle
lcd	lcd
sphinx	esfinge
anemone	anémona
rogue	vampira
rogue	rogue
rogue	velhaco
crimea	crimeia
breslau	breslau
factbook	factbook
bonus	bonus
bonus	bônus
bonus	bónus
flavipes	flavipes
thanatus	thanatus
điốt	diodo
abkhazia	abcásia
gardenia	gardenia
mồm	boquinha
mồm	mouth
mồm	boca
mồm	foz
mồm	bocas
burma	burma
burma	birmânia
burma	mianmar
genista	genista
pepper	pimenta
pepper	pepper
baptist	baptista
baptist	batista
jammu	jammu
griff	griff
koh	koh
castanea	castanea
dome	dome
dome	cúpula
dome	domo
ramsey	ramsey
infinity	infinito
infinity	infinidade
hayes	hayes
waterhouse	waterhouse
lombard	lombardo
lombard	lombard
bịp	truque
bịp	trick
molina	molina
forrest	forrest
chòi	bangalô
chòi	cabine
chòi	camarote
chòi	cabina
chòi	cabana
tankōbon	tankōbon
composite	composto
composite	compósitos
ciliata	ciliata
andrés	andrés
medieval	medievais
medieval	medieval
pavonia	pavonia
tonumber	tonumber
cornelius	cornelius
tvxq	tvxq
brie	brie
robbie	robbie
robbie	robby
sally	sally
pardubice	pardubice
zurich	zurique
choáng	atordoado
choáng	atordoado
choáng	atordoar
jyp	jyp
dressler	dressler
jaén	jaén
mứt	geleia
mứt	compota
mứt	jam
mứt	geléia
mứt	marmelada
patton	patton
psittacidae	psittacidae
longicornis	longicornis
drew	drew
drew	desenhou
bernhard	bernhard
bernhard	bernardo
dentata	dentata
tna	tna
hpa	hpa
benny	benny
elongatus	elongatus
cherokee	cherokee
hindenburg	hindenburg
smile	sorrir
smile	sorriso
smile	sorri
smile	sorria
attila	átila
leverkusen	leverkusen
tbilisi	tbilisi
plutoni	plutónio
plutoni	plutônio
rochester	rochester
rugby	rugby
rugby	râguebi
kira	kira
oxalis	oxalis
kaoru	wada
marguerite	marguerite
navbox	navbox
laden	laden
benito	benito
aka	aka
ramesses	ramsés
ngứa	comichão
ngứa	prurido
ngứa	coceira
ngứa	comichão
ngứa	comichão
ngứa	coceira
ngứa	garras
aeroflot	aeroflot
rebecca	rebeca
rebecca	rebecca
satoshi	satoshi
stones	stones
stones	pedras
panorama	panorama
chilensis	chilensis
ngấm	fluiu
schultz	schultz
prop	prop
trumpet	trombeta
trumpet	trompete
acanthaceae	acanthaceae
desc	desc
martens	martens
pot	panela
pot	pote
pot	maconha
pot	pot
pot	erva
striatus	striatus
heian	heian
mexicanus	mexicanus
patterson	patterson
sengoku	sengoku
obi	obi
alma	alma
bốt	botas
bốt	boots
haryana	haryana
gsm	gsm
hwan	hwan
lysimachia	lysimachia
pomorskie	pomorskie
homer	homer
homer	homero
smaragdina	smaragdina
weasley	weasley
myers	myers
myers	meyers
parvula	parvula
kombat	kombat
fourier	fourier
allegheny	allegheny
orchis	orchis
hub	hub
tivi	televisão
tivi	televisores
tivi	televisões
tivi	tvs
prinz	prinz
gifford	gifford
argentine	argentina
argentine	argentino
argentine	argentinos
ruellia	ruellia
benin	benim
benin	benin
sar	sar
intercontinental	intercontinental
aquino	aquino
philippinensis	philippinensis
tina	tina
saddam	saddam
mystery	mystery
mystery	mistério
ruth	ruth
carolyn	carolyn
stall	empata
stall	empatar
monde	monde
beetle	besouro
beetle	escaravelho
beetle	besouros
beetle	fusca
lehr	lehr
picasso	picasso
bien	visíveis
bien	visível
bien	bien
bien	céus
hoffmann	hoffmann
hinton	hinton
heather	heather
geo	geo
sussex	sussex
joey	joey
nuremberg	nuremberga
nuremberg	nuremberg
silicon	silicone
silicon	silício
silicon	silicone
isabel	isabel
damascus	damasco
batista	batista
velutina	velutina
highland	highland
olt	olt
ypsolopha	ypsolopha
avenue	avenida
avenue	avenue
alegre	alegre
paradoxa	paradoxa
cordata	cordata
aspx	aspx
tardieu	tardieu
toyotomi	toyotomi
