khartoum	chartumo
steiner	steiner
steroid	steroidų
scene	uml
atkinson	atkinson
arlington	arlingtonas
exeter	exeter
stellata	stellata
đút	įžeidžia
brotherhood	brolija
flavius	flavijus
tampa	tampos
siegfried	siegfried
vat	vat
poseidon	poseidonas
liberec	liberec
buzău	buzeu
mateo	matteo
mateo	mateo
madame	madam
sylvatica	sylvatica
chelyabinsk	čeliabinskas
astoria	astoria
pskov	pskovo
satan	šėtonas
caesalpinia	caesalpinia
arch	arkos
groupstyle	groupstyle
lübeck	liubeke
liam	liam
braga	braga
horace	horacijus
plutarch	plutarchas
hilary	hillary
nest	lizdas
dress	kostiumas
guevara	guevara
fringillidae	fringillidae
uranium	uranas
uranium	urano
saxicola	kiauliukės
rutenberg	rutenberg
drosera	apskritalapė
pinto	pinto
claus	klausas
dnepr	dniepro
universidad	universidad
beatrice	beatrice
daisy	deizė
katie	keite
anthus	kalviukas
léopold	leopoldas
nucleotide	nukleotidų
arabica	arabika
pleistocene	pleistoceno
mangaka	mangaka
rubik	kubą
rhus	rhus
proxima	proxima
ker	ker
freshwater	gėlavandenės
ribbon	ribbon
pali	pali
boer	boer
nhọ	nesiseka
nhọ	suodžių
chul	chul
belgorod	belgorodo
owl	pelėda
molly	moll
picea	picea
bieber	bieber
sassari	sardinijos
soprano	soprano
goliath	galijotą
bracteata	bracteata
sanskrit	sanskritas
yao	yao
gaz	gaz
gaia	gaja
aki	aki
hanna	hana
elata	elata
velasco	velaskas
amelia	amelija
hardcover	hardcover
cinerascens	cinerascens
challenger	arenos
kanye	kanye
ribosome	ribosoma
pungens	pungens
cinereus	cinereus
helmuth	helmuth
rieti	rietis
cska	cska
stirling	stirling
opava	opava
ula	ula
wook	wok
terrier	terjeras
iloilo	iloilo
krupp	krupp
osman	osman
hasan	hasan
karabakh	karabachu
vẩn	nesąmonė
clan	klano
neymar	neymar
fruticosa	fruticosa
freud	freud
emilio	emilio
demi	demi
loop	linijos
cordifolia	cordifolia
mayo	majas
crimson	crimson
jive	jive
asuka	asuka
nasser	nasser
sulla	sula
vip	vip
locke	lokas
naga	naga
vittatus	vittatus
garland	garland
maple	klevų
miocene	miocenas
bmg	bmg
louisville	luisvilyje
ipairs	ipairs
payne	payne
ami	ami
colonial	kolonijinės
alpinus	alpinus
wenger	wenger
morley	morlio
szolnok	solnokas
platon	plato
sal	sal
fin	fin
ulmus	guobų
mora	mora
malpensa	malpensa
pyrenees	pyrénées
uherské	uherske
cyril	cyril
kremlin	kremliaus
westphalia	vestfalijos
griffith	griffith
suisse	suisse
khalid	khalid
naturelle	naturelle
mercy	pasigailėjimo
somebody	kažkas
grenadines	grenadinai
scarlet	skaisčiai
jaguar	jaguar
princeps	princeps
firefly	firefly
lyndon	lyndon
rận	skurdo
rận	utėlė
rolf	rolf
moulin	moulin
luiz	luiz
himachal	himačal
mamluk	mameliukai
iași	iași
miura	miura
blanche	blanche
sverdlovsk	sverdlovsko
inchi	inchi
calcutta	kalkutos
spence	spence
hollow	tuščiaviduriai
torii	torii
tierra	tierra
ipad	ipad
milas	milas
pauli	pauli
huguenot	hugenotai
trent	trent
elle	elle
celle	celle
nietzsche	nyčė
vđv	sportininkai
shoten	shoten
cocktail	kokteilių
cocktail	kokteilis
hiro	hiro
georgy	georgijus
minerva	minerva
luanda	luanda
odorata	odorata
perm	perm
sql	sql
hammer	hamer
toyama	tojamos
giganteus	meškabudė
esztergom	estergomas
kaufman	kaufmanas
tanh	balto
elk	elk
rubens	rubens
anguilla	anguilla
nitric	azoto
gazella	gazella
chennai	čenajus
jfk	jfk
gale	neteisingą
eddy	edi
dinar	dinaras
damon	deimonas
isabelle	izabele
pentium	pentium
expo	expo
tráp	spąstai
tráp	gaudyklė
tráp	gaudyklės
flowering	žydėjimo
barber	barber
sylvestris	sylvestris
omaha	omahos
corinthians	corinthians
heyman	heyman
elbasan	elbasan
pulchellus	pulchellus
californicus	californicus
kimura	kimura
hutchinson	hutchinson
haruka	haruka
mergedtoprow	mergedtoprow
gmail	gmail
xyanua	cianidas
xyanua	cianido
inclination	pokrypis
rychnov	rychnov
schwerin	schwerin
cosmos	cosmos
cellspacing	cellspacing
parvulus	parvulus
britannia	britannia
plains	lygumų
rokossovsky	rokosovskis
nusa	nusa
alicante	alicante
kamchatka	kamčiatkos
civic	pilietinių
civic	pilietinis
chesapeake	chesapeake
nudum	nudum
basil	bazilikas
kirill	kirilas
inger	inger
alves	alves
marxist	marksistinis
oleg	oleg
willy	willy
shiro	shiro
maori	maorių
maori	atsiremti
kami	kami
furious	furious
maki	maki
shuttle	shuttle
kyo	kyo
serge	serge
xịt	kepure
xịt	kepurė
okb	okb
duff	duff
roc	roc
bunker	bunkeris
còng	rankogaliai
brutus	brutas
cliff	uolos
bernstein	bernstein
eagles	eagles
dâmbovița	dimbovicos
cupressaceae	cupressaceae
morse	morzės
cullen	cullen
lympho	limfomos
lympho	limfoma
emerald	emerald
palaiologos	paleologas
frey	frey
arcuata	arcuata
duỗi	siekiu
cory	cory
rhinolophus	rhinolophus
beer	alaus
beer	alus
federico	federico
internacional	internacional
winehouse	winehouse
boss	bose
boss	bosas
coppola	coppola
tamara	tamara
sasaki	sasaki
indi	indžio
groove	griovelio
frisia	fryzų
freddie	fredi
tráo	diegiamos
xắt	griežinėliais
patens	patens
frodo	frodo
guido	guido
navajo	navahų
philips	philips
bronx	bronkso
timbaland	timbaland
lodi	lodi
gateway	vartai
lutheran	liuteronų
groß	groß
anastasia	anastasija
đỉa	dėlė
luhansk	luhansko
rudolph	rudolph
avon	avon
tomb	kapas
andromeda	andromeda
fritsch	fritsch
sậm	bronco
legrand	legrand
allah	allah
sousa	sousa
megumi	megumi
condor	kondoras
shine	švyti
macro	makro
gel	gelis
gel	gelio
tedder	tedder
donovan	donovan
petite	petite
hbo	hbo
caterpillar	vikšras
copernicus	copernicus
montmartre	montmartre
crc	crc
alphonse	alfonsas
jeddah	džida
heraclius	heraklėjas
mira	mira
flensburg	flensburgas
crop	pasėlių
nme	nme
pirates	originalas
myth	mitas
elder	vyresnysis
lavochkin	lavočkin
vittorio	vittorio
frameless	frameless
sands	smėlis
volta	volta
caligula	kaligula
cauchy	koši
atv	atv
augustin	augustin
tarawa	tarava
ncbi	ncbi
avellino	avellino
condé	condé
directx	directx
shetland	šetlando
marks	ženklai
kennel	kennel
verticillata	verticillata
levine	levine
sinica	sinica
claudio	claudio
sibiu	sibiu
bashkortostan	baškirija
pei	pei
visayas	visajai
astrakhan	astrachanės
volgograd	volgogrado
piero	piero
guatemalensis	guatemalensis
marty	marti
triton	triton
anatoly	anatolijus
caerulea	caerulea
arturo	arturo
ich	ich
chungcheong	čungčongo
amino	amino
remixes	remixes
omsk	omskas
albicans	albicans
durango	durango
evelyn	evelina
protoss	protoss
edmonton	edmonton
tuvalu	tuvalu
fernandes	fernandes
twain	tvenas
panda	panda
trachea	trachėja
frisch	frisch
tribal	genčių
molk	molk
brighton	brighton
lato	lato
frederic	frederic
khalifa	khalifa
coco	coco
sếp	bose
sếp	bosas
giầy	bateliai
giầy	batai
giầy	batų
dnipropetrovsk	dniepropetrovsko
moe	mou
ntv	ntv
albatros	albatros
tobruk	tubrukas
rueda	rueda
matthews	matthews
palo	palo
junction	sandūra
calder	calder
mifflin	mifflin
kuma	kuma
mimi	mimi
valois	valua
xanthia	xanthia
compostela	compostela
messiah	messiah
totti	totti
blackberry	blackberry
mahmud	mahmud
baikonur	baikonuro
glacier	ledynas
gomes	gomes
lantana	lantana
rúp	rublių
axillaris	axillaris
heredia	heredia
imam	imam
dio	dio
nightwish	nightwish
ligure	ligure
wise	išmintinga
doom	doom
wulf	wulf
spinosus	spinosus
ella	ella
hathaway	hathaway
pulcherrima	pulcherrima
burger	burger
chôm	pavogtas
gondwana	gondvana
steindachner	steindachner
schaeffer	schaeffer
pius	pijus
hispano	hispano
dms	dms
fagaceae	fagaceae
fagus	fagus
pelé	pelé
nia	nia
bombardier	bombardier
guernsey	guernsey
kaiserslautern	kaiserslautern
unity	vienybės
unity	vienybė
rodrigo	rodrigo
odin	odinas
suvorov	suvorovas
molokai	molokai
stéphane	stéphane
majuro	madžūras
yukon	jukonas
apulia	apulijos
pictogram	piktograma
yalta	jaltos
česká	česká
ibiza	ibiza
cagayan	kagajano
elf	elf
pendula	beržas
vicenza	kvartale
rupee	rupijų
rupee	rupija
henning	henning
nộm	manekenas
enzo	enzo
bora	bora
cerf	cerf
srivijaya	šrividžaja
entomology	entomologija
middleton	middleton
bale	bale
frankie	frenki
zimmer	zimmer
salisb	salisb
nikki	nike
survival	išgyvenamumo
survival	išgyvenamumas
survival	išgyvenimo
rada	rada
bernardino	bernardino
sandwich	sumuštinis
shinoda	shinoda
arenas	arenas
fabio	fabio
fabio	fábio
universität	universität
trend	tendencija
ole	ole
glaucescens	ferokaktusas
spiegel	spiegel
pyrus	pyrus
hera	hera
forks	šakių
forks	šakės
shepherd	aviganis
shonen	shonen
rowland	rowland
kutuzov	kutuzovas
moo	moo
cuscuta	cuscuta
archibald	archibald
mica	žėručio
sale	balnas
sukhothai	sukotajaus
biographical	biografiniai
lunga	lunga
anceps	kuoduotis
lantan	lantano
abdel	abdel
aachen	acheno
brendan	brendan
ise	ise
pieridae	baltukai
bastille	bastille
sabina	sabina
scan	skaityti
scan	scan
caraș	karašo
#efefef	#efefef
galatasaray	galatasaray
muỗng	šaukštai
muỗng	šaukštu
publius	publius
fulvus	fulvus
clk	clk
fier	fier
rhea	rea
titans	titanai
comments	komentarai
comments	pastabas
comments	pastabos
comments	komentaruose
ferreira	ferreira
alec	alekas
karel	karel
aargau	argau
dracaena	cinoberinė
bowie	bowie
hyla	hyla
karim	karim
hipposideros	hipposideros
procumbens	procumbens
motorola	motorola
primera	primera
schiller	šilerio
dieter	dieter
alam	alam
wehrmacht	vermachto
boot	įkrovos
caterpillars	vikšrai
fuente	fuente
felis	felis
pueblo	pueblo
moor	maurai
moor	atsiremti
münster	münster
castiglione	castiglione
valentinianus	valentinianas
nghẹt	perkrovos
urbino	urbino
uri	uri
concepción	konsepsjono
mariae	mariae
afghan	afganistano
khm	khm
jill	džil
rambo	rembo
komárom	komaromas
mịch	mich
murmansk	murmansko
espinosa	espinosa
persie	persie
feyenoord	feyenoord
septentrionalis	septentrionalis
maynard	maynard
stavropol	stavropolio
deborah	debora
bering	beringo
dominican	dominikos
graves	duobes
globosa	globosa
loud	garsiai
sage	sage
cicero	cicero
bilineata	cidarija
anpơ	alpės
hispania	hispania
wcw	wcw
mải	amžinai
mải	amžina
kojima	kojima
emerson	emerson
menken	menken
closer	arčiau
closer	išsamiai
mick	mikai
walton	walton
hói	pliki
hói	plikas
harran	haranas
noether	noether
rebounds	rebounds
ortega	ortega
cellpadding	cellpadding
visigoth	vestgotai
heron	garnys
hiroyuki	hiroyuki
saiyan	sajanų
université	université
rữa	puvinio
passeriformes	passeriformes
ferrol	ferrol
felicia	felicia
globalsecurity	globalsecurity
latifrons	latifrons
ramon	ramón
hulk	halkas
nhóc	vaikas
lib	lib
sunny	saulėta
enix	enix
schrödinger	šriodingerio
foch	fošo
varia	varia
lycia	likija
tirol	tirol
alh	alh
vase	vaza
stanisław	stanislovas
holden	holden
hatshepsut	hačepsuta
carbine	karabinas
lit	skaičiavimo
hormon	hormono
hormon	hormonas
hormon	hormonų
hormon	hormonai
hoshi	hoshi
nový	novy
imperator	imperator
mah	mah
anas	anas
freya	freya
duby	duby
boo	boo
sidewinder	sidewinder
stamp	antspaudas
malo	malo
persona	persona
coleoptera	coleoptera
barrier	kliūtis
barrier	barjerą
barrier	barjeras
poison	puasono
poison	nuodai
scorpion	skorpionas
hazard	pavojus
township	township
gambit	gambitas
quây	aplinkinių
rockefeller	rokfeleris
sinaloa	sinaloa
gustavo	gustavo
bagdad	bagdade
regensburg	rėgensburgas
joplin	joplin
bagration	bagrationas
paulista	paulista
ibaraki	ibarakio
ilya	ilja
aikido	aikido
horizon	horizontas
cassia	cassia
kedah	kedahas
lepidus	lepidus
hamlet	hamletas
lasker	laskeris
nou	nou
darkness	tamsa
mans	mans
yorke	yorke
dijon	dijon
arkhangelsk	archangelskas
guineensis	guineensis
nishimura	nishimura
sprint	sprintas
headerstyle	headerstyle
aol	aol
kpa	kpa
domino	domino
kathmandu	katmandu
terminator	terminatorius
ursus	ursus
phalacrocorax	kormoranas
phalacrocorax	pisa
ulm	ulmas
parabellum	parabellum
dir	dir
brent	brent
hiragana	hiragana
reina	reina
kenichi	kenichi
goebbels	goebbels
grundy	grundy
gregorio	gregorio
ghibli	ghibli
antonín	antoninas
kotayk	abowyan
villosus	villosus
aquarium	akvariumas
wifi	wifi
compacta	compacta
gregor	gregor
vanda	vantaa
geh	geh
judas	judas
telecom	telecom
ubisoft	ubisoft
virens	virens
silvestris	silvestris
bhutto	bhutto
azov	azovo
yusuf	yusuf
quad	quad
sgt	sgt
dorothea	dorothea
aaa	aaa
sampdoria	sampdoria
toba	toba
ruficeps	ruficeps
armando	armando
berlusconi	berlusconi
astana	astana
groningen	groningen
alekhine	aliochinas
zygaenidae	marguoliai
hélène	hélène
léger	léger
luís	luís
hezbollah	hezbollah
asparagaceae	smidriniai
wrangel	vrangelio
freddy	fredi
vivaldi	vivaldi
polita	polita
emanuel	emanuel
osama	osama
seneca	seneka
rota	rota
portage	pervalkos
padilla	padilla
gonzalez	gonzalez
hdtv	hdtv
kemal	kemal
jpn	jpn
blaise	blaise
nigricollis	nigricollis
theresa	terese
rubescens	rubescens
guanajuato	guanajuato
johansson	johansson
insulin	insulino
insulin	insulinas
pizarro	pizarro
meliphagidae	meliphagidae
netanyahu	netanyahu
magnum	magnum
katrina	katrina
sama	sama
gongora	gongora
sindh	sindo
gagarin	gagarinas
tcp	tcp
afonso	afonso
felice	felice
ulan	ulan
cesar	cesar
saratov	saratovo
chanel	chanel
astro	astro
amami	amami
tver	tver
airline	airlines
nestor	nestor
riva	riva
hunedoara	hunedoara
octavian	oktavianas
wilder	wilder
adonis	pavasarinis
couple	pora
hertz	hertz
kimono	kimono
saarland	saro
dima	dima
tibet	tibetas
tibet	tibete
tibet	tibeto
vodka	degtinės
vodka	degtinė
depp	depp
goo	goo
ata	ata
pacificus	pacificus
associates	associates
guerre	guerre
whisky	viskio
whisky	viskis
gorilla	gorila
flavus	flavus
navia	navia
scorsese	scorsese
ribeirão	ribeiran
spd	bpd
fibonacci	fibonacci
tizi	tizi
twins	dvyniai
lupin	lubinų
ferrer	ferrer
nehru	nehru
anion	anijonas
urawa	urawa
integrated	integruotos
integrated	integruota
urbana	urbana
lahn	lanas
huxley	huxley
ripley	ripli
sagan	sagan
kata	kata
romana	romana
psi	psl
nike	nike
lana	lana
fans	fanai
perrin	perrin
mina	mina
fda	fda
hartford	hartfordo
wikia	wikia
chaco	chaco
tuberculatus	tuberculatus
ira	ira
genome	genomo
euphrates	eufratas
nic	nic
persica	persica
fantasia	fantasia
hess	hess
grin	grin
ares	arų
oryol	oriolas
ariana	ariana
hoya	hoya
corpus	corpus
perak	perakas
kabuki	kabuki
notata	notata
saul	saulius
podkarpackie	pakarpatės
vnd	usd
badia	badia
miyamoto	mijamoto
cation	katijonų
edulis	edulis
frontera	frontera
melville	melvilio
ursula	ursula
malinovsky	malinovskis
bode	bode
adi	lpd
bonnet	dangčio
annam	anamas
trainer	treneris
rutaceae	rutaceae
goya	goja
medusa	medūza
brando	brando
quintana	quintana
bulldog	buldogas
spinola	spinola
alexei	alexei
turks	turkai
feynman	feynman
colbert	colbert
enthusiast	entuziastas
ney	ney
cinderella	pelenė
harz	harcas
fresno	fresno
yuichi	yuichi
galapagos	galapagų
hertha	hertha
dino	dino
anten	antena
anten	antenos
lothar	lothar
sakamoto	sakamoto
scholes	scholes
gilmour	gilmour
fatima	fatima
babylonia	babilonija
carnival	karnavalas
hyōgo	hiogo
levin	levinas
hasselt	hasselt
siebold	siebold
minaj	minaj
ofc	ofc
colobus	kolobas
pandora	pandora
chandra	chandra
lina	lina
eriksen	eriksen
yap	japas
sochi	sočyje
constant	konstantos
quote	citatą
quote	citata
brahman	brahmanas
til	til
hobbit	hobitai
hobbit	hobitas
annales	analų
abba	abba
boxer	boksininkas
peña	peña
cynthia	sintija
cosmia	cosmia
shkodër	škoderio
marcelo	marcelo
fulgens	fulgens
nấc	žagsėjimas
nấc	skylute
wisla	wisla
salvatore	salvatore
humphrey	humphrey
cunha	cunha
morava	morava
foucault	foucault
megan	megan
groves	giraites
strigidae	strigidae
ladoga	ladoga
leary	leary
ignacio	ignacio
rondônia	rondonija
farrell	farrell
dauphin	dauphin
nigrum	nigrum
molise	molizės
angelina	angelina
sympetrum	sympetrum
vegeta	vedžitas
vannes	vannes
skipper	kapitonas
charon	charonas
nelly	nelly
isabela	isabela
asunción	paraguay
dns	dns
burnley	burnley
palembang	palembangas
lithuania	lietuva
orlov	orlov
coreopsis	gludas
böhmen	böhmen
doll	lėlė
kassel	kassel
corona	corona
cyr	cyr
buteo	buteo
buteo	suopis
nagato	nagato
covers	apima
bios	bios
ero	ero
naked	nuoga
supreme	aukščiausiasis
ucla	ucla
strawberry	braškių
strawberry	žemuogių
glabrata	glabrata
horner	horner
hamid	hamid
massimo	massimo
mex}}	mex}}
inquisitor	inkvizitorius
wessex	veseksas
ebay	ebay
bou	bu
gris	gris
bournemouth	bournemouth
pythagoras	pitagoras
hogan	hogan
eocene	eocene
herbst	herbst
lepton	leptonas
corsica	korsika
torrent	torrent
kendrick	kendrick
dumas	diuma
resident	rezidentas
paeonia	paeonia
arias	arias
fff	fff
ouzou	uzu
#ff	#ff
#ff	#fff
nikola	nikola
sula	sula
gardiner	gardiner
mandarin	mandarinų
komatsu	komatsu
aral	aral
gaertn	gaertn
brett	lygį
ocellatus	ocellatus
gôn	golfo
calderón	calderón
pordenone	pordenonė
irina	irina
share	akcija
share	dalintis
dubrovnik	dubrovnik
auflage	auflage
domenico	domenico
biogeography	biogeografija
rabin	rabin
robbins	robbins
carlisle	carlisle
kluge	kluge
gage	gage
hind	doe
synthpop	synthpop
chavez	chávez
saussure	saussure
raptor	raptors
lasseter	lasseter
giỡn	netvarką
jeans	džinsai
marlon	marlon
caballero	kabaljeras
bowling	boulingo
socrates	socrates
porsche	porsche
thornton	thornton
koro	koro
mom	mama
amateur	mėgėjų
pipistrellus	šikšniukas
spartak	spartak
arunachal	arunačal
okayama	okajama
barrera	barrera
verdi	verdi
ups	ups
legio	legio
gem	gem
kandahar	kandaharo
estrogen	estrogenų
ginger	imbiero
duran	duran
serinus	kanarų
rwd	rwd
premium	priemoka
premium	priemokos
elachista	elachista
costello	kostelo
ephesus	efesas
bum	jay
bum	galutinis
bum	galutiniai
udinese	udinese
salicifolia	salicifolia
lepus	hara
klose	klose
speciosus	speciosus
volkswagen	volkswagen
albuquerque	albuquerque
cristo	cristo
lovato	lovato
nicki	nicki
ipv	ipv
icd	icd
amer	amer
valentino	valentino
coli	coli
duma	dūmos
hamad	hamad
welt	welt
nsw	nsw
daisuke	daisuke
capture	grobis
mila	mila
allianz	allianz
worcester	vorčesterio
plasmodium	plasmodium
aragorn	aragornas
miyako	mijako
huygens	huygens
bone	kaulų
bone	kaulas
bone	kaulai
chekhov	čechovas
kendo	kendo
dvina	dvina
overture	uvertiūra
phenol	fenolio
passer	sperou
altvar	altvar
siddeley	siddeley
medellín	medeljinas
heraklion	heraklionas
caprimulgus	lėliniai
castaneus	šilbaravykis
helenae	helenae
fremont	fremonto
bridges	tiltai
warcraft	warcraft
triumph	triumfas
yukio	jukio
shima	šimos
illyria	ilyrija
agatha	agata
mogilev	mogilëv
ainu	ainu
ikeda	ikeda
lovers	mylėtojai
eglise	eglise
cordillera	kordiljeros
clarinet	klarnetas
htc	htc
spectrum	spektro
spectrum	spektras
ethnologue	ethnologue
angulo	angulo
alpestris	alpestris
balzac	balzac
burn	dega
caracalla	karakala
audition	nusifilmuoti
banana	bananų
gideon	gideon
gestapo	gestapo
augusto	augusto
bimaculatus	bimaculatus
barron	barron
gum	guma
gum	derva
gum	gumos
mérite	mérite
trujillo	trujillo
landau	landau
yellowstone	jeloustono
gecko	gekonas
nebula	ūkas
mex	mex
florian	florijonas
hayden	hayden
bmi	studentų
bmi	studentė
bmi	studentas
shelley	shelley
václav	václav
jaime	džeimis
sik	sik
kierkegaard	kierkegaard
anjou	anjou
burgess	burgess
electropop	electropop
asa	asa
svetlana	svetlana
otaku	otaku
rèm	užuolaidos
rèm	užuolaidų
melanesia	melanezija
okada	okada
wallichii	wallichii
doria	doria
endemic	endeminių
hobart	hobartas
motte	motte
giza	gizos
tomas	tomas
jstor	jstor
icc	tbt
moorei	moorei
harriet	harieta
bessarabia	besarabija
fanny	fani
kiwi	kivi
borges	borges
alberti	alberti
funny	tik
funny	tiesiog
barbatus	barbatus
terran	terran
mannerheim	manerheimo
ast	ast
mulsant	mulsant
torpedo	torpeda
gilmore	gilmoro
stephenson	stephenson
bloomington	bloomington
kde	kde
clos	clos
willow	willow
taranto	taranto
agama	agama
hirohito	hirohito
lüneburg	lüneburg
crom	chromo
cornutus	cornutus
abovestyle	abovestyle
rift	plyšiu
adrien	adrien
moro	moro
virgo	mergelės
souza	souza
gini	gini
sachs	sachs
deutscher	deutscher
sệt	trapi
agrippina	agripina
dual	dvigubos
dual	dvigubas
kaunas	kauno
kaunas	kaunas
kaunas	kaune
toru	toru
faq	duk
royale	royale
konev	konevas
amir	amir
secunda	secunda
reza	reza
grange	grange
phosphate	fosfato
phosphate	fosfatas
phosphate	fosfatų
mint	mėtų
builder	builder
bol	bol
doppler	doplerio
mariano	mariano
adler	adler
barr	baras
duo	duo
katakana	katakana
divine	dieviška
reilly	reilly
dubois	diubua
haru	haru
abidjan	abidžanas
courbet	courbet
rye	rugių
barrio	barrio
foliage	lapai
galați	galați
eberhard	eberhard
skinner	skineris
berne	berno
xiao	xiao
blau	blau
trondheim	trondheimas
valery	valerijus
eri	eri
schiffermüller	schiffermüller
dominion	dominija
poitiers	puatjė
sed	sed
charadrius	kirlikas
drogba	drogba
gunma	gunmos
jens	jens
lego	lego
apartheid	apartheido
orenburg	orenburgas
hwanghae	hvanghės
sawyer	sojeris
mauser	mauser
closeup	closeup
josip	josip
giants	milžinai
bolivar	bolivar
yugoslavia	jugoslavijos
bsd	bsd
iptv	iptv
fitch	fitch
bukit	bukit
kendall	kendall
wesson	wesson
kor	kor
fuga	fuga
styrax	styrax
decurrens	decurrens
bennington	bennington
karin	karina
blonde	blondinė
tezuka	tezuka
faro	faro
leben	leben
ting	ting
mui	spinta
hyles	karpažolinis
bolero	bolero
korçë	korčės
aryan	arijai
ricci	ricci
académie	académie
troyes	trua
bifasciata	bifasciata
kikuchi	kikuchi
dolores	dolores
nemo	nemo
contra	contra
soter	soter
mikawa	mikavos
oued	oued
maroon	maroon
dấm	actas
saha	saha
coffea	coffea
nicholls	nicholls
zac	zac
meghalaya	meghalaja
nimitz	nimitz
macropus	macropus
bonsai	bonsai
fiumicino	fiumicino
caspian	kaspijos
sparks	kibirkščių
cacao	kakavos
cacao	kakava
cacao	cacao
pratensis	pratensis
isp	isp
barrow	barrow
tunguska	tunguskos
lourdes	lourdes
devi	devi
chevrolet	chevrolet
darth	dartas
aksu	aksu
mishima	mišima
fuego	fuego
kiefer	kyferis
zwingli	zwingli
bicornis	bicornis
bernoulli	bernulio
remy	remis
grosser	grosser
sputnik	sputnik
lite	lite
neva	neva
sabine	sabine
aomori	aomorio
taj	taj
turdidae	turdidae
kathleen	karin
espn	espn
karma	karma
somaliland	somalilandas
pilar	bueno
nava	nava
fargo	fargo
orientale	orientale
ngời	spindesio
avar	avarų
harpsichord	klavesinas
soundscan	soundscan
villars	villars
fabian	fabian
kaname	kaname
cọng	kotai
otho	otonas
xốt	majonezas
curitiba	kuritiba
boxing	bokso
tyumen	tiumenė
miu	mtv
crisp	gaivus
decora	decora
kuijt	kuyt
brecht	brecht
lubelskie	lubelskie
andrade	andrade
artigas	artigas
dat	dat
pontos	pontas
andina	andina
kris	kristina
kris	kris
russo	russo
sylvain	sylvain
rubiginosa	rubiginosa
miso	miso
marcellus	marcellus
carcharhinus	ryklys
carcharhinus	rykliai
herpes	herpes
songkhla	songkhla
atari	atari
viper	angis
tma	tma
hur	hur
cyber	kibernetinio
apiculata	luma
reuter	reuter
bunting	starta
cod	menkės
troglodytes	troglodytes
bain	bain
chechen	čečėnijos
supa	supa
piemonte	pjemonto
mesopotamia	mesopotamija
misa	mesa
scopoli	scopoli
eragon	eragonas
epirus	epyras
intro	intro
genius	genijus
sabrina	sabrina
twist	riešo
dyck	dyck
grenoble	grenoble
streisand	streisand
schloss	schloss
tigers	tigrai
orsay	orsay
azevedo	azevedo
gypsy	čigonų
labs	labs
český	český
nicotiana	nicotiana
monet	monetas
lse	lse
lata	lata
klimov	klimov
codex	codex
espanyol	espanyol
kyrgyz	kirgizijos
gees	gees
prometheus	prometėjas
matteo	matteo
danielle	daniele
centauri	centauri
dien	dien
ngàng	stebina
tuberosa	kiškiakopūstis
mok	mok
maghreb	magrebo
pohang	pohang
mémoire	mémoire
hada	hada
lucifer	liuciferis
lip	lūpų
chukotka	čiukotka
sciurus	sciurus
gladiator	gladiatorius
judea	judėją
elm	guobų
benítez	benítez
casting	liejimo
casting	liejinių
ellie	eli
ellie	ele
jacinto	jacinto
polydor	polydor
lunar	mėnulio
françoise	françoise
pathet	pathet
bayan	bajan
gent	gent
goose	žąsų
goose	žąsys
septimius	septimijus
breviceps	breviceps
khùng	proto
ravi	ravi
salinas	salinas
pergamon	pergamas
ale	ale
swahili	suahilių
melinda	melinda
jeep	jeep
bautista	bautista
cheetah	gepardas
nghiến	grind
hideki	hideki
lingua	lingua
lap	juosmens
soma	soma
mizuki	mizuki
vientiane	vientianas
na+	na+
combo	combo
fontana	fontana
moesia	mezija
slide	skaidrių
dulles	dulles
agilis	agilis
brevifolia	brevifolia
butch	bučas
oasis	oaze
garros	garros
dufour	dufour
lacanobia	lacanobia
livre	livre
intermedium	intermedium
bild	bild
gatsby	getsbis
rodin	rodin
golan	golano
rockwell	rockwell
macaca	makaka
crivelli	crivelli
mak	mak
phễu	piltuvą
helianthus	helianthus
rubella	raudonukės
gonzalo	gonzalo
ernesto	ernesto
worm	sliekas
seville	sevilijos
fillmore	fillmore
anderlecht	anderlecht
adv	adv
gemini	gemini
skype	skype
vevo	vevo
mancini	mancini
mycenae	mikėnai
atom	atomas
keitel	keitel
roe	ikrai
roe	roe
fdi	tui
ems	ems
consortium	konsorciumo
consortium	konsorciumas
ins	ins
brahma	brahma
mormon	mormonas
finger	pirštas
finger	pirštą
spartacus	spartakas
corvette	corvette
cfa	cfa
crescent	pusmėnulio
reis	reis
abutilon	abutilon
transformers	transformatoriai
