restricció	constraint	restricció	constraint	N;FEM;SG	N
importació	danh	importació	danh	N;FEM;SG	N
rajola	ngói	rajola	ngói	N;FEM;SG	N
gonzaga	gonzaga	gonzagar	gonzaga		
botons	nút	botó	nút	N;MASC;PL	N
onades	sóng	onada	sóng	N;FEM;PL	N
teodosi	theodosius	teodosar	theodosius	N;MASC;SG	N
gaetano	gaetano	gaetano	gaetano		
creacions	creations	creació	creations	N;FEM;PL	N
huguet	huguet	huguet	huguet		
klein	klein	klein	klein		
aaron	aaron	aaron	aaron		
rojas	rojas	rojas	rojas		
mamelucs	mamluk	mameluc	mamluk	N;MASC;PL	N
batejar	christened	batejar	christened	V;NFIN	V
sarthe	sarthe	sarthe	sarthe	N;MASC;SG	N
prestacions	lợi	prestació	lợi	N;FEM;PL	N
romanç	romance	romanç	romance		
falles	fail	falla	fail	N;FEM;PL	N
clos	clos	cloure	clos		
puente	puente	puente	puente		
classicisme	classicism	classicisme	classicism	N;MASC;SG	N
heretat	thừa	heretat	thừa	ADJ;MASC;SG;V.PTCP	ADJ
pelegrí	pilgrim	pelegrí	pilgrim		
ada	ada	ada	ada		
astrònoms	astronomers	astrònom	astronomers	N;MASC;PL	N
ecosistemes	ecosystems	ecosistema	ecosystems	N;MASC;PL	N
salari	lương	salari	lương	N;MASC;SG	N
bruixa	thuỷ	bruixa	thuỷ	N;FEM;SG	N
metà	mêtan	metà	mêtan	N;MASC;SG	N
metà	metan	metà	metan	N;MASC;SG	N
metà	methane	metà	methane	N;MASC;SG	N
baikonur	baikonur	baikonur	baikonur	N;MASC;SG	N
shan	đan	saver	đan		
passi	qua	passar	qua	V;SBJV;SG;3;PRS;FIN	V
philipp	philipp	philipp	philipp		
camisa	áo	camisar	áo	N;FEM;SG	N
hussein	hussein	hussar	hussein	N;MASC;SG	N
dolmen	dolmen	dolmar	dolmen		
feix	beam	fer	beam	N;MASC;SG	N
nasr	nasr	nasr	nasr		
destacament	detachment	destacament	detachment	N;MASC;SG	N
kassel	kassel	kassel	kassel		
concepción	concepción	concepción	concepción	N;FEM;SG	N
enviament	phái	enviament	phái	N;MASC;SG	N
betis	betis	betis	betis	N;MASC;SG	N
juventus	juventus	juventus	juventus	N;MASC;SG	N
luisa	luisa	luisa	luisa	N;FEM;SG	N
abelles	ong	abella	ong	N;FEM;PL	N
octets	byte	octet	byte	N;MASC;PL	N
octets	bytes	octet	bytes	N;MASC;PL	N
storia	storia	storia	storia		
abric	khoác	abric	khoác	N;MASC;SG	N
fòsfor	phốtpho	fòsfor	phốtpho	N;MASC;SG	N
claire	claire	claire	claire		
anarquisme	anarchism	anarquisme	anarchism	N;MASC;SG	N
seül	seoul	seül	seoul		
sogorb	segorbe	sogorb	segorbe		
tito	tito	tito	tito		
georgià	georgian	georgià	georgian	ADJ;MASC;SG	ADJ
corones	crowns	corona	crowns		
elvira	elvira	elvirar	elvira		
fertilitat	fertility	fertilitat	fertility	N;FEM;SG	N
claret	claret	claret	claret		
barraca	lán	barraca	lán	N;FEM;SG	N
cub	rubik	cub	rubik	N;MASC;SG	N
antigen	antigen	anticar	antigen	N;MASC;SG	N
montbui	montgomery	montbui	montgomery		
anhalt	anhalt	anhalt	anhalt		
repte	thạch	repte	thạch	N;MASC;SG	N
celtes	celts	celt	celts		
currículum	cv	currículum	cv	N;MASC;SG	N
currículum	resume	currículum	resume	N;MASC;SG	N
elias	elias	eli	elias		
emissores	trạm	emissora	trạm	N;FEM;PL	N
brots	mầm	brot	mầm	N;MASC;PL	N
manolo	manolo	manolo	manolo		
màrqueting	marketing	màrqueting	marketing	N;MASC;SG	N
capadòcia	cappadocia	capadòcia	cappadocia	N;FEM;SG	N
vaques	bò	vaca	bò	N;FEM;PL	N
fonte	fonte	fonte	fonte		
tòxics	độc	tòxic	độc	ADJ;MASC;PL	ADJ
cargol	ốc	cargol	ốc	N;MASC;SG	N
tigris	tigris	tigri	tigris	N;MASC;SG	N
dénia	denia	dénir	denia		
amanda	amanda	amanda	amanda	N;FEM;SG	N
lope	lope	lope	lope		
xxx	xxx	xxx	xxx		
orne	orne	orne	orne	N;MASC;SG	N
arslan	arslan	arslar	arslan		
fame	fame	fame	fame	N;MASC;SG	N
bellas	bella	bellas	bella		
bellas	bellas	bellas	bellas		
níquel	nickel	níquel	nickel	N;MASC;SG	N
níquel	niken	níquel	niken	N;MASC;SG	N
nusos	hải	nus	hải	N;MASC;PL	N
artigas	artigas	artigas	artigas		
examinar	khám	examinar	khám	V;NFIN	V
warriors	warriors	warriors	warriors	N;PL	N
ngc	ngc	ngc	ngc	N;SG	N
fullname	fullname	fullname	fullname		
deficiència	deficiency	deficiència	deficiency	N;FEM;SG	N
fulls	lá	full	lá	N;MASC;PL	N
fulls	mẩu	full	mẩu	N;MASC;PL	N
caríntia	kärnten	caríntia	kärnten		
piera	piera	piera	piera		
plutarc	plutarch	plutarc	plutarch		
euskal	euskal	euskal	euskal		
ducal	ducal	ducal	ducal		
ratolins	chuột	ratolí	chuột	N;MASC;PL	N
heràldica	heraldry	heràldic	heraldry		
moz	moz	moz	moz		
sia	sia	sia	sia		
amaga	giấu	amagar	giấu	V;IND;SG;3;PRS;FIN	V
amaga	trốn	amagar	trốn	V;IND;SG;3;PRS;FIN	V
hormones	hormone	hormone	hormone	N;FEM;PL	N
hormones	hormon	hormone	hormon	N;FEM;PL	N
hormones	hormones	hormone	hormones	N;FEM;PL	N
aube	aube	aube	aube	N;MASC;SG	N
garibaldi	garibaldi	garibaldi	garibaldi		
leslie	leslie	leslie	leslie		
trad	trad	trad	trad		
bradley	bradley	bradley	bradley		
panell	tấm	panell	tấm	N;MASC;SG	N
aparcament	đỗ	aparcament	đỗ	N;MASC;SG	N
conducte	conduit	conducte	conduit	N;MASC;SG	N
todo	todo	todo	todo		
gogh	gogh	gogh	gogh		
sulfur	sulfide	sulfur	sulfide	N;MASC;SG	N
melilla	melilla	melilla	melilla		
llops	sói	llop	sói	N;MASC;PL	N
ida	ida	ida	ida		
gasolina	xăng	gasolina	xăng	N;FEM;SG	N
gasolina	xăng	gasolina	xăng	N;FEM;SG	N
doctrines	doctrines	doctrina	doctrines	N;FEM;PL	N
topologia	topology	topologia	topology	N;FEM;SG	N
cúmul	cụm	cúmul	cụm	N;MASC;SG	N
blas	blas	blas	blas		
friül	friuli	friül	friuli		
angela	angela	angela	angela	N;FEM;SG	N
clor	clo	clor	clo	N;MASC;SG	N
bèstia	tã	bèstia	tã	N;FEM;SG	N
fong	nấm	fong	nấm	N;MASC;SG	N
olla	nồi	olla	nồi	N;FEM;SG	N
champions	champions	champió	champions	N;FEM;PL	N
carbonat	cacbonat	carbonat	cacbonat	N;MASC;SG	N
peugeot	peugeot	peugeot	peugeot	N;MASC;SG	N
espatlles	vai	espatlla	vai	N;FEM;PL	N
curiós	curious	curiós	curious	ADJ;MASC;SG	ADJ
simulació	mô	simulació	mô	N;FEM;SG	N
monica	monica	monicar	monica		
geoffrey	geoffrey	geoffrey	geoffrey		
gustave	gustave	gustave	gustave	N;SG	N
maura	maura	maura	maura		
ban	ban	ban	ban		
coco	coco	coco	coco		
libertad	libertad	libertad	libertad	N;FEM;SG	N
tòxic	độc	tòxic	độc	ADJ;MASC;SG	ADJ
rai	rai	rai	rai		
sami	sami	sami	sami		
rastre	trail	rastre	trail		
paga	trả	pagar	trả	V;IND;SG;3;PRS;FIN	V
ovella	cừu	ovella	cừu	N;FEM;SG	N
bales	đạn	bala	đạn	N;FEM;PL	N
rouge	rouge	rouge	rouge		
caixmir	kashmir	caixmir	kashmir	N;MASC;SG	N
peters	peters	peter	peters		
assigna	gán	assignar	gán	V;IND;SG;3;PRS;FIN	V
ceba	onion	ceba	onion	N;FEM;SG	N
ceba	hành	ceba	hành	N;FEM;SG	N
nitra	nitra	nitra	nitra		
salas	salas	salas	salas		
avant	avant	avant	avant		
herat	herat	herat	herat		
efes	ephesus	efe	ephesus	N;MASC;SG	N
martha	martha	martha	martha		
crawford	crawford	crawford	crawford		
pissarra	slate	pissarrar	slate		
falses	sai	fals	sai	ADJ;FEM;PL	ADJ
britània	britannia	britània	britannia	N;FEM;SG	N
windsor	windsor	windsor	windsor		
fitxes	chips	fitxa	chips	N;FEM;PL	N
holland	holland	holland	holland		
àtic	attic	àtic	attic		
flotant	lỏng	flotant	lỏng	V;V.MSDR	V
liga	liga	liga	liga	N;FEM;SG	N
sil	sil	sil	sil		
graella	lưới	graella	lưới	N;FEM;SG	N
richmond	richmond	richmond	richmond		
seychelles	xê	seychella	xê	N;FEM;PL	N
seychelles	seychelles	seychella	seychelles	N;FEM;PL	N
ratpenats	dơi	ratpenat	dơi	N;MASC;PL	N
paradigma	paradigm	paradigma	paradigm	N;MASC;SG	N
île	île	île	île	N;FEM;SG	N
cru	raw	cru	raw		
xemeneia	chimney	xemenir	chimney	N;FEM;SG	N
samurai	samurai	samurai	samurai		
stevens	stevens	steven	stevens		
missatger	messenger	missatger	messenger	N;MASC;SG	N
oculta	giấu	ocultar	giấu	V;IND;SG;3;PRS;FIN	V
oculta	trốn	ocultar	trốn	V;IND;SG;3;PRS;FIN	V
estimava	yêu	estimar	yêu	V;IND;SG;3;IPFV;FIN	V
clàusula	clause	clàusula	clause	N;FEM;SG	N
urà	uranus	urà	uranus	N;MASC;SG	N
houghton	houghton	houghton	houghton	N;MASC;SG	N
benedetto	benedetto	benedetto	benedetto		
humbert	humbert	humbert	humbert		
veronica	veronica	veronica	veronica		
elfs	tiên	elf	tiên	N;MASC;PL	N
elfs	elves	elf	elves	N;MASC;PL	N
sabates	giày	sabat	giày	N;FEM;PL	N
sabates	giầy	sabat	giầy	N;FEM;PL	N
sabates	móng	sabat	móng	N;FEM;PL	N
botes	giày	bota	giày	N;FEM;PL	N
botes	bốt	bota	bốt	N;FEM;PL	N
boom	boom	boom	boom	N;MASC;SG	N
ganivet	đao	ganivet	đao	N;MASC;SG	N
ganivet	dao	ganivet	dao	N;MASC;SG	N
soldadura	hàn	soldadura	hàn	N;FEM;SG	N
earl	earl	earl	earl		
patata	khoai	patata	khoai	N;FEM;SG	N
christi	christi	christar	christi		
espectral	spectral	espectral	spectral		
barber	barber	barber	barber		
gerald	gerald	gerald	gerald		
judith	judit	judith	judit		
casella	casella	casella	casella	N;FEM;SG	N
ans	ans	ans	ans		
liechtenstein	liechtenstein	liechtenstar	liechtenstein		
cortina	màn	cortina	màn	N;FEM;SG	N
cortina	curtain	cortina	curtain	N;FEM;SG	N
cortina	chăn	cortina	chăn	N;FEM;SG	N
cortina	rèm	cortina	rèm	N;FEM;SG	N
cortina	cortina	cortina	cortina	N;FEM;SG	N
himàlaia	himalaya	himàlaia	himalaya	N;FEM;SG	N
joia	ngọc	joia	ngọc	N;FEM;SG	N
joia	jewel	joia	jewel	N;FEM;SG	N
insulina	insulin	insulí	insulin	N;FEM;SG	N
kai	kai	kai	kai		
femme	femme	femme	femme	N;SG	N
trencant	breaking	trencar	breaking		
traça	trace	traça	trace		
bahames	bahamas	baham	bahamas	N;FEM;PL	N
sega	sega	sega	sega		
emèrit	emeritus	emèrit	emeritus	N;MASC;SG	N
konrad	konrad	konrad	konrad		
bat	bat	bat	bat		
dana	dana	dana	dana		
pebre	tiêu	pebre	tiêu	N;MASC;SG	N
primerenc	sớm	primerenc	sớm	ADJ;MASC;SG	ADJ
tosca	tosca	tosca	tosca		
salazar	salazar	salazar	salazar		
quadern	quyển	quadern	quyển		
elisa	elisa	elisar	elisa		
grenoble	grenoble	grenoble	grenoble		
casanovas	casanovas	casanovas	casanovas		
cali	cali	cali	cali		
sènior	sr	sènior	sr		
hamlet	hamlet	hamlet	hamlet		
suàbia	swabia	suabir	swabia		
amy	amy	amy	amy	N;FEM;SG	N
duncan	duncan	duncar	duncan		
grandes	grandes	granda	grandes		
jerez	sherry	jerez	sherry		
dièsel	diesel	dièsel	diesel	N;MASC;SG	N
moles	moles	mol	moles		
balada	ballad	balada	ballad	N;FEM;SG	N
crit	quát	crit	quát	N;MASC;SG	N
smash	smash	smash	smash		
istme	isthmus	istme	isthmus		
viver	viver	viver	viver		
alsina	alsina	alsina	alsina		
todos	todos	todos	todos		
conills	thỏ	conill	thỏ	N;MASC;PL	N
menú	menu	menú	menu	N;MASC;SG	N
bolets	nấm	bolet	nấm	N;MASC;PL	N
parra	parra	parra	parra		
mantega	bơ	mantegar	bơ	N;FEM;SG	N
salou	salou	salou	salou		
assam	assam	assar	assam	N;MASC;SG	N
henares	henares	henar	henares		
banquet	yến	banquet	yến	N;MASC;SG	N
confessió	confession	confessió	confession	N;FEM;SG	N
gracia	grace	gracia	grace		
lusignan	lusignan	lusignar	lusignan	N;MASC;SG	N
dea	dea	dea	dea		
executa	chạy	executar	chạy	V;IND;SG;3;PRS;FIN	V
nadir	nadir	nadir	nadir		
eyck	eyck	eyck	eyck		
largo	largo	largo	largo		
aconsellar	khuyên	aconsellar	khuyên	V;NFIN	V
trobi	tìm	trobar	tìm	V;SBJV;SG;3;PRS;FIN	V
mustafa	mustafa	mustafa	mustafa	N;MASC;SG	N
fbi	fbi	fbi	fbi	N;MASC;SG	N
yonne	yonne	yonne	yonne	N;MASC;SG	N
atura	dừng	aturar	dừng	V;IND;SG;3;PRS;FIN	V
atura	ngừng	aturar	ngừng	V;IND;SG;3;PRS;FIN	V
bruc	erica	bruc	erica		
exàmens	thi	examen	thi	N;MASC;PL	N
contribueixen	góp	contribuir	góp	V;IND;PL;3;PRS;FIN	V
suez	suez	suez	suez	N;MASC;SG	N
mesnil	mesnil	mesnil	mesnil		
lira	lira	lirar	lira		
lira	lire	lirar	lire		
baba	baba	baba	baba		
venedor	nhã	venedor	nhã	N;MASC;SG	N
entrenadors	coaches	entrenador	coaches	N;MASC;PL	N
bolet	nấm	bolet	nấm	N;MASC;SG	N
chuck	chuck	chuck	chuck		
cintura	eo	cintura	eo	N;FEM;SG	N
cintura	hông	cintura	hông	N;FEM;SG	N
indicadors	cờ	indicador	cờ	N;MASC;PL	N
nevers	nevers	never	nevers		
pag	pag	pag	pag		
sms	sms	ser	sms		
edge	edge	edge	edge		
osasuna	osasuna	osasunar	osasuna	N;MASC;SG	N
plàstics	nhựa	plàstic	nhựa	N;MASC;PL	N
guaita	lookout	guaita	lookout		
vélez	vélez	vélez	vélez		
eli	eli	ell	eli		
hubble	hubble	hubble	hubble	N;MASC;SG	N
salvatore	salvatore	salvatore	salvatore		
peshwa	peshwa	peshwa	peshwa	N;MASC;SG	N
crucifixió	crucifixion	crucifixió	crucifixion	N;FEM;SG	N
choctaw	choctaw	choctaw	choctaw	N;SG	N
meurthe	meurthe	meurthe	meurthe	N;MASC;SG	N
garros	garros	garro	garros	N;MASC;SG	N
gram	grams	gram	grams		
bearn	béarn	bearn	béarn		
drake	drake	drake	drake		
robots	robot	robot	robot	N;MASC;PL	N
robots	robots	robot	robots	N;MASC;PL	N
matas	matas	matas	matas		
romain	romain	romai	romain		
porno	porn	pornar	porn		
woody	woody	woody	woody		
cxd	cxd	cxd	cxd		
neuville	neuville	neuville	neuville		
bayer	bayer	bayer	bayer		
tars	tarsus	tar	tarsus		
gervasi	gervasio	gervasi	gervasio		
chester	chester	chester	chester		
uthman	uthman	uthman	uthman		
aznar	aznar	aznar	aznar		
agave	thùa	agave	thùa	N;FEM;SG	N
hilaire	hilaire	hilaire	hilaire		
cendra	ash	cendra	ash		
cendra	tro	cendra	tro		
tenda	lều	tenda	lều	N;FEM;SG	N
nash	nash	nash	nash		
dispersos	loãng	dispers	loãng	ADJ;MASC;PL	ADJ
susa	susa	susar	susa	N;FEM;SG	N
diamond	zô	diamond	zô		
diamond	diamond	diamond	diamond		
fluxos	màng	flux	màng	N;MASC;PL	N
granados	granados	granad	granados		
anima	hoạt	animar	hoạt	V;IND;SG;3;PRS;FIN	V
rodolfo	rodolfo	rodolfo	rodolfo		
gruixut	dầy	gruixut	dầy	ADJ;MASC;SG	ADJ
gruixut	dày	gruixut	dày	ADJ;MASC;SG	ADJ
alicia	alicia	aliciar	alicia		
viatjant	salesman	viatjar	salesman	V;V.MSDR	V
carmel	carmel	carmel	carmel	N;MASC;SG	N
extermini	extermination	extermini	extermination	N;MASC;SG	N
ulleres	kính	ulleres	kính	N;FEM;PL	N
miralls	gương	mirall	gương	N;MASC;PL	N
vernon	vernon	vernon	vernon		
deus	deus	deu	deus		
gambet	gambit	gambet	gambit	N;MASC;SG	N
ist	ist	ist	ist		
albi	albi	albi	albi		
cesarea	caesarea	cesarea	caesarea	N;FEM;SG	N
montero	montero	montero	montero		
trail	trail	trail	trail		
feminisme	feminism	feminisme	feminism	N;MASC;SG	N
marxes	marches	marxa	marches	N;FEM;PL	N
hormona	hormone	hormonar	hormone	N;FEM;SG	N
hormona	hormon	hormonar	hormon	N;FEM;SG	N
frances	frances	frança	frances		
core	nhân	core	nhân		
hortalisses	rau	hortalissa	rau	N;FEM;PL	N
helicòpter	thăng	helicòpter	thăng	N;MASC;SG	N
göttingen	göttingen	glttingar	göttingen		
rars	hiếm	rar	hiếm	ADJ;MASC;PL	ADJ
motlle	mốc	motlle	mốc	N;MASC;SG	N
lídia	lydia	lídia	lydia		
châtillon	châtillon	châtillon	châtillon		
tauró	shark	tauró	shark	N;MASC;SG	N
salta	nhảy	saltar	nhảy	V;IND;SG;3;PRS;FIN	V
salta	skip	saltar	skip	V;IND;SG;3;PRS;FIN	V
arcàngel	archangel	arcàngel	archangel		
sanció	penalty	sanció	penalty	N;FEM;SG	N
sanció	phạt	sanció	phạt	N;FEM;SG	N
oca	ngỗng	oca	ngỗng	N;FEM;SG	N
coincidència	thủ	coincidència	thủ	N;FEM;SG	N
coincidència	khớp	coincidència	khớp	N;FEM;SG	N
morro	morro	morro	morro		
pneumàtics	lốp	pneumàtic	lốp	N;MASC;PL	N
cartutx	hộp	cartutx	hộp	N;MASC;SG	N
cohesió	cohesion	cohesió	cohesion	N;FEM;SG	N
barques	thuyền	barca	thuyền	N;FEM;PL	N
lot	lot	lot	lot		
žilina	žilina	žilina	žilina		
sandra	sandra	sandra	sandra		
sabana	savannah	sabana	savannah	N;FEM;SG	N
coruña	coruna	coruña	coruna		
coruña	coruña	coruña	coruña		
francolí	francolinus	francolí	francolinus		
byron	byron	byron	byron		
vieux	vieux	vieux	vieux		
tai	tai	tai	tai		
dalmàcia	dalmatia	dalmàcia	dalmatia	N;FEM;SG	N
tango	tango	tango	tango	N;MASC;SG	N
rivière	rivière	rivière	rivière		
barset	barset	barset	barset		
gottfried	gottfried	gottfried	gottfried		
gardner	gardener	gardner	gardener		
gardner	gardner	gardner	gardner		
isa	isa	isa	isa		
suro	cork	suro	cork	N;MASC;SG	N
ley	ley	ley	ley		
kit	kit	kit	kit		
avenir	avenir	avenir	avenir		
isfahan	isfahan	isfahan	isfahan		
malwa	malwa	malwa	malwa		
ophrys	ophrys	ophrys	ophrys		
gerardo	gerardo	gerardo	gerardo		
lex	lex	lex	lex		
aden	aden	aden	aden	N;MASC;SG	N
imperis	empires	imperi	empires	N;MASC;PL	N
sancti	sancti	sanctar	sancti		
antigua	antigua	antic	antigua	N;FEM;SG	N
desafiament	thạch	desafiament	thạch	N;MASC;SG	N
salem	salem	saler	salem		
còdols	sỏi	còdol	sỏi	N;MASC;PL	N
còdols	pebbles	còdol	pebbles	N;MASC;PL	N
rana	rana	rana	rana		
tumor	bướu	tumor	bướu	N;MASC;SG	N
bdfutbol	bdfutbol	bdfutbol	bdfutbol		
milla	dặm	milla	dặm	N;FEM;SG	N
rangers	kích	ranger	kích	N;MASC;PL	N
ver	ver	ver	ver		
cànons	royalties	cànó	royalties		
hal	hal	hal	hal		
jpeg	jpeg	jpeg	jpeg	N;MASC;PL	N
aranda	aranda	aranda	aranda		
llàgrimes	lăn	llàgrima	lăn	N;FEM;PL	N
poitou	poitou	poitou	poitou		
kirk	kirk	kirk	kirk		
gradient	gradient	gradient	gradient	N;MASC;SG	N
montreal	montréal	montreal	montréal		
audició	audition	audició	audition	N;FEM;SG	N
espín	spin	espín	spin	N;MASC;SG	N
fleming	fleming	fleming	fleming	N;MASC;SG	N
etanol	ethanol	etanol	ethanol	N;MASC;SG	N
bosses	túi	bossa	túi	N;FEM;PL	N
jet	jet	jet	jet	N;MASC;SG	N
firefox	firefox	firefox	firefox	N;MASC;SG	N
cronològic	chronological	cronològic	chronological	ADJ;MASC;SG	ADJ
freeman	freeman	freeman	freeman		
aspiracions	tr	aspiració	tr	N;FEM;PL	N
medicament	thuốc	medicament	thuốc	N;MASC;SG	N
manganès	mangan	manganès	mangan	N;MASC;SG	N
mayenne	mayenne	mayenne	mayenne	N;MASC;SG	N
doc	doc	doc	doc		
molar	molar	molar	molar		
apartheid	apartheid	apartheid	apartheid	N;MASC;SG	N
popa	popa	popa	popa		
flautes	sáo	flauta	sáo	N;PL	N
shell	shell	shell	shell		
germandat	brotherhood	germandat	brotherhood	N;FEM;SG	N
carnegie	carnegie	carnegie	carnegie		
orfe	orphan	orfe	orphan		
perfumeria	perfume	perfumeria	perfume	N;FEM;SG	N
cantor	cantor	cantor	cantor		
indie	indie	indie	indie		
grafica	grafica	graficar	grafica		
schumann	schumann	schumar	schumann		
pelayo	pelayo	pelayo	pelayo		
esbós	sketch	esbós	sketch	N;MASC;SG	N
pesada	nặng	pesada	nặng	ADJ;FEM;SG;V.PTCP	ADJ
tabriz	tabriz	tabriz	tabriz		
execucions	executions	execució	executions	N;FEM;PL	N
oscars	oscar	oscar	oscar	N;MASC;PL	N
fosses	nách	fossa	nách	N;FEM;PL	N
kepler	kepler	kepler	kepler		
judit	judit	judit	judit		
gruyter	gruyter	gruyter	gruyter		
piles	piles	pila	piles		
qué	qué	qué	qué		
eudes	eudes	eude	eudes		
dracs	rồng	drac	rồng	N;MASC;PL	N
microscopi	microscope	microscopi	microscope	N;MASC;SG	N
casp	casp	casp	casp		
posidó	poseidon	posidó	poseidon	N;MASC;SG	N
humboldt	humboldt	humboldt	humboldt		
gotes	guốc	gota	guốc	N;FEM;PL	N
gotes	giọt	gota	giọt	N;FEM;PL	N
ies	ies	ies	ies	N;MASC;SG	N
dux	doge	dux	doge		
vivo	vivo	vivo	vivo		
annales	annales	annala	annales	N;PL	N
aule	aulus	aule	aulus		
enterprise	enterprise	enterprise	enterprise		
ors	ors	ors	ors	N;MASC;SG	N
prunus	prunus	prunu	prunus	N;MASC;SG	N
kart	kart	kart	kart		
royale	royale	royale	royale		
dulce	dulce	dulce	dulce		
fletcher	fletcher	fletcher	fletcher		
nacionalitats	nationalities	nacionalitat	nationalities	N;FEM;PL	N
encarnació	kiếp	encarnació	kiếp	N;FEM;SG	N
faraons	pharaon	faraó	pharaon	N;MASC;PL	N
faraons	pharaoh	faraó	pharaoh	N;MASC;PL	N
olympique	olympique	olympique	olympique	N;MASC;SG	N
descansa	nghỉ	descansar	nghỉ	V;IND;SG;3;PRS;FIN	V
horus	horus	horus	horus	N;MASC;SG	N
salaris	lương	salari	lương	N;MASC;PL	N
esmalt	men	esmalt	men	N;MASC;SG	N
liti	lithium	litar	lithium	N;MASC;SG	N
liti	liti	litar	liti	N;MASC;SG	N
llenya	củi	llenya	củi	N;FEM;SG	N
sext	sextus	sext	sextus		
ryukyu	ryukyu	ryukyu	ryukyu	N;FEM;PL	N
bering	bering	bering	bering	N;MASC;SG	N
galileu	galileo	galileu	galileo		
heredia	heredia	heredir	heredia		
ramis	ramis	rami	ramis		
papallones	bướm	papallona	bướm	N;FEM;PL	N
aubin	aubin	aubar	aubin		
rèquiem	requiem	rèquiam	requiem	N;MASC;SG	N
araneus	araneus	araneu	araneus	N	N
barnes	barnes	barna	barnes		
tríptic	triptych	tríptic	triptych		
ela	ela	el	ela		
erau	hérault	erau	hérault	N;MASC;SG	N
hoffmann	hoffmann	hoffman	hoffmann		
hoffmann	hoffman	hoffman	hoffman		
pistons	piston	pistó	piston	N;MASC;PL	N
cuc	giun	cuc	giun	N;MASC;SG	N
cuc	worm	cuc	worm	N;MASC;SG	N
fabi	fabius	febi	fabius		
oswald	oswald	oswald	oswald		
hernando	hernando	hernando	hernando		
balança	libra	balança	libra	N;FEM;SG	N
mitocondrial	mitochondrial	mitocondrial	mitochondrial	ADJ;SG	ADJ
euphorbia	euphorbia	euphorbia	euphorbia	N;FEM;SG	N
champagne	champagne	champagne	champagne		
especies	especies	especia	especies	N;FEM;PL	N
laberint	mê	laberir	mê	V;V.MSDR	V
veles	nến	vela	nến	N;FEM;PL	N
isidor	isidor	isidor	isidor		
isidor	isidore	isidor	isidore		
bucle	loop	bucle	loop	N;MASC;SG	N
plafons	bảng	plafó	bảng	N;MASC;PL	N
situ	situ	situ	situ		
casta	caste	casta	caste	N;FEM;SG	N
parque	parque	parque	parque	N;MASC;SG	N
correctes	đúng	correcte	đúng	ADJ;PL	ADJ
contextos	contexts	context	contexts	N;MASC;PL	N
bajo	bajo	bajo	bajo		
cuevas	cuevas	cuevas	cuevas		
uzbeks	uzbeks	uzbek	uzbeks	N;MASC;PL	N
muro	muro	muro	muro		
esposes	vợ	esposa	vợ	N;FEM;PL	N
coregonus	coregonus	coregonú	coregonus		
contesa	feud	contesa	feud		
carnestoltes	carnival	carnestoltes	carnival	N;MASC	N
antonia	antonia	antonia	antonia	N;FEM;SG	N
cadet	cadet	cadet	cadet		
harcourt	harcourt	harcourt	harcourt		
navajo	navajo	navajo	navajo	N;SG	N
cirera	cherry	cirera	cherry		
regio	regio	regia	regio		
gers	gers	gers	gers	N;MASC;SG	N
gili	gili	gili	gili		
donatello	donatello	donatello	donatello		
calle	calle	calle	calle		
oïda	ear	oïda	ear		
oïda	tai	oïda	tai		
