podijelili	chia	podijeliti	chia	V;MASC;PL;PST;V.PTCP;ACT	V
bat	dơi	bat	dơi	N;NOM;MASC;SG	N
artakserkso	artaxerxes	artakserkso	artaxerxes	N;NOM;MASC;SG	N
hrabrosti	dũng	hrabrost	dũng	N;NOM;FEM;PL	N
nogometaši	footballers	nogometaš	footballers	N;NOM;MASC;PL	N
oskar	oscar	oskar	oscar	N;NOM;MASC;SG	N
okretaja	rpm	okretaj	rpm	N;GEN;MASC;SG	N
stolu	bàn	stol	bàn	N;DAT;MASC;SG	N
orijentaciju	hướng	orijentacija	hướng	N;ACC;FEM;SG	N
jules	jules	jules	jules	N;NOM;MASC;SG	N
tata	bố	tata	bố	N;NOM;MASC;SG	N
tata	bố	tata	bố	N;NOM;MASC;SG	N
korijeni	rễ	korijen	rễ	N;NOM;MASC;PL	N
thunb	thunb	thunb	thunb		
memorija	ức	memorija	ức	N;NOM;FEM;SG	N
kapelu	chapel	kapela	chapel	N;ACC;FEM;SG	N
iphone	iphone	iphon	iphone	N;NOM;MASC;SG	N
duboka	sâu	dubok	sâu	ADJ;NOM;DEF;FEM;SG	ADJ
marta	marta	mart	marta	N;NOM;FEM;SG	N
slanje	phái	slanje	phái	N;NOM;NEUT;SG	N
okupljanje	reunion	okupljanje	reunion	N;NOM;NEUT;SG	N
krumpir	khoai	krumpir	khoai	N;NOM;MASC;SG	N
ruta	rô	ruta	rô	N;NOM;FEM;SG	N
kartice	bài	kartica	bài	N;NOM;FEM;PL	N
kartice	thẻ	kartica	thẻ	N;NOM;FEM;PL	N
utc+	utc+	utc+	utc+		
aden	aden	aden	aden	N;NOM;MASC;SG	N
rolls	cuộn	rolls	cuộn	N;NOM;MASC;SG	N
junaci	heroes	junak	heroes	N;NOM;MASC;PL	N
mane	mane	mal	mane	N;NOM;FEM;PL	N
mane	bờm	mal	bờm	N;NOM;FEM;PL	N
domingo	domingo	doming	domingo	N;NOM;MASC;SG	N
hildebrand	hildebrand	hildebrand	hildebrand	N;NOM;MASC;SG	N
odisej	odysseus	odisej	odysseus	N;NOM;MASC;SG	N
odisej	odyssey	odisej	odyssey	N;NOM;MASC;SG	N
odisej	odysseus	odisej	odysseus	N;NOM;MASC;SG	N
odisej	ulysses	odisej	ulysses	N;NOM;MASC;SG	N
upozorenje	cảnh	upozorenje	cảnh	N;NOM;NEUT;SG	N
željezničar	željezničar	željezničar	željezničar	N;NOM;MASC;SG	N
ispuniti	điền	ispuniti	điền	V;NFIN	V
baja	baja	baja	baja	N;NOM;MASC;SG	N
sklonosti	inclination	sklonost	inclination	N;NOM;FEM;PL	N
segment	đoạn	segment	đoạn	N;NOM;MASC;SG	N
adrian	adrian	adrian	adrian	N;NOM;MASC;SG	N
jackie	jackie	jakki	jackie	N;NOM;MASC;SG	N
aethes	aethes	aethes	aethes		
andrews	andrews	andrews	andrews	N;NOM;MASC;SG	N
deportivo	deportivo	deportivo	deportivo	N;NOM;MASC;SG	N
lotus	lotus	lotus	lotus	N;NOM;MASC;SG	N
mastering	mastering	mastering	mastering	N;NOM;MASC;SG	N
radost	joy	radost	joy	N;NOM;FEM;SG	N
zeppelin	zeppelin	zeppelin	zeppelin	N;NOM;MASC;SG	N
pčele	ong	pčeti	ong	N;NOM;FEM;PL	N
frodo	frodo	frodo	frodo	N;NOM;MASC;SG	N
nin	nin	nin	nin	N;NOM;MASC;SG	N
tigar	tiger	tigar	tiger	N;NOM;MASC;SG	N
tigar	cọp	tigar	cọp	N;NOM;MASC;SG	N
tigar	hổ	tigar	hổ	N;NOM;MASC;SG	N
osvete	thù	osveta	thù	N;NOM;FEM;PL	N
lambert	lambert	lambert	lambert	N;NOM;MASC;SG	N
plaćati	trả	plaćati	trả	V;NFIN	V
mazz	mazz	mazz	mazz		
dečko	trai	dečko	trai	N;NOM;MASC;SG	N
dečko	bé	dečko	bé	N;NOM;MASC;SG	N
dečko	boyfriend	dečko	boyfriend	N;NOM;MASC;SG	N
ograničenje	hạn	ograničenje	hạn	N;NOM;NEUT;SG	N
struka	eo	struka	eo	N;NOM;FEM;SG	N
struka	hông	struka	hông	N;NOM;FEM;SG	N
turpin	turpin	turpin	turpin		
griseb	griseb	griseb	griseb		
hindu	hindu	hind	hindu	N;NOM;MASC;SG	N
osveta	thù	osvet	thù	N;NOM;FEM;SG	N
ada	ada	ada	ada		
jakob	jakob	jakob	jakob	N;NOM;MASC;SG	N
proslava	lễ	proslava	lễ	N;NOM;FEM;SG	N
močvara	lầy	močvar	lầy	N;NOM;FEM;SG	N
močvara	lầy	močvar	lầy	N;NOM;FEM;SG	N
aizoaceae	aizoaceae	aizoacea	aizoaceae	N;NOM;MASC;SG	N
inteligencija	pet	inteligencija	pet	N;NOM;FEM;SG	N
jelen	hươu	jelen	hươu	N;NOM;MASC;SG	N
kanjon	canyon	kanjon	canyon	N;NOM;MASC;SG	N
kanjon	hẻm	kanjon	hẻm	N;NOM;MASC;SG	N
sparta	sparta	spart	sparta	N;NOM;FEM;SG	N
dogovoreno	thuận	dogovoren	thuận	ADJ;NOM;DEF;NEUT;SG;V.PTCP;PASS	ADJ
java	java	jav	java	N;NOM;FEM;SG	N
sirius	sirius	sirius	sirius	N;NOM;MASC;SG	N
kipovi	tượng	kip	tượng	N;NOM;MASC;PL	N
molitvu	nguyện	molitva	nguyện	N;ACC;FEM;SG	N
platon	platon	platon	platon	N;NOM;MASC;SG	N
platon	plato	platon	plato	N;NOM;MASC;SG	N
jasminum	jasminum	jasminum	jasminum	N;NOM;MASC;SG	N
bonaldo	bonaldo	bonaldo	bonaldo		
intel	intel	intel	intel	N;NOM;MASC;SG	N
žita	lúa	žito	lúa	N;NOM;NEUT;PL	N
žita	hạt	žito	hạt	N;NOM;NEUT;PL	N
aleksej	alexei	aleksej	alexei	N;NOM;MASC;SG	N
aleksej	aleksey	aleksej	aleksey	N;NOM;MASC;SG	N
gavran	quạ	gavran	quạ	N;NOM;MASC;SG	N
uskrsnuće	resurrection	uskrsnuće	resurrection	N;NOM;NEUT;SG	N
plodnosti	fertility	plodnost	fertility	N;NOM;FEM;PL	N
blokira	chặn	blokirati	chặn	V;IND;SG;3;PRS;FIN	V
ogromna	huge	ogroman	huge	ADJ;NOM;DEF;FEM;SG	ADJ
bordeaux	bordeaux	bordeaux	bordeaux	N;NOM;MASC;SG	N
plašt	cape	plašt	cape	N;NOM;MASC;SG	N
plašt	choàng	plašt	choàng	N;NOM;MASC;SG	N
zhuang	trang	zhuangti	trang	N;NOM;MASC;SG	N
torres	torres	torres	torres	N;NOM;MASC;SG	N
javier	javier	javier	javier	N;NOM;MASC;SG	N
kubi	cuba	kubiti	cuba	N;DAT;FEM;SG	N
gong	gong	gong	gong	N;NOM;MASC;SG	N
paket	gói	paket	gói	N;NOM;MASC;SG	N
slavlje	lễ	slavlje	lễ	N;NOM;NEUT;SG	N
vjetrovi	gió	vjetar	gió	N;NOM;MASC;PL	N
torontu	toronto	toront	toronto	N;DAT;MASC;SG	N
sumrak	twilight	sumrak	twilight	N;NOM;MASC;SG	N
jacq	jacq	jak	jacq		
kane	kane	kana	kane	N;NOM;MASC;SG	N
gnu	gnu	gno	gnu	N;NOM;MASC;SG	N
maraton	marathon	maraton	marathon	N;NOM;MASC;SG	N
nalaz	finding	nalaz	finding	N;NOM;MASC;SG	N
leona	leona	leon	leona	N;ACC;MASC;SG	N
vijak	bolt	vijak	bolt	N;NOM;MASC;SG	N
teodor	teodor	teodor	teodor	N;NOM;MASC;SG	N
louvre	louvre	louvra	louvre	N;NOM;MASC;SG	N
erwin	erwin	erwin	erwin	N;NOM;MASC;SG	N
enzim	enzyme	enzim	enzyme	N;NOM;MASC;SG	N
enzim	enzym	enzim	enzym	N;NOM;MASC;SG	N
ligue	ligue	ligua	ligue	N;NOM;MASC;SG	N
darwin	darwin	darwin	darwin	N;NOM;MASC;SG	N
monarh	monarch	monarh	monarch	N;NOM;MASC;SG	N
močvare	lầy	močvar	lầy	N;NOM;FEM;PL	N
močvare	lầy	močvar	lầy	N;NOM;FEM;PL	N
nasljeđe	inheritance	nasljeđe	inheritance	N;NOM;NEUT;SG	N
konje	ngựa	konje	ngựa	N;ACC;MASC;PL	N
indicus	indicus	indicus	indicus	N;NOM;MASC;SG	N
concordia	concordia	concordia	concordia	N;NOM;MASC;SG	N
bajka	fairytale	bajka	fairytale	N;NOM;FEM;SG	N
nicole	nicole	nicol	nicole	N;NOM;FEM;SG	N
monticola	monticola	monticol	monticola	N;NOM;MASC;SG	N
hladna	lạnh	hladan	lạnh	ADJ;NOM;DEF;FEM;SG	ADJ
beton	tông	beton	tông	N;NOM;MASC;SG	N
inspiraciju	inspiration	inspiracija	inspiration	N;ACC;FEM;SG	N
reticulata	reticulata	reticult	reticulata	N;NOM;MASC;SG	N
veneciju	venice	venecija	venice	N;ACC;FEM;SG	N
veneciju	venezia	venecija	venezia	N;ACC;FEM;SG	N
nagib	dốc	nagib	dốc	N;NOM;MASC;SG	N
boj	trận	boj	trận	N;NOM;MASC;SG	N
bundesliga	bundesliga	bundesliga	bundesliga	N;NOM;FEM;SG	N
granu	cành	grana	cành	N;ACC;FEM;SG	N
granu	nhánh	grana	nhánh	N;ACC;FEM;SG	N
usne	môi	usna	môi	N;NOM;FEM;PL	N
mcdonald	mcdonald	mcdonald	mcdonald	N;NOM;MASC;SG	N
mcdonald	mcdonalds	mcdonald	mcdonalds	N;NOM;MASC;SG	N
duo	duo	duo	duo	N;NOM;MASC;SG	N
uvoz	danh	uvoz	danh	N;NOM;MASC;SG	N
uvoz	imports	uvoz	imports	N;NOM;MASC;SG	N
smanji	giảm	smanjiti	giảm	V;IND;SG;3;PRS;FIN	V
smanji	giảm	smanjiti	giảm	V;IND;SG;3;PRS;FIN	V
milost	ân	milost	ân	N;NOM;FEM;SG	N
hawk	hawk	hawk	hawk	N;NOM;MASC;SG	N
verm	verm	verh	verm		
lao	lào	lao	lào	N;NOM;MASC;SG	N
bremen	bremen	bremen	bremen	N;NOM;MASC;SG	N
heroji	heroes	heroj	heroes	N;NOM;MASC;PL	N
bura	bora	bura	bora	N;NOM;FEM;SG	N
browne	browne	browan	browne	N;NOM;FEM;SG	N
maccabi	maccabi	maccab	maccabi	N;NOM;MASC;SG	N
funk	funk	funk	funk	N;NOM;MASC;SG	N
mast	mỡ	mast	mỡ	N;NOM;FEM;SG	N
mast	mỡ	mast	mỡ	N;NOM;FEM;SG	N
osovina	trục	osovina	trục	N;NOM;FEM;SG	N
ornata	ornata	ornat	ornata	N;NOM;MASC;SG	N
hymenoptera	hymenoptera	hymenoptera	hymenoptera	N;ANIM;ACC;MASC;SG	N
mez	mez	mez	mez		
bishop	bishop	bishop	bishop	N;NOM;MASC;SG	N
communis	communis	communis	communis	N;NOM;MASC;SG	N
maroku	morocco	marok	morocco	N;DAT;MASC;SG	N
maroku	maroc	marok	maroc	N;DAT;MASC;SG	N
oblaci	mây	oblak	mây	N;NOM;MASC;PL	N
autobus	bus	autobus	bus	N;NOM;MASC;SG	N
lisice	cáo	lisica	cáo	N;NOM;FEM;PL	N
naredba	huy	naredba	huy	N;NOM;FEM;SG	N
naredba	lềnh	naredba	lềnh	N;NOM;FEM;SG	N
protežu	duỗi	protež	duỗi	V;IND;PL;3;PRS;FIN	V
protežu	căng	protež	căng	V;IND;PL;3;PRS;FIN	V
miao	miêu	miao	miêu	N;NOM;MASC;SG	N
bogart	bogart	bogart	bogart	N;NOM;MASC;SG	N
schleswig	schleswig	schlest	schleswig	N;NOM;MASC;SG	N
annonaceae	annonaceae	annonacea	annonaceae	N;NOM;MASC;SG	N
pamuk	pamuk	pamuk	pamuk	N;NOM;MASC;SG	N
pamuk	bông	pamuk	bông	N;NOM;MASC;SG	N
pamuk	cotton	pamuk	cotton	N;NOM;MASC;SG	N
franca	franca	franac	franca	N;NOM;MASC;SG	N
vlasi	lông	vlas	lông	N;NOM;FEM;PL	N
kaos	chaos	kaos	chaos	N;NOM;MASC;SG	N
krava	bò	krava	bò	N;NOM;FEM;SG	N
blata	bùn	blat	bùn	N;NOM;FEM;PL	N
haagu	hague	haag	hague	N;DAT;MASC;SG	N
haagu	hag	haag	hag	N;DAT;MASC;SG	N
torre	torre	torra	torre	N;NOM;MASC;SG	N
bach	bach	bach	bach	N;NOM;MASC;SG	N
louisa	louisa	louis	louisa	N;ANIM;ACC;MASC;SG	N
odiseja	odysseus	odiseja	odysseus	N;NOM;MASC;SG	N
odiseja	odyssey	odiseja	odyssey	N;NOM;MASC;SG	N
odiseja	odysseus	odiseja	odysseus	N;NOM;MASC;SG	N
odiseja	ulysses	odiseja	ulysses	N;NOM;MASC;SG	N
duhovi	ma	duh	ma	N;NOM;MASC;PL	N
kurija	curia	kurija	curia	N;NOM;FEM;SG	N
naupactus	naupactus	naupactus	naupactus	N;DAT;MASC;SG	N
aids	aids	aids	aids	N;NOM;MASC;SG	N
olova	chì	olovo	chì	N;GEN;MASC;SG	N
blackburn	blackburn	blackburn	blackburn	N;NOM;FEM;SG	N
isusovci	jesuits	isusovca	jesuits	N;NOM;MASC;PL	N
seine	seine	seinuti	seine	N;NOM;MASC;SG	N
bono	bono	bono	bono	N;NOM;MASC;SG	N
kristijan	nguyen	kristijan	nguyen	N;NOM;MASC;SG	N
dušik	nitơ	dušik	nitơ	N;NOM;MASC;SG	N
dušik	nitrogen	dušik	nitrogen	N;NOM;MASC;SG	N
arsenala	arsenal	arsenal	arsenal	N;ACC;MASC;SG	N
galaksije	galaxies	galaksija	galaxies	N;NOM;FEM;PL	N
galaksije	galaxy	galaksija	galaxy	N;NOM;FEM;PL	N
mozart	mozart	mozart	mozart	N;NOM;MASC;SG	N
alžiru	algeria	alžira	algeria	N;DAT;MASC;SG	N
alžiru	algérie	alžira	algérie	N;DAT;MASC;SG	N
gripe	cúm	gripa	cúm	N;NOM;FEM;PL	N
gripe	cúm	gripa	cúm	N;NOM;FEM;PL	N
jessica	jessica	jessica	jessica	N;NOM;FEM;SG	N
rupu	hố	rupa	hố	N;ACC;FEM;SG	N
htv	htv	htv	htv	N;NOM;MASC;SG	N
habsburg	habsburg	habsburg	habsburg	N;NOM;MASC;SG	N
govornik	loa	govornik	loa	N;NOM;MASC;SG	N
plazma	plasma	plazma	plasma	N;NOM;FEM;SG	N
majmuni	khỉ	majmun	khỉ	N;NOM;MASC;PL	N
majmuni	khỉ	majmun	khỉ	N;NOM;MASC;PL	N
drveće	cây	drveće	cây	N;NOM;NEUT;SG	N
gta	gta	gta	gta	N;NOM;MASC;SG	N
komičar	comic	komičar	comic	N;NOM;MASC;SG	N
komičar	comedian	komičar	comedian	N;NOM;MASC;SG	N
demon	daemon	demon	daemon	N;NOM;MASC;SG	N
demon	khổn	demon	khổn	N;NOM;MASC;SG	N
demon	quỷ	demon	quỷ	N;NOM;MASC;SG	N
dyar	dyar	dyar	dyar		
mata	mata	mata	mata	N;NOM;MASC;SG	N
dlake	lông	dlak	lông	N;NOM;FEM;PL	N
palmer	palmer	palmer	palmer	N;NOM;MASC;SG	N
prometej	prometheus	prometej	prometheus	N;NOM;MASC;SG	N
slojeve	lớp	sloj	lớp	N;ACC;MASC;PL	N
pčela	ong	pčela	ong	N;NOM;FEM;SG	N
geni	gien	gena	gien	N;NOM;MASC;PL	N
ace	ách	ace	ách	N;NOM;MASC;SG	N
lisac	cáo	lisac	cáo	N;NOM;MASC;SG	N
spriječi	ngăn	spriječiti	ngăn	V;IND;SG;3;PRS;FIN	V
strijela	arrow	strijela	arrow	N;NOM;FEM;SG	N
snake	rắn	snak	rắn	N;NOM;MASC;SG	N
cicurina	cicurina	cicurina	cicurina	N;NOM;MASC;SG	N
gej	gay	gej	gay	N;NOM;MASC;SG	N
suzuki	suzuki	suzuki	suzuki	N;NOM;MASC;SG	N
savjete	mẹo	savjet	mẹo	N;ACC;MASC;PL	N
bilbao	bilbao	bilbati	bilbao	N;NOM;MASC;SG	N
spinosa	spinosa	spinos	spinosa	N;NOM;FEM;SG	N
vaga	libra	vag	libra	N;NOM;FEM;SG	N
coca	coca	coca	coca	N;NOM;MASC;SG	N
vizija	vision	vizija	vision	N;NOM;FEM;SG	N
libiji	libya	libija	libya	N;DAT;FEM;SG	N
nigeriji	nigeria	nigerij	nigeria	N;DAT;FEM;SG	N
slogan	slogan	slogan	slogan	N;NOM;MASC;SG	N
pine	thông	pina	thông		
richter	richter	richter	richter	N;NOM;MASC;SG	N
nikla	nickel	nikao	nickel	N;NOM;FEM;SG	N
nikla	niken	nikao	niken	N;NOM;FEM;SG	N
ziziphus	ziziphus	ziziphus	ziziphus	N;DAT;MASC;SG	N
petit	petit	petiti	petit	N;NOM;MASC;SG	N
wyoming	wyoming	wyoming	wyoming	N;NOM;MASC;SG	N
tkanine	vải	tkanina	vải	N;NOM;FEM;PL	N
tkanine	vải	tkanina	vải	N;NOM;FEM;PL	N
starks	starks	starks	starks		
asfalt	nhựa	asfalt	nhựa	N;NOM;MASC;SG	N
drugačija	khác	drugačiji	khác	ADJ;NOM;DEF;FEM;SG	ADJ
kanale	kênh	kanal	kênh	N;ACC;MASC;PL	N
baku	baku	baka	baku	N;ACC;FEM;SG	N
napajanje	lực	napajanje	lực	N;NOM;NEUT;SG	N
olympique	olympique	olympišue	olympique	N;NOM;MASC;SG	N
alge	alger	alga	alger	N;NOM;FEM;PL	N
subst	subst	subst	subst		
grobovi	đào	grob	đào	N;NOM;MASC;PL	N
asura	asura	asura	asura	N;NOM;MASC;SG	N
svod	hầm	svod	hầm	N;NOM;MASC;SG	N
hamburgu	hamburg	hamburg	hamburg	N;DAT;MASC;SG	N
mirza	mirza	mirza	mirza	N;NOM;MASC;SG	N
klarinet	clarinet	klarinet	clarinet	N;NOM;MASC;SG	N
emirata	emirates	emirat	emirates	N;GEN;MASC;SG	N
posudio	mượn	posuditi	mượn	V;MASC;SG;PST;V.PTCP;ACT	V
kur	koran	kur	koran	N;NOM;MASC;SG	N
kuvajt	kuwait	kuvajt	kuwait	N;NOM;MASC;SG	N
skica	sketch	skica	sketch	N;NOM;FEM;SG	N
miješanje	shuffle	miješanje	shuffle	N;NOM;NEUT;SG	N
ferreira	ferreira	ferreirati	ferreira	N;NOM;MASC;SG	N
panama	panama	panam	panama	N;NOM;FEM;SG	N
kanu	kano	kana	kano	N;NOM;NEUT;SG	N
kanu	xuồng	kana	xuồng	N;NOM;NEUT;SG	N
kanu	canoe	kana	canoe	N;NOM;NEUT;SG	N
federer	federer	federer	federer	N;NOM;MASC;SG	N
prašina	bụi	prašina	bụi	N;NOM;FEM;SG	N
prašina	chốn	prašina	chốn	N;NOM;FEM;SG	N
hlače	quần	hlača	quần	N;NOM;FEM;PL	N
hlače	quần	hlača	quần	N;NOM;FEM;PL	N
pilar	pilar	pilar	pilar	N;NOM;MASC;SG	N
atenu	athens	atena	athens	N;ACC;FEM;SG	N
demona	khổn	demona	khổn	N;ACC;MASC;SG	N
demona	quỷ	demona	quỷ	N;ACC;MASC;SG	N
topovi	pháo	top	pháo	N;NOM;MASC;PL	N
minutus	minutus	minutus	minutus	N;ACC;FEM;SG	N
ponosa	ngạo	ponos	ngạo	N;GEN;MASC;SG	N
johanna	johanna	johanan	johanna	N;NOM;FEM;SG	N
fasciata	fasciata	fasciat	fasciata	N;NOM;MASC;SG	N
spava	ngủ	spavati	ngủ	V;IND;SG;3;PRS;FIN	V
saussure	saussure	saussura	saussure	N;NOM;FEM;SG	N
rhode	rhode	rhoditi	rhode	N;NOM;FEM;SG	N
neptun	neptune	neptun	neptune	N;NOM;MASC;SG	N
biomase	biomass	biomas	biomass	N;NOM;FEM;PL	N
zoo	thú	zoo	thú	N;NOM;MASC;SG	N
zoo	zoo	zoo	zoo	N;NOM;MASC;SG	N
xestia	xestia	xestia	xestia	N;NOM;MASC;SG	N
komuna	xã	komuna	xã	N;NOM;FEM;SG	N
robot	robot	robot	robot	N;NOM;MASC;SG	N
barb	barb	barb	barb		
gvajana	guyana	gvajati	guyana	N;NOM;FEM;SG	N
šok	sốc	šok	sốc	N;NOM;MASC;SG	N
kori	vỏ	kora	vỏ	N;DAT;FEM;SG	N
ostvari	đạt	ostvariti	đạt	V;IND;SG;3;PRS;FIN	V
pati	chịu	patiti	chịu	V;IND;SG;3;PRS;FIN	V
quoy	quoy	quoy	quoy		
earl	lô	earl	lô	N;NOM;MASC;SG	N
posjetitelje	khách	posjetitelj	khách	N;ACC;MASC;PL	N
objavi	đăng	objaviti	đăng	V;IND;SG;3;PRS;FIN	V
objavi	đăng	objaviti	đăng	V;IND;SG;3;PRS;FIN	V
ljuske	vảy	ljuska	vảy	N;NOM;FEM;PL	N
ljuske	vảy	ljuska	vảy	N;NOM;FEM;PL	N
bolesnik	bệnh	bolesnik	bệnh	N;NOM;MASC;SG	N
bolesnik	cúm	bolesnik	cúm	N;NOM;MASC;SG	N
gaius	gaius	gaius	gaius	N;NOM;MASC;SG	N
ninja	ninja	ninja	ninja	N;NOM;MASC;SG	N
claudia	claudia	claudia	claudia	N;NOM;FEM;SG	N
obavijest	chuông	obavijest	chuông	N;NOM;FEM;SG	N
obavijest	quận	obavijest	quận	N;NOM;FEM;SG	N
mitovi	myths	mit	myths	N;NOM;MASC;PL	N
erigone	erigone	erigon	erigone		
uske	hẹp	uzak	hẹp	ADJ;NOM;DEF;FEM;PL	ADJ
putevi	banner	put	banner	N;NOM;MASC;PL	N
milo	milo	milo	milo	N;NOM;MASC;SG	N
zrcalo	gương	zrcati	gương	N;NOM;NEUT;SG	N
kuka	hook	kuka	hook	N;NOM;MASC;SG	N
kuka	móc	kuka	móc	N;NOM;MASC;SG	N
kamenica	oyster	kamenica	oyster	N;NOM;FEM;SG	N
kamenica	hàu	kamenica	hàu	N;NOM;FEM;SG	N
plaće	lương	plaća	lương	N;NOM;FEM;PL	N
plaće	lương	plaća	lương	N;NOM;FEM;PL	N
giacomo	giacomo	giacom	giacomo	N;NOM;MASC;SG	N
mostovi	cầu	most	cầu	N;NOM;MASC;PL	N
kolumbo	columbus	kolumbo	columbus	N;NOM;MASC;SG	N
prozori	windows	prozor	windows	N;NOM;MASC;PL	N
tumor	bướu	tumor	bướu	N;NOM;MASC;SG	N
medina	medina	medini	medina	N;NOM;FEM;SG	N
grah	bean	grah	bean	N;NOM;MASC;SG	N
pepeo	chua	pepeo	chua	N;NOM;MASC;SG	N
tanka	mỏng	tanka	mỏng	ADJ;NOM;DEF;FEM;SG	ADJ
tanka	gầy	tanka	gầy	ADJ;NOM;DEF;FEM;SG	ADJ
lars	lars	lars	lars	N;NOM;MASC;SG	N
zabava	fun	zabava	fun	N;NOM;FEM;SG	N
zabava	ké	zabava	ké	N;NOM;FEM;SG	N
zabava	đảng	zabava	đảng	N;NOM;FEM;SG	N
zabava	tiệc	zabava	tiệc	N;NOM;FEM;SG	N
zabava	entertainment	zabava	entertainment	N;NOM;FEM;SG	N
arabiji	rập	arabija	rập	N;DAT;FEM;SG	N
villiers	villiers	villiers	villiers		
auguste	auguste	august	auguste	N;NOM;FEM;SG	N
python	python	python	python	N;NOM;MASC;SG	N
python	trăn	python	trăn	N;NOM;MASC;SG	N
pije	uống	piti	uống	V;IND;SG;3;PRS;FIN	V
pije	uống	piti	uống	V;IND;SG;3;PRS;FIN	V
hale	hale	hali	hale	N;NOM;FEM;PL	N
mak	poppy	mak	poppy	N;NOM;MASC;SG	N
uski	hẹp	uski	hẹp	ADJ;NOM;DEF;MASC;SG	ADJ
sok	juice	sok	juice	N;NOM;MASC;SG	N
paradise	thiên	paradis	thiên	N;NOM;MASC;SG	N
cvijeta	flower	cvijet	flower	N;GEN;MASC;SG	N
cvijeta	hoa	cvijet	hoa	N;GEN;MASC;SG	N
alternativa	alternative	alternativa	alternative	N;NOM;FEM;SG	N
barcelonu	barcelona	barcelon	barcelona	N;ACC;FEM;SG	N
ksenija	xenia	ksenija	xenia	N;NOM;FEM;SG	N
thunder	sấm	thunder	sấm	N;NOM;MASC;SG	N
thunder	sét	thunder	sét	N;NOM;MASC;SG	N
lockheed	lockheed	lockheed	lockheed	N;NOM;MASC;SG	N
juniori	nhí	junior	nhí	N;NOM;MASC;PL	N
sven	sven	sven	sven	N;NOM;MASC;SG	N
gigas	gigas	gigas	gigas	N;NOM;FEM;SG	N
zeta	zeta	zeta	zeta	N;NOM;MASC;SG	N
niski	thấp	nisk	thấp	ADJ;NOM;DEF;MASC;SG	ADJ
domove	nhà	dom	nhà	N;ACC;MASC;PL	N
stanford	stanford	stanford	stanford	N;NOM;MASC;SG	N
adolfa	adolf	adolf	adolf	N;ACC;MASC;SG	N
kalcija	calcium	kalcij	calcium	N;GEN;MASC;SG	N
kalcija	canxi	kalcij	canxi	N;GEN;MASC;SG	N
pojedinosti	tiết	pojedinost	tiết	N;NOM;FEM;PL	N
chilensis	chilensis	chilensis	chilensis	N;NOM;MASC;SG	N
čaja	trà	čaj	trà	N;GEN;MASC;SG	N
čaja	tea	čaj	tea	N;GEN;MASC;SG	N
ragbi	rugby	ragba	rugby	N;NOM;MASC;SG	N
cameo	cameo	cameo	cameo	N;NOM;MASC;SG	N
bajke	fairytales	bajka	fairytales	N;NOM;FEM;PL	N
mol	mol	mol	mol	N;NOM;MASC;SG	N
farmi	farm	farma	farm	N;DAT;FEM;SG	N
waters	waters	waters	waters	N;NOM;MASC;SG	N
riješi	giải	riješiti	giải	V;IND;SG;3;PRS;FIN	V
carpenter	mộc	carpenter	mộc	N;NOM;MASC;SG	N
domaćini	máy	domaćin	máy	N;NOM;MASC;PL	N
zub	răng	zub	răng	N;NOM;MASC;SG	N
paleolog	palaiologos	paleolog	palaiologos	N;NOM;MASC;SG	N
logika	luận	logik	luận	N;NOM;FEM;SG	N
logika	logic	logik	logic	N;NOM;FEM;SG	N
deva	deva	deva	deva	N;NOM;MASC;SG	N
kotač	wheel	kotač	wheel	N;NOM;MASC;SG	N
kalibar	caliber	kalibar	caliber	N;NOM;MASC;SG	N
shakespeare	shakespeare	shakespear	shakespeare	N;NOM;MASC;SG	N
madagaskar	madagascar	madagaskar	madagascar	N;NOM;MASC;SG	N
cheng	trịnh	cheng	trịnh	N;NOM;MASC;SG	N
cheng	cheng	cheng	cheng	N;NOM;MASC;SG	N
težnje	tr	težnja	tr	N;NOM;FEM;PL	N
hirtz	hirtz	hirtz	hirtz		
mick	mick	mick	mick	N;NOM;MASC;SG	N
bljesak	flash	bljesak	flash	N;NOM;MASC;SG	N
hemsl	hemsl	hemsl	hemsl		
cilindar	trụ	cilindar	trụ	N;NOM;MASC;SG	N
varanus	varanus	varanus	varanus	N;NOM;MASC;SG	N
kukci	rệp	kukak	rệp	N;NOM;MASC;PL	N
kukci	bọ	kukak	bọ	N;NOM;MASC;PL	N
kukci	lỗi	kukak	lỗi	N;NOM;MASC;PL	N
mutacije	mutations	mutacija	mutations	N;NOM;FEM;PL	N
sibiru	siberia	sibir	siberia	N;DAT;MASC;SG	N
prst	finger	prst	finger	N;NOM;MASC;SG	N
prst	tâ	prst	tâ	N;NOM;MASC;SG	N
uskrsnuća	resurrection	uskrsnuće	resurrection	N;NOM;NEUT;PL	N
tekstila	dệt	tekstil	dệt	N;GEN;MASC;SG	N
tekstila	dệt	tekstil	dệt	N;GEN;MASC;SG	N
licem	face	licem	face	N;INS;NEUT;SG	N
licem	mặt	licem	mặt	N;INS;NEUT;SG	N
eskov	eskov	eskov	eskov		
hermes	hermes	hermes	hermes	N;NOM;MASC;SG	N
tajlandu	thailand	tajlanda	thailand	N;DAT;MASC;SG	N
laevis	laevis	laevis	laevis		
basidiomycota	basidiomycota	basidiomycot	basidiomycota	N;NOM;MASC;SG	N
montpellier	montpellier	montpellier	montpellier	N;NOM;MASC;SG	N
ceremonija	lễ	ceremonija	lễ	N;NOM;FEM;SG	N
tirol	tirol	tirol	tirol	N;NOM;MASC;SG	N
klorid	clorua	klorid	clorua	N;NOM;MASC;SG	N
württemberg	württemberg	württemberg	württemberg	N;NOM;MASC;SG	N
pročitajte	đọc	pročitati	đọc	V;IMP;PL;2;FIN	V
joshua	joshua	joshu	joshua	N;NOM;MASC;SG	N
konju	ngựa	konj	ngựa	N;DAT;MASC;SG	N
minsk	minsk	minsk	minsk	N;NOM;MASC;SG	N
antene	antenna	anten	antenna	N;NOM;FEM;PL	N
antene	anten	anten	anten	N;NOM;FEM;PL	N
gaz	gaz	gaz	gaz	N;NOM;MASC;SG	N
dijelili	chia	dijeliti	chia	V;MASC;PL;PST;V.PTCP;ACT	V
srbin	serbia	srbin	serbia	N;NOM;MASC;SG	N
kapi	guốc	kap	guốc	N;NOM;FEM;PL	N
kapi	giọt	kap	giọt	N;NOM;FEM;PL	N
guzmania	guzmania	guzmania	guzmania	N;NOM;MASC;SG	N
glukoze	glucose	glukoza	glucose	N;NOM;FEM;PL	N
pišem	viết	pisati	viết	V;IND;SG;1;PRS;FIN	V
pišem	ghi	pisati	ghi	V;IND;SG;1;PRS;FIN	V
banana	chuối	banana	chuối	N;NOM;FEM;SG	N
banana	banana	banana	banana	N;NOM;FEM;SG	N
banana	chuối	banana	chuối	N;NOM;FEM;SG	N
vancouveru	vancouver	vancouver	vancouver	N;DAT;MASC;SG	N
aguilera	aguilera	aguiler	aguilera	N;NOM;FEM;SG	N
vrana	quạ	vrana	quạ	N;NOM;FEM;SG	N
posjetitelji	khách	posjetitelj	khách	N;NOM;MASC;PL	N
kaiser	kaiser	kaiser	kaiser	N;NOM;MASC;SG	N
natalensis	natalensis	natalensis	natalensis	N;NOM;MASC;SG	N
diplome	độ	diploma	độ	N;NOM;FEM;PL	N
boks	boxing	boks	boxing	N;NOM;MASC;SG	N
kol	cole	kol	cole	N	N
janeiru	janeiro	janeir	janeiro	N;DAT;MASC;SG	N
šifra	code	šifra	code	N;NOM;FEM;SG	N
šifra	mã	šifra	mã	N;NOM;FEM;SG	N
unos	entry	unos	entry	N;NOM;MASC;SG	N
unos	mục	unos	mục	N;NOM;MASC;SG	N
dlaka	tóc	dlaka	tóc	N;NOM;FEM;SG	N
munje	sét	mulo	sét	N;NOM;FEM;PL	N
munje	sét	mulo	sét	N;NOM;FEM;PL	N
maleno	nhỏ	malen	nhỏ	ADJ;NOM;DEF;NEUT;SG	ADJ
apogon	apogon	apogon	apogon		
napuštanja	abandonment	napuštanje	abandonment	N;NOM;NEUT;SG	N
rydb	rydb	rydb	rydb		
kutije	hộp	kutija	hộp	N;NOM;FEM;PL	N
weiss	weiss	weiss	weiss	N;NOM;MASC;SG	N
sumpora	sulfur	sumpor	sulfur	N;GEN;MASC;SG	N
sumpora	sulphur	sumpor	sulphur	N;GEN;MASC;SG	N
kuhinje	bếp	kuhinja	bếp	N;NOM;FEM;PL	N
kuhinje	bếp	kuhinja	bếp	N;NOM;FEM;PL	N
harbor	cảng	harbor	cảng	N;NOM;MASC;SG	N
amerikanac	american	amerikanac	american	N;NOM;MASC;SG	N
amerikanac	mỹ	amerikanac	mỹ	N;NOM;MASC;SG	N
melodija	tune	melodija	tune	N;NOM;FEM;SG	N
madagascariensis	madagascariensis	madagascariensis	madagascariensis	N;NOM;MASC;SG	N
dominic	dominic	dominic	dominic	N;NOM;MASC;SG	N
tržnica	chợ	tržnica	chợ	N;NOM;FEM;SG	N
psv	psv	psv	psv	N	N
mcculloch	mcculloch	mcculloch	mcculloch	N;NOM;MASC;SG	N
antena	antenna	anten	antenna	N;NOM;FEM;SG	N
antena	anten	anten	anten	N;NOM;FEM;SG	N
naknadu	bù	naknada	bù	N;ACC;FEM;SG	N
naknadu	fee	naknada	fee	N;ACC;FEM;SG	N
naknadu	phí	naknada	phí	N;ACC;FEM;SG	N
vic	vic	vic	vic	N;NOM;MASC;SG	N
podijeli	chia	podijetiti	chia	V;IND;SG;3;PRS;FIN	V
podijeli	share	podijetiti	share	V;IND;SG;3;PRS;FIN	V
primi	nhận	primiti	nhận	V;IND;SG;3;PRS;FIN	V
ovan	aries	ovan	aries	N;NOM;MASC;SG	N
pukotina	đê	pukotina	đê	N;NOM;FEM;SG	N
muhammad	muhammad	muhammad	muhammad	N;NOM;MASC;SG	N
bariton	baritone	bariton	baritone	N;NOM;MASC;SG	N
prekretnica	mốc	prekretnica	mốc	N;NOM;FEM;SG	N
moldavija	moldova	moldavija	moldova	N;NOM;FEM;SG	N
sung	soong	sung	soong	N;NOM;MASC;SG	N
staudinger	staudinger	staudinger	staudinger	N;NOM;MASC;SG	N
aquarius	aquarius	aquarius	aquarius	N;NOM;MASC;SG	N
lenjin	lenin	lenjin	lenin	N;NOM;MASC;SG	N
nobilis	nobilis	nobilis	nobilis	N;NOM;MASC;SG	N
noga	bộ	noga	bộ	N;NOM;FEM;SG	N
noga	chân	noga	chân	N;NOM;FEM;SG	N
bostonu	boston	boston	boston	N;DAT;MASC;SG	N
napulju	napoli	napulja	napoli	N;DAT;MASC;SG	N
messi	messi	messi	messi	N;NOM;MASC;SG	N
koplje	javelin	koplje	javelin	N;NOM;NEUT;SG	N
koplje	xiên	koplje	xiên	N;NOM;NEUT;SG	N
koplje	giáo	koplje	giáo	N;NOM;NEUT;SG	N
koplje	spear	koplje	spear	N;NOM;NEUT;SG	N
kessler	kessler	kessler	kessler	N;NOM;MASC;SG	N
tigris	tigris	tigris	tigris	N;NOM;MASC;SG	N
fritsch	fritsch	fritsch	fritsch		
korupcije	nhũng	korupcija	nhũng	N;NOM;FEM;PL	N
snovi	mơ	snoviti	mơ	N;NOM;MASC;PL	N
snovi	dreams	snoviti	dreams	N;NOM;MASC;PL	N
tudor	tudor	tudor	tudor	N;NOM;MASC;SG	N
kafić	cafe	Kafić	cafe	N;NOM;MASC;SG	N
kafić	café	Kafić	café	N;NOM;MASC;SG	N
kafić	café	Kafić	café	N;NOM;MASC;SG	N
mačak	mèo	mačak	mèo	N;NOM;MASC;SG	N
mačak	cat	mačak	cat	N;NOM;MASC;SG	N
vatikana	vatican	vatikan	vatican	N;GEN;MASC;SG	N
zdravstveni	khỏe	zdravstven	khỏe	ADJ;NOM;DEF;MASC;SG	ADJ
mraz	claus	mraz	claus	N;NOM;MASC;SG	N
oslobodi	nhả	osloboda	nhả	V;IND;SG;3;PRS;FIN	V
korozije	corrosion	korozija	corrosion	N;NOM;FEM;PL	N
lanaca	xích	lanac	xích	N;GEN;MASC;PL	N
prescott	prescott	prescott	prescott	N;NOM;MASC;SG	N
pomicanje	cuộn	pomicanje	cuộn	N;NOM;NEUT;SG	N
kapa	cap	kapa	cap	N;NOM;FEM;SG	N
kapa	mũ	kapa	mũ	N;NOM;FEM;SG	N
kapa	nón	kapa	nón	N;NOM;FEM;SG	N
maxi	maxi	max	maxi	N;NOM;MASC;SG	N
stapf	stapf	stapf	stapf		
mono	mono	mono	mono	N;NOM;MASC;SG	N
lamborghini	lamborghini	lamborghin	lamborghini	N;NOM;MASC;SG	N
anas	anas	anas	anas	N;NOM;MASC;SG	N
muir	muir	muir	muir		
dozu	liều	doza	liều	N;ACC;FEM;SG	N
palestini	palestine	palestina	palestine	N;DAT;FEM;SG	N
annelida	annelida	annelida	annelida	N;NOM;MASC;SG	N
kolona	khe	kolona	khe	N;NOM;FEM;SG	N
kolona	cột	kolona	cột	N;NOM;FEM;SG	N
konjima	ngựa	konj	ngựa	N;DAT;MASC;PL	N
albrecht	albrecht	albrecht	albrecht	N;NOM;MASC;SG	N
odlomak	đoạn	odlomak	đoạn	N;NOM;MASC;SG	N
unicode	unicode	unicoda	unicode	N;NOM;FEM;PL	N
kuglanje	bowling	kuglanje	bowling	N;NOM;NEUT;SG	N
rpg	rpg	rpg	rpg	N;NOM;FEM;SG	N
claudio	claudio	claudio	claudio	N;NOM;MASC;SG	N
golub	pigeon	golub	pigeon	N;NOM;MASC;SG	N
golub	patagioenas	golub	patagioenas	N;NOM;MASC;SG	N
xxi	xxi	xxi	xxi	NUM	NUM
manjka	vitamin	manjak	vitamin	N;GEN;MASC;SG	N
oktavijan	octavian	oktavijan	octavian	N;NOM;MASC;SG	N
iskra	spark	iskr	spark	N;NOM;FEM;SG	N
iskra	bugi	iskr	bugi	N;NOM;FEM;SG	N
oregonu	oregon	oregon	oregon	N;DAT;MASC;SG	N
alta	alta	alta	alta	N;NOM;FEM;SG	N
drakula	dracula	drakul	dracula	N;NOM;FEM;SG	N
nlo	ufo	nlo	ufo	N;NOM;MASC;SG	N
shop	shop	shop	shop	N;NOM;MASC;SG	N
nasljedstvo	inheritance	nasljedstvo	inheritance	N;NOM;NEUT;SG	N
jedra	buồm	jedra	buồm	N;NOM;NEUT;SG	N
jedra	buồm	jedra	buồm	N;NOM;NEUT;SG	N
walckenaer	walckenaer	walckenaer	walckenaer	N;NOM;MASC;SG	N
archer	archer	archer	archer	N;NOM;MASC;SG	N
beba	bé	beba	bé	N;NOM;FEM;SG	N
casino	casino	casino	casino	N;NOM;FEM;SG	N
lysimachia	lysimachia	Lysimachia	lysimachia	N;NOM;MASC;SG	N
smjene	ca	smjena	ca	N;NOM;FEM;PL	N
ugradnja	embedding	ugradnja	embedding	N;NOM;FEM;SG	N
mezopotamije	mesopotamia	mezopotamija	mesopotamia	N;NOM;FEM;PL	N
zdjelice	bát	zdjelice	bát	N;NOM;FEM;PL	N
zdjelice	chậu	zdjelice	chậu	N;NOM;FEM;PL	N
piero	piero	piero	piero	N;NOM;MASC;SG	N
godišnjica	khắc	godišnjica	khắc	N;NOM;FEM;SG	N
radionicu	xưởng	radionica	xưởng	N;ACC;FEM;SG	N
lanci	xích	lanac	xích	N;NOM;MASC;PL	N
odjek	echo	odjek	echo	N;NOM;MASC;SG	N
baci	bỏ	baciti	bỏ	V;IND;SG;3;PRS;FIN	V
baci	thả	baciti	thả	V;IND;SG;3;PRS;FIN	V
baci	chọi	baciti	chọi	V;IND;SG;3;PRS;FIN	V
baci	quăng	baciti	quăng	V;IND;SG;3;PRS;FIN	V
baci	vứt	baciti	vứt	V;IND;SG;3;PRS;FIN	V
baci	ném	baciti	ném	V;IND;SG;3;PRS;FIN	V
keniji	kenya	kenija	kenya	N;DAT;FEM;SG	N
domenico	domenico	domenico	domenico	N;NOM;MASC;SG	N
trick	bịp	trick	bịp	N;NOM;MASC;SG	N
trajekt	đò	trajekt	đò	N;NOM;MASC;SG	N
trajekt	ferry	trajekt	ferry	N;NOM;MASC;SG	N
trajekt	phà	trajekt	phà	N;NOM;MASC;SG	N
pozornica	stage	pozornica	stage	N;NOM;FEM;SG	N
preživljavanje	survival	preživljavanje	survival	N;NOM;NEUT;SG	N
flavescens	flavescens	flavescens	flavescens	N;NOM;MASC;PL	N
aspergillus	aspergillus	aspergillus	aspergillus	N;NOM;MASC;SG	N
lance	lance	lanac	lance	N;ACC;MASC;PL	N
druce	druce	druci	druce		
cipele	giày	cipela	giày	N;NOM;FEM;PL	N
cipele	giầy	cipela	giầy	N;NOM;FEM;PL	N
cipele	móng	cipela	móng	N;NOM;FEM;PL	N
odjeljak	phần	odjeljak	phần	N;NOM;MASC;SG	N
trek	trek	trek	trek	N;NOM;MASC;SG	N
sjednica	phiên	sjednica	phiên	N;NOM;FEM;SG	N
datumi	ngày	datum	ngày	N;NOM;MASC;PL	N
cink	kẽm	cink	kẽm	N;NOM;MASC;SG	N
cink	zinc	cink	zinc	N;NOM;MASC;SG	N
hannover	hannover	hannover	hannover	N;NOM;MASC;SG	N
rebra	sườn	rebar	sườn	N;NOM;MASC;SG	N
turcz	turcz	turcz	turcz		
vrag	quỷ	vrag	quỷ	N;NOM;MASC;SG	N
viziju	vision	vizija	vision	N;ACC;FEM;SG	N
bowie	bowie	bowiti	bowie	N;NOM;MASC;SG	N
stratocaster	stratocaster	stratocaster	stratocaster	N;NOM;MASC;SG	N
mojsije	moses	mojsija	moses	N;NOM;MASC;SG	N
strauss	strauss	strauss	strauss	N;NOM;MASC;SG	N
inermis	inermis	inermis	inermis		
spin	spin	spin	spin	N;NOM;MASC;SG	N
taekwondo	taekwondo	taekwondo	taekwondo	N;NOM;MASC;SG	N
mitrovica	mitrovica	mitrovica	mitrovica	N;NOM;FEM;SG	N
timor	timor	timor	timor	N;NOM;MASC;SG	N
judo	judas	judo	judas	N;NOM;MASC;SG	N
judo	judo	judo	judo	N;NOM;MASC;SG	N
padova	padua	pad	padua	N;GEN;MASC;PL	N
padova	padova	pad	padova	N;GEN;MASC;PL	N
adesmia	adesmia	adesmia	adesmia	N;NOM;MASC;SG	N
benny	benny	benny	benny	N;NOM;MASC;SG	N
kasni	trễ	kasni	trễ	ADJ;NOM;DEF;MASC;SG	ADJ
kasni	muộn	kasni	muộn	ADJ;NOM;DEF;MASC;SG	ADJ
palube	boong	paluba	boong	N;NOM;FEM;PL	N
miša	chuột	miš	chuột	N;ACC;MASC;SG	N
urbanizam	urbanism	urbanizam	urbanism	N;NOM;MASC;SG	N
benoit	benoit	benoit	benoit	N;NOM;MASC;SG	N
krevet	bed	krevet	bed	N;NOM;MASC;SG	N
krevet	giường	krevet	giường	N;NOM;MASC;SG	N
ograde	rào	ograda	rào	N;NOM;FEM;PL	N
doktrine	doctrines	doktrina	doctrines	N;NOM;FEM;PL	N
cichlidae	cichlidae	cichlida	cichlidae	N;NOM;MASC;SG	N
kovanica	xu	kovanica	xu	N;NOM;FEM;SG	N
kovanica	xu	kovanica	xu	N;NOM;FEM;SG	N
nećaka	cháu	nećak	cháu	N;ANIM;ACC;MASC;SG	N
komentarima	comments	komentar	comments	N;DAT;MASC;PL	N
spider	nhện	spider	nhện	N;NOM;MASC;SG	N
spider	spider	spider	spider	N;NOM;MASC;SG	N
sjednice	phiên	sjednica	phiên	N;NOM;FEM;PL	N
roga	rog	rog	rog	N;ACC;MASC;SG	N
rice	gạo	rice	gạo	N;NOM;MASC;SG	N
rice	cơm	rice	cơm	N;NOM;MASC;SG	N
rubra	rubra	rubar	rubra	N;NOM;FEM;SG	N
prizori	cảnh	prizor	cảnh	N;NOM;MASC;PL	N
oteti	cóc	otetiti	cóc	V;NFIN	V
ueno	ueno	ueno	ueno	N;NOM;MASC;SG	N
ind	ind	ind	ind	N;NOM;MASC;SG	N
plesačica	dancer	plesačica	dancer	N;NOM;FEM;SG	N
skupi	đắt	skup	đắt	ADJ;NOM;DEF;MASC;SG	ADJ
cardamine	cardamine	cardamina	cardamine	N;NOM;FEM;PL	N
zaboravio	quên	zaboraviti	quên	V;MASC;SG;PST;V.PTCP;ACT	V
nissan	nissan	nissan	nissan	N;NOM;MASC;SG	N
beni	benny	bena	benny	N;NOM;MASC;SG	N
redovi	hàng	red	hàng	N;NOM;MASC;PL	N
vargas	vargas	vargas	vargas	N;NOM;MASC;SG	N
reza	reza	reza	reza	N;GEN;MASC;SG	N
lucia	lucia	luk	lucia	N;NOM;FEM;SG	N
sars	sars	sars	sars	N;NOM;MASC;SG	N
teen	teen	teen	teen	N;NOM;MASC;SG	N
oda	oda	oda	oda	N;NOM;FEM;SG	N
oda	ode	oda	ode	N;NOM;FEM;SG	N
pamet	wit	pamet	wit	N;NOM;FEM;SG	N
ljubi	hôn	ljubiti	hôn	V;IND;SG;3;PRS;FIN	V
mussolini	mussolini	mussolina	mussolini	N;NOM;MASC;SG	N
norte	norte	norta	norte	N;NOM;FEM;PL	N
obrazac	mẫu	obrazac	mẫu	N;NOM;MASC;SG	N
obrazac	mẫu	obrazac	mẫu	N;NOM;MASC;SG	N
astronomi	astronomers	astronom	astronomers	N;NOM;MASC;PL	N
abies	abies	abies	abies	N;NOM;MASC;SG	N
verhoeff	verhoeff	verhoeff	verhoeff	N;NOM;MASC;SG	N
jablanica	jablanica	jablanica	jablanica	N;NOM;FEM;SG	N
teheranu	tehran	teheran	tehran	N;DAT;MASC;SG	N
kabina	chòi	kabina	chòi	N;NOM;FEM;SG	N
kabina	cabin	kabina	cabin	N;NOM;FEM;SG	N
edith	edith	edith	edith	N;NOM;MASC;SG	N
jpeg	jpeg	jpeg	jpeg	N;NOM;MASC;SG	N
antonia	antonia	antonia	antonia	N;NOM;FEM;SG	N
rene	rene	reni	rene	N;NOM;MASC;SG	N
rene	rené	reni	rené	N;NOM;MASC;SG	N
rene	rene	reni	rene	N;NOM;MASC;SG	N
čeljust	hàm	čeljust	hàm	N;NOM;NEUT;SG	N
roem	roem	roem	roem		
policajci	cớm	policajac	cớm	N;NOM;MASC;PL	N
merriam	merriam	merriam	merriam		
saska	saxony	saska	saxony	N;NOM;FEM;SG	N
saska	sachsen	saska	sachsen	N;NOM;FEM;SG	N
dubia	dubia	duba	dubia		
leptira	bướm	leptir	bướm	N;GEN;MASC;SG	N
plata	lương	plat	lương	N;NOM;FEM;SG	N
martini	martini	martina	martini	N;NOM;FEM;SG	N
campos	campos	campos	campos	N;NOM;MASC;SG	N
protein	protein	protein	protein	N;NOM;MASC;SG	N
čarolija	spell	čarolija	spell	N;NOM;FEM;SG	N
čarolija	thuật	čarolija	thuật	N;NOM;FEM;SG	N
čarolija	magic	čarolija	magic	N;NOM;FEM;SG	N
idol	idol	idol	idol	N;NOM;MASC;SG	N
tonga	tonga	tong	tonga	N;NOM;MASC;SG	N
hmong	hmong	hmong	hmong	N;NOM;MASC;SG	N
rudnici	mìn	rudnik	mìn	N;NOM;MASC;PL	N
dresden	dresden	dresditi	dresden	N;NOM;MASC;SG	N
césar	césar	césar	césar	N;NOM;MASC;SG	N
radosti	joy	radost	joy	N;NOM;FEM;PL	N
hammond	hammond	hammond	hammond	N;NOM;MASC;SG	N
zaboravi	quên	zaboraviti	quên	V;IMP;SG;2;PRS;FIN	V
razarač	destroyer	razarač	destroyer	N;NOM;MASC;SG	N
merkur	mercury	merkur	mercury	N;NOM;MASC;SG	N
karavan	caravan	karavan	caravan	N;NOM;MASC;SG	N
gates	cổng	gates	cổng	N;NOM;MASC;SG	N
dima	khói	dim	khói	N;NOM;MASC;SG	N
derek	derek	derek	derek	N;NOM;MASC;SG	N
gomila	đám	gomil	đám	N;NOM;FEM;SG	N
gomila	lũ	gomil	lũ	N;NOM;FEM;SG	N
flauta	sáo	flauta	sáo	N;NOM;FEM;SG	N
napuštanje	abandonment	napuštanje	abandonment	N;NOM;NEUT;SG	N
medvjedi	gấu	medvjed	gấu	N;NOM;MASC;PL	N
vilu	villa	vila	villa	N;ACC;FEM;SG	N
uglu	góc	ugla	góc	N;DAT;MASC;SG	N
aquila	aquila	aquile	aquila	N;NOM;MASC;SG	N
quo	quo	quo	quo	N;NOM;MASC;SG	N
tanker	tanker	tanker	tanker	N;NOM;MASC;SG	N
srži	tủy	sržeti	tủy	N;INS;FEM;SG	N
zadrži	giữ	zadržiti	giữ	V;IND;SG;3;PRS;FIN	V
bosmans	bosmans	bosmans	bosmans	N;NOM;MASC;SG	N
zvučnika	loa	zvučnik	loa	N;ANIM;ACC;MASC;SG	N
iskoristi	dùng	iskoristiti	dùng	V;IND;SG;3;PRS;FIN	V
nan	nan	nan	nan	N;NOM;MASC;SG	N
nan	nam	nan	nam	N;NOM;MASC;SG	N
tomas	tomas	tomas	tomas	N;NOM;MASC;SG	N
pitt	pitt	pitt	pitt	N;NOM;MASC;SG	N
michx	michx	michx	michx		
maggie	maggie	maggia	maggie	N;NOM;FEM;SG	N
tango	tango	tango	tango	N;NOM;MASC;SG	N
monopol	monopoly	monopol	monopoly	N;NOM;MASC;SG	N
gagnep	gagnep	gagnep	gagnep		
pepela	chua	pepel	chua	N;NOM;MASC;SG	N
pascal	pascal	pascal	pascal	N;NOM;MASC;SG	N
prsima	ngực	prsimati	ngực	N;DAT;MASC;PL	N
shuttle	shuttle	shuttli	shuttle	N;NOM;MASC;SG	N
vinci	vinci	vinca	vinci	N;NOM;MASC;SG	N
mclaren	mclaren	mclaren	mclaren	N;NOM;MASC;SG	N
korito	máng	korito	máng	N;NOM;NEUT;SG	N
križari	crusaders	križar	crusaders	N;NOM;MASC;PL	N
sumpor	sulfur	sumpor	sulfur	N;NOM;MASC;SG	N
sumpor	sulphur	sumpor	sulphur	N;NOM;MASC;SG	N
bambusa	bamboo	bambus	bamboo	N;ACC;MASC;SG	N
bambusa	tre	bambus	tre	N;ACC;MASC;SG	N
