saitama	saitama	saitama	saitam	N	N;INDF;MASC;SG
bel	bel	bel	bel	N	N;INDF;MASC;SG
brabant	brabant	brabant	brabant	N	N;INDF;MASC;SG
cave	hule	cave	hule	N	N;INDF;MASC;SG
cave	cave	cave	cave	N	N
cave	grotte	cave	grott	N	N;INDF;FEM;SG
lille	lille	lille	lilje	N	N;INDF;MASC;SG
gustave	gustave	gustave	gustave	N	N;INDF;MASC;SG
wembley	wembley	wembley	wembley	N	N;INDF;NEUT;SG
vale	vale	vale	vale	N	N;INDF;FEM;SG
mustang	mustang	mustang	mustang	N	N;INDF;MASC;SG
wwf	wwf	wwf	wwf	N	N
ballet	ballett	ballet	ballett	N	N;INDF;MASC;SG
click	klikke	click	klikke	V	V;NFIN
click	klikk	click	klikk	V	V;IMP;FIN
habana	habana	habana	haban	N	N;INDF;MASC;SG
baldwin	balduin	baldwin	balduin	N	N;INDF;MASC;SG
baldwin	baldwin	baldwin	baldwin	N	N;INDF;MASC;SG
gomez	gomez	gomez	gomez	N	N;INDF;MASC;SG
diva	diva	diva	div	N	N;INDF;MASC;SG
vogel	vogel	vogel	vogel	N	N;INDF;MASC;SG
katsuura	katsuura	katsuura	katsuur	N	N;DEF;FEM;SG
exo	exo	exo	exo	N	N;INDF;MASC;SG
aquila	aquila	aquila	aquila	N	N;INDF;NEUT;SG
apache	apache	apache	apache	N	N;INDF;MASC;SG
swaziland	swaziland	swaziland	swaziland	N	N;INDF;NEUT;SG
angels	engler	angels	engler	N	N;INDF;NEUT;SG
cincinnati	cincinnati	cincinnati	cincinnati	N	N
jalisco	jalisco	jalisco	jalisco	N	N
linden	linden	linden	lind	N	N;DEF;MASC;SG
albion	albion	albion	albion	N	N;INDF;NEUT;SG
wade	wade	wade	wade	N	N;INDF;MASC;SG
pixar	pixar	pixar	pixe	N	N;INDF;MASC;SG
campos	campos	campos	campos	N	N;INDF;MASC;SG
kohl	kohl	kohl	kohl	N	N;INDF;MASC;SG
quincy	quincy	quincy	quincy	N	N;INDF;MASC;SG
fury	fury	fury	fury	N	N
gil	gil	gil	gil	N	N;INDF;MASC;SG
cabo	cabo	cabo	cabo	N	N;INDF;NEUT;SG
jolie	jolie	jolie	jolie	N	N;INDF;MASC;SG
alessandro	alessandro	alessandro	alessandro	N	N;INDF;MASC;SG
log	logg	log	logg	N	N;INDF;MASC;SG
log	logge	log	logge	N	N;INDF;NEUT;SG
springer	springer	springer	springe	N	N;INDF;MASC;SG
barnard	barnard	barnard	barnard	N	N;INDF;MASC;SG
sabre	sabel	sabre	sabel	N	N;INDF;MASC;SG
sabre	sabre	sabre	sabre	N	N;INDF;MASC;SG
thebes	theben	thebes	thebe	N	N
claudius	claudius	claudius	claudius	N	N;INDF;MASC;SG
plasma	plasma	plasma	plasme	N	N;INDF;NEUT;SG
nathan	nathan	nathan	nathan	N	N;INDF;MASC;SG
avro	avro	avro	avro	N	N
taekwondo	taekwondo	taekwondo	taekwondo	N	N;INDF;MASC;SG
minutus	minutus	minutus	minutus	N	N;INDF;MASC;SG
yangon	yangon	yangon	yangon	N	N;INDF;MASC;SG
strike	streike	strike	streike	N	N;INDF;MASC;SG
strike	strike	strike	strik	N	N;INDF;NEUT;SG
strike	streik	strike	streik	N	N;INDF;MASC;SG
bucharest	bucurești	bucharest	bucurești	N	N;INDF;MASC;SG
konstantinos	konstantin	konstantinos	konstantin	N	N;INDF;MASC;SG
konstantinos	constantine	konstantinos	constantin	N	N;INDF;FEM;SG
int	int	int	int	N	N;INDF;SG
lufthansa	lufthansa	lufthansa	lufthanse	N	N;DEF;NEUT;SG
connor	connor	connor	connor	N	N;INDF;MASC;SG
harrier	harrier	harrier	harri	N	N;INDF;MASC;SG
caudata	caudata	caudata	caudat	N	N;INDF;MASC;SG
ôliu	olive	ôliu	olive	N	N
ôliu	oliven	ôliu	oliv	N	N;INDF;MASC;SG
ôliu	oliven	ôliu	oliv	N	N;INDF;MASC;SG
nola	nola	nola	nole	N	N
shakira	shakira	shakira	shakir	N	N;INDF;MASC;SG
sứa	manet	sứa	manet	N	N;DEF;NEUT;SG
sứa	maneter	sứa	maneter	N	N;INDF;MASC;PL
benoit	benoit	benoit	benoit	N	N;INDF;MASC;SG
richland	richland	richland	richland	N	N
atlantique	atlantique	atlantique	atlantique	N	N;INDF;MASC;SG
cromwell	cromwell	cromwell	cromwell	N	N;INDF;MASC;SG
queens	dronninger	queens	dronninger	N	N;INDF;FEM;PL
queens	queens	queens	que	N	N;GEN;DEF;MASC;SG
cello	celloen	cello	cello	N	N;DEF;MASC;SG
cello	cello	cello	cello	N	N;INDF;MASC;SG
robertson	robertson	robertson	robertson	N	N;INDF;MASC;SG
rán	steking	rán	steking	N	N;INDF;FEM;SG
rán	fry	rán	fry	N	N;INDF;MASC;SG
quầy	chef	quầy	chef	N	N;INDF;SG
quầy	kjøkkensjef	quầy	kjøkkensjef	N	N;INDF;MASC;SG
quầy	kokk	quầy	kokk	N	N;INDF;MASC;SG
quầy	kokken	quầy	kokk	N	N;INDF;MASC;SG
hae	hae	hae	hae	N	N;INDF;MASC;SG
dracula	dracula	dracula	dracula	N	N;INDF;MASC;SG
metropolitan	metropolitan	metropolitan	metropolitan	N	N;INDF;MASC;SG
vendée	vendée	vendée	vendée	N	N;INDF;NEUT;SG
tonga	tonga	tonga	tong	N	N;INDF;NEUT;SG
andaman	andaman	andaman	andaman	N	N;INDF;MASC;SG
territoire	territoire	territoire	territoire	N	N;INDF;MASC;SG
pass	watch	pass	watch	N	N;INDF;MASC;SG
pass	pasning	pass	pasning	N	N;INDF;FEM;SG
baja	baja	baja	baje	N	N;INDF;FEM;SG
dam	dam	dam	dam	N	N;INDF;MASC;SG
dam	demning	dam	demning	N	N;INDF;FEM;SG
dam	demningen	dam	demning	N	N;DEF;MASC;SG
canyon	canyon	canyon	canyon	N	N;INDF;MASC;SG
malacca	malakka	malacca	malakka	N	N;DEF;FEM;SG
walther	walther	walther	walther	N	N;INDF;MASC;SG
christie	christie	christie	christie	N	N;INDF;FEM;SG
dieu	dieu	dieu	dieu	N	N
chấu	gresshoppene	chấu	gresshoppe	N	N;DEF;FEM;PL
chấu	gresshopper	chấu	gresshoppe	N	N;INDF;FEM;PL
marlborough	marlborough	marlborough	marlborough	N	N;INDF;MASC;SG
fleet	fleet	fleet	fle	N	N;DEF;NEUT;SG
fleet	flåten	fleet	flåte	N	N;DEF;MASC;SG
fleet	flåte	fleet	flåte	N	N;INDF;MASC;SG
prodcode	prodcode	prodcode	prodcode	N	N;INDF;MASC;SG
tours	tours	tours	tours	N	N;INDF;MASC;SG
macquart	macquart	macquart	macquart	N	N;INDF;MASC;SG
maldives	maldivene	maldives	maldiv	N	N;DEF;FEM;PL
castellón	castellón	castellón	castell	N	N;INDF;MASC;SG
javier	javier	javier	javie	N	N;INDF;MASC;SG
rollins	rollins	rollins	rollins	N	N;INDF;MASC;SG
rollins	rawlins	rollins	rawlins	N	N;INDF;MASC;SG
antwerp	antwerpen	antwerp	antwerp	N	N;DEF;MASC;SG
sevastopol	sevastopol	sevastopol	sevastopol	N	N;INDF;MASC;SG
jeju	jeju	jeju	jeju	N	N;INDF;MASC;SG
diếp	salat	diếp	salat	N	N;INDF;MASC;SG
lesotho	lesotho	lesotho	lesotho	N	N;INDF;NEUT;SG
ultra	ultra	ultra	ultre	N	N;INDF;NEUT;SG
arcade	arkaden	arcade	arkad	N	N;DEF;MASC;SG
arcade	arcade	arcade	arcad	N	N
kolkata	calcutta	kolkata	calcutt	N	N
reef	revet	reef	rev	N	N;INDF;MASC;SG
reef	rev	reef	rev	N	N;INDF;MASC;SG
reef	reef	reef	reef	N	N;INDF;NEUT;SG
wasp	veps	wasp	veps	N	N;INDF;MASC;SG
boong	dekk	boong	dekk	N	N;INDF;NEUT;SG
pratt	pratt	pratt	pratt	N	N;INDF;MASC;SG
andalusia	andalucia	andalusia	andalucium	N	N
lindau	lindau	lindau	lindau	N	N;INDF;FEM;SG
kawasaki	kawasaki	kawasaki	kawasaki	N	N;INDF;FEM;SG
amanda	amanda	amanda	amand	N	N;INDF;MASC;SG
goethe	goethe	goethe	goethe	N	N;INDF;NEUT;SG
cnn	cnn	cnn	cnn	N	N;INDF;SG
guillaume	guillaume	guillaume	guillaume	N	N;INDF;MASC;SG
cúi	bøye	cúi	bøye	V	V;NFIN
granit	granit	granit	grani	N	N;INDF;MASC;SG
nhấp	klikke	nhấp	klikke	V	V;NFIN
nhấp	klikk	nhấp	klikk	V	V;IMP;FIN
birdlife	birdlife	birdlife	birdlife	N	N;INDF;MASC;SG
gaius	gaius	gaius	gaius	N	N;INDF;MASC;SG
antilles	antillene	antilles	antille	N	N;DEF;FEM;PL
seki	seki	seki	seki	N	N;INDF;MASC;SG
ekaterina	jekaterina	ekaterina	jekaterin	N	N;INDF;FEM;SG
shark	shark	shark	shark	N	N
flagstaff	flagstaff	flagstaff	flagstaff	N	N;INDF;MASC;SG
messina	messina	messina	messin	N	N;INDF;FEM;SG
sếu	traner	sếu	tran	N	N;INDF;MASC;PL
sếu	kran	sếu	kran	N	N;INDF;MASC;SG
sếu	crane	sếu	cran	N	N;INDF;MASC;SG
mandela	mandela	mandela	mandel	N	N;DEF;FEM;SG
metallica	metallica	metallica	metallic	N	N;DEF;FEM;SG
asm	asm	asm	asm	N	N;INDF;MASC;SG
xiếc	sirkuset	xiếc	sirkus	N	N;DEF;NEUT;SG
xiếc	sirkus	xiếc	sirkus	N	N;INDF;NEUT;SG
xiếc	circus	xiếc	circus	N	N
dom	dom	dom	dom	N	N;INDF;MASC;SG
gigas	gigas	gigas	gigas	N	N
dae	dae	dae	dae	N	N;INDF;MASC;SG
erwin	erwin	erwin	erwin	N	N;INDF;MASC;SG
belfast	belfast	belfast	belfast	N	N;INDF;MASC;SG
linn	linn	linn	linn	N	N;INDF;MASC;SG
joy	joy	joy	joy	N	N
joy	glede	joy	glede	N	N;INDF;FEM;SG
verdun	verdun	verdun	verdun	N	N;INDF;NEUT;SG
macau	macao	macau	macao	N	N;INDF;NEUT;SG
bryansk	brjansk	bryansk	brjansk	N	N;INDF;MASC;SG
jasper	jasper	jasper	jaspe	N	N;INDF;FEM;SG
nba	nba	nba	nba	N	N;INDF;MASC;SG
plata	plata	plata	plat	N	N;DEF;FEM;SG
phở	pho	phở	pho	N	N
affairs	affairs	affairs	affairs	N	N;INDF;MASC;SG
affairs	anliggender	affairs	anliggende	N	N;INDF;FEM;PL
affairs	affærer	affairs	affære	N	N;INDF;FEM;PL
emirates	emirater	emirates	emirater	N	N;INDF;MASC;PL
terme	terme	terme	terme	N	N;INDF;MASC;SG
swiss	swiss	swiss	swiss	N	N;INDF;MASC;SG
chin	hake	chin	hake	N	N;INDF;MASC;SG
chin	chin	chin	chin	N	N
chin	haken	chin	hake	N	N;DEF;MASC;SG
chin	haka	chin	hake	N	N;DEF;FEM;SG
clemson	clemson	clemson	clemson	N	N;INDF;MASC;SG
ahn	ivanov	ahn	ivanov	N	N;INDF;MASC;SG
ahn	ahn	ahn	ahn	N	N
dĩa	tallerken	dĩa	tallerk	N	N;DEF;MASC;SG
valenciennes	valenciennes	valenciennes	valenciennes	N	N;INDF;MASC;SG
muang	muang	muang	muang	N	N;INDF;MASC;SG
rna	rna	rna	rna	N	N;INDF;NEUT;SG
khoe	serier	khoe	serie	N	N;INDF;FEM;PL
khoe	show	khoe	show	N	N;INDF;NEUT;SG
maha	maha	maha	maha	N	N
tyson	tyson	tyson	tyson	N	N;INDF;MASC;SG
sonic	sonic	sonic	sonic	N	N;INDF;NEUT;SG
johor	johor	johor	johor	N	N;INDF;MASC;SG
dượng	vernon	dượng	vernon	N	N;INDF;MASC;SG
dượng	stefaren	dượng	stefar	N	N;DEF;MASC;SG
dượng	stefar	dượng	stefar	N	N;INDF;MASC;SG
javascript	javascript	javascript	javascript	N	N;INDF;FEM;SG
rzhev	rzjev	rzhev	rzjev	N	N;INDF;NEUT;SG
mercedes	mercedes	mercedes	mercedes	N	N;INDF;MASC;SG
sigma	sigma	sigma	sigmem	N	N;INDF;NEUT;SG
ubuntu	ubuntu	ubuntu	ubuntu	N	N;INDF;NEUT;SG
tallinn	tallinn	tallinn	tallinn	N	N;INDF;NEUT;SG
sparrow	spurv	sparrow	spurv	N	N;INDF;MASC;SG
sparrow	sparrow	sparrow	sparrow	N	N;INDF;MASC;SG
banh	ball	banh	ball	N	N;INDF;MASC;SG
yucatán	yucatán	yucatán	yucatán	N	N
wakayama	wakayama	wakayama	wakayama	N	N;INDF;MASC;SG
wii	wii	wii	wii	N	N
almería	almería	almería	almerium	N	N;DEF;FEM;SG
martínez	martínez	martínez	martínez	N	N;INDF;MASC;SG
guadeloupe	guadeloupe	guadeloupe	guadeloupe	N	N;INDF;MASC;SG
cumberland	cumberland	cumberland	cumberland	N	N;INDF;MASC;SG
mụn	kviser	mụn	kvise	N	N;INDF;FEM;PL
mụn	kviser	mụn	kvise	N	N;INDF;FEM;PL
mustafa	mustafa	mustafa	mustaf	N	N;DEF;FEM;SG
romero	romero	romero	romero	N	N;INDF;MASC;SG
messerschmitt	messerschmitt	messerschmitt	messerschmitt	N	N;INDF;NEUT;SG
saladin	saladin	saladin	saladin	N	N;INDF;MASC;SG
nigrescens	nigrescens	nigrescens	nigrescens	N	N;INDF;FEM;SG
asturias	asturias	asturias	asturias	N	N;INDF;SG
weimar	weimar	weimar	weimar	N	N;INDF;MASC;SG
seydlitz	seydlitz	seydlitz	seydlitz	N	N;INDF;NEUT;SG
gauss	gauss	gauss	gauss	N	N;INDF;MASC;SG
sakhalin	sakhalin	sakhalin	sakhalin	N	N;INDF;MASC;SG
banner	stier	banner	stie	N	N;INDF;MASC;PL
banner	banner	banner	bann	N	N;INDF;NEUT;PL
banner	banneret	banner	banner	N	N;DEF;NEUT;SG
pallas	pallas	pallas	pallas	N	N;INDF;MASC;SG
wikidata	wikidata	wikidata	wikidata	N	N;INDF;MASC;SG
pao	pao	pao	pao	N	N;INDF;MASC;SG
tơi	fikser	tơi	fikse	N	N;INDF;MASC;SG
mindanao	mindanao	mindanao	mindanao	N	N;DEF;MASC;SG
maru	maru	maru	maru	N	N;INDF;NEUT;SG
africanus	africanus	africanus	africanus	N	N
hindi	hindi	hindi	hindi	N	N;INDF;NEUT;SG
tango	tango	tango	tango	N	N;INDF;MASC;SG
empires	imperier	empires	imperium	N	N;INDF;MASC;SG
jesse	jesse	jesse	jesse	N	N;INDF;MASC;SG
walsh	walsh	walsh	walsh	N	N
adrian	hadrian	adrian	hadrian	N	N;INDF;MASC;SG
adrian	adrian	adrian	adrian	N	N;INDF;MASC;SG
prescott	prescott	prescott	prescott	N	N;INDF;MASC;SG
albrecht	albrecht	albrecht	albrecht	N	N
marsh	marsh	marsh	marsh	N	N;INDF;MASC;SG
suwon	suwon	suwon	suwon	N	N;INDF;MASC;SG
coldplay	coldplay	coldplay	coldplay	N	N;INDF;MASC;SG
kwon	kwon	kwon	kwon	N	N;INDF;MASC;SG
yamaguchi	yamaguchi	yamaguchi	yamaguchi	N	N;INDF;MASC;SG
brit	britt	brit	bri	N	N;INDF;FEM;SG
brit	brit	brit	brite	N	N;INDF;NEUT;SG
bờm	manen	bờm	man	N	N;DEF;MASC;SG
zeno	zeno	zeno	zeno	N	N
mussolini	mussolini	mussolini	mussolini	N	N;INDF;MASC;SG
amazing	amazing	amazing	amazing	N	N;INDF;FEM;SG
joshua	joshua	joshua	joshua	N	N;INDF;NEUT;SG
joshua	josva	joshua	josve	N	N;DEF;NEUT;SG
demetrios	demetrios	demetrios	demetrios	N	N;INDF;MASC;SG
demetrios	demetrius	demetrios	demetrius	N	N;INDF;MASC;SG
montevideo	montevideo	montevideo	montevideo	N	N;INDF;MASC;SG
neon	neon	neon	neon	N	N;INDF;NEUT;SG
hoon	hoon	hoon	hoon	N	N
richter	richter	richter	richter	N	N;INDF;FEM;PL
gamble	sjansespill	gamble	sjansespill	N	N;INDF;NEUT;SG
gamble	gamble	gamble	gambal	N	N;INDF;FEM;SG
kurd	kurdisk	kurd	kurdisk	N	N;INDF;MASC;SG
kurd	kurd	kurd	kurd	N	N;INDF;SG
mercer	mercer	mercer	merce	N	N
bolt	bolt	bolt	bolt	N	N;INDF;NEUT;SG
sidi	sidi	sidi	sidi	N	N
mainz	mainz	mainz	mainz	N	N;INDF;NEUT;SG
imf	imf	imf	imf	N	N
mickey	mikke	mickey	mikke	N	N;INDF;MASC;SG
mickey	mickey	mickey	mickey	N	N;INDF
grenada	grenada	grenada	grenad	N	N;INDF;MASC;SG
noctuinae	noctuinae	noctuinae	noctuinae	N	N;INDF;MASC;SG
antigua	antigua	antigua	antigu	N	N;INDF;MASC;SG
claudia	claudia	claudia	claudia	N	N;INDF;MASC;SG
aung	aung	aung	aung	N	N;INDF;MASC;SG
dynamics	dynamikk	dynamics	dynamikk	N	N;INDF;MASC;SG
disa	disa	disa	dise	N	N;INDF;MASC;SG
sunda	sunda	sunda	sunde	N	N;DEF;FEM;SG
stoke	stoke	stoke	stok	N	N
eduardo	eduardo	eduardo	eduardo	N	N;INDF;MASC;SG
quăng	slenger	quăng	slenge	V	V;IND;PRS;FIN
yen	yen	yen	yen	N	N
sedis	sedis	sedis	sedis	N	N;INDF;MASC;SG
werder	werder	werder	werder	N	N;INDF;SG
seal	segl	seal	segl	N	N;INDF;NEUT;SG
seal	seglet	seal	segl	N	N;DEF;NEUT;SG
seal	seal	seal	seil	N	N;INDF;MASC;SG
albany	albany	albany	albany	N	N;INDF;NEUT;SG
achaea	akhaia	achaea	akhai	N	N;DEF;FEM;SG
bloch	bloch	bloch	bloch	N	N
albacete	albacete	albacete	albacete	N	N;INDF;MASC;SG
blade	klinge	blade	kling	N	N;INDF;FEM;SG
mat	mat	mat	mat	N	N;INDF;MASC;SG
mat	matta	mat	matte	N	N;DEF;FEM;SG
nuevo	nuevo	nuevo	nuevo	N	N;INDF;MASC;SG
nol	nol	nol	nol	N	N;INDF;MASC;SG
disco	disko	disco	disko	N	N;INDF;MASC;SG
disco	disco	disco	disco	N	N;INDF;MASC;SG
heinkel	heinkel	heinkel	heinkel	N	N;INDF;MASC;SG
pounder	pounder	pounder	pounder	N	N;INDF;FEM;PL
penny	penny	penny	penny	N	N;INDF;MASC;SG
quýt	mandarin	quýt	mandarin	N	N;INDF;MASC;SG
quýt	mandarin	quýt	mandarin	N	N;INDF;MASC;SG
sunni	sunni	sunni	sunni	N	N;INDF;NEUT;SG
sunni	sunniislam	sunni	sunniislam	N	N;INDF;NEUT;SG
minamoto	minamoto	minamoto	minamoto	N	N;INDF;MASC;SG
node	node	node	node	N	N;INDF;MASC;SG
node	noden	node	node	N	N;INDF;MASC;SG
tiberius	tiberius	tiberius	tiberius	N	N;INDF;MASC;SG
ming	ming	ming	ming	N	N;INDF;NEUT;SG
engels	engels	engels	engels	N	N;INDF;MASC;SG
lynn	lynn	lynn	lynn	N	N;INDF;MASC;SG
durham	durham	durham	durham	N	N;INDF;NEUT;SG
chae	chae	chae	chae	N	N;INDF;MASC;SG
chong	chong	chong	chong	N	N
hót	syngende	hót	syngende	N	N;INDF;MASC;SG
hót	synger	hót	synger	N	N;INDF;MASC;SG
hót	synging	hót	synging	N	N;INDF;FEM;SG
hót	sang	hót	sang	N	N;INDF;MASC;SG
hót	synger	hót	synger	N	N;INDF;MASC;SG
coloma	coloma	coloma	coloma	N	N;INDF;MASC;SG
thor	tor	thor	tor	N	N;INDF;MASC;SG
thor	thor	thor	thor	N	N;INDF;MASC;SG
sandbox	sandkasse	sandbox	sandkasse	N	N;INDF;FEM;SG
padova	padua	padova	padua	N	N;INDF;MASC;SG
padova	padova	padova	padov	N	N;INDF;MASC;SG
ovata	ovata	ovata	ovat	N	N;INDF;MASC;SG
dwight	dwight	dwight	dwight	N	N;INDF;MASC;SG
comoros	komorene	comoros	komore	N	N;DEF;FEM;PL
palustris	palustris	palustris	palustris	N	N;INDF;MASC;SG
blücher	blücher	blücher	blicher	N	N;INDF;NEUT;SG
pauly	pauly	pauly	pauly	N	N;INDF;MASC;SG
xòe	tutu	xòe	tutu	N	N;INDF;MASC;SG
fao	fao	fao	fao	N	N;INDF;MASC;SG
emil	emil	emil	emil	N	N;INDF;MASC;SG
klaus	klaus	klaus	klaus	N	N;INDF;MASC;SG
gorbachev	gorbatsjov	gorbachev	gorbatsjov	N	N;INDF;MASC;SG
resort	resort	resort	resor	N	N;INDF;NEUT;SG
resort	feriested	resort	ferieste	N	N;INDF;MASC;SG
corinna	corinna	corinna	corinne	N	N;INDF;MASC;SG
pers	pers	pers	pers	N	N;INDF
papilionidae	svalestjerter	papilionidae	svalestjerter	N	N;INDF;FEM;PL
samar	samar	samar	samar	N	N;INDF;FEM;SG
bmw	bmw	bmw	bmw	N	N;INDF;MASC;SG
vocals	vokalist	vocals	vokalist	N	N;INDF;MASC;SG
kahn	kahn	kahn	kahn	N	N;INDF;MASC;SG
toro	toro	toro	toro	N	N;INDF;MASC;SG
allmusic	allmusic	allmusic	allmusic	N	N;INDF;MASC;SG
chihuahua	chihuahua	chihuahua	chihuahua	N	N;DEF;FEM;SG
ancona	ancona	ancona	ancon	N	N;INDF;MASC;SG
descartes	descartes	descartes	descartes	N	N;INDF;SG
tran	tran	tran	tran	N	N;INDF;NEUT;SG
madeira	madeira	madeira	madeir	N	N;INDF;MASC;SG
micro	micro	micro	micro	N	N
micro	mikro	micro	mikro	N	N;INDF;MASC;SG
micro	mikrofonen	micro	mikrofon	N	N;DEF;MASC;SG
micro	mikrofon	micro	mikrofon	N	N;INDF;MASC;SG
thìa	skjeer	thìa	skje	N	N;INDF;MASC;SG
blanc	blanc	blanc	blanc	N	N;SG
medici	medici	medici	medici	N	N
gien	gener	gien	gene	N	N;INDF;MASC;SG
gien	genene	gien	gen	N	N;INDF;MASC;SG
gien	gene	gien	gene	N	N
gien	gen	gien	gen	N	N;INDF;NEUT;SG
cornwall	cornwall	cornwall	cornwall	N	N;INDF;MASC;SG
uae	uae	uae	uae	N	N
scharnhorst	scharnhorst	scharnhorst	scharnhorst	N	N;INDF;NEUT;SG
bains	bains	bains	bain	N	N;INDF;MASC;SG
confusa	nellikfly	confusa	nellikfly	N	N;INDF;NEUT;SG
luzula	luzula	luzula	luzul	N	N;INDF;NEUT;SG
marche	marche	marche	marche	N	N
bremer	bremer	bremer	brem	N	N;INDF;MASC;SG
hormone	hormon	hormone	hormon	N	N;INDF;NEUT;SG
hormone	hormonene	hormone	hormon	N	N;DEF;MASC;PL
hormone	hormoner	hormone	hormon	N	N;INDF;NEUT;SG
beirut	beirut	beirut	beirut	N	N;INDF;MASC;SG
hahn	hahn	hahn	hahn	N	N;INDF;MASC;SG
carabus	carabus	carabus	carabus	N	N;INDF;MASC;SG
dot	prikk	dot	prikk	N	N;INDF;MASC;SG
andersson	andersson	andersson	andersson	N	N;INDF;MASC;SG
elip	ellipse	elip	ellipse	N	N;INDF;MASC;SG
lafayette	lafayette	lafayette	lafayett	N	N;INDF;MASC;SG
willem	willem	willem	willem	N	N;INDF;MASC;SG
tatar	tatar	tatar	tat	N	N;INDF;MASC;SG
boom	bang	boom	bang	N	N;INDF;MASC;SG
boom	boom	boom	boom	N	N;INDF;MASC;SG
dumbledore	humlesnurr	dumbledore	humlesnurr	N	N;INDF;MASC;SG
reo	ringte	reo	ringje	V	V;IND;PST;FIN
khun	khun	khun	khun	N	N;INDF;MASC;SG
fiction	fiksjon	fiction	fiksjon	N	N;INDF;MASC;SG
zelotes	zelotes	zelotes	zelotes	N	N;INDF;MASC;SG
musashi	musashi	musashi	musashi	N	N;INDF;MASC;SG
pluto	pluto	pluto	pluto	N	N;INDF;NEUT;SG
adobe	adobe	adobe	adobe	N	N;INDF;MASC;SG
vermont	vermont	vermont	vermont	N	N;INDF;MASC;SG
sụn	brusk	sụn	brusk	N	N;INDF;NEUT;SG
kato	kato	kato	kato	N	N;INDF;NEUT;SG
thrace	trakia	thrace	trakie	N	N;INDF;NEUT;SG
anders	anders	anders	anders	N	N;MASC
bouchet	bouchet	bouchet	bouch	N	N;INDF;MASC;SG
evarcha	evarcha	evarcha	evarcha	N	N
antiochos	antiokos	antiochos	antiokos	N	N;INDF;MASC;SG
schalke	schalke	schalke	schalk	N	N;INDF;NEUT;SG
kyushu	kyushu	kyushu	kyushu	N	N;INDF;NEUT;SG
cremona	cremona	cremona	cremona	N	N;INDF;MASC;SG
handel	händel	handel	händel	N	N
piston	stempler	piston	stemple	N	N;INDF;FEM;PL
liti	litium	liti	litium	N	N;INDF;NEUT;SG
mehmed	mehmet	mehmed	mehme	N	N;DEF;NEUT;SG
cayman	calgary	cayman	calgary	N	N;INDF;MASC;SG
cayman	cayman	cayman	cayman	N	N;INDF;MASC;SG
summit	summit	summit	summit	N	N;INDF;NEUT;SG
summit	toppmøte	summit	toppmøte	N	N;INDF;NEUT;SG
martinique	martinique	martinique	martinique	N	N;INDF;MASC;SG
saxophone	saksofon	saxophone	saksofon	N	N;INDF;MASC;SG
baghdad	bagdad	baghdad	bagdad	N	N;INDF;MASC;SG
haas	haas	haas	haas	N	N;INDF;MASC;SG
para	para	para	para	N	N;INDF;MASC;PL
tolstoy	tolstoj	tolstoy	tolstoj	N	N;INDF;MASC;SG
palawan	palawan	palawan	palawan	N	N;INDF;MASC;SG
neptune	neptune	neptune	neptune	N	N;INDF;MASC;SG
neptune	neptun	neptune	neptun	N	N;INDF;MASC;SG
jupiter	jupiter	jupiter	jupiter	N	N;INDF;MASC;SG
alfonso	alfonso	alfonso	alfonso	N	N;INDF;MASC;SG
proxy	proxy	proxy	proxy	N	N;INDF;MASC;SG
djibouti	djibouti	djibouti	djibouti	N	N;INDF;MASC;SG
hattori	hattori	hattori	hattori	N	N;INDF;MASC;SG
musa	musa	musa	muse	N	N;DEF;FEM;SG
acta	acta	acta	acte	N	N
californica	californica	californica	californice	N	N;DEF;FEM;SG
marcello	marcello	marcello	marcello	N	N;INDF;MASC;SG
norodom	norodom	norodom	norodom	N	N;INDF;MASC;SG
funk	funk	funk	funk	N	N;INDF;MASC;SG
jharkhand	jharkhand	jharkhand	jharkhand	N	N;INDF;NEUT;SG
zanzibar	zanzibar	zanzibar	zanzibar	N	N;INDF;MASC;SG
dmitry	dmitrij	dmitry	dmitrij	N	N;INDF;MASC;SG
apiaceae	skjermplantefamilien	apiaceae	skjermplantefamilie	N	N;DEF;MASC;SG
cowan	cowan	cowan	cowan	N	N
oakland	oakland	oakland	oakland	N	N;INDF;MASC;SG
toscana	toscana	toscana	toscan	N	N;INDF;FEM;SG
ambrose	ambrose	ambrose	ambrose	N	N;INDF;MASC;SG
aurelius	aurelius	aurelius	aurelius	N	N;INDF;MASC;SG
sheikh	sheikh	sheikh	sheikhe	N	N
sheikh	sjeik	sheikh	sjeik	N	N;INDF;MASC;SG
kottelat	kottelat	kottelat	kottelat	N	N;INDF;NEUT;SG
gear	tempo	gear	tempo	N	N;INDF;NEUT;SG
gear	utstyr	gear	utstyr	N	N;INDF;NEUT;SG
gear	gear	gear	gje	N	N;INDF;MASC;SG
gear	hastigheter	gear	hastigheter	N	N;INDF;FEM;PL
andorra	podgorica	andorra	podgorica	N	N;DEF;FEM;SG
olympique	olympique	olympique	olympique	N	N;INDF;MASC;SG
benedict	benedict	benedict	benedict	N	N;INDF;NEUT;SG
benedict	benedikt	benedict	benedikt	N	N;INDF;MASC;SG
palmer	palmer	palmer	palme	N	N;INDF;FEM;SG
medeiros	medeiros	medeiros	medeiros	N	N;INDF;MASC;SG
lat	late	lat	la	N	N;INDF;MASC;SG
lat	lazy	lat	lazy	N	N;INDF;MASC;SG
wigan	wigan	wigan	wigan	N	N;INDF
ôtô	cars	ôtô	cars	N	N
ôtô	biler	ôtô	bile	N	N;INDF;MASC;PL
clement	klemens	clement	klemens	N	N;DEF;MASC;SG
clement	clement	clement	clement	N	N;INDF;MASC;SG
darren	darren	darren	darr	N	N;DEF;MASC;SG
paulus	paulus	paulus	paulus	N	N;MASC
fujiwara	fujiwara	fujiwara	fujiwar	N	N;DEF;NEUT;SG
maxima	maxima	maxima	maxima	N	N;INDF;MASC;SG
kung	kung	kung	kung	N	N;INDF;MASC;SG
animax	animax	animax	animax	N	N;INDF;MASC;SG
beograd	beograd	beograd	beograd	N	N;INDF;MASC;SG
helmut	helmut	helmut	helmut	N	N;INDF;MASC;SG
khuya	sen	khuya	sen	N	N;INDF;MASC;SG
khuya	sein	khuya	sein	N	N;INDF;MASC;SG
khuya	sent	khuya	senje	N	N;INDF;MASC;SG
suffolk	suffolk	suffolk	suffolk	N	N;INDF;MASC;SG
kimi	kimi	kimi	kimi	N	N;INDF;MASC;SG
beaufort	beaufort	beaufort	beaufort	N	N;INDF;NEUT;SG
maui	maui	maui	maui	N	N;INDF;MASC;SG
rue	rue	rue	rue	N	N;INDF;NEUT;SG
ferrari	ferrari	ferrari	ferrari	N	N;INDF;MASC;SG
lozère	lozère	lozère	lozère	N	N;INDF;MASC;SG
pereira	pereira	pereira	pereire	N	N;INDF;MASC;SG
orissa	orissa	orissa	orisse	N	N;DEF;FEM;SG
bruxelles	brussel	bruxelles	brussel	N	N;INDF;MASC;SG
fairey	fairey	fairey	fairey	N	N;INDF;MASC;SG
curie	curie	curie	curie	N	N;INDF;FEM;SG
dora	dora	dora	dor	N	N;DEF;FEM;SG
két	safer	két	safe	N	N;INDF;FEM;PL
aerospace	luftfart	aerospace	luftfar	N	N;INDF;MASC;SG
aerospace	aerospace	aerospace	aerospace	N	N;INDF;MASC;SG
donau	donau	donau	donau	N	N;DEF;FEM;SG
bergen	bergen	bergen	berg	N	N;DEF;MASC;SG
vols	vols	vols	vols	N	N;INDF;MASC;SG
antigonos	antigonos	antigonos	antigonos	N	N;INDF;MASC;SG
shop	butikk	shop	butikk	N	N;INDF;MASC;SG
shop	sløyd	shop	sløyde	N	N;INDF;MASC;SG
shop	butikker	shop	butikke	N	N;INDF;FEM;PL
shop	butikkene	shop	butikke	N	N;DEF;FEM;PL
lamiaceae	leppeblomstfamilien	lamiaceae	leppeblomstfamilie	N	N;DEF;MASC;SG
gallo	gallo	gallo	gallo	N	N;INDF;MASC;SG
kafka	kafka	kafka	kafke	N	N;DEF;FEM;SG
leiden	leiden	leiden	leid	N	N;DEF;MASC;SG
meteor	meteor	meteor	meteor	N	N;INDF;MASC;SG
schumacher	schumacher	schumacher	schumacher	N	N;INDF;MASC;SG
sylvia	sylvia	sylvia	sylvia	N	N;INDF;FEM;SG
thriller	thriller	thriller	thrille	N	N;INDF;FEM;PL
sensu	sensu	sensu	sensu	N	N;INDF;MASC;SG
wickes	wickes	wickes	wickes	N	N
middlesbrough	middlesbrough	middlesbrough	middlesbrough	N	N;INDF;MASC;SG
hibiscus	hibiscus	hibiscus	hibiscus	N	N;INDF;MASC;SG
rfc	rfc	rfc	rfc	N	N
catania	catania	catania	catani	N	N
falcata	falcata	falcata	falcat	N	N;INDF;NEUT;SG
karst	karst	karst	karst	N	N;INDF;MASC;SG
hilton	hilton	hilton	hilton	N	N;INDF;MASC;SG
paniculata	paniculata	paniculata	paniculat	N	N;DEF;NEUT;PL
sexy	sexy	sexy	sexy	N	N;INDF;MASC;SG
vinyl	vinyl	vinyl	vinyl	N	N;INDF;NEUT;SG
cược	veddemål	cược	veddemål	N	N;INDF;NEUT;SG
cược	sats	cược	sats	N	N;INDF;MASC;SG
cược	satset	cược	sats	N	N;INDF;NEUT;SG
lars	lars	lars	lars	N	N;MASC
jia	jia	jia	jia	N	N;INDF;MASC;SG
krasnodar	krasnodar	krasnodar	krasnode	N	N;INDF;MASC;PL
rainer	rainer	rainer	rain	N	N;INDF;MASC;SG
vilnius	vilnius	vilnius	vilnius	N	N;INDF;MASC;SG
trieste	trieste	trieste	triest	N	N;INDF;MASC;SG
pharaon	faraoer	pharaon	faraoer	N	N;INDF;MASC;PL
phineas	phineas	phineas	phineas	N	N
arafat	arafat	arafat	arafat	N	N;INDF;NEUT;SG
bèo	teit	bèo	teit	N	N;INDF;MASC;SG
leonid	leonid	leonid	leonid	N	N;INDF;MASC;SG
fuller	fuller	fuller	fulle	N	N;INDF;MASC;SG
phoebe	phoebe	phoebe	phoebe	N	N
concorde	concorde	concorde	concord	N	N
benevento	benevento	benevento	benevento	N	N;INDF;MASC;SG
seok	seok	seok	seok	N	N;INDF;MASC;SG
cervus	cervus	cervus	cervus	N	N;INDF;NEUT;SG
boleslav	boleslav	boleslav	boleslav	N	N;INDF;NEUT;SG
sec	sek	sec	sek	N	N;INDF;NEUT;SG
sec	sec	sec	sec	N	N
natalie	natalie	natalie	natalie	N	N;INDF;MASC;SG
cassini	cassini	cassini	cassini	N	N;INDF;MASC;SG
nottingham	nottingham	nottingham	nottingham	N	N;INDF;FEM;SG
boson	boson	boson	boson	N	N;INDF;MASC;SG
labrador	labrador	labrador	labrador	N	N;INDF;MASC;SG
shinichi	shinichi	shinichi	shinichi	N	N
malesia	malesia	malesia	malesium	N	N;INDF;MASC;SG
mono	mono	mono	mono	N	N;INDF;MASC;SG
charlton	charlton	charlton	charlton	N	N;INDF;NEUT;SG
doyle	doyle	doyle	doyle	N	N;INDF;FEM;SG
cedar	cedar	cedar	cedar	N	N;INDF;MASC;SG
saturn	saturn	saturn	saturn	N	N;INDF;MASC;SG
container	container	container	contain	N	N;INDF;MASC;SG
kerch	kertsj	kerch	kertsj	N	N
thom	thom	thom	thom	N	N;INDF
jihlava	jihlava	jihlava	jihlav	N	N;INDF;NEUT;SG
nitrat	nitrat	nitrat	nitrat	N	N;INDF;NEUT;SG
hilbert	hilbert	hilbert	hilbere	N	N;INDF;NEUT;SG
eight	åtte	eight	åtte	NUM	NUM;PL
cobain	cobain	cobain	cobain	N	N;INDF;MASC;SG
núm	klemt	núm	klemt	N	N;INDF;MASC;SG
núm	brystvorter	núm	brystvort	N	N;INDF;NEUT;SG
cody	cody	cody	cody	N	N;INDF;MASC;SG
shiva	shiva	shiva	shive	N	N;INDF;MASC;SG
shiva	shiva	shiva	shive	N	N;INDF;MASC;SG
shiva	siva	shiva	sive	N	N;INDF;MASC;SG
merlin	merlin	merlin	merlin	N	N;INDF;MASC;SG
officiel	officiel	officiel	officiel	N	N;INDF;MASC;SG
anchor	ankeret	anchor	anker	N	N;DEF;NEUT;SG
anchor	anker	anchor	anke	N	N;INDF;MASC;SG
unidos	unidos	unidos	unidos	N	N;INDF;NEUT;SG
bolzano	bolzano	bolzano	bolzano	N	N;INDF;MASC;SG
martinez	martinez	martinez	martinez	N	N;INDF;MASC;SG
edison	edison	edison	edison	N	N;INDF;MASC;SG
orton	orton	orton	orton	N	N;INDF;MASC;SG
djokovic	đoković	djokovic	đoković	N	N;INDF;MASC;SG
sẹo	arr	sẹo	arr	N	N;INDF;NEUT;SG
sẹo	arr	sẹo	arr	N	N;INDF;NEUT;SG
honshū	honshū	honshū	honshū	N	N;INDF
tahiti	tahiti	tahiti	tahiti	N	N;INDF;NEUT;SG
bauer	bauer	bauer	baue	N	N;INDF;MASC;SG
eurovision	eurovision	eurovision	eurovision	N	N;INDF;MASC;SG
wolfsburg	wolfsburg	wolfsburg	wolfsburg	N	N;INDF;MASC;SG
kalinin	kalinin	kalinin	kalinin	N	N;INDF;MASC;SG
tigris	tigris	tigris	tigris	N	N;INDF;NEUT;SG
caproni	caproni	caproni	caproni	N	N;INDF;MASC;SG
laguna	laguna	laguna	lagunne	N	N;INDF;MASC;SG
theodosius	theodosius	theodosius	theodosius	N	N;INDF;MASC;SG
coca	coke	coca	coke	N	N;INDF;MASC;SG
coca	cola	coca	cola	N	N;INDF;MASC;SG
coca	coca	coca	coce	N	N
pixel	piksel	pixel	piksel	N	N;INDF;MASC;SG
pixel	piksler	pixel	piksler	N	N;INDF;FEM;PL
cronquist	cronquist	cronquist	cronquist	N	N;INDF;MASC;SG
anemone	anemone	anemone	anemon	N	N;INDF;MASC;SG
rogue	rogue	rogue	rogue	N	N;INDF;MASC;SG
breslau	breslau	breslau	breslau	N	N;INDF;MASC;SG
factbook	factbook	factbook	factbook	N	N;INDF;MASC;SG
bonus	bonus	bonus	bonus	N	N;INDF;MASC;SG
flavipes	flavipes	flavipes	flavipes	N	N;INDF;MASC;SG
điốt	diode	điốt	diode	N	N;INDF;MASC;SG
gardenia	gardenia	gardenia	gardenie	N	N;DEF;FEM;PL
mồm	kjeften	mồm	kjeft	N	N;DEF;MASC;SG
mồm	munn	mồm	munn	N	N;INDF;MASC;SG
mồm	munnen	mồm	munn	N	N;DEF;MASC;SG
burma	burma	burma	burme	N	N;INDF;NEUT;SG
burma	burmas	burma	burm	N	N;INDF;MASC;SG
koh	koh	koh	koh	N	N;INDF;NEUT;SG
dome	kuppel	dome	kuppel	N	N;INDF;MASC;SG
dome	kuppelen	dome	kuppel	N	N;DEF;MASC;SG
infinity	infinity	infinity	infinity	N	N;INDF;NEUT;SG
hayes	hayes	hayes	hayes	N	N;INDF;MASC;SG
lombard	lombard	lombard	lombard	N	N;INDF;MASC;SG
bịp	triks	bịp	triks	N	N;INDF;NEUT;SG
bịp	knep	bịp	knep	N	N;INDF;NEUT;SG
forrest	forrest	forrest	forrest	N	N;INDF;MASC;SG
chòi	bungalow	chòi	bungalow	N	N;INDF;MASC;SG
chòi	feriehus	chòi	feriehus	N	N;INDF;NEUT;SG
chòi	hytte	chòi	hytte	N	N;INDF;FEM;SG
tankōbon	tankōbon	tankōbon	tankōbon	N	N;INDF;NEUT;SG
composite	composite	composite	composité	N	N;INDF;MASC;SG
andrés	andrés	andrés	andré	N	N;INDF;MASC;SG
cornelius	cornelius	cornelius	cornelius	N	N;INDF;MASC;SG
robbie	robbie	robbie	robbie	N	N;INDF;MASC;SG
pardubice	pardubice	pardubice	pardubice	N	N;INDF;MASC;SG
zurich	zürich	zurich	zürich	N	N
mứt	syltetøy	mứt	syltetøy	N	N;INDF;NEUT;SG
mứt	jam	mứt	jam	N	N;INDF;MASC;SG
mứt	marmelade	mứt	marmelade	N	N;INDF;MASC;SG
bernhard	bernhard	bernhard	bernhard	N	N;INDF;MASC;SG
tna	tna	tna	tna	N	N;INDF;MASC;SG
hpa	hpa	hpa	hpa	N	N;INDF;NEUT;SG
benny	benny	benny	benny	N	N;INDF;NEUT;SG
attila	attila	attila	attil	N	N;INDF;NEUT;SG
leverkusen	leverkusen	leverkusen	leverkuse	N	N;DEF;MASC;SG
tbilisi	tbilisi	tbilisi	tbilisi	N	N;INDF;MASC;SG
plutoni	plutonium	plutoni	plutonium	N	N;INDF;MASC;SG
rugby	rugby	rugby	rugby	N	N;INDF;NEUT;SG
kira	kira	kira	kire	N	N;DEF;FEM;SG
kaoru	wada	kaoru	wada	N	N;INDF;MASC;SG
laden	laden	laden	lade	N	N;DEF;MASC;SG
benito	benito	benito	benito	N	N;INDF;MASC;SG
ramesses	ramses	ramesses	ramse	N	N
ambulyx	ambulyx	ambulyx	ambulyx	N	N;INDF;MASC;SG
aeroflot	aeroflot	aeroflot	aeroflot	N	N;INDF;MASC;SG
panorama	panorama	panorama	panorama	N	N;INDF;MASC;SG
chilensis	chilensis	chilensis	chilensis	N	N;INDF;MASC;SG
schultz	schultz	schultz	schultz	N	N;INDF;MASC;SG
trumpet	trompeten	trumpet	trompet	N	N;DEF;MASC;SG
trumpet	trompet	trumpet	tromp	N	N;DEF;NEUT;SG
heian	heian	heian	heian	N	N;INDF;MASC;SG
mexicanus	mexicanus	mexicanus	mexicanus	N	N;INDF;MASC;SG
sengoku	sengoku	sengoku	sengoku	N	N;INDF;MASC;SG
obi	obi	obi	obi	N	N;INDF;MASC;SG
bốt	støvler	bốt	støvler	N	N;INDF;FEM;PL
bốt	støvlene	bốt	støvle	N	N;DEF;FEM;PL
bốt	boots	bốt	boots	N	N;INDF;MASC;SG
haryana	haryana	haryana	haryana	N	N;INDF;NEUT;SG
gsm	gsm	gsm	gsm	N	N;INDF;NEUT;SG
hwan	hwan	hwan	hwan	N	N;INDF;MASC;SG
homer	homer	homer	hom	N	N;INDF;MASC;SG
ligue	ligue	ligue	ligue	N	N;INDF;MASC;SG
hmas	hmas	hmas	hmas	N	N;INDF;MASC;SG
kombat	kombat	kombat	kombat	N	N;INDF;MASC;SG
fourier	fourier	fourier	fourie	N	N;INDF;FEM;SG
hub	senter	hub	senter	N	N;INDF;NEUT;SG
hub	hub	hub	hub	N	N;INDF;SG
příbram	příbram	příbram	příbram	N	N;INDF;MASC;SG
prinz	prinz	prinz	prinz	N	N;INDF;MASC;SG
benin	benin	benin	benin	N	N;INDF;MASC;SG
sar	sar	sar	sjå	N	N;INDF;MASC;SG
aquino	aquino	aquino	aquino	N	N;INDF;MASC;SG
saddam	saddam	saddam	saddam	N	N;INDF;MASC;SG
psv	psv	psv	psv	N	N
monde	monde	monde	monde	N	N;INDF;MASC;SG
beetle	biller	beetle	bille	N	N;INDF;FEM;PL
beetle	bille	beetle	bille	N	N;INDF;FEM;SG
picasso	picasso	picasso	picasso	N	N;INDF;MASC;SG
bien	bien	bien	bi	N	N;DEF;MASC;SG
heather	heather	heather	heather	N	N;INDF;MASC;SG
sussex	sussex	sussex	sussex	N	N;INDF;MASC;SG
joey	joey	joey	joey	N	N;INDF;MASC;SG
nuremberg	nürnberg	nuremberg	nürnberg	N	N
silicon	silicon	silicon	silicon	N	N;INDF;NEUT;SG
silicon	silikon	silicon	silikon	N	N;INDF;MASC;SG
damascus	damaskus	damascus	damaskus	N	N;INDF;MASC;SG
aspx	aspx	aspx	aspx	N	N;INDF;MASC;SG
tardieu	tardieu	tardieu	tardie	N	N;INDF;NEUT;SG
anemia	anemi	anemia	anemi	N	N;INDF;NEUT;SG
chatham	chatham	chatham	chatham	N	N
una	una	una	una	N	N
niels	niels	niels	niels	N	N;INDF;MASC;SG
fountain	fontene	fountain	fonte	N	N;INDF;FEM;SG
frazione	frazione	frazione	frazione	N	N;INDF;MASC;SG
bandai	bandai	bandai	bandai	N	N;INDF;MASC;SG
vaucluse	vaucluse	vaucluse	vauclus	N	N;INDF;NEUT;SG
sinai	sinai	sinai	sinai	N	N;INDF;MASC;SG
huelva	huelva	huelva	huelve	N	N;INDF;FEM;SG
beckham	beckham	beckham	beckham	N	N
reyes	reyes	reyes	reyes	N	N;INDF;MASC;SG
gin	gin	gin	gin	N	N;INDF;MASC;SG
camille	camille	camille	camille	N	N;INDF;MASC;SG
oxit	oksid	oxit	oksid	N	N;INDF;NEUT;SG
echo	ekko	echo	ekko	N	N;INDF;NEUT;SG
echo	echo	echo	echo	N	N
dornier	dornier	dornier	dorni	N	N;INDF;MASC;SG
chocolate	sjokolade	chocolate	sjokolade	N	N;INDF;MASC;SG
transistor	transistor	transistor	transistor	N	N;INDF;MASC;SG
supermarine	supermarine	supermarine	supermarine	N	N;INDF;FEM;SG
exilis	exilis	exilis	exilis	N	N;INDF;MASC;SG
timur	timur	timur	timur	N	N;INDF;MASC;SG
táp	bite	táp	bite	V	V;IMP;FIN
capcom	capcom	capcom	capcom	N	N
hybrid	hybrid	hybrid	hybrid	N	N;INDF;MASC;SG
collaris	collaris	collaris	collaris	N	N;INDF;MASC;SG
bittorrent	bittorrent	bittorrent	bittorrent	N	N;INDF;MASC;SG
battlefield	battlefield	battlefield	battlefialde	N	N;INDF;MASC;SG
battlefield	slagmark	battlefield	slagmark	N	N;INDF;MASC;SG
pushkin	pushkin	pushkin	pushkin	N	N;INDF;MASC;SG
neutrino	nøytrino	neutrino	nøytrino	N	N;INDF;NEUT;SG
elton	elton	elton	elton	N	N;INDF;MASC;SG
fiat	fiat	fiat	fiat	N	N;INDF;MASC;SG
circus	sirkuset	circus	sirkus	N	N;DEF;NEUT;SG
circus	sirkus	circus	sirkus	N	N;INDF;NEUT;SG
circus	circus	circus	circus	N	N
subspecies	underart	subspecies	underar	N	N;INDF;MASC;SG
montpellier	montpellier	montpellier	montpelli	N	N;INDF;MASC;SG
atatürk	atatürk	atatürk	atatürk	N	N;INDF;MASC;SG
dawson	dawson	dawson	dawson	N	N;INDF;MASC;SG
ivoire	ivoire	ivoire	ivoir	N	N;INDF;MASC;SG
tak	tak	tak	tak	N	N;INDF;NEUT;SG
landmark	landmark	landmark	landmark	N	N;INDF;MASC;SG
landmark	landemerke	landmark	landemerke	N	N;INDF;NEUT;SG
levant	levant	levant	levant	N	N;INDF;MASC;SG
sapporo	sapporo	sapporo	sapporo	N	N;INDF;NEUT;SG
manduca	manduca	manduca	manduc	N	N;INDF;MASC;SG
comba	comba	comba	combe	N	N;INDF;MASC;SG
vyazma	vjazma	vyazma	vjazme	N	N;INDF;NEUT;SG
volkhov	volkhov	volkhov	volkhov	N	N;INDF;NEUT;SG
leste	timor	leste	timor	N	N;INDF;MASC;SG
lẻn	snik	lẻn	snike	V	V;IND;PRS;FIN
lẻn	snike	lẻn	snik	V	V;IMP;FIN
cuốc	random	cuốc	random	N	N;INDF;MASC;SG
cuốc	hoe	cuốc	hoe	N	N;INDF;MASC;SG
tudor	tudor	tudor	tudor	N	N;INDF;MASC;SG
javanica	javanica	javanica	javanica	N	N;INDF;MASC;SG
ceylon	ceylon	ceylon	ceylon	N	N;INDF;MASC;SG
menu	menyen	menu	meny	N	N;DEF;MASC;SG
menu	meny	menu	meny	N	N;INDF;MASC;SG
menu	menyer	menu	menye	N	N;INDF;FEM;PL
poltava	poltava	poltava	poltav	N	N;INDF;FEM;SG
sergio	sergio	sergio	sergio	N	N;INDF;MASC;SG
hawking	hawking	hawking	hawking	N	N;INDF;FEM;SG
pitt	pitt	pitt	pitt	N	N;INDF;MASC;SG
trier	trier	trier	tri	N	N;INDF;FEM;PL
jakob	jakob	jakob	jakob	N	N;INDF;MASC;SG
somali	somalia	somali	somalia	N	N;INDF;MASC;SG
hardcore	hardcore	hardcore	hardcore	N	N;INDF;MASC;SG
waltz	vals	waltz	vals	N	N;INDF;MASC;SG
waltz	waltz	waltz	waltz	N	N;INDF;NEUT;SG
waltz	valse	waltz	valse	N	N;INDF;MASC;SG
daphne	daphne	daphne	daphe	N	N
jackie	jackie	jackie	jackie	N	N;INDF;MASC;SG
eos	eos	eos	vos	N	N;INDF;MASC;SG
thierry	thierry	thierry	thierry	N	N;INDF;SG
serena	serena	serena	serene	N	N;DEF;NEUT;PL
fiorentina	fiorentina	fiorentina	fiorentin	N	N;INDF;MASC;SG
mons	mons	mons	mons	N	N;INDF;MASC;SG
cessna	cessna	cessna	cessne	N	N;INDF;MASC;SG
quest	quest	quest	quest	N	N
quest	søken	quest	søken	N	N;INDF;MASC;SG
quest	tokt	quest	tokt	N	N;INDF;NEUT;SG
chrome	chrome	chrome	chrome	N	N
chrome	krom	chrome	krome	N	N;INDF;NEUT;SG
douglass	douglass	douglass	douglass	N	N;INDF;MASC;SG
ismail	ismail	ismail	ismail	N	N;INDF;MASC;SG
irkutsk	irkutsk	irkutsk	irkutsk	N	N;INDF;NEUT;SG
isla	isla	isla	isle	N	N;INDF;MASC;SG
alejandro	alejandro	alejandro	alejandro	N	N;INDF;MASC;SG
lancashire	lancashire	lancashire	lancashire	N	N;INDF;MASC;SG
muscicapidae	fluesnapperfamilien	muscicapidae	fluesnapperfamilie	N	N;DEF;MASC;SG
cundinamarca	cundinamarca	cundinamarca	cundinamarca	N	N
castello	castello	castello	castello	N	N
myspace	myspace	myspace	myspace	N	N;INDF;MASC;SG
buri	buri	buri	buri	N	N;INDF;MASC;SG
saab	saab	saab	saab	N	N;INDF;SG
zhao	zao	zhao	zao	N	N;INDF;MASC;SG
draco	draco	draco	draco	N	N;INDF;MASC;SG
hale	hale	hale	hale	N	N;INDF;MASC;SG
puget	puget	puget	pug	N	N;DEF;NEUT;SG
hamburger	hamburger	hamburger	hamburge	N	N;INDF;MASC;SG
hamburger	hamburgere	hamburger	hamburgere	N	N;INDF;MASC;SG
sarajevo	sarajevo	sarajevo	sarajevo	N	N;INDF;MASC;SG
breda	breda	breda	bred	N	N;INDF;NEUT;SG
marvin	marvin	marvin	marvin	N	N;INDF;MASC;SG
inn	vertshus	inn	vertshus	N	N;INDF;NEUT;SG
inn	kro	inn	kro	N	N;INDF;NEUT;SG
neill	neill	neill	neill	N	N;INDF;MASC;SG
esp	esp	esp	esp	N	N;INDF;MASC;SG
drassodes	drassodes	drassodes	drassodes	N	N;INDF;MASC;SG
phuket	phuket	phuket	phuk	N	N;DEF;NEUT;SG
pham	pham	pham	pham	N	N
anomala	anomala	anomala	anomal	N	N;DEF;NEUT;PL
yai	yai	yai	yai	N	N;INDF;MASC;SG
halle	halle	halle	halle	N	N;INDF;NEUT;SG
checkuser	checkuser	checkuser	checkuse	N	N;INDF;MASC;SG
karelia	karelen	karelia	karel	N	N;DEF;MASC;SG
beaumont	beaumont	beaumont	beaumont	N	N;INDF;MASC;SG
hàu	østers	hàu	østers	N	N;INDF;MASC;SG
hàu	østers	hàu	østers	N	N;INDF;MASC;SG
