mcdonald	mcdonald	mcdonald	mcdonald	N	N;INDF;MASC;SG
tryon	tryon	tryon	tryon		
dido	dido	dido	dido	N	N;INDF;MASC;SG
mượt	netede	mượt	neted	ADJ	ADJ;INDF;FEM;PL
mượt	neted	mượt	neted	ADJ	ADJ;INDF;MASC;SG
mượt	lină	mượt	lin	ADJ	ADJ;INDF;FEM;SG
mượt	netedă	mượt	neted	ADJ	ADJ;INDF;FEM;SG
perth	perth	perth	perth	N	N;INDF;MASC;SG
zagreb	zagreb	zagreb	zagreb	N	N;INDF;MASC;SG
mayenne	mayenne	mayenne	mayenn	N	N;INDF;FEM;SG
litsinger	litsinger	litsinger	litsinger	N	N;INDF;MASC;SG
pine	pine	pine	pine	N	N;INDF;MASC;SG
pine	pin	pine	pin	N	N;INDF;MASC;SG
mol	mol	mol	mol	N	N;INDF;MASC;SG
anatolia	anatolia	anatolia	anatolie	N	N;DEF;FEM;SG
purpurea	purpurea	purpurea	purpure	N	N;DEF;FEM;SG
kerr	kerr	kerr	kerr	N	N;INDF;MASC;SG
vaccinium	vaccinium	vaccinium	vaccinium	N	N;INDF;MASC;SG
michener	michener	michener	michener		
rubra	rubra	rubra	rubră	N	N;DEF;FEM;SG
chat	chat	chat	chat	N	N;INDF;MASC;SG
belgrade	belgrad	belgrade	belgrad	N	N;INDF;MASC;SG
belgrade	belgradul	belgrade	belgrad	N	N;DEF;MASC;SG
teresa	teresa	teresa	teresă	N	N;DEF;FEM;SG
teresa	tereza	teresa	tereza	N	N;DEF;FEM;SG
đuốc	torta	đuốc	tort	N	N;DEF;FEM;SG
katy	katy	katy	katy		
nakamura	nakamura	nakamura	nakamura	N	N;DEF;FEM;SG
vision	viziune	vision	viziune	N	N;INDF;FEM;SG
vision	viziunea	vision	viziune	N	N;DEF;FEM;SG
manning	manning	manning	manning	N	N;INDF;MASC;SG
mận	plum	mận	plum	N	N;INDF;MASC;SG
mận	prune	mận	prune	N	N;INDF;FEM;PL
mận	prune	mận	prune	N	N;INDF;FEM;PL
nách	gropi	nách	grop	N	N;INDF;FEM;PL
firenze	firenze	firenze	firenză	N	N;INDF;MASC;SG
sting	sting	sting	stinge		
hesse	hessa	hesse	hessa	N	N;INDF;MASC;SG
hesse	hesse	hesse	hesse	N	N;INDF;MASC;SG
française	française	française	franpai	N	N;INDF;MASC;SG
xốp	spuma	xốp	spumă	N	N;DEF;FEM;SG
xốp	spumă	xốp	spumă	N	N;INDF;FEM;SG
lisbon	lisbon	lisbon	lisbon	N	N;INDF;MASC;SG
arachnida	arachnida	arachnida	arachnida	N	N;DEF;FEM;SG
hyderabad	hyderabad	hyderabad	hyderabad	N	N;INDF;MASC;SG
dion	dion	dion	dion		
hít	respiră	hít	respira	V	V;IND;SG;3;PST;FIN
hít	respira	hít	respira	V	V;IND;SG;3;IPFV;FIN
nexus	nexus	nexus	nexus	N	N;INDF;MASC;SG
magiê	magneziu	magiê	magneziu	N	N;INDF;MASC;SG
kabul	kabul	kabul	kabul	N	N;INDF;MASC;SG
emi	ime	emi	eumi		
luca	luca	luca	luca	N	N;DEF;FEM;SG
börngen	börngen	börngen	börngen		
saitama	saitama	saitama	saitamă	N	N;INDF;FEM;SG
bel	bel	bel	bel	N	N;INDF;MASC;SG
brabant	brabant	brabant	brabant	N	N;INDF;MASC;SG
cave	pestera	cave	pestera	N	N;DEF;FEM;SG
cave	peştera	cave	pefteră	N	N;DEF;FEM;SG
cave	peșteră	cave	peșteră	N	N;INDF;FEM;SG
cave	peşteră	cave	peşteră	N	N;INDF;FEM;SG
villosa	villosa	villosa	villosa		
splendens	splendens	splendens	splendens	N	N;INDF;MASC;SG
vahl	vahl	vahl	vahl		
vale	vale	vale	vale	N	N;INDF;FEM;SG
mustang	mustang	mustang	mustang	N	N;INDF;MASC;SG
vulgaris	vulgaris	vulgaris	vulgaris	N	N;INDF;MASC;SG
ballet	balet	ballet	balet	N	N;INDF;MASC;SG
ballet	baletul	ballet	balet	N	N;DEF;MASC;SG
bali	balineză	bali	balina	N	N;INDF;FEM;SG
bali	bali	bali	bali	N	N;INDF;MASC;SG
click	apasă	click	apăsa	V	V;IND;3;PRS;FIN
malay	malay	malay	malay	N	N;INDF;MASC;SG
habana	habana	habana	habană	N	N;DEF;FEM;SG
glauca	glauca	glauca	glaucă	N	N;DEF;FEM;SG
diva	divă	diva	divă	N	N;INDF;FEM;SG
katsuura	katsuura	katsuura	katsuura	N	N;DEF;FEM;SG
aquila	aquila	aquila	aquila	N	N;DEF;FEM;SG
apache	apache	apache	apache	N	N;INDF;MASC;SG
villers	villers	villers	villers		
dem	dem	dem	dem	N	N;INDF;MASC;SG
angels	ingeri	angels	inger	N	N;INDF;MASC;PL
angels	ingerii	angels	inger	N	N;DEF;MASC;PL
angels	angels	angels	angels	N	N;INDF;MASC;SG
angels	îngeri	angels	înger	N	N;INDF;MASC;PL
angels	îngerii	angels	înger	N	N;DEF;MASC;PL
cincinnati	cincinnati	cincinnati	cincinnat	N	N;INDF;MASC;SG
jalisco	jalisco	jalisco	jalisco	N	N;INDF;MASC;SG
ada	adda	ada	adda		
ada	ada	ada	adă		
albion	albion	albion	albion	N	N;INDF;MASC;SG
strong	strong	strong	strong		
pixar	pixar	pixar	pixar	N	N;INDF;MASC;SG
mythimna	mythimna	mythimna	mythimna	N	N;DEF;FEM;SG
dante	dante	dante	dante		
fury	furie	fury	furie	N	N;INDF;FEM;SG
oahu	oahu	oahu	oahu	N	N;INDF;MASC;SG
moy	moy	moy	moy		
cabo	cabo	cabo	cabo	N	N;INDF;MASC;SG
jolie	jolie	jolie	jolie	N	N;INDF;FEM;SG
rehder	rehder	rehder	rehder		
kota	kota	kota	kota	N	N;DEF;FEM;SG
bauhinia	bauhinia	bauhinia	bauhinie	N	N;DEF;FEM;SG
log	log	log	log	N	N;INDF;MASC;SG
log	jurnal	log	jurnal	N	N;INDF;MASC;SG
parms	parms	parms	parms		
springer	springer	springer	springer	N	N;INDF;MASC;SG
sabre	sabre	sabre	sabră	N	N;INDF;MASC;SG
thebes	teba	thebes	teba	N	N;DEF;FEM;SG
plasma	plasma	plasma	plasmă	N	N;DEF;FEM;SG
plasma	plasmă	plasma	plasmă	N	N;INDF;FEM;SG
avro	avro	avro	avre	N	N;INDF;MASC;SG
taekwondo	taekwondo	taekwondo	taekwondo	N	N;INDF;MASC;SG
yangon	yangon	yangon	yangon	N	N;INDF;MASC;SG
calamus	calamus	calamus	calamus	N	N;INDF;MASC;SG
strike	grevă	strike	grevă	N	N;INDF;FEM;SG
strike	greva	strike	grevă	N	N;DEF;FEM;SG
dynamo	dinamo	dynamo	dinamo	N	N;INDF;MASC;SG
harrier	harrier	harrier	harrier	N	N;INDF;MASC;SG
ôliu	olive	ôliu	oliv	N	N;INDF;MASC;SG
ôliu	măsline	ôliu	măslină	N	N;INDF;FEM;PL
nola	nola	nola	nolă	N	N;DEF;FEM;SG
shakira	shakira	shakira	shakira	N	N;DEF;FEM;SG
sứa	meduze	sứa	meduz	N	N;INDF;FEM;PL
sứa	meduza	sứa	meduză	N	N;DEF;FEM;SG
benoit	benoit	benoit	benoit	N	N;INDF;MASC;SG
queens	reginele	queens	regină	N	N;DEF;FEM;PL
queens	regine	queens	regine	N	N;INDF;FEM;PL
queens	queens	queens	queens	N	N;INDF;MASC;SG
cello	violoncel	cello	violoncel	N	N;INDF;MASC;SG
cello	violoncelul	cello	violoncel	N	N;DEF;MASC;SG
ser	ser	ser	ser	N	N;INDF;MASC;SG
rán	fry	rán	fry	N	N;INDF;MASC;SG
quầy	chef	quầy	chef	N	N;INDF;MASC;SG
quầy	bucătar	quầy	bucătar	N	N;INDF;MASC;SG
dracula	dracula	dracula	dracula	N	N;DEF;FEM;SG
metropolitan	metropolitan	metropolitan	metropolitan	N	N;INDF;MASC;SG
andaman	andaman	andaman	andaman	N	N;INDF;MASC;SG
territoire	territoire	territoire	territoir	N	N;INDF;FEM;SG
pass	ceas	pass	ceas	N	N;INDF;MASC;SG
pass	pass	pass	pass	N	N;INDF;MASC;SG
pass	pasa	pass	pasă	N	N;DEF;FEM;SG
dam	baraj	dam	baraj	N	N;INDF;MASC;SG
dam	barajul	dam	baraj	N	N;DEF;MASC;SG
lori	lori	lori	loare		
canyon	canion	canyon	canion	N	N;INDF;MASC;SG
canyon	canyon	canyon	canyon	N	N;INDF;MASC;SG
canyon	canionul	canyon	canion	N	N;DEF;MASC;SG
christie	christie	christie	christie	N	N;INDF;FEM;SG
oeste	oeste	oeste	oeste		
chấu	lăcuste	chấu	lăcust	N	N;INDF;FEM;PL
chấu	lăcustele	chấu	lăcust	N	N;DEF;FEM;PL
fleet	flotei	fleet	flotă	N	N;DEF;FEM;SG
fleet	flota	fleet	flotă	N	N;DEF;FEM;SG
fleet	flotă	fleet	flotă	N	N;INDF;FEM;SG
tours	excursii	tours	excursie	N	N;INDF;FEM;PL
tours	tururi	tours	tur	N	N;INDF;FEM;PL
macquart	macquart	macquart	macquart	N	N;INDF;MASC;SG
maldives	maldive	maldives	maldiv	N	N;INDF;FEM;SG
castellón	castellón	castellón	castellón	N	N;INDF;MASC;SG
rosea	rosea	rosea	rosi	N	N;DEF;FEM;SG
erigone	erigone	erigone	erigon		
woodson	woodson	woodson	woodson		
sevastopol	sevastopol	sevastopol	sevastopol	N	N;INDF;MASC;SG
jeju	jeju	jeju	jeju	N	N;INDF;MASC;SG
diếp	salată	diếp	sala	N	N;INDF;FEM;SG
lesotho	lesotho	lesotho	lesotho	N	N;INDF;MASC;SG
maslin	maslin	maslin	maslin		
xxx	xxx	xxx	xxx		
arcade	arcade	arcade	arcade	N	N;INDF;FEM;PL
kolkata	kolkata	kolkata	kolkata	N	N;DEF;FEM;SG
reef	recif	reef	recif	N	N;INDF;MASC;SG
reef	reciful	reef	recif	N	N;DEF;MASC;SG
wasp	viespea	wasp	viespe	N	N;DEF;FEM;SG
wasp	viespe	wasp	viespe	N	N;INDF;FEM;SG
boong	punte	boong	punte	N	N;INDF;FEM;SG
boong	puntea	boong	puntea	N	N;DEF;FEM;SG
andalusia	andaluzia	andalusia	andaluzie	N	N;DEF;FEM;SG
mrkos	mrkos	mrkos	mrkos		
cnn	cnn	cnn	cnn	N	N;INDF;MASC;SG
guillaume	guillaume	guillaume	guillaume	N	N;INDF;FEM;PL
cúi	îndoi	cúi	îndoi	V	V;IND;SG;3;PST;FIN
cúi	îndoaie	cúi	îndoaie	V	V;IND;3;PRS;FIN
kant	kant	kant	kant	N	N;INDF;MASC;SG
nhấp	apasă	nhấp	apăsa	V	V;IND;3;PRS;FIN
antilles	antile	antilles	antil	N	N;INDF;FEM;PL
ekaterina	ekaterina	ekaterina	ekaterina	N	N;DEF;FEM;SG
populus	populus	populus	populus	N	N;INDF;MASC;SG
shark	rechin	shark	rechin	N	N;INDF;MASC;SG
shark	rechinul	shark	rechin	N	N;DEF;MASC;SG
flagstaff	flagstaff	flagstaff	flagstaff	N	N;INDF;MASC;SG
ein	ein	ein	ein	N	N;INDF;MASC;SG
sếu	macara	sếu	macara	N	N;DEF;FEM;SG
sếu	macarale	sếu	macaral	N	N;INDF;FEM;PL
sếu	macara	sếu	macara	N	N;DEF;FEM;SG
metallica	metallica	metallica	metallica	N	N;DEF;FEM;SG
asm	asm	asm	asm	N	N;INDF;MASC;SG
xiếc	circ	xiếc	circ	N	N;INDF;MASC;SG
xiếc	circus	xiếc	circus	N	N;INDF;MASC;SG
xiếc	circul	xiếc	circ	N	N;DEF;MASC;SG
dom	dom	dom	dom	N	N;INDF;MASC;SG
gigas	gigas	gigas	gigas	N	N;INDF;MASC;SG
dae	dae	dae	dae	N	N;INDF;MASC;SG
belfast	belfast	belfast	belfast	N	N;INDF;MASC;SG
joy	joy	joy	joy	N	N;INDF;MASC;SG
joy	bucurie	joy	bucurie	N	N;INDF;FEM;SG
joy	veselie	joy	veselie	N	N;INDF;FEM;SG
joy	bucuria	joy	bucurie	N	N;DEF;FEM;SG
macau	macao	macau	macao	N	N;INDF;MASC;SG
bryansk	briansk	bryansk	briansk	N	N;INDF;MASC;SG
jasper	jasper	jasper	jasper	N	N;INDF;MASC;SG
nba	nba	nba	nbăl	N	N;INDF;MASC;SG
tristis	tristis	tristis	tristis		
emirates	emiratele	emirates	emirat	N	N;DEF;FEM;PL
terme	terme	terme	term	N	N;INDF;FEM;PL
sum	sum	sum	sum		
chin	bărbie	chin	bărbie	N	N;INDF;FEM;SG
chin	chin	chin	chin	N	N;INDF;MASC;SG
chin	bărbia	chin	bărbie	N	N;DEF;FEM;SG
ahn	ivanov	ahn	ivanov	N	N;INDF;MASC;SG
dĩa	farfurie	dĩa	farfurie	N	N;INDF;FEM;SG
dĩa	placă	dĩa	placă	N	N;INDF;FEM;SG
muang	muang	muang	muang	N	N;INDF;MASC;SG
rna	arn	rna	arn	N	N;INDF;MASC
khoe	spectacole	khoe	spectacol	N	N;INDF;FEM;PL
khoe	emisiuni	khoe	emisiune	N	N;INDF;FEM;PL
maha	maha	maha	mahă	N	N;INDF;MASC;SG
lives	vieti	lives	vieti		
tyson	tyson	tyson	tyson	N	N;INDF;MASC;SG
sonic	sonic	sonic	sonic	N	N;INDF;MASC;SG
johor	johor	johor	johor	N	N;INDF;MASC;SG
agm	agm	agm	agm		
javascript	javascript	javascript	javascript	N	N;INDF;MASC;SG
takeda	takeda	takeda	takedă		
mercedes	mercedes	mercedes	mercedes	N	N;INDF;MASC;SG
sigma	sigma	sigma	sigmă	N	N;INDF;MASC;SG
ubuntu	ubuntu	ubuntu	ubuntu	N	N;INDF;MASC;SG
tallinn	tallinn	tallinn	tallinn	N	N;INDF;MASC;SG
sparrow	vrabie	sparrow	vrabie	N	N;INDF;FEM;SG
banh	minge	banh	minge	N	N;INDF;FEM;SG
banh	mingea	banh	minge	N	N;DEF;FEM;SG
banh	bilă	banh	bilă	N	N;INDF;FEM;SG
banh	bila	banh	bilă	N	N;DEF;FEM;SG
wii	wii	wii	wiu	N	N
almería	almería	almería	almería	N	N;DEF;FEM;SG
ponte	ponte	ponte	ponte	N	N;INDF;MASC;SG
thames	tamisa	thames	tamisa	N	N;DEF;FEM;SG
guadeloupe	guadelupa	guadeloupe	guadelupă	N	N;DEF;FEM;SG
