pouteria	pouteria	pouteria	pouteri	N	N;NOM;INDF;MASC+FEM;SG
krishna	krishna	krishna	krishen	N	N;NOM;INDF;MASC+FEM;SG
pulchra	pulchra	pulchra	pulchra	N	N;NOM;INDF;MASC+FEM;SG
casa	casa	casa	casa	N	N;NOM;INDF;NEUT;SG
unicode	unicode	unicode	unicode	N	N;NOM;INDF;NEUT;SG
linkin	linkin	linkin	linkin	N	N;NOM;INDF;MASC+FEM;SG
fokker	fokker	fokker	fokk	N	N;NOM;INDF;MASC+FEM;SG
gladiolus	gladiolus	gladiolus	gladiolus	N	N;NOM;INDF;MASC+FEM;SG
cebu	cebu	cebu	cebu	N	N;NOM;INDF;NEUT;SG
lốp	däcken	lốp	däck	N	N;NOM;DEF;NEUT;PL
lốp	däck	lốp	däck	N	N;NOM;INDF;NEUT;PL
lốp	däck	lốp	däck	N	N;NOM;INDF;NEUT;PL
modesta	modesta	modesta	modest	N	N;NOM;INDF;MASC+FEM;SG
lorentz	lorentz	lorentz	lorentz	N	N;NOM;INDF;MASC+FEM;SG
mas	mas	mas	mas	N	N;NOM;INDF;MASC+FEM;SG
cinnamomum	cinnamomum	cinnamomum	cinnamomum	N	N;NOM;INDF;MASC+FEM;SG
anthidium	anthidium	anthidium	anthidium	N	N;NOM;INDF;MASC+FEM;SG
clo	clo	clo	clo	N	N;NOM;INDF;MASC+FEM;SG
clo	klor	clo	klor	N	N;NOM;INDF;MASC+FEM;PL
nile	nilen	nile	nilen	N	N;NOM;DEF;MASC+FEM;SG
metacritic	metacritic	metacritic	metacritic	N	N;NOM;INDF;MASC+FEM;SG
dreams	drömmar	dreams	drömma	N	N;NOM;INDF;MASC+FEM;PL
dreams	dreams	dreams	dream	N	N;NOM;INDF;MASC+FEM;SG
sázavou	sázavou	sázavou	sázavou	N	N;NOM;INDF;MASC+FEM;SG
nôi	vaggan	nôi	vagga	N	N;NOM;DEF;MASC+FEM;SG
nôi	vagga	nôi	vagga	N	N;NOM;INDF;MASC+FEM;SG
ling	ling	ling	ling	N	N;NOM;INDF;NEUT;SG
suez	suez	suez	suez	N	N;NOM;INDF;NEUT;SG
federer	federer	federer	feder	N	N;NOM;INDF;MASC+FEM;PL
yunnanensis	yunnanensis	yunnanensis	yunnanensis	N	N;NOM;INDF;MASC+FEM;SG
vụng	klumpiga	vụng	klumpig	ADJ	ADJ;NOM;PL
vụng	klumpig	vụng	klumpig	ADJ	ADJ;NOM;INDF;MASC+FEM;SG
vụng	klumpigt	vụng	klumpig	ADJ	ADJ;NOM;INDF;NEUT;SG
zombie	zombie	zombie	zombie	N	N;NOM;INDF;MASC+FEM;SG
mẩu	ark	mẩu	ark	N	N;NOM;INDF;NEUT;SG
mẩu	arken	mẩu	ark	N	N;NOM;DEF;MASC+FEM;SG
mẩu	plåt	mẩu	plåt	N	N;NOM;INDF;MASC+FEM;SG
mẩu	blad	mẩu	blad	N	N;NOM;INDF;NEUT;SG
mẩu	tabeller	mẩu	tabell	N	N;NOM;INDF;MASC+FEM;PL
mẩu	plåt	mẩu	plåt	N	N;NOM;INDF;MASC+FEM;SG
mẩu	lakan	mẩu	laka	N	N;NOM;INDF;MASC+FEM;SG
mẩu	blad	mẩu	blad	N	N;NOM;INDF;NEUT;SG
shō	shō	shō	shō	N	N;NOM;INDF;MASC+FEM;SG
hwa	hwa	hwa	hwa	N	N;NOM;INDF;MASC+FEM;SG
cosmopterix	cosmopterix	cosmopterix	cosmopterix	N	N;NOM;INDF;MASC+FEM;SG
palm	palm	palm	palm	N	N;NOM;INDF;NEUT;SG
palm	handflata	palm	handflata	N	N;NOM;INDF;MASC+FEM;SG
root	root	root	root	N	N;NOM;INDF;MASC+FEM;SG
root	rot	root	rot	N	N;NOM;INDF;MASC+FEM;SG
cinerea	cinerea	cinerea	cinere	N	N;NOM;INDF;MASC+FEM;SG
nhổ	spottar	nhổ	spotta	V	V;IND;PRS;FIN;ACT
nhổ	spottar	nhổ	spotta	V	V;IND;PRS;FIN;ACT
nhổ	spotta	nhổ	spotta	V	V;IMP;FIN;ACT
nhổ	spotta	nhổ	spotta	V	V;IMP;FIN;ACT
argiope	argiope	argiope	argiope	N	N;NOM;INDF;MASC+FEM;SG
citrus	citrus	citrus	citrus	N	N;NOM;INDF;MASC+FEM;SG
citrus	citrusfrukter	citrus	citrusfrukt	N	N;NOM;INDF;MASC+FEM;PL
mollis	mollis	mollis	mollis	N	N;NOM;INDF;MASC+FEM;SG
serra	serra	serra	serra	N	N;NOM;INDF;MASC+FEM;SG
brooks	bäckar	brooks	bäcka	N	N;NOM;INDF;MASC+FEM;PL
ferry	färja	ferry	färja	N	N;NOM;INDF;MASC+FEM;SG
minima	minima	minima	minim	N	N;NOM;INDF;MASC+FEM;SG
lóc	gnälla	lóc	gnälla	V	V;IMP;FIN;ACT
jäger	jäger	jäger	jäga	N	N;NOM;INDF;MASC+FEM;SG
cuvier	cuvier	cuvier	cuvier	N	N;NOM;INDF;MASC+FEM;SG
aster	aster	aster	ast	N	N;NOM;INDF;MASC+FEM;PL
tenerife	tenerife	tenerife	tenerife	N	N;NOM;INDF;MASC+FEM;SG
thani	thani	thani	thani	N	N;NOM;INDF;NEUT;SG
machimus	machimus	machimus	machimus	N	N;NOM;INDF;MASC+FEM;SG
vữa	murbruk	vữa	murbruk	N	N;NOM;INDF;NEUT;SG
vữa	granatkastare	vữa	granatkastare	N	N;NOM;INDF;MASC+FEM;SG
giấm	ättika	giấm	ättik	N	N;NOM;INDF;MASC+FEM;SG
giấm	vinäger	giấm	vinäger	N	N;NOM;INDF;MASC+FEM;SG
hua	hua	hua	hua	N	N;NOM;INDF;NEUT;SG
rpg	rollspel	rpg	rollspel	N	N;NOM;INDF;NEUT;SG
rpg	raketgevär	rpg	raketgevär	N	N;NOM;INDF;NEUT;SG
rpg	rpg	rpg	rpg	N	N;NOM;INDF;NEUT;SG
proc	proc	proc	proc	N	N
bandera	bandera	bandera	bandera	N	N;NOM;INDF;NEUT;SG
andersen	andersen	andersen	anders	N	N;NOM;DEF;MASC+FEM;SG
verhoeff	verhoeff	verhoeff	verhoeff	N	N;NOM;SG
comarca	comarca	comarca	com	N	N;NOM;INDF;MASC+FEM;SG
dolomedes	dolomedes	dolomedes	dolomedes	N	N;NOM;INDF;MASC+FEM;SG
mọng	saftig	mọng	saftig	ADJ	ADJ;NOM;INDF;MASC+FEM;SG
mọng	saftigt	mọng	saftig	ADJ	ADJ;NOM;INDF;NEUT;SG
mọng	saftiga	mọng	saftig	ADJ	ADJ;NOM;PL
glabra	glabra	glabra	glabra	N	N;NOM;INDF;MASC+FEM;SG
polo	polo	polo	polo	N	N;NOM;INDF;MASC+FEM;SG
prairie	prärien	prairie	prärien	N	N;NOM;DEF;MASC+FEM;SG
loét	sår	loét	så	N	N;NOM;INDF;NEUT;SG
loét	magsår	loét	magså	N	N;NOM;INDF;NEUT;SG
loét	magsår	loét	magså	N	N;NOM;INDF;NEUT;SG
passiflora	passiflora	passiflora	passiflora	N	N;NOM;INDF;MASC+FEM;SG
vừng	sesam	vừng	sesam	N	N;NOM;INDF;MASC+FEM;SG
eublemma	eublemma	eublemma	eublem	N	N;NOM;INDF;MASC+FEM;SG
hikaru	hikaru	hikaru	hikaru	N	N;NOM;INDF;MASC+FEM;PL
třebíč	třebíč	třebíč	taeb	N	N;NOM;INDF;MASC+FEM;SG
mcdonald	mcdonald	mcdonald	mcdonald	N	N;NOM;INDF;MASC+FEM;SG
mcdonald	mcdonalds	mcdonald	mcdonald	N	N;NOM;INDF;MASC+FEM;SG
mượt	slät	mượt	släta	ADJ	ADJ;NOM;INDF;MASC+FEM;SG
mượt	jämn	mượt	jämn	ADJ	ADJ;NOM;INDF;MASC+FEM;SG
mượt	slätt	mượt	slätta	ADJ	ADJ;NOM;INDF;MASC+FEM;SG
mượt	smidigt	mượt	smidig	ADJ	ADJ;NOM;INDF;NEUT;SG
mượt	smidig	mượt	smidig	ADJ	ADJ;NOM;INDF;MASC+FEM;SG
lev	lev	lev	lev	N	N;NOM;INDF;MASC+FEM;SG
proceedings	förfaranden	proceedings	förfarande	N	N;NOM;INDF;NEUT;PL
litsinger	litsinger	litsinger	litsing	N	N;NOM;INDF;MASC+FEM;SG
fishbase	fishbase	fishbase	fishbase	N	N;NOM;INDF;MASC+FEM;SG
pine	tall	pine	tall	N	N;NOM;INDF;MASC+FEM;SG
pine	pine	pine	pine	N	N;NOM;INDF;NEUT;SG
mol	mol	mol	mol	N	N;NOM;INDF;MASC+FEM;SG
mol	mol	mol	mol	N	N;NOM;INDF;MASC+FEM;SG
palpita	palpita	palpita	palpita	N	N;NOM;INDF;MASC+FEM;SG
barbus	barbus	barbus	barbus	N	N;NOM;INDF;MASC+FEM;SG
jičín	jičín	jičín	jitt	N	N;NOM;INDF;MASC+FEM;SG
trút	hälla	trút	hälla	V	V;IMP;FIN;ACT
trút	häller	trút	hälla	V	V;IND;PRS;FIN;ACT
anatolia	anatolien	anatolia	anatoli	N	N;NOM;DEF;MASC+FEM;SG
purpurea	purpurea	purpurea	purpur	N	N;NOM;INDF;MASC+FEM;SG
midlands	midlands	midlands	midland	N	N;NOM;INDF;MASC+FEM;SG
sterculia	sterculia	sterculia	sterculi	N	N;NOM;INDF;MASC+FEM;SG
indo	indo	indo	indo	N	N;MASC+FEM
rubra	rubra	rubra	rubra	N	N;NOM;INDF;MASC+FEM;SG
chat	chatten	chat	chatt	N	N;NOM;DEF;MASC+FEM;SG
chat	chat	chat	chat	N	N;NOM;INDF;MASC+FEM;PL
chat	chatt	chat	chatt	N	N;NOM;INDF;MASC+FEM;SG
zen	zen	zen	zen	N	N;NOM;INDF;MASC+FEM;SG
belgrade	belgrad	belgrade	belgrad	N	N;NOM;INDF;MASC+FEM;SG
đuốc	facklor	đuốc	fackla	N	N;NOM;INDF;MASC+FEM;PL
đuốc	ficklampa	đuốc	ficklampa	N	N;NOM;INDF;MASC+FEM;SG
đuốc	fackla	đuốc	fackla	N	N;NOM;INDF;MASC+FEM;SG
vision	syn	vision	syn	N	N;NOM;INDF;MASC+FEM;SG
vision	visioner	vision	vision	N	N;NOM;INDF;MASC+FEM;PL
vision	vision	vision	vision	N	N;NOM;INDF;MASC+FEM;SG
manning	bemanning	manning	bemanning	N	N;NOM;INDF;MASC+FEM;SG
mận	plommon	mận	plommon	N	N;NOM;INDF;MASC+FEM;SG
mận	plommon	mận	plommon	N	N;NOM;INDF;MASC+FEM;SG
nách	gropar	nách	gropa	N	N;NOM;INDF;MASC+FEM;PL
euphrasia	euphrasia	euphrasia	euphrasi	N	N;NOM;INDF;MASC+FEM;SG
elvis	elvis	elvis	elvis	N	N;NOM;INDF;MASC+FEM;SG
litoria	litoria	litoria	litori	N	N;NOM;INDF;MASC+FEM;SG
française	française	française	française	N	N;NOM;INDF;MASC+FEM;SG
xốp	skum	xốp	skum	N	N;NOM;INDF;MASC+FEM;SG
ilyushin	iljusjin	ilyushin	iljusjin	N	N;NOM;INDF;MASC+FEM;SG
lisbon	lissabons	lisbon	lissabon	N	N;GEN;INDF;MASC+FEM;PL
arachnida	arachnida	arachnida	arachnid	N	N;NOM;INDF;MASC+FEM;SG
reggio	reggio	reggio	reggio	N	N;NOM;INDF;MASC+FEM;SG
eriogonum	eriogonum	eriogonum	eriogonum	N	N;NOM;INDF;MASC+FEM;SG
hít	andas	hít	anda	V	V;IMP;FIN;ACT
continental	continental	continental	continental	N	N;NOM;INDF;MASC+FEM;SG
continental	kontinental	continental	kontinental	N	N;NOM;INDF;MASC+FEM;SG
rus	rus	rus	rus	N	N;NOM;INDF;NEUT;SG
nexus	nexus	nexus	nexus	N	N;NOM;INDF;MASC+FEM;SG
magiê	magnesium	magiê	magnesium	N	N;NOM;INDF;NEUT;SG
kabul	kabul	kabul	kabul	N	N;NOM;DEF;MASC+FEM;SG
pre	pre	pre	pre	N	N;NOM;INDF;MASC+FEM;SG
phraya	phraya	phraya	phraya	N	N;NOM;INDF;MASC+FEM;SG
bel	bel	bel	bel	N	N;NOM;INDF;NEUT;SG
brabant	brabant	brabant	brabant	N	N;NOM;INDF;MASC+FEM;SG
cave	grotta	cave	grott	N	N;NOM;INDF;MASC+FEM;SG
lille	lille	lille	liten	N	N;NOM;DEF;MASC+FEM;SG
splendens	splendens	splendens	splende	N	N;NOM;INDF;NEUT;PL
vale	vale	vale	väla	N	N;NOM;INDF;NEUT;SG
mustang	mustang	mustang	mustang	N	N;NOM;INDF;MASC+FEM;SG
vulgaris	vulgaris	vulgaris	vulgaris	N	N;NOM;INDF;MASC+FEM;SG
ballet	balett	ballet	bal	N	N;NOM;INDF;NEUT;SG
ballet	baletten	ballet	balett	N	N;NOM;DEF;MASC+FEM;SG
click	klicka	click	klicka	V	V;IMP;FIN;ACT
glauca	glauca	glauca	glauca	N	N;NOM;INDF;MASC+FEM;SG
diva	divan	diva	diva	N	N;NOM;INDF;MASC+FEM;SG
diva	diva	diva	diva	N	N;NOM;INDF;MASC+FEM;SG
vogel	vogel	vogel	vogel	N	N;NOM;INDF;MASC+FEM;SG
exo	exo	exo	exo	N	N;NOM;INDF;NEUT;SG
aquila	aquila	aquila	aquila	N	N;NOM;INDF;MASC+FEM;SG
apache	apache	apache	apache	N	N;NOM;INDF;MASC+FEM;SG
ngất	svimmade	ngất	svimma	V	V;IND;PST;FIN;ACT
mnet	mnet	mnet	maet	N	N;NOM;DEF;NEUT;SG
angels	änglar	angels	ängel	N	N;NOM;INDF;MASC+FEM;PL
angels	angels	angels	angel	N	N;NOM;INDF;MASC+FEM;SG
pixar	pixar	pixar	pixa	N	N;NOM;INDF;MASC+FEM;PL
ornata	ornata	ornata	ornat	N	N;NOM;INDF;MASC+FEM;SG
fury	fury	fury	fury	N	N;NOM;INDF;MASC+FEM;SG
fury	raseri	fury	raseri	N	N;NOM;INDF;NEUT;SG
maculatus	maculatus	maculatus	maculatus	N	N;NOM;INDF;MASC+FEM;SG
kota	kota	kota	kota	N	N;NOM;INDF;MASC+FEM;SG
log	logg	log	logg	N	N;NOM;INDF;NEUT;SG
barnard	barnard	barnard	barnard	N	N;NOM;INDF;MASC+FEM;SG
guillaumin	guillaumin	guillaumin	guillaumi	N	N;NOM;INDF;MASC+FEM;SG
plasma	plasma	plasma	plasma	N	N;NOM;INDF;MASC+FEM;SG
avro	avro	avro	avro	N	N;NOM;INDF;NEUT;SG
taekwondo	taekwondo	taekwondo	taekwondo	N	N;NOM;INDF;MASC+FEM;SG
minutus	minutus	minutus	minutus	N	N;NOM;INDF;MASC+FEM;SG
calamus	calamus	calamus	calamus	N	N;NOM;INDF;MASC+FEM;SG
strike	strike	strike	strike	N	N;NOM;INDF;MASC+FEM;SG
strike	strejk	strike	strejk	N	N;NOM;INDF;MASC+FEM;SG
elymus	elymus	elymus	elymus	V	V;IMP;FIN;ACT
bucharest	bukarest	bucharest	bukarest	N	N;NOM;INDF;MASC+FEM;SG
shehbaz	shehbaz	shehbaz	shehbaz	N	N;NOM;INDF;MASC+FEM;SG
lufthansa	lufthansa	lufthansa	lufthansa	N	N;NOM;INDF;MASC+FEM;PL
harrier	kärrhök	harrier	kärrhök	N	N;NOM;INDF;MASC+FEM;SG
caudata	caudata	caudata	caud	N	N;NOM;INDF;MASC+FEM;SG
ôliu	oliver	ôliu	oliv	N	N;NOM;INDF;MASC+FEM;SG
shakira	shakira	shakira	shakira	N	N;NOM;INDF;MASC+FEM;SG
sứa	maneter	sứa	manet	N	N;NOM;INDF;MASC+FEM;PL
atlantique	atlantique	atlantique	atlantique	N	N;NOM;INDF;MASC+FEM;SG
queens	drottningar	queens	drottning	N	N;NOM;INDF;MASC+FEM;PL
cello	cello	cello	cello	N	N;NOM;INDF;MASC+FEM;SG
quầy	kock	quầy	kock	N	N;NOM;INDF;MASC+FEM;SG
quầy	kocken	quầy	kock	N	N;NOM;DEF;MASC+FEM;SG
chionaema	chionaema	chionaema	chionaem	N	N;NOM;INDF;MASC+FEM;SG
hae	hae	hae	hae	N	N;NOM;INDF;MASC+FEM;SG
dracula	dracula	dracula	dracul	N	N;NOM;INDF;MASC+FEM;SG
metropolitan	metropolitan	metropolitan	metropolitan	N	N;NOM;INDF;MASC+FEM;SG
vendée	vendée	vendée	vend	N	N;NOM;INDF;MASC+FEM;SG
tonga	tonga	tonga	tong	N	N;NOM;INDF;MASC+FEM;SG
territoire	territoire	territoire	territoire	N	N;NOM;INDF;MASC+FEM;SG
pass	klocka	pass	klocka	N	N;NOM;INDF;MASC+FEM;SG
dam	dam	dam	dam	N	N;NOM;INDF;MASC+FEM;SG
dam	dammen	dam	damm	N	N;NOM;DEF;MASC+FEM;SG
dam	damm	dam	damm	N	N;NOM;INDF;MASC+FEM;SG
canyon	canyon	canyon	canyon	N	N;NOM;INDF;NEUT;SG
malacca	malacca	malacca	malacca	N	N;NOM;INDF;MASC+FEM;SG
dieu	dieu	dieu	dieu	N	N;NOM;INDF;MASC+FEM;SG
chấu	gräshoppor	chấu	gräshoppa	N	N;NOM;INDF;MASC+FEM;PL
fleet	flotta	fleet	flotta	N	N;NOM;INDF;MASC+FEM;SG
fleet	flottan	fleet	flottan	N	N;NOM;DEF;MASC+FEM;SG
prodcode	prodcode	prodcode	prodcode	N	N
tours	turer	tours	tur	N	N;NOM;INDF;MASC+FEM;PL
macquart	macquart	macquart	macquart	N	N;NOM;INDF;MASC+FEM;SG
canadensis	canadensis	canadensis	canadensis	N	N;NOM;INDF;MASC+FEM;SG
maldives	maldiverna	maldives	maldiv	N	N;NOM;DEF;MASC+FEM;PL
castellón	castellón	castellón	castell	N	N;NOM;INDF;MASC+FEM;SG
rosea	rosea	rosea	rose	N	N;NOM;INDF;MASC+FEM;SG
diếp	sallad	diếp	salla	N	N;NOM;INDF;MASC+FEM;SG
diếp	sallat	diếp	salla	N	N;NOM;INDF;NEUT;SG
ultra	ultra	ultra	ultra	N	N;NOM;INDF;MASC+FEM;SG
arcade	arcade	arcade	arca	N	N;NOM;INDF;MASC+FEM;SG
reef	revet	reef	rev	N	N;NOM;DEF;NEUT;SG
wasp	geting	wasp	geting	N	N;NOM;INDF;MASC+FEM;SG
boong	däck	boong	däck	N	N;NOM;INDF;NEUT;PL
andalusia	andalusien	andalusia	andalusien	N	N;NOM;DEF;MASC+FEM;SG
kawasaki	kawasaki	kawasaki	kawasaki	N	N;NOM;INDF;MASC+FEM;SG
bactria	baktrien	bactria	baktri	N	N;NOM;DEF;MASC+FEM;SG
amanda	amanda	amanda	amand	N	N;NOM;INDF;MASC+FEM;SG
cúi	böj	cúi	böj	V	V;IMP;FIN;ACT
cúi	böja	cúi	böja	V	V;IMP;FIN;ACT
kant	kant	kant	kunna	N	N;NOM;INDF;MASC+FEM;SG
japonicus	japonicus	japonicus	japonicus	N	N;NOM;INDF;MASC+FEM;SG
nhấp	klickade	nhấp	klickad	V	V;IND;PST;V.PTCP;ACT
nhấp	klicka	nhấp	klicka	V	V;IMP;FIN;ACT
birdlife	fågelliv	birdlife	fågelliv	N	N;NOM;INDF;NEUT;SG
antilles	antillerna	antilles	antill	N	N;NOM;DEF;MASC+FEM;PL
seki	seki	seki	seki	N	N;NOM;INDF;MASC+FEM;SG
populus	populus	populus	populus	N	N;NOM;INDF;MASC+FEM;SG
shark	haj	shark	haj	N	N;NOM;INDF;MASC+FEM;SG
shark	shark	shark	shark	N	N;NOM;INDF;MASC+FEM;SG
flagstaff	flagstaff	flagstaff	flagstaff	N	N;NOM;INDF;MASC+FEM;SG
sếu	kranar	sếu	krana	N	N;NOM;INDF;MASC+FEM;PL
sếu	kran	sếu	kran	N	N;NOM;INDF;MASC+FEM;SG
mandela	mandela	mandela	mandel	N	N;NOM;INDF;MASC+FEM;SG
metallica	metallica	metallica	metallic	N	N;NOM;INDF;MASC+FEM;SG
asm	asm	asm	asm	N	N;NOM;INDF;SG
xiếc	cirkusen	xiếc	cirkus	N	N;NOM;DEF;MASC+FEM;SG
xiếc	cirkus	xiếc	cirkus	N	N;NOM;INDF;MASC+FEM;SG
xiếc	circus	xiếc	circus	N	N;NOM;INDF;MASC+FEM;SG
gigas	gigas	gigas	gig	N	N;NOM;INDF;MASC+FEM;SG
joy	glädje	joy	glädje	N	N;NOM;INDF;MASC+FEM;SG
joy	joy	joy	joy	N	N;NOM;INDF;MASC+FEM;SG
macau	macao	macau	macao	N	N;NOM;INDF;NEUT;SG
bryansk	brjansk	bryansk	brjansk	N	N;NOM;INDF;MASC+FEM;SG
columbellidae	columbellidae	columbellidae	columbellida	N	N;NOM;INDF;MASC+FEM;SG
chin	hakan	chin	haka	N	N;NOM;DEF;MASC+FEM;SG
dĩa	registreringsskylt	dĩa	registreringsskylt	N	N;NOM;INDF;MASC+FEM;SG
dĩa	plåt	dĩa	plåt	N	N;NOM;INDF;MASC+FEM;SG
dĩa	tallrik	dĩa	tallrik	N	N;NOM;INDF;MASC+FEM;SG
valenciennes	valenciennes	valenciennes	valencien	N	N;NOM;DEF;MASC+FEM;SG
rna	rna	rna	rna	N	N;NOM;INDF;NEUT;SG
khoe	shower	khoe	showa	N	N;NOM;INDF;MASC+FEM;PL
maha	maha	maha	maha	N	N;NOM;INDF;NEUT;SG
dượng	styvfar	dượng	styvfa	N	N;NOM;INDF;MASC+FEM;SG
javascript	javascript	javascript	javascript	N	N;NOM;INDF;MASC+FEM;SG
sigma	sigma	sigma	sigma	N	N;NOM;INDF;MASC+FEM;SG
sparrow	sparrow	sparrow	sparrow	N	N;NOM;INDF;MASC+FEM;SG
sparrow	sparv	sparrow	sparv	N	N;NOM;INDF;MASC+FEM;SG
banh	bal	banh	bal	N	N;NOM;INDF;MASC+FEM;SG
banh	ball	banh	ball	N	N;NOM;INDF;MASC+FEM;SG
banh	boll	banh	boll	N	N;NOM;INDF;MASC+FEM;SG
yucatán	yucatan	yucatán	yucatan	N	N;NOM;INDF;MASC+FEM;SG
yucatán	yucatán	yucatán	yucat	N	N;NOM;DEF;MASC+FEM;SG
wii	wii	wii	wii	N	N;NOM;INDF;NEUT;SG
almería	almería	almería	almer	N	N;NOM;INDF;MASC+FEM;SG
ponte	ponte	ponte	ponte	N	N;NOM;INDF;NEUT;SG
thames	themsen	thames	thems	N	N;NOM;DEF;MASC+FEM;SG
mụn	akne	mụn	akn	N	N;NOM;INDF;MASC+FEM;SG
mụn	finne	mụn	finna	N	N;NOM;INDF;MASC+FEM;SG
mụn	finnar	mụn	finna	N	N;NOM;INDF;MASC+FEM;PL
catasetum	catasetum	catasetum	catasetum	N	N;NOM;INDF;MASC+FEM;SG
zona	zona	zona	zona	N	N;NOM;INDF;MASC+FEM;SG
messerschmitt	messerschmitt	messerschmitt	messerschmitt	N	N;NOM;INDF;MASC+FEM;SG
cardamine	cardamine	cardamine	cardamine	N	N;NOM;INDF;MASC+FEM;SG
nigrescens	nigrescens	nigrescens	nigrescen	N	N;NOM;INDF;MASC+FEM;SG
seydlitz	seydlitz	seydlitz	seydlitz	N	N;NOM;INDF;MASC+FEM;SG
banner	slingor	banner	slinga	N	N;NOM;INDF;MASC+FEM;PL
banner	vägar	banner	väg	N	N;NOM;INDF;MASC+FEM;PL
banner	banor	banner	bana	N	N;NOM;INDF;MASC+FEM;PL
banner	fana	banner	fana	N	N;NOM;INDF;MASC+FEM;SG
banner	banderoll	banner	banderoll	N	N;NOM;INDF;MASC+FEM;SG
banner	banner	banner	banner	N	N;NOM;INDF;MASC+FEM;SG
wikidata	wikidata	wikidata	pikidat	N	N;NOM;INDF;NEUT;SG
pao	pao	pao	pao	N	N;NOM;INDF;MASC+FEM;SG
mindanao	mindanao	mindanao	mindanao	N	N;NOM;INDF;MASC+FEM;SG
maru	maru	maru	maru	N	N;NOM;INDF;NEUT;SG
mallinella	mallinella	mallinella	mallinell	N	N;NOM;INDF;MASC+FEM;SG
hindi	hindi	hindi	hindi	N	N;NOM;INDF;NEUT;SG
tango	tango	tango	tango	N	N;NOM;INDF;MASC+FEM;SG
desmodium	desmodium	desmodium	desmodium	N	N;NOM;INDF;MASC+FEM;SG
empires	imperier	empires	imperie	N	N;NOM;INDF;MASC+FEM;PL
indicus	indicus	indicus	indicus	N	N;NOM;INDF;MASC+FEM;SG
marsh	marsh	marsh	marsh	N	N;NOM;INDF;MASC+FEM;SG
coldplay	coldplay	coldplay	coldplay	N	N;NOM;INDF;MASC+FEM;SG
brit	brit	brit	brit	N	N;NOM;INDF;MASC+FEM;SG
pseudagrion	pseudagrion	pseudagrion	pseudagrion	N	N;NOM;INDF;MASC+FEM;SG
bờm	manen	bờm	man	N	N;NOM;DEF;MASC+FEM;SG
phẩy	kommatecken	phẩy	kommateck	N	N;NOM;INDF;NEUT;PL
amazing	amazing	amazing	amazing	N	N;NOM;INDF;NEUT;SG
nhk	nhk	nhk	nhk	N	N;NOM;INDF;NEUT;SG
combretum	combretum	combretum	combretum	N	N;NOM;INDF;MASC+FEM;SG
neon	neon	neon	neon	N	N;NOM;INDF;MASC+FEM;SG
hoon	hoon	hoon	hoon	N	N;NOM;INDF;MASC+FEM;SG
kurd	kurd	kurd	kurd	N	N;NOM;INDF;MASC+FEM;SG
bolt	bult	bolt	bult	N	N;NOM;INDF;MASC+FEM;SG
sidi	sidi	sidi	sidi	N	N;NOM;INDF;MASC+FEM;SG
lactuca	lactuca	lactuca	lactuc	N	N;NOM;INDF;MASC+FEM;SG
mickey	mickey	mickey	mickey	N	N;NOM;INDF;MASC+FEM;SG
natalensis	natalensis	natalensis	natalensis	N	N;NOM;INDF;MASC+FEM;SG
antigua	antigua	antigua	antigua	N	N;NOM;INDF;NEUT;SG
claudia	claudia	claudia	claudi	N	N;NOM;INDF;MASC+FEM;SG
dynamics	dynamiken	dynamics	dynamik	N	N;NOM;DEF;MASC+FEM;SG
dynamics	dynamik	dynamics	dynamik	N	N;NOM;INDF;MASC+FEM;SG
dynamics	dynamics	dynamics	dynamics	N	N;NOM;INDF;MASC+FEM;SG
sunda	malajisk	sunda	malajisk	N	N;NOM;INDF;MASC+FEM;SG
prasinocyma	prasinocyma	prasinocyma	prasinocyma	N	N;NOM;INDF;MASC+FEM;SG
quăng	kasta	quăng	kasta	V	V;IMP;FIN;ACT
quăng	kastar	quăng	kasta	V	V;IND;PRS;FIN;ACT
quăng	slänga	quăng	slänga	V	V;IMP;FIN;ACT
yen	yen	yen	yen	N	N;NOM;INDF;MASC+FEM;SG
sedis	sedis	sedis	sedis	N	N;NOM;INDF;MASC+FEM;SG
seal	säl	seal	säl	N	N;NOM;INDF;MASC+FEM;SG
seal	sigill	seal	sigill	N	N;NOM;INDF;NEUT;SG
seal	seal	seal	seal	N	N
achaea	acanthodelta	achaea	acanthodelt	N	N;NOM;INDF;MASC+FEM;SG
blade	blade	blade	blad	N	N;NOM;INDF;MASC+FEM;SG
gundam	gundam	gundam	gundam	N	N;NOM;INDF;NEUT;SG
mat	livsmedel	mat	livsmedel	N	N;NOM;INDF;NEUT;SG
mat	mat	mat	mat	N	N;NOM;INDF;MASC+FEM;SG
mat	föda	mat	föda	N	N;NOM;INDF;MASC+FEM;SG
mat	mattan	mat	matta	N	N;NOM;DEF;MASC+FEM;SG
mat	matta	mat	matta	N	N;NOM;INDF;MASC+FEM;SG
nuevo	nuevo	nuevo	nuevo	N	N;NOM;INDF;NEUT;SG
nol	nol	nol	nol	N	N;NOM;INDF;SG
disco	disco	disco	disco	N	N;NOM;INDF;MASC+FEM;SG
rufa	rufa	rufa	rufa	N	N;NOM;INDF;MASC+FEM;SG
pounder	pounder	pounder	pound	N	N;NOM;INDF;MASC+FEM;PL
penny	öre	penny	öre	N	N;NOM;INDF;NEUT;PL
shadab	shadab	shadab	shadab	N	N;NOM;INDF;MASC+FEM;SG
namedata	namedata	namedata	namedat	N	N;NOM;INDF;MASC+FEM;SG
quýt	mandarin	quýt	mandarin	N	N;NOM;INDF;MASC+FEM;SG
quýt	mandarin	quýt	mandarin	N	N;NOM;INDF;MASC+FEM;SG
sunni	sunni	sunni	sunni	N	N;NOM;INDF;MASC+FEM;SG
minamoto	minamoto	minamoto	minamoto	N	N;NOM;INDF;MASC+FEM;SG
node	nod	node	nod	N	N;NOM;INDF;MASC+FEM;SG
ming	ming	ming	jagga	N	N;NOM;INDF;MASC+FEM;SG
hót	sång	hót	sång	N	N;NOM;INDF;MASC+FEM;SG
coloma	coloma	coloma	colom	N	N;NOM;INDF;NEUT;SG
sandbox	sandlådan	sandbox	sandlåda	N	N;NOM;DEF;MASC+FEM;SG
ovata	ovata	ovata	ovat	N	N;NOM;INDF;MASC+FEM;SG
incertae	incertae	incertae	incertae	N	N;NOM;INDF;MASC+FEM;SG
comoros	komorerna	comoros	komor	N	N;NOM;DEF;MASC+FEM;PL
palustris	palustris	palustris	palustris	N	N;NOM;INDF;MASC+FEM;SG
pauly	pauly	pauly	pauly	N	N
resort	resort	resort	resa	N	N;NOM;INDF;NEUT;SG
corinna	corinna	corinna	corinn	N	N;NOM;INDF;MASC+FEM;SG
samar	samar	samar	sama	N	N;NOM;INDF;MASC+FEM;SG
taira	taira	taira	tair	N	N;NOM;INDF;MASC+FEM;SG
castel	castel	castel	castel	N	N;NOM;INDF;NEUT;SG
bmw	bmw	bmw	bmw	N	N;NOM;INDF;MASC+FEM;SG
vocals	sång	vocals	sång	N	N;NOM;INDF;MASC+FEM;SG
toro	toro	toro	toro	N	N;NOM;INDF;NEUT;SG
chihuahua	chihuahua	chihuahua	chihuahua	N	N;NOM;INDF;MASC+FEM;SG
tran	tran	tran	tran	N	N;NOM;INDF;MASC+FEM;SG
madeira	madeira	madeira	madeira	N	N;NOM;INDF;MASC+FEM;SG
micro	micro	micro	micro	N	N;NOM;INDF;NEUT;SG
micro	mikro	micro	mikro	N	N;NOM;INDF;MASC+FEM;SG
micro	mikrofonen	micro	mikrofon	N	N;NOM;DEF;MASC+FEM;SG
micro	mikrofon	micro	mikrofon	N	N;NOM;INDF;MASC+FEM;SG
thìa	skedar	thìa	skeda	N	N;NOM;INDF;MASC+FEM;PL
thìa	sked	thìa	sked	N	N;NOM;INDF;MASC+FEM;SG
thìa	skeden	thìa	skede	N	N;NOM;INDF;NEUT;PL
cristata	cristata	cristata	cristat	N	N;NOM;INDF;MASC+FEM;SG
blanc	blanc	blanc	blanc	N	N;NOM;INDF;MASC+FEM;SG
gien	gener	gien	gen	N	N;NOM;INDF;MASC+FEM;PL
gien	generna	gien	gen	N	N;NOM;DEF;MASC+FEM;PL
gien	gen	gien	gen	N	N;NOM;INDF;MASC+FEM;SG
gien	genen	gien	gen	N	N;NOM;DEF;MASC+FEM;SG
scharnhorst	scharnhorst	scharnhorst	scharnhorst	N	N;NOM;INDF;MASC+FEM;SG
confusa	confusa	confusa	confus	N	N;NOM;INDF;MASC+FEM;SG
luzula	luzula	luzula	luvul	N	N;NOM;INDF;MASC+FEM;SG
marche	marche	marche	marche	N	N;NOM;INDF;MASC+FEM;SG
hormone	hormon	hormone	hormon	N	N;NOM;INDF;NEUT;SG
hormone	hormoner	hormone	hormon	N	N;NOM;INDF;MASC+FEM;PL
hormone	hormonerna	hormone	hormon	N	N;NOM;DEF;MASC+FEM;PL
gập	vika	gập	vika	V	V;IMP;FIN;ACT
gập	viker	gập	vika	V	V;IND;PRS;FIN;ACT
carabus	carabus	carabus	carabus	N	N;NOM;INDF;MASC+FEM;SG
dot	punkt	dot	punkt	N	N;NOM;INDF;MASC+FEM;SG
dot	pricken	dot	prick	N	N;NOM;DEF;MASC+FEM;SG
dot	prick	dot	prick	N	N;NOM;INDF;MASC+FEM;SG
elip	ellips	elip	ellips	N	N;NOM;INDF;MASC+FEM;SG
lafayette	lafayette	lafayette	lafayette	N	N;NOM;INDF;NEUT;SG
boom	bang	boom	bang	N	N;NOM;INDF;NEUT;SG
boom	pang	boom	pang	N	N;NOM;INDF;MASC+FEM;SG
boom	smäll	boom	smäll	N	N;NOM;INDF;MASC+FEM;SG
boom	boom	boom	boom	N	N;NOM;INDF;MASC+FEM;SG
dumbledore	dumbledore	dumbledore	dumbledore	N	N;NOM;DEF;MASC+FEM;SG
reo	ringde	reo	ringa	V	V;IND;PST;FIN;ACT
reo	tvivlar	reo	tvivla	V	V;IND;PRS;FIN;ACT
reo	ringer	reo	ringa	V	V;IND;PRS;FIN;ACT
fiction	påhitt	fiction	påhitt	N	N;NOM;INDF;NEUT;SG
fiction	fiction	fiction	fiction	N	N;NOM;INDF;MASC+FEM;SG
fiction	fiktion	fiction	fiktion	N	N;NOM;INDF;MASC+FEM;SG
zelotes	zelotes	zelotes	zelotes	N	N;NOM;INDF;MASC+FEM;SG
musashi	musashi	musashi	musashi	N	N;NOM;INDF;MASC+FEM;SG
bosmans	bosmans	bosmans	bosmans	N	N;NOM;INDF;MASC+FEM;SG
sụn	brosk	sụn	brosk	N	N;NOM;INDF;NEUT;SG
hypercompe	hypercompe	hypercompe	hypercompe	N	N;NOM;INDF;MASC+FEM;SG
bouchet	bouchet	bouchet	bouchet	N	N;NOM;INDF;MASC+FEM;SG
evarcha	evarcha	evarcha	evarcha	N	N;NOM;INDF;MASC+FEM;SG
dianthus	dianthus	dianthus	dianthus	N	N;NOM;INDF;MASC+FEM;SG
khalip	kalif	khalip	kalif	N	N;NOM;INDF;MASC+FEM;SG
piston	kolvar	piston	kolvar	N	N;NOM;INDF;MASC+FEM;PL
piston	kolv	piston	kolv	N	N;NOM;INDF;MASC+FEM;SG
cattleya	cattleya	cattleya	cattley	N	N;NOM;INDF;MASC+FEM;SG
liti	litium	liti	litium	N	N;NOM;INDF;MASC+FEM;SG
mehmed	mehmed	mehmed	mehmed	N	N;NOM;DEF;MASC+FEM;SG
cayman	cayman	cayman	cayman	N	N;NOM;INDF;MASC+FEM;SG
summit	toppmöte	summit	toppmöt	N	N;NOM;INDF;NEUT;SG
summit	toppmötet	summit	toppmöt	N	N;NOM;DEF;NEUT;SG
martinique	martinique	martinique	martinique	N	N;NOM;INDF;MASC+FEM;SG
wanda	wanda	wanda	wanda	N	N;NOM;INDF;MASC+FEM;SG
saxophone	saxofon	saxophone	saxofon	N	N;NOM;INDF;MASC+FEM;SG
baghdad	bagdad	baghdad	bagdad	N	N;NOM;DEF;MASC+FEM;SG
palawan	palawan	palawan	palawa	N	N;NOM;INDF;MASC+FEM;SG
jupiter	jupiter	jupiter	jupit	N	N;NOM;INDF;MASC+FEM;PL
alfonso	alfons	alfonso	alfons	N	N;NOM;DEF;MASC+FEM;SG
proxy	ombud	proxy	ombud	N	N;NOM;INDF;NEUT;SG
proxy	proxy	proxy	proxy	N	N;NOM;INDF;MASC+FEM;SG
djibouti	djibouti	djibouti	djibouti	N	N;NOM;INDF;NEUT;SG
musa	musa	musa	musa	N	N;NOM;INDF;MASC+FEM;SG
bromus	bromus	bromus	bromus	N	N;NOM;INDF;MASC+FEM;SG
acta	acta	acta	acta	N	N;NOM
californica	californica	californica	californic	N	N;NOM;INDF;MASC+FEM;SG
encyclia	encyclia	encyclia	encycli	N	N;NOM;INDF;MASC+FEM;SG
funk	funk	funk	funk	N	N;NOM;INDF;MASC+FEM;SG
jharkhand	jharkhand	jharkhand	jharkhand	N	N;NOM;INDF;MASC+FEM;SG
zanzibar	zanzibar	zanzibar	zanzib	N	N;NOM;INDF;MASC+FEM;SG
