baldwin	balduí	baldwin	balduí	N	N;MASC;SG
prain	prain	prain	prevd		
aubl	aubl	aubl	aubl		
apache	apatxe	apache	apatxe	N	N;MASC
kirk	kirk	kirk	kirk		
villers	villers	villers	viller		
cfg	cfg	cfg	cfg		
humboldt	humboldt	humboldt	humboldt		
angels	àngels	angels	àngel	N	N;MASC;PL
angels	angels	angels	angel	N	N;MASC;PL
ada	adda	ada	adda		
ada	ada	ada	ada		
gould	gould	gould	gould		
dante	dante	dante	dante		
gérard	gérard	gérard	gérard		
moy	moy	moy	moy		
summerh	summerh	summerh	summerh		
ekman	ekman	ekman	ekman		
parms	parms	parms	parm		
tricolor	tricolor	tricolor	tricolor		
schulz	schulz	schulz	schulz		
bari	bari	bari	bari		
taekwondo	taekwondo	taekwondo	taekwondo	N	N;MASC;SG
eduard	eduard	eduard	eduard		
strike	vaga	strike	vaga	N	N;FEM;SG
asperula	asperula	asperula	asperula		
rufus	ruf	rufus	ruf		
harrier	arpella	harrier	arpella	N	N;FEM;SG
hon	hon	hon	ho		
ôliu	olives	ôliu	oliva	N	N;FEM;PL
liechtenstein	liechtenstein	liechtenstein	liechtenstar		
sứa	meduses	sứa	medusa	N	N;FEM;PL
rabaul	rabaul	rabaul	rabaul		
richland	richland	richland	richland	N	N;MASC;SG
queens	reines	queens	reina	N	N;FEM;PL
plain	plain	plain	plaar		
cello	violoncel	cello	violoncel	N	N;MASC;SG
quầy	xef	quầy	xef	N	N;MASC;SG
endl	endl	endl	endl		
vendée	vendée	vendée	vendée	N	N
lori	lori	lori	lorir		
lineata	lineata	lineata	lineata		
dominique	dominique	dominique	dominique		
garnier	garnier	garnier	garnier		
crimean	crimea	crimean	crimea		
quentin	quentin	quentin	quentar		
fleet	flota	fleet	flota	N	N;FEM;SG
tales	tales	tales	tala		
maldives	maldives	maldives	maldiva	N	N;FEM;PL
castellón	castelló	castellón	castelló	N	N;FEM;SG
rosario	rosario	rosario	rosario		
suite	suite	suite	suite		
erigone	erígone	erigone	erígone		
woodson	woodson	woodson	woodson		
mirror	mirall	mirror	mirall		
diếp	enciams	diếp	enciam	N	N;MASC;PL
diếp	enciam	diếp	enciam	N	N;MASC;SG
aristotle	aristòtil	aristotle	aristòtil		
maslin	maslin	maslin	maslar		
xxx	xxx	xxx	xxx		
boong	baralla	boong	baralla	N	N;FEM;SG
furnariidae	furnariidae	furnariidae	furnariidae		
andalusia	andalusia	andalusia	andalusia	N	N;FEM;SG
amanda	amanda	amanda	amanda	N	N;FEM;SG
malcolm	malcolm	malcolm	malcolm		
joker	jòquer	joker	jòquer		
mrkos	mrkos	mrkos	mrko		
winchester	winchester	winchester	winchester		
guillaume	guillaume	guillaume	guillaume	N	N;MASC;SG
sericea	sericea	sericea	sericea		
cúi	doblegar	cúi	doblegar	V	V;NFIN
juss	juss	juss	juss		
thây	zombies	thây	zombi		
birdlife	avifauna	birdlife	avifauna	N	N;FEM;SG
antilles	antilles	antilles	antilles	N	N;FEM;PL
ekaterina	iekaterina	ekaterina	iekaterina	N	N;FEM;SG
shark	tauró	shark	tauró	N	N;MASC;SG
infraclassis	infraclassis	infraclassis	infraclassi		
sếu	grues	sếu	grua	N	N;FEM;PL
sếu	grua	sếu	grua	N	N;FEM;SG
burret	burret	burret	burret		
scorea	scorea	scorea	scorea		
xiếc	circ	xiếc	circ	N	N;MASC;SG
altlink	altlink	altlink	altlink		
joy	alegria	joy	alegria	N	N;FEM;SG
hare	hare	hare	hare		
nba	nba	nba	nba	N	N;MASC;SG
tristis	tristis	tristis	tristi		
emirates	emirats	emirates	emirat	N	N;MASC;PL
terme	terme	terme	terme	N	N;SG
chin	barbeta	chin	barbeta	N	N;FEM;SG
rna	rna	rna	rn	N	N;MASC;SG
rna	arn	rna	arn	N	N;MASC;SG
khoe	espectacles	khoe	espectacle	N	N;MASC;PL
agm	agm	agm	agm		
besançon	besançon	besançon	besançon		
mercedes	mercedes	mercedes	merceda	N	N;PL
kagoshima	kagoshima	kagoshima	kagoshima		
wii	wii	wii	wii	N	N;SG
lutea	lutea	lutea	lutia		
almería	almería	almería	almería	N	N;FEM;SG
almería	almeria	almería	almeria	N	N;FEM;SG
kmh	kmh	kmh	kmh		
jma	jma	jma	jma		
lamarck	lamarck	lamarck	lamarck		
craugastor	craugastor	craugastor	craugastor		
btr	btr	btr	btr		
leslie	leslie	leslie	leslie		
kirby	kirby	kirby	kirby		
mustafa	mustafa	mustafa	mustafa	N	N;MASC;SG
cardamine	cardamine	cardamine	cardamine	N	N;SG
asturias	astúries	asturias	astúria	N	N;FEM;PL
vaughan	vaughan	vaughan	vaughan		
esp}}	esp}}	esp}}	esp}}		
banner	camins	banner	camí	N	N;MASC;PL
pao	lbs	pao	ell	N	N;MASC;PL
claire	claire	claire	claire		
maru	maru	maru	maru	N	N;MASC;SG
mallinella	mallinella	mallinella	mallinella	N	N;SG
meridionalis	meridionalis	meridionalis	meridionali	ADJ	ADJ;SG
tango	tango	tango	tango	N	N;MASC;SG
montréal	montreal	montréal	montreal		
empires	imperis	empires	imperi	N	N;MASC;PL
hey	ei	hey	ei		
ark	ark	ark	ark		
marsh	pantà	marsh	pantà	N	N;MASC;SG
coldplay	coldplay	coldplay	coldplay	N	N;SG
carnegie	carnegie	carnegie	carnegie		
dyar	dyar	dyar	dyar		
brit	brit	brit	brit	N	N;MASC;SG
earl	earl	earl	earl		
amber	amber	amber	amber		
amber	ambre	amber	ambre		
pallidus	pallidus	pallidus	pallidu		
hanoi	hanoi	hanoi	haver		
imf	fmi	imf	fmi	N	N;MASC;SG
blanchard	blanchard	blanchard	blanchard		
uesac	uesac	uesac	uesac		
antigua	antigua	antigua	antic	N	N;FEM;SG
stoke	stoke	stoke	stoke	N	N;MASC;SG
yen	iens	yen	iens	N	N;MASC;SG
seal	foca	seal	foca	N	N;FEM;SG
seal	segell	seal	segell	N	N;MASC;SG
pasteur	pasteur	pasteur	pasteur		
albany	albany	albany	albany	N	N;MASC;SG
gundam	gundam	gundam	gundam	N	N;FEM;SG
mat	alimentació	mat	alimentació	N	N;FEM;SG
disco	discoteca	disco	discoteca	N	N;FEM;SG
heinkel	heinkel	heinkel	heinkel	N	N;MASC;SG
gsub	gsub	gsub	gsub		
penny	cèntim	penny	cèntim	N	N;MASC;SG
quýt	mandarina	quýt	mandarina	N	N;FEM;SG
christophe	christophe	christophe	christophe		
olomouc	borrassà	olomouc	borrassà		
hót	cantant	hót	cantant	N	N;SG
ovata	ovata	ovata	ovata	N	N;FEM;SG
ruby	rubí	ruby	rubí		
ruby	ruby	ruby	ruby		
xavier	xavier	xavier	xavier		
superordo	superordo	superordo	superordo		
sheridan	sheridan	sheridan	sherit		
khuấy	remenar	khuấy	remenar	V	V;NFIN
boa	boa	boa	boa		
r}}	r}}	r}}	r}}		
gorbachev	gorbatxov	gorbachev	gorbatxov	N	N;MASC;SG
hampton	hampton	hampton	hampton		
chandler	chandler	chandler	chandler		
göring	göring	göring	göring		
irene	irene	irene	irene		
penang	penang	penang	penang		
scheer	scheer	scheer	scheer		
carr	carr	carr	carr		
micro	micròfon	micro	micròfon	N	N;MASC;SG
thìa	culleres	thìa	cullera	N	N;FEM;PL
gien	gen	gien	gen	N	N;MASC;SG
uae	uea	uae	uea	N	N;FEM;SG
scharnhorst	scharnhorst	scharnhorst	scharnhorst	N	N;MASC;SG
hormone	hormona	hormone	hormonar	N	N;FEM;SG
hormone	hormones	hormone	hormone	N	N;FEM;PL
boom	boom	boom	boom	N	N;MASC;SG
reo	sonant	reo	sonar	V	V;V.MSDR
fiction	ficció	fiction	ficció	N	N;FEM;SG
zelotes	zelotes	zelotes	zelotes	N	N;MASC;PL
bosmans	bosmans	bosmans	bosmà	N	N;MASC;PL
hyundai	hyundai	hyundai	hyundai		
direct	directe	direct	directe		
primula	prímula	primula	prímula		
vermont	vermont	vermont	vermont	N	N;MASC;SG
diane	diane	diane	diane		
thrace	tràcia	thrace	tràcia	N	N;FEM;SG
rivière	rivière	rivière	rivière		
sugar	sucre	sugar	sucre		
doc	doc	doc	doc		
khalip	califa	khalip	califar	N	N;MASC;SG
schalke	schalke	schalke	schalke	N	N;MASC;SG
kyushu	kyushu	kyushu	kyushu	N	N;PL
talbot	talbot	talbot	talbot		
piston	pistons	piston	pistó	N	N;MASC;PL
shannon	shannon	shannon	shannon		
liti	liti	liti	litar	N	N;MASC;SG
cayman	calgary	cayman	calgary	N	N;SG
summit	tossal	summit	tossal	N	N;MASC;SG
summit	cimera	summit	cimera	N	N;FEM;SG
martino	martino	martino	martino		
obscurus	obscurus	obscurus	obscurus		
saxophone	saxòfon	saxophone	saxòfon	N	N;MASC;SG
ryukyu	ryukyu	ryukyu	ryukyu	N	N;FEM;PL
kanon	kanon	kanon	kanon		
schwartz	schwartz	schwartz	schwartz		
tolstoy	tolstoi	tolstoy	tolstoi	N	N;MASC;SG
velvet	vellut	velvet	vellut		
alfonso	alfons	alfonso	alfó	N	N;MASC;SG
lara	lara	lara	lara		
bromley	bromley	bromley	bromley		
djibouti	djibouti	djibouti	djiboutar	N	N;MASC;SG
acta	acta	acta	acta	N	N;FEM;SG
akb	akb	akb	akb		
kırıkkale	kırıkkale	kırıkkale	kırıkkale		
shogakukan	shogakukan	shogakukan	shogakukan	N	N;MASC;SG
funk	funk	funk	funk	N	N;MASC;SG
jharkhand	jharkhand	jharkhand	jharkhand	N	N;MASC;SG
shepard	shepard	shepard	shepard		
sporobolus	sporobolus	sporobolus	sporobolus		
apiaceae	apiàcia	apiaceae	apiàcia	N	N;FEM;SG
sheikh	sheikh	sheikh	sheikh	N	N;MASC;SG
sheikh	xeic	sheikh	xeic	N	N;MASC;SG
gear	engranatge	gear	engranatge	N	N;MASC;SG
gear	velocitats	gear	velocitat	N	N;FEM;PL
olympique	olympique	olympique	olympique	N	N;MASC;SG
ferula	ferula	ferula	ferula		
coruña	coruña	coruña	coruña		
ôtô	cotxes	ôtô	cotxe	N	N;MASC;PL
ôtô	automòbils	ôtô	automòbil	N	N;MASC;PL
fulva	fulva	fulva	fulva		
duméril	duméril	duméril	duméril		
ariel	ariel	ariel	ariel		
indie	indie	indie	indie		
konrad	konrad	konrad	konrad		
martha	martha	martha	martha		
bloom	bloom	bloom	bloom		
marius	marius	marius	mariu		
suffolk	suffolk	suffolk	suffolk	N	N;MASC;SG
kilis	kilis	kilis	kili		
niken	níquel	niken	níquel	N	N;MASC;SG
tone	to	tone	to		
ferrari	ferrari	ferrari	ferrari	N	N;MASC;SG
sond	sond	sond	sond		
stan	stan	stan	stan		
rebel	rebel	rebel	rebel		
loi	loi	loi	loi		
regina	regina	regina	reginar		
laporte	laporte	laporte	laporte		
cerastium	cerastium	cerastium	cerastium		
cherry	cirera	cherry	cirera		
cherry	cherry	cherry	cherry		
coburg	coburg	coburg	coburg		
borneensis	borneensis	borneensis	borneensi		
bruxelles	bruxelles	bruxelles	bruxella	N	N;FEM;PL
chuck	chuck	chuck	chuck		
benn	benn	benn	benn		
punctatus	punctatus	punctatus	punctatus		
laevis	laevis	laevis	laevi		
sagar	sagar	sagar	sagar		
shop	botiga	shop	botiga	N	N;FEM;SG
shop	botigues	shop	botiga	N	N;FEM;PL
shop	comerços	shop	comerç	N	N;MASC;PL
alur	alur	alur	alur		
roche	roche	roche	roche		
parva	parva	parva	parva		
truncata	truncata	truncata	truncata		
hubert	hubert	hubert	hubert		
gagea	gagea	gagea	gagea		
bertrand	bertrand	bertrand	bertrand		
tibialis	tibialis	tibialis	tibiali		
wikitext	wikitext	wikitext	wikitext		
thriller	thriller	thriller	thriller	N	N;MASC;SG
ash	cendra	ash	cendra		
benoist	benoist	benoist	benoist		
gentry	gentry	gentry	gentry		
barker	barker	barker	barker		
philipp	philipp	philipp	philipp		
andre	andré	andre	andre		
dactylorhiza	dactylorhiza	dactylorhiza	dactylorhiza		
scandens	scandens	scandens	scandens		
santana	santana	santana	santana		
logroño	logroño	logroño	logroño		
logroño	logronyo	logroño	logronyo		
smithii	smithii	smithii	smithii		
wikimapia	wikimapia	wikimapia	wikimapia		
pharaon	faraons	pharaon	faraó	N	N;MASC;PL
arafat	arafat	arafat	arafat	N	N;MASC;SG
cervus	cervus	cervus	cervus	N	N;MASC;SG
barca	barca	barca	barca	N	N;FEM;SG
narcissus	narcissus	narcissus	narcissu		
narcissus	narcís	narcissus	narcís		
shinichi	shinichi	shinichi	shinichi	N	N;MASC;SG
skin	pell	skin	pell		
container	recipient	container	recipient	N	N;MASC;SG
gamespot	gamespot	gamespot	gamespot		
nitrat	nitrat	nitrat	nitrar	N	N;MASC;SG
eight	vuit	eight	vuit	NUM	NUM;PL
núm	mugrons	núm	mugró	N	N;MASC;PL
mitra	mitra	mitra	mitra		
biếng	mandrós	biếng	mandrós	ADJ	ADJ;MASC;SG
vesoul	vesoul	vesoul	vesoul		
vice	vici	vice	vicar		
vice	vice	vice	vice		
phillip	phillip	phillip	phillip		
barset	barset	barset	barset		
teaser	teaser	teaser	teaser		
hilaire	hilaire	hilaire	hilaire		
hilaire	alari	hilaire	alari		
cyanea	cyanea	cyanea	cyanea		
bravo	bravo	bravo	bravo		
goa	goa	goa	goa		
nicholson	nicholson	nicholson	nicholson		
tigris	tigris	tigris	tigri	N	N;MASC;SG
engelm	engelm	engelm	engelm		
theodosius	teodosi	theodosius	teodosar	N	N;MASC;SG
satyrium	satyrium	satyrium	satyrium		
ornatus	ornatus	ornatus	ornatus		
coca	coca	coca	coca	N	N;FEM;SG
coca	coca	coca	coca	N	N;FEM;SG
pixel	píxel	pixel	píxel	N	N;MASC;SG
pixel	píxels	pixel	píxel	N	N;MASC;PL
brevis	brevis	brevis	brevi		
cronquist	cronquist	cronquist	cronquist	N	N;MASC;SG
factbook	factbook	factbook	factbook	N	N;MASC;SG
bonus	gratificació	bonus	gratificació	N	N;FEM;SG
bonus	bonificació	bonus	bonificació	N	N;FEM;SG
flavipes	flavipes	flavipes	flavipa	N	N
thanatus	thanatus	thanatus	thanatus		
điốt	díode	điốt	díode	N	N;MASC;SG
abkhazia	abkhàzia	abkhazia	abkhàzia		
varde	varde	varde	varde		
mồm	desembocadura	mồm	desembocadura	N	N;FEM;SG
hrsg	hrsg	hrsg	hrsg		
griff	griff	griff	griff		
dome	cúpula	dome	cúpula	N	N;FEM;SG
ramsey	ramsey	ramsey	ramsey		
infinity	infinitat	infinity	infinitat	N	N;FEM;SG
waterhouse	waterhouse	waterhouse	waterhouse		
molina	molina	molina	molina		
forrest	forrest	forrest	forrest	N	N;SG
chòi	cabana	chòi	cabana	N	N;FEM;SG
ciliata	ciliata	ciliata	ciliata		
tonumber	tonumber	tonumber	tonumber		
brie	brie	brie	brie		
dressler	dressler	dressler	dressler		
mứt	melmelada	mứt	melmelat	N	N;FEM;SG
patton	patton	patton	patton		
dentata	dentata	dentata	dentata		
hpa	hpa	hpa	hpa	N	N;MASC;SG
elongatus	elongatus	elongatus	elongatus		
leverkusen	leverkusen	leverkusen	leverkusar	N	N;SG
plutoni	plutoni	plutoni	plutoni	N	N;MASC;SG
rugby	rugbi	rugby	rugbi	N	N;MASC;SG
oxalis	oxalis	oxalis	oxali		
navbox	navbox	navbox	navbox		
aka	àlies	aka	àlia		
ramesses	ramsès	ramesses	ramsès	N	N;MASC;SG
aeroflot	aeroflot	aeroflot	aeroflot	N	N;MASC;SG
rebecca	rebecca	rebecca	rebeccar		
stones	pedres	stones	pedra		
panorama	panorama	panorama	panorama	N	N;MASC;SG
trumpet	trompeta	trumpet	trompeta	N	N;SG
martens	martens	martens	marten		
striatus	striatus	striatus	striatus		
sengoku	sengoku	sengoku	sengoku	N	N;MASC;SG
bốt	botes	bốt	bota	N	N;FEM;PL
haryana	haryana	haryana	haryana	N	N;FEM;SG
weasley	weasley	weasley	weasley		
orchis	orchis	orchis	orchi		
mystery	misteri	mystery	misteri		
psv	psv	psv	psv	N	N;MASC;SG
hoffmann	hoffmann	hoffmann	hoffman		
silicon	silici	silicon	silici	N	N;MASC;SG
isabel	isabel	isabel	isabel		
anemia	anèmia	anemia	anèmia	N	N;FEM;SG
imp	gnom	imp	gnom		
frazione	frazione	frazione	frazione	N	N;FEM;SG
bandai	bandai	bandai	bandai	N	N;MASC;SG
vaucluse	valclusa	vaucluse	valclús	N	N;FEM;SG
shirak	shirak	shirak	shirak		
albus	albus	albus	albus		
magadi	magadi	magadi	magadi		
beckham	beckham	beckham	beckham	N	N;MASC;SG
oxit	òxid	oxit	òxid	N	N;MASC;SG
eteeq	eteeq	eteeq	eteure		
multiflora	multiflora	multiflora	multiflora		
holiday	holiday	holiday	holiday		
eckl	eckl	eckl	eckl		
transistor	transistor	transistor	transistor	N	N;MASC;SG
echinopsis	echinopsis	echinopsis	echinopsi	N	N;MASC;PL
táp	mossega	táp	mossega	V	V;IND;SG;3;PRS;FIN
spl	spl	spl	spl		
euonymus	euonymus	euonymus	euonymus		
neutrino	neutrí	neutrino	neutre	N	N;MASC;SG
circus	circ	circus	circ	N	N;MASC;SG
subspecies	subespècie	subspecies	subespècie	N	N;FEM;SG
sei	sei	sei	sei		
baiano	baiano	baiano	baiano		
aet	aet	aet	aet		
etheostoma	etheostoma	etheostoma	etheostoma	ADJ	ADJ;FEM;SG
oliva	oliva	oliva	oliu		
ferb	ferb	ferb	ferb		
levant	levante	levant	levante	N	N;SG
spodoptera	spodoptera	spodoptera	spodoptera		
sapporo	sapporo	sapporo	sapporar	N	N
rodriguez	rodríguez	rodriguez	rodríguez		
fra	fra	fra	fra		
cuốc	aixada	cuốc	aixada	N	N;FEM;SG
ftp	ftp	ftp	ftp	N	N;MASC;SG
desmond	desmond	desmond	desmond		
paranaense	paranaense	paranaense	paranaense		
melaleuca	melaleuca	melaleuca	melaleuca		
terra	tera	terra	tera		
nigripes	nigripes	nigripes	nigripa		
hosakote	kodagu	hosakote	kodagu		
neville	neville	neville	neville		
champs	champs	champs	champs		
menu	menú	menu	menú	N	N;MASC;SG
menu	menús	menu	menús	N	N;MASC;PL
klug	klug	klug	klug		
hawking	hawking	hawking	hawking	N	N;SG
orlicí	orlicí	orlicí	orlicí		
guettarda	guettarda	guettarda	guettarda		
lons	lons	lons	lons		
moreno	moreno	moreno	moreno		
leucas	leucas	leucas	leucas		
livingston	livingston	livingston	livingston		
grisea	grisea	grisea	gris		
noroeste	noroeste	noroeste	noroeste		
rupestris	rupestris	rupestris	rupestri		
malus	pomera	malus	pomera	N	N;FEM;SG
mons	mons	mons	mons	N	N;MASC;PL
cessna	cessna	cessna	cessna	N	N;MASC;SG
chrome	chrome	chrome	chrome	N	N;MASC;SG
saratoga	saratoga	saratoga	saratoga		
siamensis	siamensis	siamensis	siamensis		
liếm	llepar	liếm	llepar	V	V;NFIN
liếm	llepa	liếm	llepa	V	V;IND;SG;3;PRS;FIN
intermedius	intermedius	intermedius	intermediu		
friuli	friül	friuli	friül		
gloucester	gloucester	gloucester	gloucester		
bács	bács	bács	bács		
calamagrostis	calamagrostis	calamagrostis	calamagrosti		
macrocarpa	macrocarpa	macrocarpa	macrocarpa	N	N;FEM;SG
aguilar	aguilar	aguilar	aguilar		
hayashi	hayashi	hayashi	hayashi		
kadokawa	kadokawa	kadokawa	kadokawa		
fuscus	fusc	fuscus	fusc		
sega	sega	sega	sega		
kapellen	kapellen	kapellen	kapellar	V	V;IND;PL;3;PRS;FIN
donna	donna	donna	donna		
kauai	kauai	kauai	kauai		
basalis	basalis	basalis	basali		
notodontidae	notodontidae	notodontidae	notodontidae		
ulrich	ulrich	ulrich	ulrich		
beaumont	beaumont	beaumont	beaumont	N	N;MASC;SG
ogg	ogg	ogg	ogg	N	N;MASC;SG
ulsan	ulsan	ulsan	ulsan	N	N;MASC;SG
frances	frances	frances	frança		
rigida	rigida	rigida	rigit	ADJ	ADJ;FEM;SG
adriatic	adriatic	adriatic	adriatic		
conmebol	conmebol	conmebol	conmebol	N	N;FEM;SG
cafe	cafè	cafe	cafè	N	N;MASC;SG
farm	granja	farm	granja	N	N;FEM;SG
extreme	extrem	extreme	extrem		
bun	booleà	bun	booleà		
bun	bun	bun	bun		
newark	newark	newark	newark	N	N;MASC;SG
armour	armadura	armour	armadurar	N	N;FEM;SG
woody	woody	woody	woody		
fat	greix	fat	greix	N	N;MASC;SG
mẹo	consells	mẹo	consell	N	N;MASC;PL
seymour	seymour	seymour	seymour		
haw	haw	haw	haver		
racemosa	racemosa	racemosa	racemós	N	N;FEM;SG
lex	lex	lex	lex		
orito	orito	orito	orito		
ringo	ringo	ringo	ringo		
tournefortia	tournefortia	tournefortia	tournefortir		
kamakura	kamakura	kamakura	kamakura	N	N;MASC;SG
switch	interruptor	switch	interruptor	N	N;MASC;SG
muse	muses	muse	musa	N	N;FEM;PL
bruch	bruch	bruch	bruch		
gala	gala	gala	gala		
bye	adéu	bye	adéu		
cằm	barbeta	cằm	barbeta	N	N;FEM;SG
paula	paula	paula	paula		
romano	romano	romano	romano		
hokage	hokage	hokage	hokage	N	N;MASC;SG
runner	runner	runner	runner	N	N;MASC;SG
runner	corredor	runner	corredor	N	N;MASC;SG
villanueva	villanueva	villanueva	villanueva	N	N;FEM;SG
hispaniola	hispaniola	hispaniola	hispaniola	N	N;FEM;SG
entropy	entropia	entropy	entropiar	N	N;FEM;SG
merton	merton	merton	merton	N	N;MASC;SG
sinclair	sinclair	sinclair	sinclair		
asparagus	espàrrec	asparagus	espàrrec		
rojas	rojas	rojas	rojas		
salmon	salmó	salmon	salmó	N	N;MASC;SG
rufipes	rufipes	rufipes	rufipa		
thùa	agave	thùa	agave	N	N;FEM;SG
heathrow	heathrow	heathrow	heathrow	N	N;MASC;SG
minneapolis	minneapolis	minneapolis	minneapoli		
pack	pack	pack	pack		
lions	lions	lions	lió	N	N;MASC;PL
lions	lleons	lions	lleó	N	N;MASC;PL
kitty	kitty	kitty	kitty		
schneid	schneid	schneid	schneid		
estados	estados	estados	estados		
baba	baba	baba	baba		
backstreet	backstreet	backstreet	backstreet		
pau	pau	pau	pau	N	N;FEM;SG
taub	taub	taub	taub		
gyeongsang	gyeongsang	gyeongsang	gyeongsang		
calvert	calvert	calvert	calvert		
bethune	bethune	bethune	bethune		
polymer	polímer	polymer	polímer	N	N;MASC;SG
nolan	nolan	nolan	nol		
espiritu	espiritu	espiritu	espiritu		
avenger	flagell	avenger	flagell		
messenger	missatger	messenger	missatger	N	N;MASC;SG
ngẫm	mastegar	ngẫm	mastegar	V	V;NFIN
ensign	alferes	ensign	alfera		
gerard	gérard	gerard	gérard		
gerard	gerrard	gerard	gerrard		
gerard	gerard	gerard	gerard		
cast	repartiment	cast	repartiment	N	N;MASC;SG
focke	focke	focke	focke		
pusillus	pusillus	pusillus	pusillus		
zara	zara	zara	zara		
