adrian	ейдриан	adrian	ейдриан	N	N;INDF;MASC;SG
indicus	indicus	indicus	indicus	N	N;INDF;MASC;SG
prescott	прескот	prescott	прескот	N	N;INDF;MASC;SG
marsh	марш	marsh	марш	N	N;INDF;MASC;SG
marsh	блато	marsh	блато	N	N;INDF;NEUT;SG
coldplay	колдплей	coldplay	колдплей	N	N;INDF;MASC;SG
yamaguchi	ямагучи	yamaguchi	ямагуча	N	N;INDF;MASC;SG
brit	брит	brit	брит	N	N;INDF;FEM;SG
brit	брит	brit	брит	N	N;INDF;FEM;SG
brit	британец	brit	британец	N	N;INDF;MASC;SG
pseudagrion	pseudagrion	pseudagrion	pseudagrion	N	N;INDF;MASC;SG
bờm	грива	bờm	грив	N	N;INDF;FEM;SG
phẩy	запетая	phẩy	запетая	N	N;INDF;FEM;SG
mussolini	мусолини	mussolini	мусолин	N	N;INDF;FEM;PL
nhờn	мазна	nhờn	мазна	N	N;INDF;FEM;SG
nhờn	мазна	nhờn	мазна	N	N;INDF;FEM;SG
demetrios	деметрий	demetrios	деметрий	N	N;INDF;MASC;SG
nhk	nhk	nhk	nhk	N	N;INDF;MASC;SG
montevideo	монтевидео	montevideo	монтевидео	N	N;INDF;MASC;SG
neon	неон	neon	неон	N	N;INDF;MASC;SG
richter	рихтер	richter	рихтер	N	N;INDF;MASC;SG
gamble	хазарт	gamble	хазарт	N	N;INDF;MASC;SG
gamble	гембъл	gamble	гембъл	N	N;INDF;MASC;SG
kurd	кюрд	kurd	кюрд	N	N;INDF;MASC;SG
mercer	мърсър	mercer	мърсър	N	N;INDF;MASC;SG
bolt	болт	bolt	болт	N	N;INDF;MASC;SG
mickey	мики	mickey	мика	N	N;INDF;MASC;SG
natalensis	natalensis	natalensis	natalensis	N	N;INDF;MASC;SG
grenada	гренада	grenada	гренада	N	N;INDF;FEM;SG
antigua	антигуа	antigua	антигуа	N	N;INDF;SG
claudia	клаудия	claudia	клаудия	N	N;INDF;FEM;SG
dynamics	динамика	dynamics	динамика	N	N;INDF;FEM;SG
sunda	мелба	sunda	мелба	N	N;INDF;FEM;SG
stoke	стоук	stoke	стоук	N	N;INDF;MASC;SG
eduardo	едуардо	eduardo	едуардо	N	N;INDF;MASC;SG
quăng	хвърли	quăng	хвърля-(се)	V	V;PFV;IMP;SG;2;FIN
yen	йени	yen	сена	N	N;INDF;FEM;SG
werder	вердер	werder	вердер	N	N;INDF;MASC;SG
seal	печат	seal	печат	N	N;INDF;MASC;SG
seal	тюлен	seal	тюлен	N	N;INDF;MASC;SG
albany	олбъни	albany	олбъня	N	N;INDF;MASC;SG
achaea	ахая	achaea	ахая	N	N;INDF;FEM;SG
albacete	албасете	albacete	албасе	N	N;DEF;MASC;PL
blade	острие	blade	острия	N	N;INDF;NEUT;SG
blade	блейд	blade	блейд	N	N;INDF;MASC;SG
blade	острието	blade	острие	N	N;DEF;NEUT;SG
gundam	gundam	gundam	gundam	N	N;INDF;MASC;SG
mat	храни	mat	храна	N	N;INDF;FEM;PL
mat	храна	mat	храна	N	N;INDF;FEM;SG
disco	дискотека	disco	дискотека	N	N;INDF;FEM;SG
disco	диско	disco	диско	N	N;INDF;MASC;SG
rufa	rufa	rufa	rufa	N	N;INDF;MASC;SG
heinkel	хайнкел	heinkel	хайнкел	N	N;INDF;MASC;SG
penny	пени	penny	пена	N	N;INDF;FEM;SG
quýt	мандарин	quýt	мандарин	N	N;INDF;MASC;SG
quýt	мандарина	quýt	мандарина	N	N;INDF;FEM;SG
node	възел	node	възел	N	N;INDF;MASC;SG
tiberius	тиберий	tiberius	тиберий	N	N;INDF;MASC;SG
ming	минг	ming	минг	N	N;INDF;MASC;SG
engels	енгелс	engels	енгелс	N	N;INDF;MASC;SG
durham	дърам	durham	дърам	N	N;INDF;MASC;SG
chong	чонг	chong	чонг	N	N;INDF;FEM;SG
hót	пеенето	hót	пеене	N	N;DEF;NEUT;SG
hót	пеене	hót	пеене	N	N;INDF;NEUT;SG
hót	пеейки	hót	пеейки	N	N;INDF;FEM;PL
coloma	колома	coloma	колома	N	N;INDF;MASC;SG
thor	тор	thor	тор	N	N;INDF;MASC;SG
sandbox	пясъчника	sandbox	пясъчник	N	N;DEF;MASC;SG
ovata	ovata	ovata	ovata	N	N;MASC;SG
incertae	incertae	incertae	incertae	N	N;INDF;MASC;SG
dwight	дуайт	dwight	дуайт	N	N;INDF;MASC;SG
palustris	palustris	palustris	palustris	N	N;INDF;MASC;SG
blücher	блюхер	blücher	блюхер	N	N;INDF;MASC;SG
fao	фао	fao	фао	N	N;INDF;MASC;SG
khuấy	разбъркано	khuấy	разбъркано	V	V;PFV;INDF;NEUT;SG;V.PTCP;PASS
resort	resort	resort	resort	N	N;INDF;MASC;SG
resort	курорта	resort	курорт	N	N;DEF;MASC;SG
resort	курорт	resort	курорт	N	N;INDF;MASC;SG
samar	самар	samar	самар	N	N;INDF;MASC;SG
castel	кастел	castel	кастел	N	N;INDF;MASC;SG
vocals	вокали	vocals	вокал	N	N;INDF;MASC;PL
vocals	вокал	vocals	вокал	N	N;INDF;MASC;SG
chihuahua	чихуахуа	chihuahua	чихуахуа	N	N;INDF;MASC;PL
ancona	анкона	ancona	анкон	N	N;INDF;FEM;SG
descartes	декарт	descartes	декарт	N	N;INDF;MASC;SG
madeira	мадейра	madeira	мадейр	N	N;INDF;FEM;SG
micro	микро	micro	микро	N	N;INDF;MASC;SG
micro	микрофона	micro	микрофон	N	N;DEF;MASC;SG
micro	микрофон	micro	микрофон	N	N;INDF;MASC;SG
thìa	лъжички	thìa	лъжичка	N	N;INDF;FEM;PL
thìa	лъжици	thìa	лъжик	N	N;INDF;FEM;PL
thìa	лъжичка	thìa	лъжичка	N	N;INDF;FEM;SG
thìa	лъжицата	thìa	лъжица	N	N;DEF;FEM;SG
thìa	лъжица	thìa	лъжица	N	N;INDF;FEM;SG
cristata	cristata	cristata	cristata	N	N;INDF;MASC;SG
blanc	блан	blanc	блан	N	N;INDF;MASC;SG
medici	медичите	medici	медич	N	N;DEF;MASC;PL
medici	медичи	medici	медич	N	N;INDF;MASC;SG
gien	гените	gien	гена	N	N;DEF;FEM;PL
gien	гени	gien	гени	N	N;INDF;MASC;PL
gien	ген	gien	генерал	N	N;INDF;MASC;SG
gien	гена	gien	гена	N	N;INDF;FEM;SG
cornwall	корнуол	cornwall	корнуол	N	N;INDF;MASC;SG
scharnhorst	шарнхорст	scharnhorst	шарнхорст	N	N;INDF;MASC;SG
hormone	хормон	hormone	хормон	N	N;INDF;MASC;SG
hormone	хормони	hormone	хормон	N	N;INDF;MASC;PL
hormone	хормоните	hormone	хормон	N	N;DEF;MASC;PL
hormone	хормони	hormone	хормон	N	N;INDF;MASC;PL
beirut	бейрут	beirut	бейрут	N	N;INDF;MASC;SG
hahn	хан	hahn	хан	N	N;INDF;MASC;SG
carabus	carabus	carabus	carabus	N	N;INDF;MASC;SG
dot	дот	dot	дот	N	N;INDF;MASC;PL
elip	елипса	elip	елипса	N	N;INDF;FEM;SG
lafayette	лафайет	lafayette	лафайет	N	N;INDF;MASC;SG
willem	вилем	willem	вилем	N	N;INDF;MASC;SG
boom	банг	boom	банг	N	N;INDF;MASC;SG
boom	взрив	boom	взрив	N	N;INDF;MASC;SG
dumbledore	дъмбълдор	dumbledore	дъмбълдор	N	N;DEF;MASC;SG
fiction	фантастика	fiction	фантастика	N	N;INDF;FEM;SG
fiction	измислица	fiction	измислица	N	N;INDF;FEM;SG
pluto	плутон	pluto	плутон	N	N;INDF;MASC;SG
vermont	върмонт	vermont	върмонт	N	N;INDF;MASC;SG
vermont	вермонт	vermont	вермонт	N	N;INDF;MASC;SG
sụn	хрущял	sụn	хрущя-(се)	N	N;INDF;MASC;SG
anders	андерс	anders	андерс	N	N;INDF;MASC;SG
dianthus	dianthus	dianthus	dianthus	N	N;INDF;MASC;SG
khalip	халифа	khalip	халифа	N	N;DEF;MASC;SG
schalke	шалке	schalke	шалке	N	N;INDF;MASC;SG
cremona	кремона	cremona	кремон	N	N;INDF;FEM;SG
handel	хендел	handel	хендел	N	N;INDF;MASC;SG
piston	бутала	piston	бутала	N	N;INDF;NEUT;PL
liti	литий	liti	литий	N	N;INDF;MASC;PL
mehmed	мехмед	mehmed	мехмед	N	N;INDF;MASC;SG
cayman	калгари	cayman	калгарин	N	N;INDF;MASC;PL
martinique	мартиника	martinique	мартиника	N	N;INDF;FEM;SG
wanda	уанда	wanda	уанда	N	N;INDF;FEM;SG
saxophone	саксофон	saxophone	саксофон	N	N;INDF;MASC;SG
haas	хас	haas	хас	N	N;INDF;MASC;SG
para	пара	para	парам-се	N	N;INDF;FEM;SG
tolstoy	толстой	tolstoy	толстой	N	N;INDF;MASC;SG
neptune	нептун	neptune	нептун	N	N;INDF;MASC;SG
jupiter	юпитер	jupiter	юпитер	N	N;INDF;MASC;SG
proxy	прокси	proxy	прокса	N	N;INDF;NEUT;SG
proxy	пълномощник	proxy	пълномощник	N	N;INDF;MASC;SG
djibouti	джибути	djibouti	джибут	N	N;INDF;FEM;SG
hattori	хатори	hattori	хатор	N	N;INDF;MASC;PL
musa	муса	musa	муса	N	N;INDF;MASC;SG
bromus	bromus	bromus	bromus	N	N;INDF;MASC;SG
norodom	нородом	norodom	нородом	N	N;INDF;MASC;SG
funk	фънк	funk	фънк	N	N;INDF;MASC;SG
jharkhand	джаркханд	jharkhand	джаркханд	N	N;INDF;MASC;SG
zanzibar	занзибар	zanzibar	занзибар	N	N;INDF;MASC;SG
dmitry	димитри	dmitry	димитър	N	N;INDF;MASC;SG
apiaceae	сенникоцветни	apiaceae	сенникоцветен	N	N;INDF;MASC;PL
oakland	оукланд	oakland	оукланд	N	N;INDF;MASC;SG
toscana	тоскана	toscana	тоскана	N	N;INDF;FEM;SG
ambrose	амброуз	ambrose	амброуз	N	N;INDF;MASC;SG
antioquia	антиокия	antioquia	антиокия	N	N;INDF;FEM;SG
gear	темпо	gear	темпо	N	N;INDF;NEUT;SG
gear	снаряжение	gear	снаряжение	N	N;INDF;NEUT;SG
gear	предавка	gear	предавка	N	N;INDF;FEM;SG
gear	скорости	gear	скорост	N	N;INDF;FEM;PL
andorra	подгорица	andorra	подгорица	N	N;INDF;FEM;SG
benedict	бенедикт	benedict	бенедикт	N	N;INDF;MASC;SG
trau	уморени	trau	уморя-(се)	V	V;PFV;INDF;PL;V.PTCP;PASS
trau	изморен	trau	изморя	V	V;PFV;INDF;MASC;SG;V.PTCP;PASS
trau	уморена	trau	уморя-(се)	V	V;PFV;INDF;FEM;SG;V.PTCP;PASS
trau	уморен	trau	уморя-(се)	V	V;PFV;INDF;MASC;SG;V.PTCP;PASS
lat	мързел	lat	мързел	N	N;INDF;MASC;SG
wigan	уигън	wigan	уигън	N	N;INDF;MASC;SG
ôtô	автомобили	ôtô	автомобил	N	N;INDF;MASC;PL
ôtô	коли	ôtô	кола	N	N;INDF;FEM;PL
clement	клемент	clement	клемент	N	N;INDF;MASC;SG
nobilis	nobilis	nobilis	nobilis	N	N;INDF;MASC;SG
paulus	паулус	paulus	паулус	N	N;INDF;MASC;SG
ghẻ	коричка	ghẻ	коричка	N	N;INDF;FEM;SG
fujiwara	фудживара	fujiwara	фудживар	N	N;DEF;MASC;SG
fasciatus	fasciatus	fasciatus	fasciatus	N	N;INDF;MASC;SG
maxima	максима	maxima	максим	N	N;INDF;FEM;SG
kung	кунг	kung	кунг	N	N;INDF;MASC;SG
mbar	mbar	mbar	mbar	N	N;INDF;MASC;SG
suffolk	съфолк	suffolk	съфолк	N	N;INDF;MASC;SG
niken	никел	niken	никел	N	N;INDF;MASC;SG
kimi	кими	kimi	кима	N	N;INDF;MASC;SG
maui	мауи	maui	мауа	N	N;INDF;MASC;SG
ferrari	ферари	ferrari	ферар	N	N;INDF;MASC;SG
pereira	перейра	pereira	перейра	N	N;INDF;MASC;SG
orissa	ориса	orissa	орис	N	N;INDF;FEM;SG
curie	кюри	curie	кюри	N	N;INDF;FEM;SG
donau	donau	donau	donau	N	N;INDF;MASC;SG
bergen	берген	bergen	берген	N	N;INDF;MASC;SG
antigonos	антигон	antigonos	антигон	N	N;INDF;MASC;SG
shop	сладкарница	shop	сладкарница	N	N;INDF;FEM;SG
shop	магазин	shop	магазин	N	N;INDF;MASC;SG
shop	магазинче	shop	магазинче	N	N;INDF;NEUT;SG
shop	магазини	shop	магазин	N	N;INDF;MASC;PL
gallo	гало	gallo	гало	N	N;INDF;MASC;SG
kafka	кафка	kafka	кафка	N	N;INDF;MASC;SG
leiden	лайден	leiden	лайден	N	N;INDF;MASC;SG
meteor	метеор	meteor	метеор	N	N;INDF;MASC;SG
meteor	метеорит	meteor	метеорит	N	N;INDF;MASC;SG
thriller	трилър	thriller	трилър	N	N;INDF;MASC;SG
middlesbrough	мидълзбро	middlesbrough	мидълзбро	N	N;INDF;MASC;SG
hibiscus	хибискус	hibiscus	хибискус	N	N;INDF;MASC;SG
rfc	rfc	rfc	rfc	N	N;INDF;MASC;SG
falcata	falcata	falcata	falcata	N	N;INDF;MASC;SG
canary	канарче	canary	канарче	N	N;INDF;NEUT;SG
hilton	хилтън	hilton	хилтън	N	N;INDF;MASC;SG
sexy	секси	sexy	секса	N	N;INDF;FEM;PL
vinyl	винил	vinyl	виня-(се)	N	N;INDF;MASC;SG
cược	залог	cược	залог	N	N;INDF;MASC;SG
cược	облог	cược	облог	N	N;INDF;MASC;SG
cược	залог	cược	залог	N	N;INDF;MASC;SG
cược	облог	cược	облог	N	N;INDF;MASC;SG
lars	ларс	lars	ларс	N	N;INDF;MASC;SG
jia	джия	jia	джия-(се)	N	N;INDF;FEM;SG
jia	дзя	jia	дзема	N	N;INDF;MASC;SG
krasnodar	краснодар	krasnodar	краснодар	N	N;INDF;MASC;SG
pharaon	фараони	pharaon	фараон	N	N;INDF;MASC;PL
phineas	финиъс	phineas	финиъс	N	N;INDF;NEUT;SG
sirius	сириус	sirius	сириус	N	N;INDF;MASC;SG
arafat	арафат	arafat	арафат	N	N;INDF;MASC;SG
leonid	леонид	leonid	леонид	N	N;INDF;MASC;SG
fuller	фулър	fuller	фулър	N	N;INDF;MASC;SG
phoebe	фиби	phoebe	фиба	N	N;INDF;FEM;PL
phoebe	фийби	phoebe	фийба	N	N;INDF;FEM;PL
concorde	конкорд	concorde	конкорд	N	N;INDF;MASC;SG
sec	сек	sec	секунда	N	N;INDF;FEM;PL
barca	барса	barca	барса	N	N;DEF;MASC;SG
cassini	касини	cassini	касин	N	N;INDF;FEM;PL
nottingham	нотингам	nottingham	нотингам	N	N;INDF;MASC;SG
boson	бозон	boson	бозон	N	N;INDF;MASC;SG
labrador	лабрадор	labrador	лабрадор	N	N;INDF;MASC;SG
shinichi	шиничи	shinichi	шинича	N	N;INDF;MASC;PL
shinichi	кудо	shinichi	кудо	N	N;INDF;MASC;SG
charlton	чарлтън	charlton	чарлтън	N	N;INDF;MASC;SG
doyle	дойл	doyle	дойл	N	N;INDF;MASC;SG
cedar	сидър	cedar	сидър	N	N;INDF;MASC;SG
container	контейнер	container	контейнер	N	N;INDF;MASC;SG
kerch	керч	kerch	керч	N	N;INDF;MASC;SG
jihlava	ихлава	jihlava	ихлавам-(се)	N	N;INDF;FEM;SG
nitrat	нитрат	nitrat	нитра-(се)	N	N;INDF;MASC;SG
nitrat	нитрати	nitrat	нитратя	N	N;INDF;MASC;PL
hilbert	хилберт	hilbert	хилберт	N	N;DEF;MASC;SG
eight	осем	eight	осем	NUM	NUM;INDF;PL
cobain	кобейн	cobain	кобейн	N	N;INDF;MASC;SG
núm	зърна	núm	зърна-(се)	N	N;INDF;NEUT;PL
núm	зърната	núm	зърна-(се)	N	N;DEF;NEUT;PL
cody	коди	cody	кодя	N	N;INDF;MASC;SG
cody	коуди	cody	коуда	N	N;INDF;MASC;SG
biếng	мързелива	biếng	мързелив	ADJ	ADJ;INDF;FEM;SG
biếng	мързеливи	biếng	мързелив	ADJ	ADJ;INDF;PL
biếng	мързелив	biếng	мързелив	ADJ	ADJ;INDF;MASC;SG
shiva	шива	shiva	шив	N	N;DEF;MASC;SG
shiva	шива	shiva	шив	N	N;DEF;MASC;SG
merlin	мерлин	merlin	мерлин	N	N;INDF;MASC;SG
anchor	котва	anchor	котва	N	N;INDF;FEM;SG
anchor	котвата	anchor	котва	N	N;DEF;FEM;SG
ascii	ascii	ascii	ascii	N	N;INDF;MASC;SG
bolzano	болцано	bolzano	болцан	N	N;INDF;MASC;SG
martinez	мартинез	martinez	мартинез	N	N;INDF;MASC;SG
edison	едисон	edison	едисон	N	N;INDF;MASC;SG
edison	едисън	edison	едисън	N	N;INDF;MASC;SG
djokovic	джокович	djokovic	джокович	N	N;INDF;MASC;SG
sẹo	белезите	sẹo	белез	N	N;DEF;FEM;PL
sẹo	белези	sẹo	белеза	N	N;INDF;FEM;PL
sẹo	белег	sẹo	белег	N	N;INDF;MASC;SG
sẹo	скар	sẹo	скар	N	N;INDF;MASC;SG
tahiti	таити	tahiti	таита	N	N;INDF;MASC;SG
bauer	бауър	bauer	бауър	N	N;INDF;MASC;SG
eurovision	евровизия	eurovision	евровизия	N	N;INDF;FEM;SG
wolfsburg	волфсбург	wolfsburg	волфсбург	N	N;INDF;MASC;SG
kalinin	калинин	kalinin	калинин	N	N;INDF;MASC;SG
caproni	капрони	caproni	капрон	N	N;INDF;MASC;SG
laguna	лагуна	laguna	лагуна	N	N;INDF;FEM;SG
theodosius	теодосий	theodosius	теодосий	N	N;INDF;MASC;SG
coca	кокаин	coca	кокаин	N	N;INDF;MASC;SG
coca	кока	coca	кока	N	N;INDF;FEM;SG
pixel	пиксел	pixel	пиксел	N	N;INDF;MASC;SG
pixel	пиксели	pixel	пиксел	N	N;INDF;FEM;PL
lcd	lcd	lcd	lcd	N	N;INDF;MASC;SG
rogue	роуг	rogue	роуг	N	N;INDF;MASC;SG
rogue	плевел	rogue	плеведа	N	N;INDF;MASC;SG
breslau	бреслау	breslau	бреслау	N	N;INDF;MASC;SG
factbook	factbook	factbook	factbook	N	N;INDF;MASC;SG
bonus	премия	bonus	премие	N	N;INDF;FEM;SG
bonus	бонус	bonus	бонус	N	N;INDF;MASC;SG
bonus	бонуси	bonus	бонуса	N	N;INDF;MASC;PL
điốt	диод	điốt	диод	N	N;INDF;MASC;SG
mồm	уста	mồm	уста	N	N;INDF;FEM;SG
mồm	устата	mồm	уста	N	N;DEF;FEM;SG
burma	бирма	burma	бирма	N	N;INDF;FEM;SG
baptist	баптист	baptist	баптист	N	N;INDF;MASC;SG
jammu	джаму	jammu	джаму	N	N;INDF;MASC;SG
castanea	castanea	castanea	castanea	N	N;INDF;MASC;SG
dome	купол	dome	купол	N	N;INDF;MASC;SG
dome	купола	dome	купол	N	N;DEF;MASC;SG
dome	куполът	dome	купол	N	N;DEF;MASC;SG
infinity	безкрайност	infinity	безкрайност	N	N;INDF;FEM;SG
infinity	безкрайността	infinity	безкрайност	N	N;DEF;FEM;SG
lombard	ломбард	lombard	ломбард	N	N;INDF;MASC;SG
bịp	трик	bịp	трик	N	N;INDF;MASC;SG
forrest	форест	forrest	форест	N	N;INDF;MASC;SG
chòi	бунгало	chòi	бунгало	N	N;INDF;NEUT;SG
chòi	бунгало	chòi	бунгало	N	N;INDF;NEUT;SG
chòi	хижа	chòi	хижа	N	N;INDF;FEM;SG
chòi	каюта	chòi	кают	N	N;INDF;FEM;SG
chòi	кабина	chòi	кабина	N	N;INDF;FEM;SG
chòi	колиба	chòi	колиб	N	N;INDF;FEM;SG
chòi	хижата	chòi	хижа	N	N;DEF;FEM;SG
cornelius	корнелиус	cornelius	корнелиус	N	N;INDF;MASC;SG
cornelius	корнелий	cornelius	корнелий	N	N;INDF;MASC;SG
robbie	роби	robbie	роба	N	N;INDF;FEM;PL
pardubice	пардубице	pardubice	пардубице	N	N;INDF;MASC;SG
mứt	конфитюр	mứt	конфитюр	N	N;INDF;MASC;SG
mứt	мармалад	mứt	мармалад	N	N;INDF;FEM;SG
mứt	мармалад	mứt	мармалад	N	N;INDF;FEM;SG
bernhard	бернхард	bernhard	бернхард	N	N;INDF;MASC;SG
benny	бени	benny	бен	N	N;INDF;MASC;SG
attila	атила	attila	атил	N	N;INDF;MASC;SG
leverkusen	леверкузен	leverkusen	леверкузен	N	N;INDF;MASC;SG
tbilisi	тбилиси	tbilisi	тбилис	N	N;INDF;FEM;PL
plutoni	плутоний	plutoni	плутоний	N	N;INDF;MASC;SG
rugby	ръгби	rugby	ръгби	N	N;INDF;MASC;SG
kira	кира	kira	кира	N	N;INDF;FEM;SG
laden	ладен	laden	ладен	N	N;INDF;MASC;SG
benito	бенито	benito	бени	N	N;DEF;NEUT;SG
ramesses	рамзес	ramesses	рамзес	N	N;INDF;MASC;SG
aeroflot	аерофлот	aeroflot	аерофлот	N	N;INDF;MASC;SG
panorama	панорама	panorama	панорама	N	N;INDF;FEM;SG
trumpet	тромпет	trumpet	тромпет	N	N;INDF;MASC;SG
mexicanus	mexicanus	mexicanus	mexicanus	N	N;INDF;MASC;SG
sengoku	сенгоку	sengoku	сенгоку	N	N;INDF;MASC;SG
obi	оби	obi	обия	N	N;INDF;MASC;SG
bốt	ботуши	bốt	ботуш	N	N;INDF;MASC;PL
bốt	ботушите	bốt	ботуш	N	N;DEF;MASC;PL
gsm	gsm	gsm	gsm	N	N;INDF;MASC;SG
homer	хомър	homer	хомър	N	N;INDF;MASC;SG
homer	хоумър	homer	хоумър	N	N;INDF;MASC;SG
kombat	kombat	kombat	kombat	N	N;INDF;MASC;SG
fourier	фурие	fourier	фурие	N	N;INDF;MASC;SG
argentine	аржентина	argentine	аржентина	N	N;INDF;FEM;SG
benin	бенин	benin	бенин	N	N;INDF;FEM;SG
sar	сар	sar	сар	N	N;INDF;MASC;SG
aquino	акино	aquino	акино	N	N;INDF;MASC;SG
saddam	саддам	saddam	саддам-(се)	N	N;INDF;MASC;SG
saddam	садам	saddam	садам	N	N;INDF;MASC;SG
psv	псв	psv	псв	N	N;INDF;MASC;SG
monde	монд	monde	монд	N	N;INDF;MASC;SG
beetle	бръмбар	beetle	бръмбар	N	N;INDF;MASC;SG
picasso	пикасо	picasso	пикасо	N	N;INDF;MASC;SG
bien	небесата	bien	небеса	N	N;DEF;FEM;SG
bien	небе	bien	небе	N	N;INDF;NEUT;SG
bien	небеса	bien	небес	N	N;INDF;NEUT;PL
sussex	съсекс	sussex	съсекс	N	N;INDF;MASC;SG
silicon	силикон	silicon	силикон	N	N;INDF;MASC;SG
silicon	силиций	silicon	силиций	N	N;INDF;FEM;PL
silicon	силикон	silicon	силикон	N	N;INDF;MASC;SG
anemia	анемия	anemia	анемия	N	N;INDF;FEM;SG
chatham	чатъм	chatham	чатъм	N	N;INDF;MASC;SG
fountain	фонтан	fountain	фонтан	N	N;INDF;MASC;SG
kalimantan	калимантан	kalimantan	калимантан	N	N;INDF;MASC;SG
sinai	синай	sinai	синай	N	N;INDF;MASC;SG
reyes	рейс	reyes	рейс	N	N;INDF;MASC;SG
oxit	оксид	oxit	оксид	N	N;INDF;MASC;SG
oxit	окис	oxit	окис	N	N;INDF;MASC;SG
echo	ехо	echo	ехо	N	N;INDF;NEUT;SG
sever	севър	sever	севър	N	N;INDF;MASC;SG
chocolate	шоколадов	chocolate	шоколадов	N	N;INDF;MASC;SG
chocolate	шоколадова	chocolate	шоколадов	N	N;INDF;FEM;SG
chocolate	шоколад	chocolate	шоколад	N	N;INDF;MASC;SG
transistor	транзистор	transistor	транзистор	N	N;INDF;MASC;SG
timur	тимур	timur	тимур	N	N;INDF;MASC;SG
táp	хапе	táp	хапе	V	V;IPFV;IND;SG;3;PRS;FIN;ACT
hybrid	хибрид	hybrid	хибрид	N	N;INDF;MASC;SG
bittorrent	bittorrent	bittorrent	bittorrent	N	N;INDF;MASC;SG
pushkin	пушкин	pushkin	пушкин	N	N;INDF;MASC;SG
neutrino	неутрино	neutrino	неутрино	N	N;INDF;NEUT;SG
fiat	фиат	fiat	фиат	N	N;INDF;MASC;SG
circus	циркът	circus	цирк	N	N;DEF;MASC;SG
circus	цирк	circus	цирк	N	N;INDF;MASC;SG
circus	цирка	circus	цирк	N	N;DEF;MASC;SG
subspecies	подвид	subspecies	подвид	N	N;INDF;MASC;SG
montpellier	монпелие	montpellier	монпелие	N	N;INDF;NEUT;SG
ivoire	ивоар	ivoire	ивоар	N	N;INDF;MASC;SG
landmark	забележителност	landmark	забележителност	N	N;INDF;FEM;SG
landmark	ориентир	landmark	ориентир	N	N;INDF;MASC;SG
levant	левант	levant	левант	N	N;INDF;MASC;SG
sapporo	сапоро	sapporo	сапоро	N	N;INDF;MASC;SG
vyazma	вязма	vyazma	вязма	N	N;INDF;FEM;SG
cuốc	мотика	cuốc	мотика	N	N;INDF;FEM;SG
ftp	ftp	ftp	ftp	N	N;INDF;MASC;SG
tudor	тюдор	tudor	тюдор	N	N;INDF;FEM;SG
ceylon	цейлон	ceylon	цейлон	N	N;INDF;MASC;SG
menu	меню	menu	аз	N	N;INDF;NEUT;SG
menu	менюто	menu	меню	N	N;DEF;NEUT;SG
menu	менюта	menu	менюта	N	N;INDF;NEUT;PL
poltava	полтава	poltava	полтавам	N	N;INDF;FEM;SG
hawking	хокинг	hawking	хокинг	N	N;INDF;MASC;SG
trier	триер	trier	триер	N	N;INDF;MASC;SG
somali	сомалия	somali	сомалия	N	N;INDF;FEM;SG
somali	сомалия	somali	сомалия	N	N;INDF;FEM;SG
waltz	валс	waltz	валс	N	N;INDF;MASC;SG
hcv	hcv	hcv	hcv	N	N;INDF;MASC;PL
evergestis	evergestis	evergestis	evergestis	N	N;INDF;MASC;SG
daphne	дафни	daphne	дафна	N	N;INDF;FEM;SG
daphne	дафне	daphne	дафна	N	N;INDF;FEM;SG
thierry	тиери	thierry	тиера	N	N;INDF;MASC;SG
serena	серена	serena	серен	N	N;INDF;FEM;SG
serena	серина	serena	серина	N	N;INDF;FEM;SG
fiorentina	фиорентина	fiorentina	фиорентина	N	N;DEF;MASC;SG
cessna	чесна	cessna	чесна	N	N;INDF;FEM;SG
chrome	хром	chrome	хром	N	N;INDF;MASC;SG
ismail	исмаил	ismail	исмая	N	N;INDF;MASC;SG
isla	исла	isla	ислам	N	N;INDF;MASC;SG
lancashire	ланкашър	lancashire	ланкашър	N	N;INDF;MASC;SG
muscicapidae	muscicapidae	muscicapidae	muscicapidae	N	N;INDF;MASC;SG
draco	драко	draco	драко	N	N;INDF;MASC;SG
hamburger	хамбургер	hamburger	хамбургер	N	N;INDF;MASC;SG
hamburger	хамбургери	hamburger	хамбургер	N	N;INDF;MASC;PL
hamburger	хамбургери	hamburger	хамбургер	N	N;INDF;MASC;PL
breda	бреда	breda	бреда	N	N;INDF;FEM;SG
marvin	марвин	marvin	марвин	N	N;INDF;MASC;SG
inn	inn	inn	inn	N	N;INDF;MASC;SG
phuket	пукет	phuket	пукет	N	N;INDF;MASC;SG
pham	фам	pham	фам	N	N;INDF;MASC;SG
halle	хали	halle	хали	N	N;INDF;MASC;PL
checkuser	checkuser	checkuser	checkuser	N	N;INDF;MASC;SG
beaumont	бомон	beaumont	бомон	N	N;INDF;MASC;SG
hàu	стриди	hàu	стрида-(се)	N	N;INDF;FEM;PL
hàu	стриди	hàu	стрида-(се)	N	N;INDF;FEM;PL
