bruxelles	brysselin	bruxelles	brysseli	N	N;GEN;SG
bruxelles	brysselissä	bruxelles	brysseli	N	N;IN+ESS;SG
bruxelles	bryssel	bruxelles	bryssel	N	N;NOM;SG
curie	curie	curie	curie	N	N;NOM;SG
dora	dora	dora	dora	N	N;NOM;SG
aerospace	aerospace	aerospace	aerospace	N	N;NOM;SG
donau	tonavan	donau	tonava	N	N;GEN;SG
shop	kauppa	shop	kauppa	N	N;NOM;SG
shop	shop	shop	shop	N	N;NOM;SG
shop	kaupat	shop	kauppa	N	N;NOM;PL
shop	kauppoja	shop	kauppa	N	N;PRT;PL
gallo	gallo	gallo	gallo	N	N;NOM;SG
kafka	kafka	kafka	kafka	N	N;NOM;SG
leiden	leidenin	leiden	leidentää	N	N;GEN;PL
meteor	meteori	meteor	meteori	N	N;NOM;SG
sylvia	sylvia	sylvia	sylvä	N	N;NOM;SG
thriller	trilleri	thriller	trilleri	N	N;NOM;SG
giặt	pesi	giặt	pesi	V	V;IND;SG;3;PST;FIN;ACT
middlesbrough	middlesbrough	middlesbrough	middlesbrough	N	N;NOM;SG
rfc	rfc	rfc	rfc	N	N;NOM;SG
canary	kanarian	canary	kanari	N	N;GEN;SG
hilton	hilton	hilton	hiltoa	N	N;NOM;SG
sexy	seksikäs	sexy	seksikäs	N	N;NOM;SG
vinyl	vinyyli	vinyl	vinyyli	N	N;NOM;SG
cược	vetoa	cược	veto	N	N;PRT;SG
cược	vedon	cược	veto	N	N;GEN;SG
cược	veto	cược	veto	N	N;NOM;SG
cược	vetoa	cược	veto	N	N;PRT;SG
krasnodar	krasnodar	krasnodar	krasnodar	N	N;NOM;SG
rainer	rainer	rainer	rainer	N	N;NOM;SG
trieste	trieste	trieste	trieste	N	N;NOM;SG
pharaon	faaraot	pharaon	faarao	N	N;NOM;PL
phineas	phineas	phineas	phineas	N	N;NOM;SG
sirius	sirius	sirius	sirius	N	N;NOM;SG
arafat	arafatin	arafat	arafatti	N	N;GEN;SG
leonid	leonid	leonid	leonid	N	N;NOM;SG
fuller	fuller	fuller	fuller	N	N;NOM;SG
phoebe	phoeben	phoebe	phoeben	N	N;NOM;SG
phoebe	phoebe	phoebe	phoebe	N	N;NOM;SG
seok	seok	seok	seok	N	N;NOM;SG
cervus	cervus	cervus	cervus	N	N;NOM;SG
sec	sek	sec	sek	N	N;NOM;SG
sec	sec	sec	sec	N	N;NOM;SG
nottingham	nottingham	nottingham	nottingham	N	N;NOM;SG
boson	bosoni	boson	bosoni	N	N;NOM;SG
labrador	labrador	labrador	labrador	N	N;NOM;SG
mono	mono	mono	mono	N	N;NOM;SG
charlton	charlton	charlton	charlton	N	N;NOM;SG
rót	kaada	rót	kaataa	V	V;IMP;SG;2;FIN;ACT
rót	kaataa	rót	kaataa	V	V;SG;NFIN;ACT
rót	kaadetaan	rót	kaataa	V	V;IND;PRS;FIN;PASS
saturn	saturnus	saturn	saturnus	N	N;NOM;SG
container	säiliö	container	säiliö	N	N;NOM;SG
container	kontti	container	kontti	N	N;NOM;SG
nitrat	nitraatti	nitrat	nitraatti	N	N;NOM;SG
eight	kahdeksan	eight	kahdeksan	NUM	NUM;NOM;SG
cobain	cobain	cobain	cobain	N	N;NOM;SG
núm	nännit	núm	nänni	N	N;NOM;PL
cody	codyn	cody	cody	N	N;GEN;SG
biếng	laiska	biếng	laiska	ADJ	ADJ;NOM;SG
merlin	merlin	merlin	merli	N	N;NOM;SG
officiel	officiel	officiel	officiel	N	N;NOM;SG
anchor	ankkuri	anchor	ankkuri	N	N;NOM;SG
ascii	ascii	ascii	ascia	N	N;NOM;SG
bolzano	bolzanon	bolzano	bolzano	N	N;GEN;SG
martinez	martinez	martinez	martinez	N	N;NOM;SG
edison	edison	edison	ediso	N	N;NOM;SG
orton	orton	orton	orto	N	N;NOM;SG
sẹo	arpia	sẹo	arpi	N	N;PRT;PL
sẹo	arvet	sẹo	arvi	N	N;NOM;PL
sẹo	arpi	sẹo	arpi	N	N;NOM;SG
sẹo	arven	sẹo	arvi	N	N;GEN;SG
tahiti	tahiti	tahiti	tahiti	N	N;NOM;SG
bauer	bauer	bauer	bauer	N	N;NOM;SG
eurovision	eurovision	eurovision	euro#visio	N	N;GEN;SG
tigris	tigris	tigris	tigris	N	N;NOM;SG
laguna	laguna	laguna	lagu	N	N;NOM;SG
theodosius	theodosius	theodosius	theodosius	N	N;NOM;SG
coca	kokaiinia	coca	kokaiini	N	N;PRT;SG
coca	kokaiini	coca	kokaini	N	N;NOM;SG
coca	coca	coca	coca	N	N;NOM;SG
pixel	pikselin	pixel	pikselin	N	N;GEN;SG
pixel	pikseli	pixel	pikseli	N	N;NOM;SG
pixel	pikseliä	pixel	piksi	N	N;PRT;SG
pixel	pikseliä	pixel	piksi	N	N;PRT;SG
lcd	lcd	lcd	lcd	N	N;NOM;SG
breslau	breslau	breslau	breslau	N	N;NOM;SG
bonus	bonus	bonus	bonus	N	N;NOM;SG
bonus	bonuksen	bonus	bonus	N	N;GEN;SG
bonus	korotus	bonus	korotus	N	N;NOM;SG
điốt	diodi	điốt	diodi	N	N;NOM;SG
gardenia	gardenia	gardenia	gardenia	N	N;NOM;SG
mồm	suun	mồm	suu	N	N;GEN;SG
mồm	suu	mồm	suu	N	N;NOM;SG
burma	burma	burma	burma	N	N;NOM;SG
burma	burmassa	burma	burma	N	N;IN+ESS;SG
burma	burman	burma	burma	N	N;GEN;SG
baptist	baptisti	baptist	baptisti	N	N;NOM;SG
dome	kupu	dome	kupu	N	N;NOM;SG
infinity	infinity	infinity	infinity	N	N;NOM;SG
hayes	hayes	hayes	hayes	N	N;NOM;SG
lombard	lombard	lombard	lombard	N	N;NOM;SG
bịp	temppu	bịp	temppu	N	N;NOM;SG
chòi	mökki	chòi	mökki	N	N;NOM;SG
chòi	mökin	chòi	möntä	N	N;GEN;SG
composite	komposiitti	composite	komposiitti	N	N;NOM;SG
cornelius	cornelius	cornelius	cornelius	N	N;NOM;SG
mứt	hilloa	mứt	hiltoa	N	N;PRT;SG
hpa	hpa	hpa	hpa	N	N;NOM;SG
attila	attila	attila	attila	N	N;NOM;SG
tbilisi	tbilisin	tbilisi	tbilis	N	N;GEN;SG
plutoni	plutoniumia	plutoni	pluto#niumi	N	N;PRT;SG
rugby	rugby	rugby	rugby	N	N;NOM;SG
kaoru	wada	kaoru	wada	N	N;NOM;SG
laden	laden	laden	lati	N	N;NOM;SG
benito	benito	benito	benito	N	N;NOM;SG
aeroflot	aeroflotin	aeroflot	aeroflottaa	N	N;GEN;SG
panorama	panorama	panorama	panora	N	N;NOM;SG
schultz	schulz	schultz	schulz	N	N;NOM;SG
trumpet	trumpetti	trumpet	trumpetti	N	N;NOM;SG
obi	obi	obi	obi	N	N;NOM;SG
bốt	saappaat	bốt	saapas	N	N;NOM;PL
gsm	gsm	gsm	gsm	N	N;NOM;SG
hwan	hwan	hwan	hwan	N	N;NOM;SG
homer	homer	homer	homer	N	N;NOM;SG
hub	hub	hub	hub	N	N;NOM;SG
argentine	argentiina	argentine	argentiina	N	N;IN+ALL;SG
argentine	argentiinan	argentine	argentiina	N	N;GEN;SG
benin	beninin	benin	benin	N	N;GEN;SG
sar	sar	sar	sar	N	N;NOM;SG
saddam	saddamin	saddam	saddama	N	N;GEN;PL
beetle	kuoriainen	beetle	kuoriainen	N	N;NOM;SG
picasso	picasso	picasso	picasso	N	N;NOM;SG
sussex	sussex	sussex	sussex	N	N;NOM;SG
silicon	pii	silicon	piine	N	N;NOM;SG
silicon	piin	silicon	piin	N	N;GEN;SG
damascus	damaskoksen	damascus	damaskos	N	N;GEN;SG
anemia	anemia	anemia	anema	N	N;NOM;PL
niels	niels	niels	niels	N	N;NOM;SG
fountain	suihkulähde	fountain	suihku#lähte	N	N;NOM;SG
kalimantan	kalimantanin	kalimantan	kalimantan	N	N;GEN;SG
sinai	siinain	sinai	siinain	N	N;GEN;SG
gin	gin	gin	gin	N	N;NOM;SG
gin	giniä	gin	gini	N	N;PRT;SG
camille	camille	camille	cam	N	N;AT+ALL;SG
oxit	oksidi	oxit	oksada	N	N;NOM;SG
echo	kaiku	echo	kaiku	N	N;NOM;SG
echo	echon	echo	echo	N	N;NOM;SG
sever	sever	sever	sever	N	N;NOM;SG
dornier	dornier	dornier	dornier	N	N;NOM;SG
chocolate	suklaa	chocolate	suklaa	N	N;NOM;SG
chocolate	suklaata	chocolate	suklas	N	N;PRT;SG
transistor	transistori	transistor	transistori	N	N;NOM;SG
táp	purra	táp	purra	V	V;SG;NFIN;ACT
hybrid	hybridi	hybrid	hybridi	N	N;NOM;SG
canis	canis	canis	canis	N	N;NOM;SG
neutrino	neutriino	neutrino	neutriino	N	N;IN+ALL;SG
elton	elton	elton	elto	N	N;NOM;SG
fiat	fiat	fiat	fiat	N	N;NOM;SG
circus	sirkus	circus	sirkus	N	N;NOM;SG
circus	sirkuksen	circus	sirkus	N	N;GEN;SG
subspecies	alalaji	subspecies	ala#laji	N	N;NOM;SG
atatürk	atatürkin	atatürk	ata#trki	N	N;GEN;SG
ivoire	ivoire	ivoire	ivoire	N	N;NOM;SG
greece	kreikka	greece	kreikka	N	N;NOM;SG
landmark	maamerkki	landmark	maa#merkki	N	N;NOM;SG
levant	levant	levant	levant	N	N;NOM;SG
sapporo	sapporo	sapporo	sapporo	N	N;NOM;SG
ftp	ftp	ftp	ftp	N	N;NOM;SG
tudor	tudor	tudor	tudor	N	N;NOM;SG
ceylon	ceylon	ceylon	ceylo	N	N;NOM;SG
menu	valikko	menu	valikko	N	N;NOM;SG
menu	menu	menu	menu	N	N;NOM;SG
hawking	hawking	hawking	hawking	N	N;NOM;SG
jakob	jakob	jakob	jakob	N	N;NOM;SG
somali	somalian	somali	somalia	N	N;GEN;SG
somali	somaliassa	somali	somalia	N	N;IN+ESS;SG
somali	somalian	somali	somalia	N	N;GEN;SG
hardcore	hardcore	hardcore	hardcore	N	N;NOM;SG
daphne	daphne	daphne	daphne	N	N;NOM;SG
serena	serena	serena	serena	N	N;NOM;SG
cessna	cessna	cessna	cessna	N	N;NOM;SG
quest	pyrkimys	quest	pyrkimys	N	N;NOM;SG
chrome	chrome	chrome	chrome	N	N;NOM;SG
chrome	kromi	chrome	kromi	N	N;NOM;SG
ismail	ismail	ismail	ismail	N	N;NOM;SG
irkutsk	irkutskin	irkutsk	irkuta	N	N;GEN;SG
alejandro	alejandro	alejandro	ale#jandro	N	N;NOM;SG
castello	castello	castello	castello	N	N;NOM;SG
buri	buri	buri	buri	N	N;NOM;SG
zhao	zao	zhao	zao	N	N;NOM;SG
draco	draco	draco	draco	N	N;NOM;SG
hamburger	hampurilainen	hamburger	hampurilainen	N	N;NOM;SG
hamburger	hampurilaisen	hamburger	hampurilainen	N	N;GEN;SG
sarajevo	sarajevon	sarajevo	sara#jevo	N	N;GEN;SG
inn	majatalo	inn	maja#talo	N	N;NOM;SG
esp	esp	esp	esp	N	N;NOM;SG
phuket	phuket	phuket	phuke	N	N;NOM;SG
tirana	tiranan	tirana	tirana	N	N;GEN;SG
karelia	karjalan	karelia	karjala	N	N;GEN;SG
beaumont	beaumont	beaumont	beaumont	N	N;NOM;SG
hàu	ostereita	hàu	osteri	N	N;PRT;PL
hàu	oyster	hàu	oyster	N	N;NOM;SG
ogg	ogg	ogg	ogg	N	N;NOM;SG
cafe	kahvilla	cafe	kahvi	N	N;AT+ESS
;SG
cafe	kahvia	cafe	kahvi	N	N;PRT;SG
cafe	kahvi	cafe	kahvi	N	N;NOM;SG
cafe	kahvila	cafe	kahvila	N	N;NOM;SG
cafe	cafe	cafe	cafe	N	N;NOM;SG
cafe	kahvilassa	cafe	kahvila	N	N;IN+ESS;SG
assassin	salamurhaaja	assassin	salamurhaaja	N	N;NOM;SG
assassin	palkkamurhaaja	assassin	palkka#murhaaja	N	N;NOM;SG
farm	tila	farm	tila	N	N;NOM;SG
farm	maatila	farm	maa#tila	N	N;NOM;SG
farm	maatilan	farm	maa#tila	N	N;GEN;SG
société	société	société	société	N	N;NOM;SG
bilbao	bilbaon	bilbao	bilba	N	N;GEN;SG
auschwitz	auschwitz	auschwitz	auschwitz	N	N;NOM;SG
wiedemann	wiedemann	wiedemann	wiedemann	N	N;NOM;SG
newark	newarkin	newark	newarkki	N	N;GEN;SG
armour	haarniska	armour	haarniska	N	N;NOM;SG
fat	rasvaa	fat	rasva	N	N;PRT;SG
fat	rasva	fat	rasva	N	N;NOM;SG
fat	läski	fat	läski	N	N;NOM;SG
corleone	corleone	corleone	corleone	N	N;NOM;SG
mẹo	vinkit	mẹo	vinkki	N	N;NOM;PL
mẹo	vinkkejä	mẹo	vinkki	N	N;PRT;PL
mẹo	vihjeet	mẹo	vihje	N	N;NOM;PL
mẹo	vihjeitä	mẹo	vihje	N	N;PRT;PL
mẹo	kärki	mẹo	kärki	N	N;NOM;SG
mẹo	vihje	mẹo	vihje	N	N;NOM;SG
mẹo	vinkki	mẹo	vinkki	N	N;NOM;SG
racemosa	racemosa	racemosa	racemosa	N	N;NOM;SG
glycine	glysiini	glycine	glysi	N	N;IN+ALL;SG
plato	platon	plato	platon	N	N;NOM;SG
olympus	olympus	olympus	olympus	N	N;NOM;SG
fukushima	fukushiman	fukushima	fuku	N	N;GEN;SG
burgundy	burgundy	burgundy	burgundy	N	N;NOM;SG
weiss	weiss	weiss	weiss	N	N;NOM;SG
rousseau	rousseau	rousseau	rousse#ai	N	N;NOM;SG
mecca	mekka	mecca	mekka	N	N;NOM;SG
hume	hume	hume	hume	N	N;NOM;SG
kar	kar	kar	kar	N	N;NOM;SG
muse	muusa	muse	muusa	N	N;NOM;SG
kazakh	kazakstanin	kazakh	kazaksta	N	N;GEN;SG
cằm	chin	cằm	chin	N	N;NOM;SG
cằm	leuka	cằm	leuka	N	N;NOM;SG
pioneer	edelläkävijä	pioneer	edellä#kävi	N	N;NOM;SG
toulon	toulonin	toulon	toulonta	N	N;GEN;SG
selim	selim	selim	selim	N	N;NOM;SG
damian	damian	damian	damia	N	N;NOM;SG
sorbonne	sorbonne	sorbonne	sorbonne	N	N;NOM;SG
runner	juoksija	runner	juoksija	N	N;NOM;SG
twilight	houkutus	twilight	houkutus	N	N;NOM;SG
entropy	entropia	entropy	entrop	N	N;NOM;SG
sardegna	sardegna	sardegna	sardegna	N	N;NOM;SG
voltaire	voltaire	voltaire	voltaire	N	N;NOM;SG
merton	merton	merton	merton	N	N;NOM;SG
salmon	lohta	salmon	lohi	N	N;PRT;SG
salmon	lohi	salmon	lohi	N	N;NOM;SG
salmon	lohen	salmon	lohi	N	N;GEN;SG
nhả	vapauttaa	nhả	vapauttaa	V	V;IND;SG;3;PRS;FIN;ACT
nhả	vapauta	nhả	vapau	V	V;IMP;SG;2;FIN;ACT
thùa	agave	thùa	agave	N	N;NOM;SG
heathrow	heathrow	heathrow	heathrow	N	N;NOM;SG
lions	leijonat	lions	leijona	N	N;NOM;PL
lions	leijonia	lions	leijonia	N	N;PRT;PL
samara	samara	samara	samara	N	N;NOM;SG
mona	mona	mona	mona	N	N;NOM;SG
elsa	elsa	elsa	elsa	N	N;NOM;SG
madeleine	madeleine	madeleine	madeleine	N	N;NOM;SG
kana	kana	kana	kana	N	N;NOM;SG
coventry	coventry	coventry	coventry	N	N;NOM;SG
ararat	araratin	ararat	ara#ratti	N	N;GEN;SG
lhasa	lhasa	lhasa	lhasa	N	N;NOM;SG
polymer	polymeeri	polymer	poly#meeri	N	N;NOM;SG
mama	mama	mama	mama	N	N;NOM;SG
mama	äiti	mama	äiti	N	N;NOM;SG
liguria	liguria	liguria	liguri	N	N;NOM;SG
wai	wai	wai	wai	N	N;NOM;SG
alexis	alexis	alexis	alexis	N	N;NOM;SG
greenwich	greenwich	greenwich	greenwich	N	N;NOM;SG
titus	titus	titus	titus	N	N;NOM;SG
messenger	messenger	messenger	messenger	N	N;NOM;SG
messenger	messengerin	messenger	messengeri	N	N;GEN;SG
lagos	lagos	lagos	lagos	N	N;NOM;SG
petra	petra	petra	petra	N	N;NOM;SG
jacobs	jacobs	jacobs	jacobs	N	N;NOM;SG
sikorsky	sikorsky	sikorsky	sikorsky	N	N;NOM;SG
achilles	akilles	achilles	akilles	N	N;NOM;SG
achilles	achille	achilles	ach	N	N;NOM;SG
phalanx	falangi	phalanx	falangi	N	N;NOM;SG
cast	näyttelijät	cast	näyttelijä	N	N;NOM;PL
bogotá	bogotássa	bogotá	bogotta	N	N;IN+ESS;SG
ski	hiihto	ski	hiihto	N	N;NOM;SG
ski	suksi	ski	suksi	N	N;NOM;SG
framework	puitteet	framework	puite	N	N;NOM;PL
richelieu	richelieu	richelieu	richelieu	N	N;NOM;SG
snape	kalkaros	snape	kalkaros	N	N;NOM;SG
guadalupe	guadalupe	guadalupe	guadalupe	N	N;NOM;SG
mendoza	mendoza	mendoza	mendoza	N	N;NOM;SG
judo	judo	judo	judo	N	N;NOM;SG
tunis	tunisia	tunis	tuninen	N	N;NOM;PL
tunis	tunisissa	tunis	tunisissa	N	N;IN+ESS;PL
hermes	hermes	hermes	hermes	N	N;NOM;SG
jedi	jedi	jedi	jedi	N	N;NOM;SG
jedi	jedit	jedi	jedi	N	N;NOM;PL
iglesias	iglesias	iglesias	iglesias	N	N;NOM;SG
survivor	selviytyjä	survivor	selviytyjä	N	N;NOM;SG
lagrange	lagrange	lagrange	lagrange	N	N;NOM;SG
lahore	lahoren	lahore	lahori	N	N;GEN;SG
corsair	corsair	corsair	corsair	N	N;NOM;SG
vaux	vaux	vaux	vaux	N	N;NOM;SG
judith	judith	judith	judith	N	N;NOM;SG
cate	caitlin	cate	caitli	N	N;GEN;SG
advance	ennakko	advance	ennakko	N	N;NOM;SG
advance	ennakkoon	advance	ennakko	N	N;IN+ALL;SG
advance	eteneminen	advance	eteneminen	N	N;NOM;SG
pocket	taskuun	pocket	tasku	N	N;IN+ALL;SG
pocket	taskussa	pocket	tasku	N	N;IN+ESS;SG
krasnoyarsk	krasnojarsk	krasnoyarsk	krasnojarsk	N	N;NOM;SG
elite	eliitti	elite	eliitti	N	N;NOM;SG
cotton	puuvillan	cotton	puu#vilta	N	N;GEN;SG
cotton	puuvilla	cotton	puuva	N	N;AT+ESS
;PL
cotton	puuvillaa	cotton	puu#vilta	N	N;AT+ESS
;PL
faust	faust	faust	faust	N	N;NOM;SG
everest	everest	everest	everest	N	N;NOM;SG
nationale	nationale	nationale	natio#nale	N	N;NOM;SG
mpeg	mpeg	mpeg	mpeg	N	N;NOM;SG
atm	pankkiautomaatti	atm	pankki#auto#maatti	N	N;NOM;SG
deutsch	deutsch	deutsch	deutsch	N	N;NOM;SG
dorset	dorset	dorset	dorsi	N	N;NOM;SG
dover	doverin	dover	doveri	N	N;GEN;SG
suleiman	suleiman	suleiman	suliina	N	N;GEN;SG
lamb	lammasta	lamb	lammas	N	N;PRT;SG
lamb	lammas	lamb	lammas	N	N;NOM;SG
lamb	karitsa	lamb	karitsa	N	N;NOM;SG
giỏ	taskuun	giỏ	tasku	N	N;IN+ALL;SG
giỏ	taskussa	giỏ	tasku	N	N;IN+ESS;SG
giỏ	korin	giỏ	kori	N	N;GEN;SG
giỏ	kori	giỏ	kori	N	N;NOM;SG
giỏ	koriin	giỏ	kori	N	N;IN+ALL;SG
giỏ	koria	giỏ	kori	N	N;PRT;SG
giỏ	koreja	giỏ	kori	N	N;PRT;PL
silveira	silveira	silveira	silveira	N	N;NOM;SG
manitoba	manitoba	manitoba	manitoba	N	N;NOM;SG
almeida	almeida	almeida	almeida	N	N;NOM;SG
eliot	eliot	eliot	elio	N	N;NOM;SG
tea	tea	tea	tea	N	N;NOM;SG
tea	teetä	tea	tee	N	N;PRT;SG
raja	raja	raja	raja	N	N;NOM;SG
jungle	viidakko	jungle	viidakko	N	N;NOM;SG
jungle	viidakkoon	jungle	viidakko	N	N;IN+ALL;SG
jungle	viidakon	jungle	viidakko	N	N;GEN;SG
hillary	hillary	hillary	hillary	N	N;NOM;SG
wolfram	volframi	wolfram	volframi	N	N;NOM;SG
mangan	mangaani	mangan	mangaani	N	N;NOM;SG
bluetooth	bluetooth	bluetooth	bluetooth	N	N;NOM;SG
compton	compton	compton	compton	N	N;NOM;SG
fleming	fleming	fleming	fleming	N	N;NOM;SG
topo	topo	topo	topo	N	N;NOM;SG
glucose	glukoosi	glucose	glukoosi	N	N;NOM;SG
classics	klassikoita	classics	klassikko	N	N;PRT;PL
bratislava	bratislavan	bratislava	bratislava	N	N;GEN;SG
wiltshire	wiltshire	wiltshire	wiltshire	N	N;NOM;SG
lausanne	lausanne	lausanne	lausan	N	N;NOM;SG
jacqueline	jacqueline	jacqueline	jacqueline	N	N;NOM;SG
café	kahvila	café	kahvila	N	N;NOM;SG
café	cafe	café	cafe	N	N;NOM;SG
café	kahvilassa	café	kahvila	N	N;IN+ESS;SG
café	kahvila	café	kahvila	N	N;NOM;SG
café	café	café	café	N	N;NOM;SG
sui	sui	sui	suada	N	N;NOM;SG
amadeus	amadeus	amadeus	amadeus	N	N;NOM;SG
magdalena	magdalena	magdalena	magdale	N	N;NOM;SG
arras	arras	arras	arras	N	N;NOM;SG
lupus	lupus	lupus	lupus	N	N;NOM;SG
concept	käsite	concept	käsite	N	N;NOM;SG
concept	konsepti	concept	konsepti	N	N;NOM;SG
archimedes	arkhimedes	archimedes	arkhimedes	N	N;NOM;SG
casino	kasinolla	casino	kasinolla	N	N;AT+ESS
;SG
casino	kasino	casino	kasino	N	N;NOM;SG
casino	casino	casino	casino	N	N;NOM;SG
marilyn	marilyn	marilyn	marily	N	N;NOM;SG
hyuk	hyuk	hyuk	hyuk	N	N;NOM;SG
hyde	hyde	hyde	hyde	N	N;NOM;SG
cabin	mökki	cabin	mökki	N	N;NOM;SG
cabin	mökin	cabin	möntä	N	N;GEN;SG
ulysses	ulysses	ulysses	ulysses	N	N;NOM;SG
rệp	ötököitä	rệp	ötös	N	N;PRT;PL
rệp	vikoja	rệp	vika	N	N;PRT;PL
wallis	wallis	wallis	wallis	N	N;NOM;SG
vandal	vandaali	vandal	vandaali	N	N;NOM;SG
khz	khz	khz	khz	N	N;NOM;SG
zip	postinumero	zip	posti#numero	N	N;NOM;SG
zip	zip	zip	zip	N	N;NOM;SG
colt	colt	colt	colt	N	N;NOM;SG
danzig	danzig	danzig	danzig	N	N;NOM;SG
bomb	pommi	bomb	pommi	N	N;NOM;SG
sarkozy	sarkozy	sarkozy	sarkozy	N	N;NOM;SG
jerzy	jerzy	jerzy	jerzy	N	N;NOM;SG
pole	tanko	pole	tanko	N	N;NOM;SG
pole	pole	pole	pole	N	N;NOM;SG
astronomy	tähtitiede	astronomy	tähti#tiede	N	N;NOM;SG
crassus	crassus	crassus	crassus	N	N;NOM;SG
pom	pom	pom	pom	N	N;NOM;SG
mầu	värit	mầu	väri	N	N;NOM;PL
mầu	väriä	mầu	väri	N	N;PRT;SG
mầu	väri	mầu	väri	N	N;NOM;SG
poker	pokeri	poker	pokeri	N	N;NOM;SG
poker	pokeria	poker	pokeri	N	N;PRT;SG
shaun	shaun	shaun	sha	N	N;NOM;SG
tal	tal	tal	tal	N	N;NOM;SG
nevis	nevis	nevis	nevis	N	N;NOM;SG
vẫy	heiluttaa	vẫy	heiluttaa	V	V;IND;SG;3;PRS;FIN;ACT
mcmahon	mcmahon	mcmahon	mcmaho	N	N;NOM;SG
safari	safari	safari	safari	N	N;NOM;SG
rumble	rumble	rumble	rumble	N	N;NOM;SG
doubleday	doubleday	doubleday	doubleday	N	N;NOM;SG
psyche	psyyke	psyche	psyyke	N	N;NOM;SG
mei	mei	mei	mein	N	N;NOM;SG
calhoun	calhoun	calhoun	calhou	N	N;NOM;SG
castilla	kastilia	castilla	kastili	N	N;NOM;SG
dayton	daytonin	dayton	dayton	N	N;GEN;SG
takeo	takeo	takeo	takeo	N	N;NOM;SG
bougainville	bougainville	bougainville	bougainvi	N	N;AT+ALL;SG
superman	teräsmies	superman	teräs#mies	N	N;NOM;SG
saints	pyhimyksiä	saints	pyhimys	N	N;PRT;PL
jerome	jerome	jerome	jerome	N	N;NOM;SG
yucca	yucca	yucca	yucca	N	N;NOM;SG
clemens	clemens	clemens	clemens	N	N;NOM;SG
karachi	karachi	karachi	karachi	N	N;NOM;SG
suvarnabhumi	suvarnabhumi	suvarnabhumi	suvarnabhumi	N	N;NOM;SG
commonwealth	yhteisö	commonwealth	yhteisö	N	N;NOM;SG
cactus	kaktus	cactus	kaktus	N	N;NOM;SG
cdp	cdp	cdp	cdp	N	N;NOM;SG
laurence	laurence	laurence	laurence	N	N;NOM;SG
ichi	ichi	ichi	ichi	N	N;NOM;SG
arroyo	arroyo	arroyo	arroyo	N	N;NOM;SG
alpine	alppien	alpine	alppi	N	N;GEN;PL
sicily	sisilia	sicily	sisili	N	N;NOM;SG
sicily	sisilian	sicily	sisili	N	N;GEN;SG
sicily	sisilian	sicily	sisili	N	N;GEN;SG
reeves	reeves	reeves	reeves	N	N;NOM;SG
hoth	hoth	hoth	hoth	N	N;NOM;SG
cassette	kasetti	cassette	kasettaa	N	N;NOM;SG
zlín	zlín	zlín	zlín	N	N;NOM;SG
ufo	ufoja	ufo	ufo	N	N;PRT;PL
ufo	ufo	ufo	ufo	N	N;NOM;SG
mendes	mendes	mendes	mendes	N	N;NOM;SG
cristiano	cristiano	cristiano	cristiano	N	N;NOM;SG
platinum	platinaa	platinum	platina	N	N;PRT;SG
savoy	savoy	savoy	savo	N	N;NOM;SG
kleist	kleist	kleist	kleist	N	N;NOM;SG
bio	bio	bio	bio	N	N;NOM;SG
kuban	kuban	kuban	kuba	N	N;GEN;SG
morocco	marokon	morocco	marokko	N	N;GEN;SG
camden	camden	camden	camde	N	N;NOM;SG
penalty	seuraamus	penalty	seuraamus	N	N;NOM;SG
penalty	rangaistus	penalty	rangaistus	N	N;NOM;SG
foo	foo	foo	foo	N	N;NOM;SG
zoom	zoomin	zoom	zoom	N	N;GEN;SG
kirov	kirov	kirov	kirov	N	N;NOM;SG
rụi	murskasi	rụi	murskata	V	V;IND;SG;3;PST;FIN;ACT
orient	orient	orient	orient	N	N;NOM;SG
eaton	eaton	eaton	eato	N	N;NOM;SG
lakes	järvien	lakes	järvi	N	N;GEN;PL
lakes	järvet	lakes	järvi	N	N;NOM;PL
suharto	suharto	suharto	suharto	N	N;NOM;SG
natalia	natalia	natalia	natala	N	N;NOM;SG
edith	edith	edith	edith	N	N;NOM;SG
indianapolis	indianapolis	indianapolis	indiana#polis	N	N;NOM;SG
canavese	canavese	canavese	canavese	N	N;NOM;SG
caucasus	kaukasian	caucasus	kaukas	N	N;GEN;SG
gillespie	gillespie	gillespie	gillespie	N	N;NOM;SG
ayuntamiento	ayuntamiento	ayuntamiento	ayunta#miento	N	N;NOM;PL
app	sovellus	app	sovellus	N	N;NOM;SG
app	sovelluksen	app	sovellus	N	N;GEN;SG
app	sovellusta	app	soveltus	N	N;PRT;SG
presley	presley	presley	presley	N	N;NOM;SG
brook	puro	brook	puro	N	N;NOM;SG
osiris	osiris	osiris	osiris	N	N;NOM;SG
cassius	cassius	cassius	cassius	N	N;NOM;SG
ethernet	ethernet	ethernet	ethernet	N	N;NOM;SG
hime	hime	hime	hime	N	N;NOM;SG
nhử	houkutella	nhử	houkutella	V	V;SG;NFIN;ACT
artiodactyla	artiodactyla	artiodactyla	artiodactyla	N	N;NOM;SG
tchaikovsky	tšaikovski	tchaikovsky	tšaikovski	N	N;NOM;SG
xoang	sinus	xoang	sinä	N	N;NOM;SG
königsberg	königsberg	königsberg	königsberg	N	N;NOM;SG
coffee	kahvilla	coffee	kahvi	N	N;AT+ESS
;SG
coffee	kahvia	coffee	kahvi	N	N;PRT;SG
coffee	kahvi	coffee	kahvi	N	N;NOM;SG
task	tehtävän	task	tehtävä	N	N;GEN;SG
task	tehtävä	task	tehtävä	N	N;NOM;SG
bak	bak	bak	bak	N	N;NOM;SG
sulfat	sulfaatti	sulfat	sulfaatti	N	N;NOM;SG
pla	pla	pla	pla	N	N;NOM;SG
iroquois	iroquois	iroquois	iroquois	N	N;NOM;SG
flemish	flanderin	flemish	flanderi	N	N;GEN;SG
legion	legioona	legion	legio	N	N;NOM;SG
dash	dash	dash	dash	N	N;NOM;SG
dash	viiva	dash	viiva	N	N;NOM;SG
pizza	pizzaa	pizza	pizza	N	N;PRT;SG
pizza	pizza	pizza	pizza	N	N;NOM;SG
shikoku	shikoku	shikoku	shikoku	N	N;NOM;SG
cobra	cobra	cobra	cobra	N	N;NOM;SG
unicef	unicefin	unicef	unicef	N	N;GEN;SG
hockey	jääkiekko	hockey	jää#kiekko	N	N;NOM;SG
hockey	jääkiekkoa	hockey	jää#kiekko	N	N;PRT;SG
xỉn	juoppo	xỉn	juoppo	ADJ	ADJ;NOM;SG
sars	sars	sars	sars	N	N;NOM;SG
jardin	jardin	jardin	jardi	N	N;NOM;SG
dolby	dolby	dolby	dolby	N	N;NOM;SG
avatar	avatar	avatar	avatar	N	N;NOM;SG
sinatra	sinatra	sinatra	sinatra	N	N;NOM;SG
ivanov	ivanov	ivanov	ivanov	N	N;NOM;SG
emile	emile	emile	emile	N	N;NOM;SG
ricky	risto	ricky	risto	N	N;NOM;SG
fortune	omaisuuden	fortune	omaisuus	N	N;GEN;SG
faraday	faraday	faraday	faraday	N	N;NOM;SG
kiribati	kiribatin	kiribati	kiri#batti	N	N;GEN;SG
karlsruhe	karlsruhen	karlsruhe	karlsruh	N	N;GEN;SG
memoirs	muistelmat	memoirs	muistelma	N	N;NOM;PL
shih	shih	shih	shih	N	N;NOM;SG
muller	muller	muller	muller	N	N;NOM;SG
pagan	pakana	pagan	pakana	N	N;NOM;SG
olivia	olivia	olivia	olla	N	N;NOM;SG
olivia	olivian	olivia	olla	N	N;GEN;PL
mem	mem	mem	mem	N	N;NOM;SG
spike	piikki	spike	piikki	N	N;NOM;SG
augustine	augustine	augustine	augustinen	N	N;NOM;SG
houghton	houghton	houghton	houghton	N	N;NOM;SG
gangnam	gangnam	gangnam	gangnam	N	N;NOM;SG
avignon	avignon	avignon	avigto	N	N;NOM;SG
ashikaga	ashikaga	ashikaga	ashikaga	N	N;NOM;SG
paik	paik	paik	paikka	N	N;NOM;SG
agnes	agnes	agnes	agnes	N	N;NOM;SG
dốt	tietämättömiä	dốt	tietämätön	ADJ	ADJ;PRT;PL
dốt	tietämätön	dốt	tietämätön	ADJ	ADJ;NOM;SG
thessaloniki	thessalonikin	thessaloniki	thessaloni	N	N;NOM;SG
durban	durbanin	durban	durban	N	N;GEN;SG
bikini	bikini	bikini	bikini	N	N;NOM;SG
hegel	hegel	hegel	hegel	N	N;NOM;SG
bua	bua	bua	bua	N	N;NOM;SG
siết	halaa	siết	halata	V	V;IMP;SG;2;FIN;ACT
siết	puristaa	siết	puristaa	V	V;IND;SG;3;PRS;FIN;ACT
alger	levää	alger	levätä	N	N;PRT;SG
gong	gong	gong	gong	N	N;NOM;SG
natsu	natsu	natsu	natsu	N	N;NOM;SG
pompey	pompeius	pompey	pompeius	N	N;NOM;SG
qantas	qantas	qantas	qantas	N	N;NOM;SG
pet	pet	pet	pet	N	N;NOM;SG
pet	lemmikki	pet	lemmikki	N	N;NOM;SG
pet	älykkyys	pet	älykkyys	N	N;NOM;SG
pet	tiedustelu	pet	tiedustelu	N	N;NOM;SG
pet	älyä	pet	elyä	N	N;PRT;SG
pet	tiedustelupalvelu	pet	tiedustelu#palvelu	N	N;NOM;SG
daewoo	daewoo	daewoo	daewoo	N	N;NOM;SG
martini	martinin	martini	martin	N	N;GEN;SG
martini	martini	martini	martini	N	N;NOM;SG
varna	varna	varna	varna	N	N;NOM;SG
brazilian	brasilian	brazilian	brasilia	N	N;GEN;SG
lag	viive	lag	viive	N	N;NOM;SG
prentice	prentice	prentice	prentice	N	N;NOM;SG
chaos	kaaos	chaos	kaaos	N	N;NOM;SG
chaos	kaaosta	chaos	kaaos	N	N;PRT;SG
chaos	sekasorto	chaos	seka#sorto	N	N;NOM;SG
karaoke	karaoke	karaoke	karaone	N	N;NOM;SG
zidane	zidane	zidane	zidane	N	N;NOM;SG
quick	quik	quick	quik	N	N;NOM;SG
vargas	vargas	vargas	vargas	N	N;NOM;SG
ping	ping	ping	ping	N	N;NOM;SG
feat	feat	feat	feat	N	N;NOM;SG
abs	abs	abs	abs	N	N;NOM;SG
cctv	cctv	cctv	cctv	N	N;NOM;SG
crataegus	crataegus	crataegus	crataegus	N	N;NOM;SG
melissa	melissa	melissa	meli	N	N;NOM;SG
kommun	kommun	kommun	kommu	N	N;NOM;SG
erectus	erectus	erectus	erectus	N	N;NOM;SG
juliet	juliet	juliet	juliet	N	N;NOM;SG
horus	horus	horus	horus	N	N;NOM;SG
cas	cas	cas	cas	N	N;NOM;SG
cas	cas	cas	cas	N	N;NOM;SG
hamas	hamasin	hamas	hamata	N	N;GEN;SG
hamas	hamas	hamas	hamas	N	N;NOM;SG
koblenz	koblenz	koblenz	koblenz	N	N;NOM;SG
guillermo	guillermo	guillermo	guillermo	N	N;AT+ALL;PL
palmyra	palmyra	palmyra	palmyra	N	N;NOM;SG
rutherford	rutherford	rutherford	rutherford	N	N;NOM;SG
loc	loc	loc	loc	N	N;NOM;SG
ensemble	ensemble	ensemble	ensemble	N	N;NOM;SG
frozen	jäässä	frozen	jää	N	N;IN+ESS;SG
poincaré	poincaré	poincaré	poincaré	N	N;NOM;SG
vogue	vogue	vogue	vogue	N	N;NOM;SG
capra	capra	capra	capra	N	N;NOM;SG
mêtan	metaania	mêtan	metaani	N	N;PRT;SG
guru	guru	guru	guru	N	N;NOM;SG
sanders	sanders	sanders	sanders	N	N;NOM;SG
aztec	atsteekkien	aztec	atsteekki	N	N;GEN;PL
bmp	bmp	bmp	bmp	N	N;NOM;SG
fermi	fermi	fermi	fermi	N	N;NOM;SG
lance	lance	lance	lance	N	N;NOM;SG
perspective	näkymiä	perspective	näkymä	N	N;PRT;PL
perspective	näkymät	perspective	näkymä	N	N;NOM;PL
perspective	näköalat	perspective	näkö#ala	N	N;NOM;PL
vladivostok	vladivostok	vladivostok	vladivostok	N	N;NOM;SG
geum	geum	geum	geum	N	N;NOM;SG
blogger	bloggaaja	blogger	bloggaaja	N	N;NOM;SG
blogger	blogit	blogger	blogit	N	N;NOM;PL
stephanie	stephanie	stephanie	stephanie	N	N;NOM;SG
bing	bing	bing	bing	N	N;NOM;SG
shotgun	haulikko	shotgun	haulikko	N	N;NOM;SG
shotgun	haulikon	shotgun	haulikko	N	N;GEN;SG
kgb	kgb	kgb	kgb	N	N;NOM;SG
chapel	kappeli	chapel	kappeli	N	N;NOM;SG
maison	maison	maison	maiso	N	N;GEN;SG
acb	acb	acb	acb	N	N;NOM;SG
hippolyte	hippolyte	hippolyte	hippolyte	N	N;NOM;SG
antioch	antiokiassa	antioch	antio#kiasi	N	N;IN+ESS;SG
kaliningrad	kaliningradin	kaliningrad	kaliningradi	N	N;GEN;SG
odyssey	odyssey	odyssey	odys#sey	N	N;NOM;SG
ngo	kansalaisjärjestöjen	ngo	kansalainen#järjestö	N	N;GEN;PL
kuiper	kuiper	kuiper	kuiper	N	N;NOM;SG
kashima	kashima	kashima	kashima	N	N;NOM;SG
murakami	murakami	murakami	murakami	N	N;NOM;SG
hammond	hammondin	hammond	hammon	N	N;GEN;SG
hammond	hammond	hammond	hammond	N	N;NOM;SG
hastings	hastings	hastings	hastings	N	N;NOM;SG
patagonia	patagonia	patagonia	patagonia	N	N;NOM;SG
larson	larson	larson	larso	N	N;NOM;SG
plc	plc	plc	plc	N	N;NOM;SG
negro	neekeri	negro	neekeri	N	N;NOM;SG
rum	rommia	rum	rommi	N	N;PRT;SG
argus	argus	argus	argus	N	N;NOM;SG
leibniz	leibniz	leibniz	leibniz	N	N;NOM;SG
futsal	futsal	futsal	futsal	N	N;NOM;SG
ishida	ishida	ishida	ishida	N	N;NOM;SG
amenhotep	amenhotep	amenhotep	amenhotep	N	N;NOM;SG
spa	spa	spa	spa	N	N;NOM;SG
spa	kylpylä	spa	kylpylä	N	N;NOM;SG
spa	kylpylässä	spa	kylpylä	N	N;IN+ESS;SG
punta	punta	punta	punta	N	N;NOM;SG
pool	pol	pool	pol	N	N;NOM;SG
tornado	tornado	tornado	tornado	N	N;NOM;SG
tornado	pyörremyrsky	tornado	pyörremyrsky	N	N;NOM;SG
keane	keane	keane	keane	N	N;NOM;SG
brahms	brahms	brahms	brahms	N	N;NOM;SG
aphrodite	afrodite	aphrodite	afrodite	N	N;NOM;PL
char	char	char	char	N	N;NOM;SG
corinth	corinth	corinth	corinth	N	N;NOM;SG
namur	namur	namur	namur	N	N;NOM;SG
dagestan	dagestanin	dagestan	dagestan	N	N;GEN;SG
vader	vader	vader	vader	N	N;NOM;SG
aladdin	aladdin	aladdin	aladtaa	N	N;NOM;SG
officinalis	officinalis	officinalis	officinalis	N	N;NOM;SG
piccolo	piccolo	piccolo	piccolo	N	N;NOM;SG
psp	psp	psp	psp	N	N;NOM;SG
destroyer	hävittäjä	destroyer	hävittäjä	N	N;NOM;SG
destroyer	tuhoaja	destroyer	tuhoaja	N	N;NOM;SG
aegean	egeanmeren	aegean	egean#meri	N	N;GEN;SG
kern	kern	kern	kern	N	N;NOM;SG
martins	martins	martins	martins	N	N;NOM;SG
frederik	frederik	frederik	frederik	N	N;NOM;SG
aleksey	aleksei	aleksey	aleksei	N	N;NOM;SG
kuroda	kuroda	kuroda	kuroda	N	N;NOM;SG
coleman	coleman	coleman	coleman	N	N;NOM;SG
wilhelmshaven	wilhelmshaven	wilhelmshaven	wilhelmshav	N	N;NOM;SG
khartoum	khartumin	khartoum	khartumin	N	N;INS;PL
steroid	steroideja	steroid	steroida	N	N;PRT;PL
dakar	dakarissa	dakar	dakari	N	N;IN+ESS;SG
atkinson	atkinson	atkinson	atkinso	N	N;NOM;SG
arlington	arlington	arlington	arlington	N	N;NOM;SG
kessler	kessler	kessler	kessler	N	N;NOM;SG
exeter	exeter	exeter	exeter	N	N;NOM;SG
carrefour	carrefour	carrefour	carrefour	N	N;NOM;SG
fax	faksi	fax	faksi	N	N;NOM;SG
brotherhood	veljeskunta	brotherhood	veljes#kunta	N	N;NOM;SG
stevie	stevie	stevie	stevie	N	N;NOM;SG
banda	banda	banda	banda	N	N;NOM;SG
poseidon	poseidon	poseidon	poseito	N	N;GEN;SG
madame	rouva	madame	rouva	N	N;NOM;SG
madame	madame	madame	madame	N	N;NOM;SG
quito	quito	quito	quito	N	N;NOM;SG
hades	haades	hades	haades	N	N;NOM;SG
dominic	dominic	dominic	dominic	N	N;NOM;SG
sook	sook	sook	sook	N	N;NOM;SG
hague	haagin	hague	haagi	N	N;GEN;SG
arch	kaari	arch	kaari	N	N;NOM;SG
tiffany	tiffany	tiffany	tiffany	N	N;NOM;SG
mathias	mathias	mathias	mathias	N	N;NOM;PL
aureus	aureus	aureus	aureus	N	N;NOM;SG
savannah	savannah	savannah	savan#nahda	N	N;NOM;SG
uranium	uraani	uranium	ura	N	N;PRT;SG
uranium	uraania	uranium	ura#ani	N	N;PRT;SG
léopold	leopold	léopold	leopold	N	N;NOM;SG
uesugi	uesugi	uesugi	uesugi	N	N;NOM;SG
rubik	kuutio	rubik	kuutio	N	N;NOM;SG
rubik	rubik	rubik	rubik	N	N;NOM;SG
ribbon	nauha	ribbon	nauha	N	N;NOM;SG
chul	chul	chul	chul	N	N;NOM;SG
owl	pöllö	owl	pöllö	N	N;NOM;SG
picea	picea	picea	picea	N	N;NOM;SG
siêng	ahkera	siêng	ahkera	ADJ	ADJ;NOM;SG
goliath	goljat	goliath	goljat	N	N;NOM;SG
cdc	cdc	cdc	cdc	N	N;NOM;SG
adsl	adsl	adsl	adsl	N	N;NOM;SG
gaia	gaia	gaia	gaia	N	N;NOM;SG
velasco	velasco	velasco	velasco	N	N;NOM;SG
amelia	amelia	amelia	ameli	N	N;NOM;SG
wook	wook	wook	wook	N	N;NOM;SG
iloilo	iloilo	iloilo	iloilo	N	N;NOM;SG
esa	ekt	esa	ekt	N	N;NOM;SG
krupp	krupp	krupp	krupp	N	N;NOM;SG
osman	osman	osman	osman	N	N;NOM;SG
hasan	hasan	hasan	hasa	N	N;NOM;SG
lte	lte	lte	minä	N	N;NOM;SG
ppm	ppm	ppm	ppm	N	N;NOM;SG
clan	klaani	clan	klaa	N	N;NOM;SG
clan	klaanin	clan	klaani	N	N;GEN;SG
prado	prado	prado	prado	N	N;NOM;SG
oecd	oecd	oecd	oecd	N	N;NOM;SG
fruticosa	fruticosa	fruticosa	fruticosa	N	N;NOM;SG
taiga	taiga	taiga	taiga	N	N;NOM;SG
loop	lenkki	loop	lenkki	N	N;NOM;SG
jive	jive	jive	jive	N	N;NOM;SG
naga	naga	naga	naga	N	N;NOM;SG
lycée	lycée	lycée	lycée	N	N;NOM;SG
