schwartz	schwartz	schwartz	schwartz		
howell	howell	howell	howell		
tolstoy	tolstoi	tolstoy	tolstoi	N	N;SG
jupiter	jupiter	jupiter	jupiter	N	N;SG
velvet	velvet	velvet	velvet		
violacea	violacea	violacea	violacea		
mia	mia	mia	mia		
lara	lara	lara	lara		
bromley	bromley	bromley	bromley		
proxy	volmag	proxy	volmag	N	N;SG
robustus	robustus	robustus	robustus		
shepard	shepard	shepard	shepard		
apiaceae	apiaceae	apiaceae	apiacea	N	N;SG
randolph	randolph	randolph	randolph		
gear	toerusting	gear	toerusting	N	N;SG
olympique	olympique	olympique	olympibu	N	N;SG
coruña	coruña	coruña	coruña		
ôtô	motors	ôtô	motors	N	N;PL
ôtô	karre	ôtô	karr	N	N;PL
fulva	fulva	fulva	fulva		
beaver	beaver	beaver	beaver		
canterbury	canterbury	canterbury	canterbury		
gerhard	gerhard	gerhard	gerhard		
ariel	ariel	ariel	ariel		
fasciatus	fasciatus	fasciatus	fasciatus	N	N;SG
indie	indie	indie	indie		
konrad	konrad	konrad	konrad		
castillo	castillo	castillo	castillo		
kung	kung	kung	kung	N	N;SG
martha	martha	martha	martha		
bloom	bloom	bloom	bloom		
marius	marius	marius	marius		
helmut	helmut	helmut	helmut	N	N;SG
niken	nikkel	niken	nikkel	N	N;SG
sond	sond	sond	sond		
loi	loi	loi	loi		
regina	regina	regina	regina		
cherry	cherry	cherry	cherry		
scout	scout	scout	scout		
agapetus	agapetus	agapetus	agapetus		
bruxelles	bruxelles	bruxelles	bruxelles	N	N;SG
bruxelles	brussels	bruxelles	brussel	N	N;PL
gaston	gaston	gaston	gaston		
sakai	sakai	sakai	sakai		
benn	benn	benn	benn		
punctatus	punctatus	punctatus	punctatus		
romagna	romagna	romagna	romagna		
bergen	bergen	bergen	bergen	N	N;SG
laevis	laevis	laevis	laevis		
shop	winkel	shop	winkel	N	N;SG
shop	winkels	shop	winkels	N	N;PL
roche	roche	roche	roche		
lamiaceae	lamiaceae	lamiaceae	lamiacea	N	N;PL
sonora	sonora	sonora	sonora		
hubert	hubert	hubert	hubert		
bertrand	bertrand	bertrand	bertrand		
wikitext	wikitext	wikitext	wikitext		
valentin	valentin	valentin	valentin		
holly	holly	holly	holly		
fidel	fidel	fidel	fidel		
ash	ash	ash	ash		
brittany	brittany	brittany	brittany		
ret	ret	ret	ret		
pohl	pohl	pohl	pohl		
middlesbrough	middlesbrough	middlesbrough	middlesbrough	N	N;SG
barker	barker	barker	barker		
spitfire	spitfire	spitfire	spitfire		
gurevich	gurevich	gurevich	gurevich		
philipp	philipp	philipp	philipp		
andre	andre	andre	andre		
barton	barton	barton	barton		
pierce	pierce	pierce	pierce		
canary	kanarie	canary	kanarie	N	N;SG
santana	santana	santana	santana		
smithii	smithii	smithii	smithii		
spotted	spotted	spotted	spotted		
cược	bie	cược	bie	N	N;SG
wikimapia	wikimapia	wikimapia	wikimapia		
concorde	concorde	concorde	concorde	N	N;SG
micrantha	micrantha	micrantha	micrantha		
cervus	cervus	cervus	cervus	N	N;SG
brevipes	brevipes	brevipes	brevipe		
sec	sekondes	sec	sekonde	N	N;PL
sec	sek	sec	sek	N	N;SG
narcissus	narsissus	narcissus	narsissus		
nottingham	nottingham	nottingham	nottingham	N	N;SG
angelica	angelica	angelica	angelica		
container	houer	container	houer	N	N;SG
nitrat	nitrate	nitrat	nitraat	N	N;PL
eight	agt	eight	agt	NUM	NUM
hogg	hogg	hogg	hogg		
gmelin	gmelin	gmelin	gmelin		
vesoul	vesoul	vesoul	vesoul		
anchor	bladsy	anchor	bladsy	N	N;SG
vice	vice	vice	vice		
phillip	phillip	phillip	phillip		
barset	barset	barset	barset		
edison	edison	edison	edison	N	N;SG
bravo	bravo	bravo	bravo		
vittata	vittata	vittata	vittata		
goa	goa	goa	goa		
hyperolius	hyperolius	hyperolius	hyperolius		
nicholson	nicholson	nicholson	nicholson		
tigris	tigrisrivier	tigris	tigrisrivier	N	N;SG
soft	sag	soft	sag		
brevis	brevis	brevis	brevis		
mồm	mond	mồm	mond	N	N;SG
pepper	peper	pepper	peper		
hrsg	hrsg	hrsg	hrsg		
dome	dome	dome	dome	N	N;SG
ramsey	ramsey	ramsey	ramsey		
molina	molina	molina	molina		
chòi	hut	chòi	hut	N	N;SG
chòi	kajuit	chòi	kajuit	N	N;SG
andrés	andres	andrés	andres	N	N;SG
tonumber	tonumber	tonumber	tonumber		
drew	drew	drew	drew		
dentata	dentata	dentata	dentata		
cherokee	cherokee	cherokee	cherokee		
hindenburg	hindenburg	hindenburg	hindenburg		
smile	smile	smile	smile		
plutoni	plutonium	plutoni	plutonium	N	N;SG
oxalis	oxalis	oxalis	oxalis		
marguerite	marguerite	marguerite	marguerite		
navbox	navbox	navbox	navbox		
ramesses	ramses	ramesses	ramses	N	N;SG
aeroflot	aeroflot	aeroflot	aeroflot	N	N;SG
rebecca	rebecca	rebecca	rebecca		
trumpet	trompet	trumpet	trompet	N	N;SG
martens	martens	martens	martens		
striatus	striatus	striatus	striatus		
patterson	patterson	patterson	patterson		
bốt	stewels	bốt	stewels	N	N;PL
gsm	gsm	gsm	gsm	N	N;SG
pomorskie	pomorskie	pomorskie	pomorskie		
weasley	weasley	weasley	weasley		
parvula	parvula	parvula	parvula		
hmas	hmas	hmas	hmas	N	N;SG
allegheny	allegheny	allegheny	allegheny		
hub	spil	hub	spil	N	N;SG
gifford	gifford	gifford	gifford		
intercontinental	intercontinental	intercontinental	intercontinental		
carolyn	carolyn	carolyn	carolyn		
geo	geo	geo	geo		
isabel	isabel	isabel	isabel		
olt	olt	olt	olt		
alegre	alegre	alegre	alegr		
anemia	anemie	anemia	anemie	N	N;SG
schwarzenegger	schwarzenegger	schwarzenegger	schwarzenegger		
imp	imp	imp	imp		
albus	albus	albus	albus		
pmid	pmid	pmid	pmid		
wendy	wendy	wendy	wendy		
blackwell	blackwell	blackwell	blackwell		
eteeq	eteeq	eteeq	eteeq		
chocolate	sjokolade	chocolate	sjokolade	N	N;SG
timur	timoer	timur	timoer	N	N;SG
psoe	psoe	psoe	psoe		
collaris	collaris	collaris	collaris	N	N;SG
canis	canis	canis	canis	N	N;SG
fiat	fiat	fiat	fiat	N	N;SG
circus	sirkus	circus	sirkus	N	N;SG
subspecies	subspesie	subspecies	subspesie	N	N;SG
greece	griekeland	greece	griekeland	N	N;SG
oliva	oliva	oliva	oliva		
buchanan	buchanan	buchanan	buchanan		
cent	cent	cent	cent		
lẻn	sluip	lẻn	sluip	V	V;PRS
fra	fra	fra	fra		
desmond	desmond	desmond	desmond		
terra	terra	terra	terra		
nigripes	nigripes	nigripes	nigripe		
neville	neville	neville	neville		
menu	spyskaart	menu	spyskaart	N	N;SG
menu	kieslys	menu	kieslys	N	N;SG
menu	kieslyste	menu	kieslyste	N	N;PL
menu	spyskaarte	menu	spyskaart	N	N;PL
hawking	hawking	hawking	hawking	N	N;SG
cal	cal	cal	cal		
cool	cool	cool	cool		
moreno	moreno	moreno	moreno		
telegraph	telegraph	telegraph	telegraph		
milk	melk	milk	melk		
leucas	leucas	leucas	leucas		
undulata	undulata	undulata	undulata		
rupestris	rupestris	rupestris	rupestris		
graz	graz	graz	graz		
across	oorkant	across	oorkant		
kangaroo	kangaroo	kangaroo	kangaroo		
chrome	chroom	chrome	chroom	N	N;SG
lucida	lucida	lucida	lucida		
saratoga	saratoga	saratoga	saratoga		
irkutsk	irkoetsk	irkutsk	irkoetsk	N	N;SG
intermedius	intermedius	intermedius	intermedius		
debilis	debilis	debilis	debilis		
friuli	friuli	friuli	friuli		
albedo	albedo	albedo	albedo		
hale	hale	hale	haal	N	N;PL
hamburger	hamburgers	hamburger	hamburger	N	N;PL
lift	lift	lift	lift		
aguilar	aguilar	aguilar	aguilar		
gore	gore	gore	gor		
fuscus	fuscus	fuscus	fuscus		
kauai	kauai	kauai	kauai		
ulrich	ulrich	ulrich	ulrich		
nitens	nitens	nitens	nitens		
karelia	karelië	karelia	karelië	N	N;SG
hàu	oesters	hàu	oester	N	N;PL
hàu	oester	hàu	oester	N	N;SG
