annie	annie	annie	annie	N	N;FEM;SG
annie	anita	annie	anitar	N	N;FEM;SG
vinci	vinci	vinci	vinci	N	N;MASC;SG
longifolia	longifolia	longifolia	longifolia	N	N;FEM;SG
pana	pana	pana	panar	N	N;FEM;SG
hubble	hubble	hubble	hubble	N	N;MASC;SG
meisn	meisn	meisn	meisn		
nürnberg	nuremberg	nürnberg	nuremberg	N	N;MASC;PL
antonius	antonio	antonius	antonio	N	N;MASC;SG
ibrahim	ibrahim	ibrahim	ibrahim	N	N;SG
abbas	abbas	abbas	abba	N	N;SG
ashton	ashton	ashton	ashton	N	N;MASC;SG
tripoli	trípoli	tripoli	trípoli	N	N;MASC;SG
elbe	elba	elbe	elba	N	N;FEM;SG
adm	adm	adm	adm	N	N;SG
rhode	rhode	rhode	rhode	N	N;MASC;SG
falkland	falkland	falkland	falkland	N	N;SG
falkland	malvinas	falkland	malvina	N	N;FEM;PL
bung	ampliar	bung	ampliar	V	V;NFIN
bung	expandirse	bung	expandir	V	V;SBJV;SG;3;PRS;FIN
bung	expandir	bung	expandir	V	V;NFIN
jenny	jenny	jenny	jenny	N	N;FEM;SG
pouteria	pouteria	pouteria	pouteria	N	N;SG
krishna	krishna	krishna	krishna	N	N;SG
pulchra	pulchra	pulchra	pulchra	N	N
nachi	nachi	nachi	nachi	N	N
linkin	linkin	linkin	linkin	N	N;MASC;SG
euclid	euclides	euclid	euclid	N	N;MASC;PL
voronezh	voronezh	voronezh	voronezh	N	N;MASC;SG
ieee	ieee	ieee	iree	N	N
chói	brillantez	chói	brillantez	N	N;FEM;SG
fokker	fokker	fokker	fokker	N	N;MASC;SG
pearson	pearson	pearson	pearson	N	N;MASC;SG
gladiolus	gladiolus	gladiolus	gladiolus	N	N
cebu	cebu	cebu	cebu	N	N;MASC;SG
moson	moson	moson	moson		
lốp	neumáticos	lốp	neumático	N	N;MASC;PL
lốp	llantas	lốp	llanta	N	N;FEM;PL
lốp	gomas	lốp	goma	N	N;FEM;PL
lốp	neumático	lốp	neumático	N	N;MASC;SG
lốp	tiro	lốp	tiro	N	N;MASC;SG
lốp	neumático	lốp	neumático	N	N;MASC;SG
lốp	llanta	lốp	llantar	N	N;FEM;SG
popov	popov	popov	popov	N	N;MASC;SG
lorentz	lorentz	lorentz	lorentz	N	N;FEM;SG
moses	moses	moses	mos	N	N
memphis	memphis	memphis	memphis	N	N;MASC;PL
cinnamomum	cinnamomum	cinnamomum	cinnamomum	N	N;SG
norwich	norwich	norwich	norwich	N	N;MASC;SG
clo	cloro	clo	cloro	N	N;MASC;SG
adelaide	adelaida	adelaide	adelaido	N	N;FEM;SG
adelaide	adelaide	adelaide	adelaide	N	N;MASC;SG
nile	nilo	nile	nilo	N	N;MASC;SG
metacritic	metacritic	metacritic	metacritic	N	N;FEM;SG
messier	messier	messier	messier	N	N;MASC;SG
dreams	dreams	dreams	dreams	N	N
dreams	sueños	dreams	sueño	N	N;MASC;PL
nôi	cuna	nôi	cuna	N	N;FEM;SG
nôi	cunas	nôi	cuna	N	N;FEM;PL
huesca	huesca	huesca	huesca	N	N;FEM;SG
kylie	kylie	kylie	kyliar	N	N;FEM;SG
suez	suez	suez	suez	N	N;MASC;SG
yorktown	yorktown	yorktown	yorktown	N	N;MASC;SG
federer	federer	federer	federer	N	N;MASC;SG
bofors	bofors	bofors	bofors	N	N;MASC;SG
yunnanensis	yunnanensis	yunnanensis	yunnanensis	N	N
vụng	torpe	vụng	torpe	ADJ	ADJ;SG
vụng	torpes	vụng	torpe	ADJ	ADJ;PL
zombie	zombi	zombie	zombi	N	N;MASC;SG
zombie	zombis	zombie	zombis	N	N;MASC;PL
ichigo	ichigo	ichigo	ichigo	N	N;MASC;SG
mẩu	arca	mẩu	arca	N	N;FEM;SG
mẩu	hoja	mẩu	hoja	N	N;FEM;SG
mẩu	chapa	mẩu	chapa	N	N;FEM;SG
mẩu	chapas	mẩu	chapa	N	N;FEM;PL
mẩu	sábana	mẩu	sábana	N	N;FEM;SG
mẩu	chapas	mẩu	chapa	N	N;FEM;PL
mẩu	sábanas	mẩu	sábana	N	N;FEM;PL
mẩu	hojas	mẩu	hoja	N	N;FEM;PL
mẩu	sabanas	mẩu	sabana	N	N;FEM;PL
tun	tun	tun	tun		
shō	shō	shō	shō	N	N;MASC;SG
hwa	hwa	hwa	hwa	N	N;SG
anglo	anglo	anglo	anglo	N	N;MASC;SG
palm	palmera	palm	palmera	N	N;FEM;SG
palm	palma	palm	palma	N	N;FEM;SG
fulham	fulham	fulham	fulham	N	N;MASC;SG
root	root	root	root	N	N
root	raíz	root	raíz	N	N;FEM;SG
cinerea	cinerea	cinerea	cinerea	N	N;FEM;SG
nhổ	escupe	nhổ	escupe	V	V;IND;SG;3;PRS;FIN
nhổ	escupiendo	nhổ	escupir	V	V;V.MSDR
nhổ	escupir	nhổ	escupir	V	V;NFIN
nhổ	escupe	nhổ	escupe	V	V;IND;SG;3;PRS;FIN
nhổ	escupir	nhổ	escupir	V	V;NFIN
waterloo	waterloo	waterloo	waterloo	N	N;MASC;SG
citrus	cítricos	citrus	cítrico	N	N;MASC;PL
halifax	halifax	halifax	halifax	N	N;MASC;SG
germar	germar	germar	germar	V	V;NFIN
mollis	mollis	mollis	mollis	N	N
kazan	kazan	kazan	kazar	N	N;MASC;SG
serra	serra	serra	ser	N	N;FEM;SG
archer	arquero	archer	arquero	N	N;MASC;SG
archer	archer	archer	archer	N	N;SG
brooks	arroyos	brooks	arroyo	N	N;MASC;PL
ferry	ferry	ferry	ferry	N	N;MASC;SG
ferry	transbordador	ferry	transbordador	N	N;MASC;SG
ferry	transbordadores	ferry	transbordador	N	N;MASC;PL
strauss	strauss	strauss	straus	N	N
allison	allison	allison	allison	N	N;FEM;SG
lionel	lionel	lionel	lionel	N	N;MASC;SG
orchidee	orchidee	orchidee	orchidee		
cuvier	cuvier	cuvier	cuvier	N	N
mariah	mariah	mariah	mariah	N	N;FEM;SG
aster	aster	aster	aster	N	N
oerlikon	oerlikon	oerlikon	oerlikon	N	N;MASC;SG
curtiss	curtiss	curtiss	curtiss	N	N;SG
serrata	serrata	serrata	serrata	N	N;FEM;SG
tenerife	tenerife	tenerife	tenerife	N	N;MASC;SG
borhidi	borhidi	borhidi	borhidi		
thani	thani	thani	thani	N	N;MASC;SG
vữa	mortero	vữa	mortero	N	N;MASC;SG
vữa	morteros	vữa	mortero	N	N;MASC;PL
catalan	catalán	catalan	catalán	N	N;MASC;SG
giấm	vinagre	giấm	vinagre	N	N;MASC;SG
jtwc	jtwc	jtwc	jtwc	N	N;MASC;SG
hua	hua	hua	hua	N	N;MASC
float	flotador	float	flotador	N	N;MASC;SG
float	carroza	float	carroza	N	N;FEM;SG
hwang	hwang	hwang	hwang	N	N;MASC;SG
rpg	rpg	rpg	rpg	N	N;MASC
compact	compactos	compact	compacto	N	N;MASC;PL
compact	pacto	compact	pacto	N	N;MASC;SG
cyprinidae	cyprinidae	cyprinidae	cyprinidae	N	N;FEM;SG
cornell	cornell	cornell	cornell	N	N;FEM;SG
andersen	andersen	andersen	andersir	N	N;PL
orchideen	orchideen	orchideen	orchidear	N	N
darius	dario	darius	dario	N	N;MASC;SG
darius	darío	darius	darío	N	N;MASC;SG
chiapas	chiapas	chiapas	chiapa	N	N;FEM;PL
benfica	benfica	benfica	benfica	N	N;MASC;SG
comarca	comarca	comarca	comarca	N	N;FEM;SG
acontia	acontia	acontia	acontiar		
sục	poder	sục	poder	V	V;NFIN
ita}}	ita}}	ita}}	ita}}		
mọng	jugosa	mọng	jugoso	ADJ	ADJ;FEM;SG
mọng	jugoso	mọng	jugoso	ADJ	ADJ;MASC;SG
ramos	ramos	ramos	ramo	N	N;MASC;PL
polo	polo	polo	polo	N	N;MASC;SG
prairie	pradera	prairie	pradera	N	N;FEM;SG
timothy	timoteo	timothy	timoteo	N	N;MASC;SG
timothy	timothy	timothy	timothy	N	N;MASC;SG
ieyasu	ieyasu	ieyasu	ieyasu	N	N;FEM;PL
loét	llagas	loét	llaga	N	N;FEM;PL
loét	úlcera	loét	úlcero	N	N;FEM;SG
loét	úlceras	loét	úlcero	N	N;FEM;PL
loét	úlcera	loét	úlcero	N	N;FEM;SG
loét	úlceras	loét	úlcero	N	N;FEM;PL
bernardo	bernardo	bernardo	bernardo	N	N;MASC;SG
passiflora	passiflora	passiflora	passiflora	N	N;FEM;SG
siemens	siemens	siemens	siemens	N	N;MASC;SG
rotterdam	rotterdam	rotterdam	rotterdam	N	N;MASC;SG
vừng	sésamo	vừng	sésamo	N	N;MASC;SG
kiel	kiel	kiel	kiel	N	N;MASC;SG
hikaru	hikaru	hikaru	hikaru	N	N;FEM;SG
mcdonald	mcdonald	mcdonald	mcdonald	N	N;SG
eminem	eminem	eminem	eminem	N	N;MASC;SG
mượt	suave	mượt	suave	ADJ	ADJ;SG
mượt	liso	mượt	liso	ADJ	ADJ;MASC;SG
perth	perth	perth	perth	N	N;MASC;SG
dmitri	dimitri	dmitri	dimitri	N	N;MASC;SG
ozyptila	ozyptila	ozyptila	ozyptila		
proceedings	procedimientos	proceedings	procedimiento	N	N;MASC;PL
satsuma	satsuma	satsuma	satsuma	N	N;FEM;SG
zagreb	zagreb	zagreb	zagreb	N	N;MASC;SG
betula	betula	betula	betula	N	N;SG
mayenne	mayenne	mayenne	mayenne	N	N;MASC;SG
castilleja	castilleja	castilleja	castilleja	N	N;FEM;SG
kun	kun	kun	kun	N	N;MASC;SG
fishbase	fishbase	fishbase	fishbar	N	N
sấy	secar	sấy	secar	V	V;NFIN
sấy	secando	sấy	secar	V	V;V.MSDR
teamb	teamb	teamb	teamb		
sitticus	sitticus	sitticus	sitticus		
pine	pinus	pine	pinu	N	N
pine	pino	pine	pino	N	N;MASC;SG
pine	pinos	pine	pino	N	N;MASC;PL
mol	topos	mol	topo	N	N;MASC;PL
mol	lunares	mol	lunar	N	N;MASC;PL
mol	mol	mol	mol	N	N;MASC;SG
trút	verter	trút	verter	V	V;NFIN
purpurea	purpurea	purpurea	purpurea	N	N;FEM;SG
midlands	midlands	midlands	midlands	N	N;MASC;SG
cardiff	cardiff	cardiff	cardiff	N	N;MASC;SG
vaccinium	vaccinium	vaccinium	vaccinium	N	N;MASC;SG
indo	indo	indo	ir	N	N;MASC;SG
rubra	rubra	rubra	rubrir	N	N;FEM;SG
chat	chat	chat	chat	N	N;MASC;SG
chat	charla	chat	charla	N	N;FEM;SG
zen	zen	zen	zan	N	N;MASC;SG
belgrade	volgogrado	belgrade	volgogrado	N	N;MASC;SG
belgrade	belgrado	belgrade	belgrado	N	N;MASC;SG
teresa	teresa	teresa	teresa	N	N;FEM;SG
đuốc	linternas	đuốc	linterna	N	N;FEM;PL
đuốc	antorchas	đuốc	antorcha	N	N;FEM;PL
đuốc	antorcha	đuốc	antorcha	N	N;FEM;SG
đuốc	soplete	đuốc	soplete	N	N;MASC;SG
tru	tink	tru	tink		
nakamura	nakamura	nakamura	nakamura	N	N;SG
vision	visión	vision	visión	N	N;FEM;SG
vision	vision	vision	vision	N	N;FEM;SG
manning	manning	manning	manning	N	N;MASC;SG
mận	ciruelas	mận	ciruela	N	N;FEM;PL
mận	ciruela	mận	ciruela	N	N;FEM;SG
mận	ciruelas	mận	ciruela	N	N;FEM;PL
nách	pozos	nách	pozo	N	N;MASC;PL
nách	axila	nách	axilar	N	N;FEM;SG
nách	axilas	nách	axila	N	N;FEM;PL
nách	axilas	nách	axila	N	N;FEM;PL
euphrasia	euphrasia	euphrasia	euphrasia	N	N;FEM;SG
firenze	firenze	firenze	firenze	N	N;SG
elvis	elvis	elvis	elvis	N	N;MASC;SG
hesse	hesse	hesse	hesse	N	N;MASC;SG
française	française	française	française	N	N;FEM;SG
xốp	espuma	xốp	espuma	N	N;FEM;SG
xốp	espumas	xốp	espuma	N	N;FEM;PL
ilyushin	ilyushin	ilyushin	ilyushin	N	N;MASC;SG
fra}}	fra}}	fra}}	fra}}		
lisbon	lisboa	lisbon	lisboa	N	N;MASC;SG
reggio	regio	reggio	regio	N	N;MASC;SG
reggio	reggio	reggio	reggio	N	N;MASC;SG
eriogonum	eriogonum	eriogonum	eriogonum	N	N;MASC
paramount	paramount	paramount	paramount	N	N;FEM;SG
benton	benton	benton	benton	N	N;MASC;SG
hít	respirar	hít	respirar	V	V;NFIN
hít	respire	hít	respire	V	V;IMP;SG;3;FIN
hít	respira	hít	respirar	V	V;IND;SG;3;PRS;FIN
rus	rus	rus	ruso	N	N;MASC;SG
canaria	canaria	canaria	canario	N	N;FEM;SG
nexus	nexo	nexus	nexo	N	N;MASC;SG
magiê	magnesio	magiê	magnesio	N	N;MASC;SG
kabul	kabul	kabul	kabul	N	N;SG
preston	preston	preston	preston	N	N;MASC;SG
phraya	phraya	phraya	phraya	N	N;MASC;SG
emi	ime	emi	ime		
börngen	börngen	börngen	börngen		
saitama	saitama	saitama	saitama	N	N;MASC;SG
brabant	brabante	brabant	brabante	N	N;MASC;SG
cave	gruta	cave	gruta	N	N;FEM;SG
cave	cueva	cave	cueva	N	N;FEM;SG
cave	cave	cave	cave	N	N
cave	caverna	cave	caverna	N	N;FEM;SG
lille	lille	lille	lille	N	N;MASC;SG
gustave	gustave	gustave	gustave	N	N;MASC;SG
wembley	wembley	wembley	wembley	N	N;MASC;SG
mustang	mustang	mustang	mustang	N	N;SG
wwf	wwf	wwf	wwf	N	N;SG
vulgaris	vulgaris	vulgaris	vulgaris	N	N;SG
ballet	ballet	ballet	ballet	N	N;MASC;SG
bali	balinés	bali	balinés	N	N;MASC;SG
bali	bali	bali	bali	N	N;MASC;SG
click	clic	click	clic	V	V;SBJV;SG;3;PRS;FIN
malay	malayos	malay	malayo	N	N;MASC;PL
malay	malayo	malay	malayo	N	N;MASC;SG
habana	habana	habana	habanar	N	N;FEM;SG
baldwin	balduino	baldwin	balduino	N	N;MASC;SG
baldwin	baldwin	baldwin	baldwin	N	N;MASC;SG
glauca	glauca	glauca	glauca	N	N;FEM;SG
diva	diva	diva	diva	N	N;FEM;SG
vogel	vogel	vogel	vogel	N	N;SG
aquila	aquila	aquila	aquilar	N	N;FEM;SG
prain	prain	prain	prain		
aubl	aubl	aubl	aubl		
apache	apache	apache	apache	N	N;MASC;SG
apache	apaches	apache	apache	N	N;MASC;PL
swaziland	suazilandia	swaziland	suazilandia	N	N;FEM;SG
swaziland	swazilandia	swaziland	swazilandia	N	N;FEM;SG
ngất	desmayó	ngất	desmayar	V	V;IND;SG;3;PST;FIN
mnet	mnet	mnet	mnet	N	N
angels	ángeles	angels	ángel	N	N;MASC;PL
angels	angeles	angels	angel	N	N;MASC;PL
angels	angelitos	angels	angelito	N	N;MASC;PL
angels	angels	angels	angels	N	N;MASC;PL
cincinnati	cincinnati	cincinnati	cincinnati	N	N;MASC;SG
jalisco	jalisco	jalisco	jalisco	N	N;MASC;SG
linden	linden	linden	lindir	N	N
ada	adda	ada	adda		
albion	albion	albion	albion	N	N;MASC;SG
pixar	pixar	pixar	pixar	N	N;FEM;SG
campos	campos	campos	campo	N	N;MASC;PL
kohl	kohl	kohl	kohl	N	N;MASC;SG
quincy	quincy	quincy	quincy	N	N;MASC;SG
ornata	ornata	ornata	ornata	N	N;FEM;SG
dante	dante	dante	dante		
fury	furia	fury	furia	N	N;FEM;SG
fury	fury	fury	fury	N	N
fury	furor	fury	furor	N	N;MASC;SG
maculatus	maculatus	maculatus	maculatus	N	N
oahu	oahu	oahu	oahu	N	N;MASC;SG
cabo	cabo	cabo	cabo	N	N;MASC;SG
jolie	jolie	jolie	jolie	N	N;FEM;SG
summerh	summerh	summerh	summerh		
kota	kota	kota	kota	N	N;FEM;SG
bauhinia	bauhinia	bauhinia	bauhinia	N	N;FEM;SG
alessandro	alessandro	alessandro	alessandro	N	N;MASC;SG
log	troncos	log	tronco	N	N;MASC;PL
log	tronco	log	tronco	N	N;MASC;SG
log	bitácora	log	bitácora	N	N;FEM;SG
springer	springer	springer	springer	N	N
barnard	barnard	barnard	barnard	N	N;SG
sabre	sable	sabre	sable	N	N;MASC;SG
thebes	tebas	thebes	teber	N	N;FEM;SG
guillaumin	guillaumin	guillaumin	guillaumin	N	N;FEM;SG
plasma	plasma	plasma	plasma	N	N;SG
versicolor	versicolor	versicolor	versicolor	ADJ	ADJ;SG
avro	avro	avro	avro	N	N;MASC;SG
taekwondo	taekwondo	taekwondo	taekwondo	N	N;MASC;SG
shinsengumi	shinsengumi	shinsengumi	shinsengumi	N	N;MASC;SG
minutus	minutus	minutus	minutus	N	N
yangon	yangon	yangon	yangon	N	N;MASC;SG
calamus	calamus	calamus	calamus	N	N
strike	strike	strike	strikir	N	N
strike	huelga	strike	huelga	N	N;FEM;SG
bucharest	bucarest	bucharest	bucarest	N	N;MASC;SG
konstantinos	constantine	konstantinos	constantine	N	N;SG
konstantinos	constantino	konstantinos	constantino	N	N;MASC;SG
eudonia	eudonia	eudonia	eudonia		
lufthansa	lufthansa	lufthansa	lufthansa	N	N;FEM;SG
connor	connor	connor	connor	N	N;SG
dynamo	dynamo	dynamo	dynamo	N	N;MASC;SG
dynamo	dinamo	dynamo	dinamo	N	N;MASC;SG
harrier	harrier	harrier	harrier	N	N;MASC;SG
caudata	caudata	caudata	caudata	N	N;FEM;SG
ôliu	aceituna	ôliu	aceituna	N	N;FEM;SG
ôliu	olivos	ôliu	olivo	N	N;MASC;PL
ôliu	olive	ôliu	olive	N	N
ôliu	oliva	ôliu	oliva	N	N;FEM;SG
ôliu	olivos	ôliu	olivo	N	N;MASC;PL
ôliu	aceituna	ôliu	aceituna	N	N;FEM;SG
ôliu	aceitunas	ôliu	aceituna	N	N;FEM;PL
shakira	shakira	shakira	shakir	N	N;FEM;SG
sứa	medusas	sứa	medusa	N	N;FEM;PL
sứa	medusa	sứa	medusa	N	N;FEM;SG
benoit	benoit	benoit	benoit	N	N;MASC;SG
richland	richland	richland	richland	N	N;MASC;SG
atlantique	atlantique	atlantique	atlanticar	N	N;MASC;SG
cromwell	cromwell	cromwell	cromwell	N	N;MASC;SG
queens	reinas	queens	reina	N	N;FEM;PL
queens	queens	queens	queens	N	N;SG
cello	chelo	cello	chelo	N	N;MASC;SG
cello	violonchelo	cello	violonchelo	N	N;MASC;SG
robertson	robertson	robertson	robertson	N	N;MASC;SG
quầy	chef	quầy	chef	N	N;MASC;SG
quầy	cocinero	quầy	cocinero	N	N;MASC;SG
hae	hae	hae	haber	N	N;SG
dracula	drácula	dracula	drácula	N	N;FEM;SG
dracula	dracula	dracula	dracular	N	N;SG
metropolitan	metropolitana	metropolitan	metropolitano	N	N;FEM;SG
metropolitan	metropolitan	metropolitan	metropolitar	N	N;SG
vendée	vendée	vendée	vendée	N	N;FEM;SG
tonga	tonga	tonga	toner	N	N;FEM;SG
andaman	andaman	andaman	andamar	N	N;MASC;SG
pass	watch	pass	watch	N	N
pass	reloj	pass	reloj	N	N;MASC;SG
pass	paso	pass	paso	N	N;MASC;SG
baja	baja	baja	baja	N	N;FEM;SG
dam	dam	dam	dam	N	N;MASC
dam	presa	dam	presa	N	N;FEM;SG
dam	embalse	dam	embalse	N	N;MASC;SG
dam	represa	dam	represar	N	N;FEM;SG
dam	dique	dam	dique	N	N;MASC;SG
canyon	canyon	canyon	canyo	N	N;MASC;SG
canyon	cañón	canyon	cañón	N	N;MASC;SG
canyon	cañon	canyon	cañon	N	N;MASC;SG
malacca	malaca	malacca	malacar	N	N;FEM;SG
walther	walther	walther	walther	N	N;FEM;SG
christie	christie	christie	christie	N	N;FEM;SG
chấu	langostas	chấu	langosta	N	N;FEM;PL
marlborough	marlborough	marlborough	marlborough	N	N;MASC;SG
fleet	flota	fleet	flota	N	N;FEM;SG
fleet	flotas	fleet	flota	N	N;FEM;PL
tours	giras	tours	gira	N	N;FEM;PL
tours	excursiones	tours	excursión	N	N;FEM;PL
tours	tours	tours	tour	N	N;MASC;PL
tours	recorridos	tours	recorrido	N	N;MASC;PL
canadensis	canadensis	canadensis	canadensis	N	N
maldives	maldivas	maldives	maldiva	N	N;FEM;PL
castellón	castellón	castellón	castellón	N	N;FEM;SG
rosea	rosea	rosea	rosea	N	N;SG
rollins	rollins	rollins	rollins	N	N;SG
rollins	rawlins	rollins	rawlins	N	N;MASC
antwerp	amberes	antwerp	amberes	N	N;MASC;SG
sevastopol	sebastopol	sevastopol	sebastopol	N	N;MASC;SG
jeju	jeju	jeju	jeju	N	N;MASC;SG
diếp	lechuga	diếp	lechuga	N	N;FEM;SG
lesotho	lesotho	lesotho	lesotho	N	N;MASC;SG
maslin	maslin	maslin	maslin		
ultra	ultra	ultra	ultra	N	N
xxx	xxx	xxx	xxx		
arcade	arcade	arcade	arcade	N	N;FEM;SG
kolkata	calcuta	kolkata	calcuta	N	N;FEM;SG
reef	arrecife	reef	arrecifar	N	N;MASC;SG
reef	arrecifes	reef	arrecif	N	N;MASC;PL
wasp	avispa	wasp	avispar	N	N;FEM;SG
boong	barajas	boong	baraja	N	N;FEM;PL
boong	mazo	boong	mazo	N	N;MASC;SG
boong	baraja	boong	barajar	N	N;FEM;SG
andalusia	andalucia	andalusia	andalucia	N	N;FEM;SG
andalusia	andalucía	andalusia	andalucía	N	N;FEM;SG
lindau	lindau	lindau	lindau	N	N;MASC;SG
kawasaki	kawasaki	kawasaki	kawasaki	N	N;FEM;SG
bactria	bactria	bactria	bactria	N	N;MASC;SG
amanda	amanda	amanda	amanda	N	N;FEM;SG
mrkos	mrkos	mrkos	mrko		
goethe	goethe	goethe	goethe	N	N;MASC;SG
cnn	cnn	cnn	cnn	N	N;MASC;SG
cúi	doblar	cúi	doblar	V	V;NFIN
japonicus	japonicus	japonicus	japonicus	N	N
chum	carnada	chum	carnada	N	N;FEM;SG
granit	granit	granit	granit	N	N
nhấp	clic	nhấp	clic	V	V;SBJV;SG;3;PRS;FIN
birdlife	birdlife	birdlife	birdlife	N	N;FEM;SG
gaius	cayo	gaius	cayo	N	N;MASC;SG
gaius	gaius	gaius	gaius	N	N;MASC;SG
antilles	antillas	antilles	antillo	N	N;FEM;PL
seki	seki	seki	seki	N	N;MASC;SG
ekaterina	ekaterina	ekaterina	ekaterina	N	N;FEM;SG
populus	populus	populus	populus	N	N
shark	tiburones	shark	tiburón	N	N;MASC;PL
shark	tiburón	shark	tiburón	N	N;MASC;SG
flagstaff	flagstaff	flagstaff	flagstaff	N	N;MASC;PL
messina	messina	messina	messina	N	N;MASC;SG
sếu	grúas	sếu	grua	N	N;FEM;PL
sếu	grúa	sếu	grúa	N	N;FEM;SG
sếu	crane	sếu	crane	N	N;SG
sếu	grulla	sếu	grulla	N	N;FEM;SG
mandela	mandela	mandela	mandela	N	N;SG
metallica	metallica	metallica	metallica	N	N;FEM;SG
scorea	scorea	scorea	scorea		
asm	asm	asm	asm	N	N;MASC;SG
xiếc	circus	xiếc	circus	N	N
xiếc	circo	xiếc	circo	N	N;MASC;SG
gigas	gigas	gigas	giga	N	N;FEM;PL
dae	dae	dae	dae	N	N;SG
altlink	altlink	altlink	altlink		
erwin	erwin	erwin	erwin	N	N;MASC;SG
belfast	belfast	belfast	belfast	N	N;MASC;SG
linn	linn	linn	linn	N	N;SG
joy	alegria	joy	alegria	N	N;FEM;SG
joy	alegría	joy	alegría	N	N;FEM;SG
joy	gozo	joy	gozo	N	N;MASC;SG
macau	macao	macau	macao	N	N;MASC;SG
tyrannidae	tyrannidae	tyrannidae	tyrannidae	N	N;FEM;SG
erysimum	erysimum	erysimum	erysimum		
bryansk	briansk	bryansk	briansk	N	N;MASC;SG
jasper	jasper	jasper	jasper	N	N;MASC;SG
nba	nba	nba	nba	N	N;FEM;SG
phở	pho	phở	pho	N	N;MASC;PL
trafford	trafford	trafford	trafford	N	N;MASC;SG
affairs	asuntos	affairs	asunto	N	N;MASC;PL
emirates	emiratos	emirates	emirato	N	N;MASC;PL
terme	terme	terme	terme	N	N;MASC
swiss	swiss	swiss	swiss	N	N
swiss	suiza	swiss	suiza	N	N;FEM;SG
swiss	suizo	swiss	suizo	N	N;MASC;SG
chin	chin	chin	chin	N	N;MASC;SG
chin	barbilla	chin	barbilla	N	N;FEM;SG
chin	mentón	chin	mentón	N	N;MASC;SG
clemson	clemson	clemson	clemson	N	N;MASC;SG
ahn	ivanov	ahn	ivanov	N	N;MASC;SG
ahn	ahn	ahn	ahn	N	N
dĩa	placa	dĩa	placa	N	N;FEM;SG
dĩa	placas	dĩa	placa	N	N;FEM;PL
dĩa	plato	dĩa	plato	N	N;MASC;SG
valenciennes	valenciennes	valenciennes	valenciennes	N	N
muang	muang	muang	muang	N	N;MASC;SG
rna	raúl	rna	raúl	N	N;MASC;SG
rna	arn	rna	arn	N	N;MASC;SG
khoe	espectáculos	khoe	espectáculo	N	N;MASC;PL
khoe	shows	khoe	show	N	N;MASC;PL
maha	maha	maha	maha	N	N;SG
usda	usda	usda	usdo	N	N;SG
tyson	tyson	tyson	tyson	N	N;MASC;SG
sonic	sonic	sonic	sonic	N	N;MASC;SG
johor	johor	johor	johor	N	N;MASC;SG
dượng	vernon	dượng	vernon	N	N;MASC;SG
dượng	padrastro	dượng	padrastro	N	N;MASC;SG
sigma	sigma	sigma	sigmar	N	N;SG
ubuntu	ubuntu	ubuntu	ubuntu	N	N
tallinn	tallin	tallinn	tallin	N	N;MASC;SG
sparrow	sparrow	sparrow	sparrow	N	N;MASC;SG
sparrow	gorrión	sparrow	gorrión	N	N;MASC;SG
banh	bola	banh	bola	N	N;FEM;SG
banh	balón	banh	balón	N	N;MASC;SG
banh	pelota	banh	pelota	N	N;FEM;SG
banh	ball	banh	ball	N	N;MASC;SG
yucatán	yucatán	yucatán	yucatán	N	N;MASC;SG
yucatán	yucatán	yucatán	yucatán	N	N;MASC;SG
wakayama	wakayama	wakayama	wakayama	N	N;MASC;SG
wii	wii	wii	wii	N	N;SG
amazonas	amazonas	amazonas	amazona	N	N;FEM;PL
almería	almería	almería	almería	N	N;FEM;SG
martínez	martínez	martínez	martínez	N	N;MASC;SG
thames	támesis	thames	támesis	N	N;MASC
guadeloupe	guadalupe	guadeloupe	guadalupe	N	N;FEM;SG
cumberland	cumberland	cumberland	cumberland	N	N;MASC;SG
mụn	acné	mụn	acnar	N	N;MASC;SG
catasetum	catasetum	catasetum	catasetum	N	N;FEM;SG
mustafa	mustafa	mustafa	mustafa	N	N;SG
romero	romero	romero	romero	N	N;MASC;SG
messerschmitt	messerschmitt	messerschmitt	messerschmitt	N	N;MASC;SG
cardamine	cardamine	cardamine	cardamine	N	N;SG
saladin	saladino	saladin	saladino	N	N;MASC;SG
asturias	asturias	asturias	asturio	N	N;FEM;PL
weimar	weimar	weimar	weimar	N	N;FEM;SG
gauss	gauss	gauss	gauss	N	N;MASC;SG
banner	senderos	banner	sendero	N	N;MASC;PL
banner	caminos	banner	camino	N	N;MASC;PL
banner	pancarta	banner	pancarta	N	N;FEM;SG
banner	estandarte	banner	estandarte	N	N;MASC;SG
banner	bandera	banner	bandera	N	N;FEM;SG
banner	banner	banner	banner	N	N;MASC;SG
wikidata	wikidata	wikidata	wikidata	N	N;FEM;SG
pao	libras	pao	libra	N	N;MASC;PL
tơi	arreglos	tơi	arreglo	N	N;MASC;PL
mindanao	mindanao	mindanao	mindanao	N	N;FEM;SG
meridionalis	meridionalis	meridionalis	meridionalis	ADJ	ADJ;SG
africanus	africanus	africanus	africanus	N	N
hindi	hindi	hindi	hindi	N	N;SG
tango	tango	tango	tango	N	N;MASC;SG
desmodium	desmodium	desmodium	desmodium	N	N;MASC;SG
empires	imperios	empires	imperio	N	N;MASC;PL
jesse	jesse	jesse	jesse	N	N;SG
adrian	adriano	adrian	adriano	N	N;MASC;SG
indicus	indicus	indicus	indicus	N	N
prescott	prescott	prescott	prescott	N	N;MASC;SG
albrecht	albrecht	albrecht	albrecht	N	N;MASC;SG
marsh	marismas	marsh	marisma	N	N;FEM;PL
marsh	pantano	marsh	pantano	N	N;MASC;SG
marsh	marsh	marsh	marsh	N	N;SG
suwon	suwon	suwon	suwon	N	N;MASC;SG
coldplay	coldplay	coldplay	coldplay	N	N;FEM;SG
kwon	kwon	kwon	kwon	N	N;MASC;SG
dyar	dyar	dyar	dyar		
yamaguchi	yamaguchi	yamaguchi	yamaguchi	N	N;MASC;SG
brit	britt	brit	britt	N	N;FEM;SG
brit	brit	brit	brit	N	N
bờm	melena	bờm	melena	N	N;FEM;SG
zeno	zeno	zeno	zeno	N	N;MASC;SG
mussolini	mussolini	mussolini	mussolini	N	N;MASC;SG
joshua	joshua	joshua	joshuir	N	N;SG
demetrios	demetrio	demetrios	demetrio	N	N;MASC;SG
nhk	nhk	nhk	nhk	N	N;FEM;SG
montevideo	montevideo	montevideo	montevideo	N	N;MASC;SG
combretum	combretum	combretum	combretum	N	N
neon	neón	neon	neón	N	N;MASC;SG
neon	neon	neon	neon	N	N;MASC;SG
hoon	hoon	hoon	hoon	N	N
richter	richter	richter	richter	N	N;FEM;SG
gamble	apuesta	gamble	apuesta	N	N;FEM;SG
gamble	gamble	gamble	gamble	N	N;SG
shiki	shiki	shiki	shiki	N	N;SG
kurd	kurdo	kurd	kurdo	N	N;MASC;SG
kurd	kurdos	kurd	kurdo	N	N;MASC;PL
kurd	kurdo	kurd	kurdo	N	N;MASC;SG
mercer	mercer	mercer	mercer	N	N;MASC;SG
bethlehem	belén	bethlehem	belén	N	N;MASC;SG
bolt	bolt	bolt	bolt	N	N;MASC;SG
bolt	cerrojo	bolt	cerrojo	N	N;MASC;SG
sidi	sidi	sidi	sidi	N	N;MASC;SG
imf	imf	imf	imf	N	N
lactuca	lactuca	lactuca	lactuca	N	N;FEM;SG
mickey	mickey	mickey	mickey	N	N;MASC;SG
natalensis	natalensis	natalensis	natalensis	N	N
grenada	granada	grenada	granada	N	N;FEM;SG
uesac	uesac	uesac	uesac		
claudia	claudia	claudia	claudia	N	N;FEM;SG
dynamics	dinámica	dynamics	dinámica	N	N;FEM;SG
disa	disa	disa	disa	N	N;FEM;SG
sunda	sunda	sunda	sunda	N	N;MASC;SG
stoke	stoke	stoke	stoke	N	N;MASC;SG
eduardo	eduardo	eduardo	eduardo	N	N;MASC;SG
quăng	tirar	quăng	tirar	V	V;NFIN
yen	yenes	yen	yen	N	N;MASC;PL
yen	yen	yen	yen	N	N;MASC;SG
sedis	sedis	sedis	sedis	N	N
werder	werder	werder	werder	N	N;MASC;SG
seal	foca	seal	foca	N	N;FEM;SG
seal	sello	seal	sello	N	N;MASC;SG
albany	albany	albany	albany	N	N;MASC;SG
nesom	nesom	nesom	nesom		
bloch	bloch	bloch	bloch	N	N;SG
albacete	albacete	albacete	albacete	N	N;FEM;SG
blade	hoja	blade	hoja	N	N;FEM;SG
blade	blade	blade	blade	N	N
blade	filo	blade	filo	N	N;MASC;SG
blade	espada	blade	espada	N	N;FEM;SG
blade	cuchilla	blade	cuchilla	N	N;FEM;SG
gundam	gundam	gundam	gundam	N	N;SG
mat	alimentación	mat	alimentación	N	N;FEM;SG
mat	alimento	mat	alimento	N	N;MASC;SG
mat	alimentos	mat	alimento	N	N;MASC;PL
mat	comida	mat	comida	N	N;FEM;SG
mat	tapete	mat	tapete	N	N;MASC;SG
disco	discoteca	disco	discoteca	N	N;FEM;SG
disco	disco	disco	disco	N	N;MASC;SG
rufa	rufa	rufa	rufa	N	N;FEM;SG
heinkel	heinkel	heinkel	heinkel	N	N;MASC;SG
gsub	gsub	gsub	gsub		
penny	centavo	penny	centavo	N	N;MASC;SG
penny	penique	penny	penique	N	N;MASC;SG
penny	penny	penny	penny	N	N;FEM;SG
penny	céntimo	penny	céntimo	N	N;MASC;SG
quýt	mandarina	quýt	mandarino	N	N;FEM;SG
quýt	mandarín	quýt	mandarín	N	N;MASC;SG
quýt	mandarina	quýt	mandarino	N	N;FEM;SG
sunni	sunitas	sunni	sunita	N	N;PL
minamoto	minamoto	minamoto	minamoto	N	N;MASC;SG
node	nodo	node	nodo	N	N;MASC;SG
tiberius	tiberio	tiberius	tiberio	N	N;MASC;SG
engels	engels	engels	engels	N	N;MASC;SG
lynn	lynn	lynn	lynn	N	N;FEM;SG
durham	durham	durham	durham	N	N;MASC;SG
chae	chae	chae	chaer	N	N;FEM;SG
chong	chong	chong	chong	N	N;MASC;SG
hót	canto	hót	canto	N	N;MASC;SG
hót	cantos	hót	canto	N	N;MASC;PL
coloma	coloma	coloma	coloma	N	N;FEM;SG
thor	thor	thor	thor	N	N;MASC;SG
sandbox	arenero	sandbox	arenero	N	N;MASC;SG
padova	padua	padova	padua	N	N;FEM;SG
padova	padova	padova	padova	N	N;MASC;SG
ovata	ovata	ovata	ovata	N	N;FEM;SG
comoros	comoras	comoros	comora	N	N;FEM;PL
palustris	palustris	palustris	palustris	N	N
xavier	javier	xavier	javier		
blücher	blücher	blücher	blücher	N	N;MASC;SG
xòe	tutu	xòe	tutu	N	N;MASC;SG
fao	fao	fao	fao	N	N;FEM;SG
r}}	r}}	r}}	r}}		
emil	emil	emil	emil	N	N;MASC;SG
emil	emilio	emil	emilio	N	N;MASC;SG
klaus	klaus	klaus	klau	N	N;MASC;SG
gorbachev	gorbachov	gorbachev	gorbachov	N	N;FEM;SG
resort	resort	resort	resort	N	N;MASC;SG
corinna	corinna	corinna	corinna	N	N;FEM;SG
pers	pers	pers	pers	N	N
papilionidae	papilionidae	papilionidae	papilionidae	N	N;FEM;SG
samar	samar	samar	samar	N	N;SG
taira	taira	taira	taira	N	N;SG
castel	castel	castel	castel	N	N;MASC;SG
bmw	bmw	bmw	bmw	N	N;MASC;SG
sumer	sumerio	sumer	sumerio	N	N;MASC;SG
vocals	vocales	vocals	vocal	N	N;PL
vocals	voces	vocals	voz	N	N;FEM;PL
toro	toro	toro	toro	N	N;MASC;SG
fpt	fpt	fpt	fpt	N	N;SG
allmusic	allmusic	allmusic	allmusic	N	N;MASC;SG
chihuahua	chihuahua	chihuahua	chihuahua	N	N;FEM;SG
descartes	descartes	descartes	descarte	N	N;MASC;PL
madeira	madeira	madeira	madeira	N	N;MASC;SG
micro	micrófono	micro	micrófono	N	N;MASC;SG
thìa	cucharas	thìa	cuchar	N	N;FEM;PL
cristata	cristata	cristata	cristata	N	N;SG
blanc	blanc	blanc	blanc	N	N;MASC;SG
medici	medici	medici	medici	N	N
gien	genes	gien	gen	N	N;MASC;PL
gien	gene	gien	gene	N	N
gien	gen	gien	gen	N	N;MASC;SG
gien	genes	gien	gen	N	N;MASC;PL
cornwall	cornualles	cornwall	cornualle	N	N;PL
cornwall	cornwall	cornwall	cornwall	N	N;MASC;SG
uae	eau	uae	eau	N	N;MASC;SG
uae	emiratos	uae	emirato	N	N;MASC;PL
scharnhorst	scharnhorst	scharnhorst	scharnhorst	N	N;MASC;SG
bains	bains	bains	bains	N	N;MASC
luzula	luzula	luzula	luzula	N	N;FEM;SG
hormone	hormonas	hormone	hormona	N	N;FEM;PL
hormone	hormona	hormone	hormona	N	N;FEM;SG
hormone	hormonas	hormone	hormona	N	N;FEM;PL
michx	michx	michx	michx		
kan	kan	kan	kan	N	N;SG
beirut	beirut	beirut	beirut	N	N;MASC;SG
carabus	carabus	carabus	carabus	N	N
dot	dot	dot	dat	N	N
dot	punto	dot	punto	N	N;MASC;SG
andersson	andersson	andersson	andersson	N	N;MASC;SG
elip	elipse	elip	elepse	N	N;FEM;SG
lafayette	lafayette	lafayette	lafayette	N	N;MASC;SG
willem	willem	willem	willem	N	N;MASC;SG
tatar	tártaros	tatar	tártaro	N	N;MASC;PL
tatar	tártaro	tatar	tártaro	N	N;MASC;SG
boom	bang	boom	bang	N	N
boom	boom	boom	boom	N	N;MASC;SG
boom	auge	boom	auge	N	N;MASC;SG
dumbledore	dumbledore	dumbledore	dumbledore	N	N;MASC;SG
reo	sonó	reo	sonar	V	V;IND;SG;3;PST;FIN
reo	dudar	reo	dudar	V	V;NFIN
reo	dudo	reo	dudo	V	V;IMP;SG;1;PRS;FIN
reo	sonando	reo	sonar	V	V;V.MSDR
brunnea	brunnea	brunnea	brunnea		
khun	khun	khun	khun	N	N
fiction	ficción	fiction	ficción	N	N;FEM;SG
musashi	musashi	musashi	musashi	N	N
pluto	plutón	pluto	plutón	N	N;MASC;SG
adobe	adobe	adobe	adobar	N	N;SG
shizuka	shizuka	shizuka	shizuka	N	N;FEM;SG
hochst	hochst	hochst	hochst		
vermont	vermont	vermont	vermont	N	N;MASC;SG
sụn	cartílago	sụn	cartílago	N	N;MASC;SG
kato	kato	kato	kato	N	N;MASC;SG
bouchet	bouchet	bouchet	bouchet	N	N;FEM;SG
doc	doc	doc	doc		
dianthus	dianthus	dianthus	dianthus	N	N
khalip	califa	khalip	califa	N	N;MASC;SG
antiochos	antíoco	antiochos	antíoco	N	N;MASC;SG
schalke	schalke	schalke	schalke	N	N;MASC;SG
cremona	cremona	cremona	cremona	N	N;FEM;SG
handel	handel	handel	handel	N	N;SG
piston	pistones	piston	pistón	N	N;MASC;PL
piston	pistón	piston	pistón	N	N;MASC;SG
cattleya	cattleya	cattleya	cattleya	N	N;FEM;SG
lange	lange	lange	lange	N	N;SG
liti	litio	liti	litio	N	N;MASC;SG
mehmed	mehmed	mehmed	mehmed	N	N;MASC;SG
cayman	calgary	cayman	calgary	N	N;MASC;SG
cayman	caimán	cayman	caimán	N	N;MASC;SG
summit	cumbre	summit	cumbre	N	N;FEM;SG
summit	cima	summit	cima	N	N;FEM;SG
summit	summit	summit	summit	N	N;MASC;SG
summit	cumbres	summit	cumbre	N	N;FEM;PL
martinique	martinica	martinique	martinicar	N	N;FEM;SG
wanda	wanda	wanda	wanda	N	N;FEM;SG
budde	budde	budde	budde		
saxophone	saxo	saxophone	saxo	N	N;MASC;SG
saxophone	saxofón	saxophone	saxofón	N	N;MASC;SG
baghdad	bagdad	baghdad	bagdad	N	N;MASC;SG
ryukyu	ryukyu	ryukyu	ryukyu	N	N;FEM;SG
tolstoy	tolstoi	tolstoy	tolstoi	N	N;MASC;SG
palawan	palawan	palawan	palawar	N	N;MASC;SG
neptune	neptuno	neptune	neptuno	N	N;MASC;SG
jupiter	júpiter	jupiter	júpiter	N	N;MASC;SG
alfonso	alfonso	alfonso	alfonso	N	N;MASC;SG
proxy	proxy	proxy	proxy	N	N;MASC;SG
djibouti	djibouti	djibouti	djibouti	N	N;FEM;SG
hattori	hattori	hattori	hattori	N	N;MASC;SG
musa	musa	musa	musa	N	N;FEM;SG
bromus	bromus	bromus	bromu	N	N
acta	acta	acta	acta	N	N;FEM;SG
akb	akb	akb	akb		
californica	californica	californica	californico	N	N;FEM;SG
shogakukan	shogakukan	shogakukan	shogakukar	N	N;SG
norodom	norodom	norodom	norodom	N	N;MASC;SG
funk	funk	funk	funk	N	N;MASC;SG
jharkhand	jharkhand	jharkhand	jharkhand	N	N;MASC;SG
dmitry	dmitry	dmitry	dmitry	N	N;MASC;SG
apiaceae	apiaceae	apiaceae	apiaceae	N	N;FEM;SG
