alessandro	alessandro	alessandro	alessandro	N	N;NOM;MASC;SG
ekman	ekman	ekman	ekman		
log	dnevnik	log	dnevnik	N	N;NOM;MASC;SG
springer	springer	springer	springer	N	N;NOM;MASC;SG
barnard	barnard	barnard	barnard	N	N;NOM;MASC;SG
sabre	sabre	sabre	sabra	N	N;NOM;MASC;SG
claudius	klaudije	claudius	klaudija	N	N;NOM;MASC;SG
guillaumin	guillaumin	guillaumin	guillaumin	N	N;NOM;MASC;SG
plasma	plazma	plasma	plazma	N	N;NOM;FEM;SG
plasma	plazme	plasma	plazma	N	N;NOM;FEM;PL
plasma	plazmu	plasma	plazma	N	N;ACC;FEM;SG
avro	avro	avro	avro	N	N;NOM;MASC;SG
taekwondo	taekwondo	taekwondo	taekwondo	N	N;NOM;MASC;SG
minutus	minutus	minutus	minutus	N	N;ACC;FEM;SG
calamus	calamus	calamus	calamus	N	N;NOM;MASC;SG
strike	štrajk	strike	štrajk	N	N;NOM;MASC;SG
bucharest	bukurešta	bucharest	bukurešt	N	N;GEN;NEUT;SG
bucharest	bukurešt	bucharest	bukurešt	N	N;NOM;FEM;SG
konstantinos	konstantin	konstantinos	konstantin	N	N;NOM;MASC;SG
konstantinos	constantine	konstantinos	constantina	N	N;NOM;FEM;SG
shehbaz	shehbaz	shehbaz	shehbaz	N	N;NOM;MASC;SG
lufthansa	lufthansa	lufthansa	lufthans	N	N;NOM;MASC;SG
dynamo	dinamo	dynamo	dinamo	N	N;NOM;MASC;SG
caudata	caudata	caudata	caudat	N	N;ACC;MASC;SG
ôliu	maslina	ôliu	maslina	N	N;NOM;FEM;SG
ôliu	masline	ôliu	maslina	N	N;NOM;FEM;PL
ôliu	maslina	ôliu	maslina	N	N;NOM;FEM;SG
ôliu	masline	ôliu	maslina	N	N;NOM;FEM;PL
shakira	shakira	shakira	shakirati	N	N;NOM;FEM;SG
sứa	meduze	sứa	meduz	N	N;NOM;FEM;PL
sứa	meduza	sứa	meduz	N	N;NOM;FEM;SG
benoit	benoit	benoit	benoit	N	N;NOM;MASC;SG
atlantique	atlantique	atlantique	atlantique	N	N;NOM;MASC;SG
cromwell	cromwell	cromwell	cromwell	N	N;NOM;MASC;SG
queens	queensu	queens	queens	N	N;DAT;MASC;SG
queens	kraljice	queens	kraljica	N	N;NOM;FEM;PL
cello	čelo	cello	čelo	N	N;NOM;NEUT;SG
rán	prženje	rán	prženje	N	N;NOM;NEUT;SG
quầy	kuhar	quầy	kuhar	N	N;NOM;MASC;SG
quầy	chef	quầy	chef	N	N;NOM;MASC;SG
maxon	maxon	maxon	maxon		
dracula	drakula	dracula	drakul	N	N;NOM;FEM;SG
dracula	dracula	dracula	dracul	N	N;NOM;MASC;SG
tonga	tonga	tonga	tong	N	N;NOM;MASC;SG
territoire	territoire	territoire	territoira	N	N;NOM;MASC;SG
baja	baja	baja	baja	N	N;NOM;MASC;SG
dam	brane	dam	brana	N	N;NOM;FEM;PL
dam	brana	dam	brana	N	N;NOM;FEM;SG
canyon	kanjon	canyon	kanjon	N	N;NOM;MASC;SG
walther	walther	walther	walther	N	N;NOM;MASC;SG
christie	kristi	christie	krist	N	N;NOM;MASC;SG
christie	christie	christie	christiti	N	N;NOM;FEM;SG
oeste	oeste	oeste	oesti		
eremophila	eremophila	eremophila	eremophil	V	V;FEM;SG;PST;V.PTCP;ACT
chấu	skakavci	chấu	skakavac	N	N;NOM;MASC;PL
marlborough	marlborough	marlborough	marlborough	N	N;NOM;MASC;SG
fleet	flote	fleet	flota	N	N;NOM;FEM;PL
fleet	flota	fleet	flota	N	N;NOM;FEM;SG
tours	ture	tours	tura	N	N;NOM;FEM;PL
macquart	macquart	macquart	macquart	N	N;NOM;MASC;SG
maldives	maldivima	maldives	maldiv	N	N;DAT;MASC;PL
javier	javier	javier	javier	N	N;NOM;MASC;SG
erigone	erigone	erigone	erigon		
rollins	rollins	rollins	rollins	N	N;NOM;MASC;SG
soricomorpha	soricomorpha	soricomorpha	soricomorph	N	N;INS;FEM;SG
woodson	woodson	woodson	woodson		
antwerp	antwerpenu	antwerp	antwerpen	N	N;DAT;MASC;SG
sevastopol	sevastopolj	sevastopol	sevastopolj	N	N;NOM;MASC;SG
diếp	salate	diếp	salat	N	N;NOM;FEM;PL
diếp	salata	diếp	salat	N	N;NOM;FEM;SG
lesotho	lesoto	lesotho	lesoto	N	N;NOM;MASC;SG
maslin	maslin	maslin	maslin		
ultra	ultra	ultra	ultar	N	N;NOM;MASC;SG
reef	greben	reef	greben	N	N;NOM;MASC;SG
wasp	osa	wasp	osa	N	N;NOM;FEM;SG
wasp	wasp	wasp	wasp	N	N;NOM;MASC;SG
boong	palube	boong	paluba	N	N;NOM;FEM;PL
boong	špil	boong	špil	N	N;NOM;MASC;SG
boong	paluba	boong	paluba	N	N;NOM;FEM;SG
boong	palubi	boong	paluba	N	N;DAT;FEM;SG
pratt	pratt	pratt	pratt	N	N;NOM;MASC;SG
andalusia	andaluzija	andalusia	andaluzija	N	N;NOM;FEM;SG
lindau	lindau	lindau	linda	N	N;NOM;MASC;SG
kawasaki	kawasaki	kawasaki	kawasak	N	N;NOM;MASC;SG
bactria	baktriju	bactria	baktrija	N	N;ACC;FEM;SG
amanda	amanda	amanda	amanda	N	N;NOM;FEM;SG
goethe	goethe	goethe	goetha	N	N;NOM;MASC;SG
cnn	cnn	cnn	cnn	N	N;NOM;MASC;SG
guillaume	guillaume	guillaume	guillaum	N	N;NOM;MASC;SG
cúi	saviti	cúi	saviti	V	V;NFIN
juss	juss	juss	juss		
kant	kant	kant	kant	N	N;NOM;MASC;SG
japonicus	kurika	japonicus	kurika	N	N;NOM;MASC;SG
nhấp	klikni	nhấp	kliknuti	V	V;IMP;SG;2;FIN
nhấp	kliknite	nhấp	kliknuti	V	V;IMP;PL;2;FIN
birdlife	birdlife	birdlife	birdlif	N	N;NOM;MASC;SG
gaius	gaius	gaius	gaius	N	N;NOM;MASC;SG
gaius	gaj	gaius	gaj	N	N;NOM;MASC;SG
antilles	antili	antilles	antititi	N	N;NOM;MASC;SG
ekaterina	ekaterina	ekaterina	ekaterina	N	N;NOM;FEM;SG
sếu	dizalice	sếu	dizalica	N	N;NOM;FEM;PL
sếu	crane	sếu	crana	N	N;NOM;FEM;SG
sếu	dizalica	sếu	dizalica	N	N;NOM;FEM;SG
mandela	mandela	mandela	mandel	N	N;NOM;MASC;SG
metallica	metallica	metallica	metallica	N	N;NOM;FEM;SG
xiếc	cirkus	xiếc	cirkus	N	N;NOM;MASC;SG
gigas	gigas	gigas	gigas	N	N;NOM;FEM;SG
dae	dae	dae	dati	N	N;NOM;MASC;SG
erwin	erwin	erwin	erwin	N	N;NOM;MASC;SG
belfast	belfastu	belfast	belfast	N	N;DAT;MASC;SG
brandegee	brandegee	brandegee	brandege	N	N;NOM;MASC;PL
linn	linn	linn	linn	N	N;NOM;MASC;SG
joy	veselje	joy	veselja	N	N;NOM;NEUT;SG
joy	radosti	joy	radost	N	N;NOM;FEM;PL
joy	radost	joy	radost	N	N;NOM;FEM;SG
verdun	verdunu	verdun	verdun	N	N;ACC;FEM;SG
macau	macau	macau	macau	N	N;NOM;MASC;SG
sint	sint	sint	sint	N	N;NOM;MASC;SG
tyrannidae	tyrannidae	tyrannidae	tyrannida	N	N;NOM;MASC;SG
columbellidae	columbellidae	columbellidae	columbellidae	N	N;NOM;MASC;SG
jasper	jasper	jasper	jasper	N	N;NOM;MASC;SG
tristis	tristis	tristis	tristis		
trafford	traffordu	trafford	trafforda	N	N;ACC;MASC;SG
affairs	afere	affairs	afera	N	N;NOM;FEM;PL
emirates	emirata	emirates	emirat	N	N;GEN;MASC;SG
terme	terme	terme	terma	N	N;NOM;MASC;PL
chin	bradu	chin	brada	N	N;ACC;FEM;SG
chin	brada	chin	brad	N	N;NOM;MASC;SG
chin	bradi	chin	braditi	N	N;DAT;FEM;SG
dĩa	tanjur	dĩa	tanjur	N	N;NOM;MASC;SG
rna	rnk	rna	rnk	N	N;NOM;FEM;SG
khoe	emisije	khoe	emisija	N	N;NOM;FEM;PL
dượng	vernon	dượng	vernon	N	N;NOM;MASC;SG
dượng	očuh	dượng	očuh	N	N;NOM;MASC;SG
javascript	javascript	javascript	javascript	N	N;NOM;MASC;SG
mercedes	mercedes	mercedes	mercedes	N	N;NOM;MASC;SG
sigma	sigma	sigma	sigma	N	N;NOM;MASC;SG
ubuntu	ubuntu	ubuntu	ubunt	N	N;NOM;MASC;SG
tallinn	tallinn	tallinn	tallinn	N	N;NOM;MASC;SG
sparrow	vrabac	sparrow	vrabac	N	N;NOM;MASC;SG
sparrow	sparrow	sparrow	sparrow	N	N;NOM;MASC;SG
banh	lopta	banh	lopt	N	N;NOM;FEM;SG
banh	loptica	banh	loptica	N	N;NOM;FEM;SG
banh	loptu	banh	lopta	N	N;ACC;FEM;SG
banh	kugla	banh	kugao	N	N;NOM;FEM;SG
wakayama	wakayama	wakayama	wakaya	N	N;DAT;MASC;PL
wii	wii	wii	wii	N	N;NOM;MASC;SG
thames	temze	thames	temza	N	N;NOM;FEM;PL
guadeloupe	guadeloupe	guadeloupe	guadeloupa	N	N;NOM;MASC;SG
cumberland	cumberland	cumberland	cumberland	N	N;NOM;MASC;SG
btr	btr	btr	btr		
mụn	akne	mụn	akna	N	N;NOM;FEM;PL
mụn	bubuljice	mụn	bubuljica	N	N;NOM;FEM;PL
catasetum	catasetum	catasetum	catasetum	N	N;NOM;MASC;SG
mustafa	mustafa	mustafa	mustaf	N	N;NOM;MASC;SG
messerschmitt	messerschmitt	messerschmitt	messerschmitt	N	N;NOM;MASC;SG
cardamine	cardamine	cardamine	cardamina	N	N;NOM;FEM;PL
saladin	saladin	saladin	saladin	N	N;NOM;MASC;SG
nigrescens	nigrescens	nigrescens	nigrescens	N	N;NOM;MASC;SG
asturias	asturija	asturias	asturija	N	N;NOM;FEM;SG
weimar	weimar	weimar	weimar	N	N;NOM;MASC;SG
gauss	gaussova	gauss	gauss	N	N;NOM;FEM;SG
gauss	gauss	gauss	gauss	N	N;NOM;MASC;SG
banner	staze	banner	staza	N	N;NOM;FEM;PL
banner	putevi	banner	put	N	N;NOM;MASC;PL
banner	putanje	banner	putanja	N	N;NOM;FEM;PL
banner	natpis	banner	natpis	N	N;NOM;MASC;SG
banner	banner	banner	banner	N	N;NOM;MASC;SG
pallas	pallas	pallas	pallas	N	N;NOM;MASC;SG
wikidata	wikidata	wikidata	wikidat	N	N;GEN;MASC;SG
mindanao	mindanao	mindanao	mindana	N	N;NOM;MASC;SG
maru	maru	maru	mar	N	N;ACC;FEM;SG
hindi	hindi	hindi	hind	N	N;NOM;MASC;SG
tango	tanga	tango	tang	N	N;NOM;MASC;SG
tango	tango	tango	tango	N	N;NOM;MASC;SG
dubia	dubia	dubia	duba		
empires	carstva	empires	carstvo	N	N;NOM;NEUT;PL
adrian	adriane	adrian	adriana	N	N;NOM;FEM;PL
adrian	adrian	adrian	adrian	N	N;NOM;MASC;SG
indicus	indicus	indicus	indicus	N	N;NOM;MASC;SG
prescott	prescott	prescott	prescott	N	N;NOM;MASC;SG
albrecht	albrecht	albrecht	albrecht	N	N;NOM;MASC;SG
coldplay	coldplay	coldplay	coldplay	N	N;NOM;MASC;SG
dyar	dyar	dyar	dyar		
brit	britt	brit	britt	N	N;NOM;FEM;SG
brit	brit	brit	brit	N	N;NOM;MASC;SG
bờm	mane	bờm	mal	N	N;NOM;FEM;PL
phẩy	zarez	phẩy	zarez	N	N;NOM;MASC;SG
mussolini	mussolini	mussolini	mussolina	N	N;NOM;MASC;SG
joshua	joshua	joshua	joshu	N	N;NOM;MASC;SG
demetrios	demetrije	demetrios	demetrija	N	N;NOM;MASC;SG
nhk	nhk	nhk	nhk	N	N;NOM;FEM;SG
montevideo	montevideo	montevideo	montevide	N	N;NOM;MASC;SG
richter	richter	richter	richter	N	N;NOM;MASC;SG
gamble	kockanje	gamble	kockanje	N	N;NOM;NEUT;SG
kurd	kurd	kurd	kurd	N	N;NOM;MASC;SG
mercer	mercer	mercer	mercer	N	N;NOM;MASC;SG
bethlehem	betlehemu	bethlehem	betlehem	N	N;DAT;MASC;SG
bolt	vijak	bolt	vijak	N	N;NOM;MASC;SG
lactuca	lactuca	lactuca	lactuca	N	N;NOM;MASC;SG
mickey	mickey	mickey	mickey	N	N;NOM;MASC;SG
natalensis	natalensis	natalensis	natalensis	N	N;NOM;MASC;SG
grenada	grenada	grenada	grenad	N	N;NOM;FEM;SG
claudia	claudia	claudia	claudia	N	N;NOM;FEM;SG
claudia	klaudija	claudia	klaudija	N	N;NOM;FEM;SG
toei	toei	toei	toei		
dynamics	dynamics	dynamics	dynamics	N	N;NOM;MASC;SG
sunda	sunda	sunda	sunda	N	N;NOM;FEM;SG
stoke	stoke	stoke	stoka	N	N;NOM;FEM;PL
baku	baku	baku	baka	N	N;ACC;FEM;SG
eduardo	eduardo	eduardo	eduardo	N	N;NOM;MASC;SG
quăng	baci	quăng	baciti	V	V;IND;SG;3;PRS;FIN
werder	werder	werder	werder	N	N;NOM;MASC;SG
seal	pečat	seal	pečat	N	N;NOM;MASC;SG
bloch	bloch	bloch	bloch	N	N;NOM;MASC;SG
albacete	albacete	albacete	albaceta	N	N;NOM;MASC;SG
blade	blade	blade	blad	N	N;NOM;MASC;SG
blade	oštrica	blade	oštrica	N	N;NOM;FEM;SG
mat	hrane	mat	hrana	N	N;NOM;FEM;PL
mat	hrana	mat	hrana	N	N;NOM;FEM;SG
disco	disco	disco	disco	N	N;NOM;MASC;SG
disco	disko	disco	disko	N	N;NOM;MASC;SG
gsub	gsub	gsub	gsub		
shadab	shadab	shadab	shadab	N	N;NOM;MASC;SG
quýt	mandarina	quýt	mandarina	N	N;NOM;FEM;SG
minamoto	minamoto	minamoto	minamoto	N	N;NOM;MASC;SG
node	čvor	node	čvor	N	N;NOM;MASC;SG
tiberius	tiberije	tiberius	tiberija	N	N;NOM;MASC;SG
engels	engels	engels	engels	N	N;NOM;MASC;SG
durham	durham	durham	durha	N	N;NOM;MASC;SG
chong	chong	chong	chong	N	N;NOM;MASC;SG
hót	pjevanje	hót	pjevanje	N	N;NOM;NEUT;SG
thor	tor	thor	tor	N	N;NOM;MASC;SG
padova	padove	padova	pad	N	N;NOM;FEM;PL
padova	padovi	padova	pad	N	N;DAT;FEM;SG
padova	padova	padova	pad	N	N;GEN;MASC;PL
padova	padovu	padova	pad	N	N;DAT;MASC;SG
dwight	dwight	dwight	dwight	N	N;NOM;MASC;SG
comoros	komorima	comoros	komor	N	N;DAT;MASC;PL
superordo	superordo	superordo	superordo		
xòe	tutu	xòe	tuta	N	N;ACC;FEM;SG
emil	emile	emil	emila	N	N;NOM;MASC;SG
klaus	klausa	klaus	klausa	N	N;ACC;MASC;SG
resort	odmaralište	resort	odmaralište	N	N;NOM;NEUT;SG
samar	samar	samar	samar	N	N;NOM;MASC;SG
castel	castel	castel	castel	N	N;NOM;MASC;SG
bmw	bmw	bmw	bmw	N	N;NOM;MASC;SG
scheer	scheer	scheer	scheer		
vocals	vokal	vocals	vokal	N	N;NOM;MASC;SG
kahn	kahn	kahn	kahn	N	N;NOM;MASC;SG
allmusic	allmusic	allmusic	allmusic	N	N;NOM;MASC;SG
chihuahua	chihuahua	chihuahua	chihuahu	N	N;NOM;MASC;SG
ancona	anconi	ancona	ancon	N	N;DAT;FEM;SG
descartes	descartes	descartes	descartes	N	N;NOM;MASC;SG
tran	tran	tran	tran	N	N;NOM;FEM;SG
micro	mikro	micro	mikro	N	N;NOM;MASC;SG
micro	mikrofon	micro	mikrofon	N	N;NOM;MASC;SG
thìa	žlice	thìa	žlica	N	N;NOM;FEM;PL
thìa	žlica	thìa	žlica	N	N;NOM;FEM;SG
cristata	cristata	cristata	cristat	N	N;ACC;MASC;SG
gien	geni	gien	gena	N	N;NOM;MASC;PL
gien	gene	gien	gen	N	N;NOM;MASC;PL
cornwall	cornwall	cornwall	cornwall	N	N;NOM;MASC;SG
confusa	confusa	confusa	confus	N	N;ACC;MASC;SG
hormone	hormon	hormone	hormon	N	N;NOM;MASC;SG
hormone	hormoni	hormone	hormon	N	N;NOM;MASC;PL
michx	michx	michx	michx		
kan	kan	kan	kan	N	N;NOM;MASC;SG
beirut	bejrutu	beirut	bejrut	N	N;DAT;MASC;SG
carabus	carabus	carabus	carabus	N	N;NOM;FEM;SG
elip	elipsa	elip	elipsa	N	N;NOM;FEM;SG
boom	bum	boom	bum	N	N;NOM;MASC;SG
dumbledore	dumbledore	dumbledore	dumbledor	N	N;NOM;MASC;SG
fiction	fantastika	fiction	fantastika	N	N;NOM;FEM;SG
fiction	fikcija	fiction	fikcija	N	N;NOM;FEM;SG
zelotes	zelotes	zelotes	zelotes	N	N;NOM;MASC;SG
musashi	musashi	musashi	musasha	N	N;NOM;MASC;SG
bosmans	bosmans	bosmans	bosmans	N	N;NOM;MASC;SG
pluto	pluton	pluto	pluton	N	N;NOM;MASC;SG
adobe	adobe	adobe	adob	N	N;NOM;MASC;SG
hochst	hochst	hochst	hochst		
vermont	vermont	vermont	vermont	N	N;NOM;MASC;SG
vermont	vermontu	vermont	vermont	N	N;DAT;MASC;SG
sụn	hrskavice	sụn	hrskavica	N	N;NOM;FEM;PL
thrace	thrace	thrace	thraca	N	N;NOM;FEM;SG
bouchet	bouchet	bouchet	bouchet	N	N;NOM;MASC;SG
evarcha	evarcha	evarcha	evarcha	N	N;NOM;MASC;SG
khalip	kalif	khalip	kalif	N	N;NOM;MASC;SG
antiochos	antioh	antiochos	antioh	N	N;NOM;MASC;SG
schalke	schalke	schalke	schalka	N	N;NOM;MASC;SG
kyushu	kyushu	kyushu	kyush	N	N;DAT;MASC;SG
cremona	cremona	cremona	cremon	N	N;NOM;FEM;SG
piston	klipovi	piston	klip	N	N;NOM;MASC;PL
piston	klip	piston	klip	N	N;NOM;MASC;SG
liti	litij	liti	litij	N	N;NOM;MASC;SG
cayman	calgary	cayman	calgary	N	N;NOM;MASC;SG
cayman	cayman	cayman	cayman	N	N;NOM;MASC;SG
summit	summita	summit	summit	N	N;GEN;MASC;SG
summit	summit	summit	summit	N	N;NOM;MASC;SG
martinique	martinique	martinique	martiniqati	N	N;NOM;MASC;SG
villiers	villiers	villiers	villiers		
wanda	wanda	wanda	wanda	N	N;NOM;FEM;SG
saxophone	saksofon	saxophone	saksofon	N	N;NOM;MASC;SG
baghdad	bagdadu	baghdad	bagdada	N	N;DAT;MASC;SG
baghdad	bagdad	baghdad	bagdad	N	N;NOM;MASC;SG
tolstoy	tolstoj	tolstoy	tolst	N	N;NOM;MASC;SG
palawan	palawan	palawan	palawan	N	N;NOM;MASC;SG
neptune	neptun	neptune	neptun	N	N;NOM;MASC;SG
jupiter	jupitera	jupiter	jupiter	N	N;ANIM;ACC;MASC;SG
jupiter	jupiter	jupiter	jupiter	N	N;NOM;MASC;SG
alfonso	alfonso	alfonso	alfonso	N	N;NOM;MASC;SG
bromley	bromley	bromley	bromley		
proxy	proxy	proxy	proxy	N	N;NOM;MASC;SG
djibouti	džibuti	djibouti	džibuti	N	N;NOM;MASC;SG
musa	musa	musa	mus	N	N;NOM;MASC;SG
bromus	bromus	bromus	bromus	N	N;DAT;MASC;SG
akb	akb	akb	akb		
marcello	marcello	marcello	marcello	N	N;NOM;MASC;SG
funk	funk	funk	funk	N	N;NOM;MASC;SG
zanzibar	zanzibar	zanzibar	zanzibar	N	N;NOM;MASC;SG
oakland	oaklandu	oakland	oaklanda	N	N;DAT;MASC;SG
toscana	toskani	toscana	toskati	N	N;DAT;FEM;SG
ambrose	ambrose	ambrose	ambrosa	N	N;NOM;MASC;SG
aurelius	aurelije	aurelius	aurelija	N	N;NOM;MASC;SG
sheikh	šeik	sheikh	šeik	N	N;NOM;MASC;SG
kottelat	kottelat	kottelat	kottelat	N	N;NOM;MASC;SG
gear	tempo	gear	tempo	N	N;NOM;MASC;SG
gear	oprema	gear	oprema	N	N;NOM;FEM;SG
andorra	podgorica	andorra	podgorica	N	N;NOM;FEM;SG
olympique	olympique	olympique	olympišue	N	N;NOM;MASC;SG
benedict	benedict	benedict	benedict	N	N;NOM;MASC;SG
palmer	palmer	palmer	palmer	N	N;NOM;MASC;SG
medeiros	medeiros	medeiros	medeiros	N	N;NOM;MASC;SG
lat	lat	lat	lat	N	N;SG
lat	lijena	lat	lijena	N	N;NOM;FEM;SG
wigan	wigan	wigan	wigan	N	N;NOM;MASC;SG
ôtô	automobili	ôtô	automobil	N	N;NOM;MASC;PL
ôtô	auti	ôtô	auta	N	N;NOM;MASC;PL
clement	clement	clement	clement	N	N;NOM;MASC;SG
nobilis	nobilis	nobilis	nobilis	N	N;NOM;MASC;SG
darren	darren	darren	darren	N	N;NOM;MASC;SG
duméril	duméril	duméril	duméril		
paulus	paulus	paulus	paulus	N	N;NOM;MASC;SG
fujiwara	fujiwara	fujiwara	fujiwar	N	N;NOM;MASC;SG
fasciatus	fasciatus	fasciatus	fasciatus	N	N;NOM;MASC;SG
helmut	helmut	helmut	helmut	N	N;NOM;MASC;SG
avril	avril	avril	avril	N	N;NOM;FEM;SG
suffolk	suffolk	suffolk	suffolk	N	N;NOM;FEM;SG
niken	nikla	niken	nikao	N	N;NOM;FEM;SG
maui	maui	maui	mau	N	N;NOM;MASC;SG
ferrari	ferrari	ferrari	ferrara	N	N;NOM;MASC;SG
sond	sond	sond	sond		
sakai	sakai	sakai	saka		
curie	curie	curie	curiti	N	N;NOM;FEM;SG
dora	dora	dora	dora	N	N;NOM;FEM;SG
aerospace	aerospace	aerospace	aerospaca	N	N;NOM;MASC;SG
donau	dunav	donau	dunav	N	N;NOM;MASC;SG
donau	dunava	donau	dunava	N	N;GEN;MASC;SG
donau	donau	donau	dona	N	N;NOM;MASC;SG
bergen	bergen	bergen	bergen	N	N;NOM;MASC;SG
schinz	schinz	schinz	schinz		
laevis	laevis	laevis	laevis		
antigonos	antigon	antigonos	antigon	N	N;NOM;MASC;SG
shop	radnja	shop	radnja	N	N;NOM;FEM;SG
shop	shop	shop	shop	N	N;NOM;MASC;SG
shop	prodavaonica	shop	prodavaonica	N	N;NOM;FEM;SG
shop	trgovina	shop	trgovina	N	N;NOM;FEM;SG
shop	trgovine	shop	trgovina	N	N;NOM;FEM;PL
shop	prodavaonice	shop	prodavaonica	N	N;NOM;FEM;PL
lamiaceae	lamiaceae	lamiaceae	lamiaceae	N	N;NOM;MASC;SG
kafka	kafka	kafka	kafka	N	N;NOM;MASC;SG
leiden	leiden	leiden	leiden	N	N;NOM;MASC;SG
meteor	meteora	meteor	meteor	N	N;GEN;MASC;SG
meteor	meteor	meteor	meteor	N	N;NOM;MASC;SG
schumacher	schumacher	schumacher	schumacher	N	N;NOM;MASC;SG
tibialis	tibialis	tibialis	tibialis		
sylvia	sylvia	sylvia	sylviti	N	N;NOM;FEM;SG
sylvia	silvija	sylvia	silav	N	N;NOM;FEM;SG
sylvia	silvia	sylvia	silvi	N	N;NOM;FEM;SG
thriller	triler	thriller	triler	N	N;NOM;MASC;SG
benoist	benoist	benoist	benoist		
middlesbrough	middlesbroughu	middlesbrough	middlesbrough	N	N;DAT;MASC;SG
rfc	rfc	rfc	rfc	N	N
falcata	falcata	falcata	falcat	N	N;ACC;MASC;SG
cynanchum	cynanchum	cynanchum	cynanchum	N	N;NOM;MASC;SG
hilton	hilton	hilton	hilton	N	N;NOM;MASC;SG
paniculata	paniculata	paniculata	paniculat	N	N;NOM;MASC;SG
sexy	sexy	sexy	sexy	N	N;NOM;MASC;SG
sexy	seksi	sexy	seksi	N	N;NOM;FEM;SG
vinyl	vinil	vinyl	vinil	N	N;NOM;MASC;SG
cược	oklada	cược	oklada	N	N;NOM;FEM;SG
cược	ulog	cược	ulog	N	N;NOM;MASC;SG
cược	oklada	cược	oklada	N	N;NOM;FEM;SG
cược	ulog	cược	ulog	N	N;NOM;MASC;SG
lars	lars	lars	lars	N	N;NOM;MASC;SG
vilnius	vilniusu	vilnius	vilnius	N	N;DAT;MASC;SG
pharaon	faraoni	pharaon	faraona	N	N;NOM;MASC;PL
miers	miers	miers	miers		
sirius	sirius	sirius	sirius	N	N;NOM;MASC;SG
arafat	arafat	arafat	arafat	N	N;NOM;MASC;SG
bèo	bezveze	bèo	bezveza	N	N;NOM;FEM;SG
fuller	fuller	fuller	fuller	N	N;NOM;MASC;SG
phoebe	phoebe	phoebe	pho	N	N;NOM;FEM;SG
concorde	concorde	concorde	concorda	N	N;NOM;MASC;SG
benevento	benevento	benevento	benevento	N	N;ACC;MASC;PL
cervus	cervus	cervus	cervus	N	N;NOM;MASC;SG
boleslav	boleslav	boleslav	boleslav	N	N;NOM;MASC;SG
natalie	natalie	natalie	natali	N	N;NOM;FEM;SG
barca	barca	barca	barac	N	N;NOM;FEM;SG
cassini	cassini	cassini	cassina	N	N;NOM;FEM;SG
midland	midland	midland	midland	N	N;NOM;MASC;SG
nottingham	nottingham	nottingham	nottingha	N	N;NOM;MASC;SG
boson	bozon	boson	bozon	N	N;NOM;MASC;SG
labrador	labrador	labrador	labrador	N	N;NOM;MASC;SG
shinichi	kudo	shinichi	kudo	N	N;NOM;MASC;SG
mono	mono	mono	mono	N	N;NOM;MASC;SG
charlton	charlton	charlton	charlton	N	N;NOM;MASC;SG
doyle	doyle	doyle	doyle	N	N;NOM;MASC;SG
cedar	cedar	cedar	cedar	N	N;NOM;MASC;SG
saturn	saturn	saturn	saturn	N	N;NOM;MASC;SG
container	kontejner	container	kontejner	N	N;NOM;MASC;SG
container	spremnik	container	spremnik	N	N;NOM;MASC;SG
thom	thom	thom	thom	N	N;NOM;MASC;SG
nitrat	nitrat	nitrat	nitrat	N	N;NOM;MASC;SG
hilbert	hilbert	hilbert	hilbert	N	N;NOM;MASC;SG
eight	osam	eight	osam	NUM	NUM
cobain	cobain	cobain	cobain	N	N;NOM;MASC;SG
hogg	hogg	hogg	hogg		
núm	bradavice	núm	bradavica	N	N;NOM;FEM;PL
cody	cody	cody	cody	N	N;NOM;MASC;SG
biếng	lijeni	biếng	lijena	ADJ	ADJ;NOM;DEF;MASC;PL
biếng	lijen	biếng	lijen	ADJ	ADJ;NOM;INDF;MASC;SG
shiva	shiva	shiva	shiv	N	N;NOM;MASC;SG
welw	welw	welw	welw		
merlin	merlin	merlin	merlin	N	N;NOM;MASC;SG
gmelin	gmelin	gmelin	gmelin		
anchor	sidro	anchor	sidro	N	N;NOM;NEUT;SG
ascii	ascii	ascii	ascii	N	N;NOM;MASC;PL
bolzano	bozen	bolzano	bozen	N	N;NOM;FEM;SG
nmi	nmi	nmi	nmi	N	N
hilaire	hilaire	hilaire	hilaira		
edison	edison	edison	edison	N	N;NOM;MASC;SG
sẹo	ožiljke	sẹo	ožiljka	N	N;NOM;FEM;PL
sẹo	ožiljci	sẹo	ožiljka	N	N;NOM;MASC;PL
sẹo	scar	sẹo	scar	N	N;NOM;MASC;SG
sẹo	ožiljak	sẹo	ožiljak	N	N;NOM;MASC;SG
tahiti	tahiti	tahiti	tahiti	N	N;NOM;MASC;SG
bauer	bauer	bauer	bauer	N	N;NOM;MASC;SG
eurovision	euroviziji	eurovision	eurovizija	N	N;NOM;FEM;SG
wolfsburg	wolfsburg	wolfsburg	wolfsburg	N	N;NOM;MASC;SG
tigris	tigris	tigris	tigris	N	N;NOM;MASC;SG
laguna	laguna	laguna	laguna	N	N;NOM;FEM;SG
engelm	engelm	engelm	engelm		
coca	koke	coca	koka	N	N;NOM;FEM;PL
coca	colu	coca	col	N	N;ACC;FEM;SG
coca	kokain	coca	kokain	N	N;NOM;MASC;SG
coca	koka	coca	kok	N	N;NOM;FEM;SG
coca	cola	coca	col	N	N;NOM;FEM;SG
coca	coca	coca	coca	N	N;NOM;MASC;SG
pixel	piksel	pixel	piksel	N	N;NOM;MASC;SG
pixel	piksela	pixel	piksel	N	N;GEN;MASC;SG
lcd	lcd	lcd	lcd	N	N;NOM;MASC;SG
anemone	anemone	anemone	anemon	N	N;NOM;FEM;SG
breslau	breslau	breslau	bresla	N	N;NOM;MASC;SG
bonus	bonus	bonus	bonus	N	N;NOM;MASC;SG
flavipes	flavipes	flavipes	flavipes	N	N;NOM;MASC;SG
điốt	dioda	điốt	dioda	N	N;NOM;FEM;SG
mồm	usta	mồm	usta	N	N;NOM;NEUT;SG
burma	burmi	burma	burma	N	N;DAT;FEM;SG
hrsg	hrsg	hrsg	hrsg		
griff	griff	griff	griff		
koh	koh	koh	koh	N	N;NOM;MASC;SG
dome	kupola	dome	kupola	N	N;NOM;FEM;SG
infinity	beskonačnosti	infinity	beskonačnost	N	N;NOM;FEM;PL
lombard	lombard	lombard	lombard	N	N;NOM;MASC;SG
bịp	trick	bịp	trick	N	N;NOM;MASC;SG
bịp	trik	bịp	trik	N	N;NOM;MASC;SG
forrest	forrest	forrest	forrest	N	N;NOM;MASC;SG
chòi	kabini	chòi	kabina	N	N;DAT;FEM;SG
chòi	kabina	chòi	kabina	N	N;NOM;FEM;SG
chòi	koliba	chòi	kolib	N	N;NOM;FEM;SG
loes	loes	loes	loes		
cornelius	cornelius	cornelius	cornelius	N	N;NOM;MASC;SG
robbie	robija	robbie	robijati	N	N;NOM;FEM;SG
robbie	robbie	robbie	robbiti	N	N;NOM;MASC;SG
robbie	robi	robbie	robiti	N	N;DAT;FEM;SG
pardubice	pardubice	pardubice	pardubice	N	N;NOM;FEM;SG
zurich	zurichu	zurich	zurich	N	N;DAT;MASC;SG
dressler	dressler	dressler	dressler		
mứt	džem	mứt	džem	N	N;NOM;MASC;SG
mứt	pekmez	mứt	pekmez	N	N;NOM;MASC;SG
mứt	marmelada	mứt	marmelad	N	N;NOM;FEM;SG
bernhard	bernhard	bernhard	bernhard	N	N;NOM;MASC;SG
benny	beni	benny	bena	N	N;NOM;MASC;SG
benny	benny	benny	benny	N	N;NOM;MASC;SG
attila	atila	attila	atil	N	N;NOM;MASC;SG
leverkusen	leverkusen	leverkusen	leverkusen	N	N;NOM;MASC;SG
plutoni	plutonij	plutoni	plutonij	N	N;NOM;MASC;SG
vandel	vandel	vandel	vandel		
rugby	ragbi	rugby	ragba	N	N;NOM;MASC;SG
kira	kira	kira	kira	N	N;ACC;MASC;SG
epling	epling	epling	epling		
benito	benito	benito	benito	N	N;NOM;MASC;SG
aka	iliti	aka	iliti		
ramesses	ramses	ramesses	ramses	N	N;NOM;MASC;SG
aeroflot	aeroflot	aeroflot	aeroflot	N	N;NOM;MASC;SG
panorama	panorama	panorama	panora	N	N;NOM;FEM;PL
chilensis	chilensis	chilensis	chilensis	N	N;NOM;MASC;SG
ngấm	tekla	ngấm	teći	V	V;FEM;SG;PST;V.PTCP;ACT
schultz	schultz	schultz	schultz	N	N;NOM;MASC;SG
trumpet	truba	trumpet	trubati	N	N;NOM;FEM;SG
trumpet	trubu	trumpet	truba	N	N;ACC;FEM;SG
desc	desc	desc	desc		
bốt	čizme	bốt	čizam	N	N;NOM;FEM;PL
gsm	gsm	gsm	gbo	N	N;NOM;MASC;SG
lysimachia	lysimachia	lysimachia	Lysimachia	N	N;NOM;MASC;SG
homer	homer	homer	homer	N	N;NOM;MASC;SG
ligue	ligue	ligue	ligua	N	N;NOM;MASC;SG
kombat	kombat	kombat	kombat	N	N;NOM;MASC;SG
hub	hub	hub	hub	N	N;NOM;MASC;SG
příbram	příbram	příbram	příbram	N	N;NOM;MASC;SG
prinz	prinz	prinz	prinz	N	N;NOM;MASC;SG
gifford	gifford	gifford	gifford		
ruellia	ruellia	ruellia	ruelli		
benin	benin	benin	benin	N	N;NOM;MASC;SG
sar	sar	sar	sar	N	N;NOM;MASC;SG
aquino	aquino	aquino	aquino	N	N;NOM;FEM;SG
saddam	saddam	saddam	saddam	N	N;NOM;MASC;SG
psv	psv	psv	psv	N	N
beetle	buba	beetle	bub	N	N;NOM;FEM;SG
lehr	lehr	lehr	lehr		
picasso	picasso	picasso	picasso	N	N;NOM;MASC;SG
bien	nebo	bien	nebo	N	N;NOM;NEUT;SG
sussex	sussexu	sussex	sussex	N	N;DAT;MASC;SG
nuremberg	nürnberg	nuremberg	nürnberg	N	N;NOM;MASC;SG
silicon	silikon	silicon	silikon	N	N;NOM;MASC;SG
damascus	damasku	damascus	damazak	N	N;DAT;MASC;SG
cordata	cordata	cordata	cordat	N	N;ACC;MASC;SG
tardieu	tardieu	tardieu	tardie	N	N;NOM;MASC;SG
anemia	anemija	anemia	anemija	N	N;NOM;FEM;SG
chatham	chatham	chatham	chatham	N	N;NOM;MASC;SG
una	una	una	una	N	N;NOM;MASC;SG
fountain	fontana	fountain	fontana	N	N;NOM;FEM;SG
fountain	fontanu	fountain	fontana	N	N;ACC;FEM;SG
frazione	frazione	frazione	frazion	N	N;NOM;MASC;SG
vaucluse	vaucluse	vaucluse	vauclus	N	N;ACC;MASC;PL
kalimantan	kalimantan	kalimantan	kalimantan	N	N;NOM;MASC;SG
huelva	huelva	huelva	huelva	N	N;NOM;MASC;SG
beckham	beckham	beckham	beckham	N	N;NOM;MASC;SG
gin	džin	gin	džin	N	N;NOM;MASC;SG
camille	camille	camille	camilla	N	N;NOM;FEM;SG
medicago	medicago	medicago	medicago	N	N;NOM;MASC;SG
oxit	oksid	oxit	oksid	N	N;NOM;MASC;SG
eteeq	eteeq	eteeq	eteeq		
echo	eho	echo	eho	N	N;NOM;MASC;SG
echo	jeka	echo	jek	N	N;NOM;FEM;SG
echo	odjek	echo	odjek	N	N;NOM;MASC;SG
echo	echo	echo	echo	N	N;NOM;MASC;SG
tbs	tbs	tbs	tbs		
eckl	eckl	eckl	eckl		
chocolate	čokolade	chocolate	čokolad	N	N;NOM;FEM;PL
chocolate	čokoladu	chocolate	čokolad	N	N;ACC;FEM;SG
chocolate	čokolada	chocolate	čokolad	N	N;NOM;FEM;SG
transistor	tranzistor	transistor	tranzistor	N	N;NOM;MASC;SG
supermarine	supermarine	supermarine	supermarina	N	N;NOM;FEM;PL
timur	timur	timur	timur	N	N;NOM;MASC;SG
táp	ugristi	táp	ugristiti	V	V;NFIN
psoe	psoe	psoe	psoe		
capcom	capcom	capcom	capac	N	N;INS;MASC;SG
hybrid	hibrida	hybrid	hibrid	N	N;ACC;MASC;SG
hybrid	hibrid	hybrid	hibrid	N	N;NOM;MASC;SG
collaris	collaris	collaris	collaris	N	N;NOM;MASC;SG
bittorrent	bittorrent	bittorrent	bittorrent	N	N;NOM;MASC;SG
canis	canis	canis	canis	N	N;NOM;MASC;SG
battlefield	bojište	battlefield	bojište	N	N;NOM;NEUT;SG
battlefield	bojištu	battlefield	bojište	N	N;DAT;NEUT;SG
pushkin	pushkin	pushkin	pushkin	N	N;NOM;MASC;SG
neutrino	neutrina	neutrino	neutrina	N	N;NOM;MASC;SG
elton	elton	elton	elton	N	N;NOM;MASC;SG
fiat	fiat	fiat	fiat	N	N;NOM;MASC;SG
circus	cirkus	circus	cirkus	N	N;NOM;MASC;SG
subspecies	podvrsta	subspecies	podvrst	N	N;NOM;FEM;SG
montpellier	montpellier	montpellier	montpellier	N	N;NOM;MASC;SG
atatürk	atatürk	atatürk	atatürk	N	N;NOM;MASC;SG
verm	verm	verm	verh		
landmark	orijentir	landmark	orijentir	N	N;NOM;MASC;SG
levant	levant	levant	levant	N	N;NOM;MASC;SG
cuốc	random	cuốc	rand	N	N;INS;MASC;SG
ftp	ftp	ftp	ftp	N	N;NOM;MASC;SG
tudor	tudor	tudor	tudor	N	N;NOM;MASC;SG
javanica	javanica	javanica	javanica	N	N;NOM;FEM;SG
ceylon	cejlonu	ceylon	cejlon	N	N;DAT;MASC;SG
menu	jelovnik	menu	jelovnik	N	N;NOM;MASC;SG
menu	izbornik	menu	izbornik	N	N;NOM;MASC;SG
menu	menu	menu	ja	N	N;NOM;MASC;SG
klug	klug	klug	klug		
poltava	poltava	poltava	poltav	N	N;NOM;FEM;SG
hawking	hawking	hawking	hawking	N	N;NOM;MASC;SG
pitt	pitt	pitt	pitt	N	N;NOM;MASC;SG
trier	trier	trier	trier	N	N;NOM;MASC;SG
quezon	quezon	quezon	quezon	N	N;NOM;MASC;SG
nihon	nihon	nihon	nihon	N	N;NOM;MASC;SG
jakob	jakob	jakob	jakob	N	N;NOM;MASC;SG
somali	somaliji	somali	somalija	N	N;DAT;FEM;SG
hardcore	hardcore	hardcore	hardcor	N	N;NOM;FEM;SG
waltz	valcer	waltz	valcer	N	N;NOM;MASC;SG
daphne	daphne	daphne	daphn	N	N;NOM;FEM;SG
jackie	jackie	jackie	jakki	N	N;NOM;MASC;SG
eos	eos	eos	eos	N	N;NOM;MASC;SG
serena	serena	serena	serena	N	N;NOM;FEM;SG
fiorentina	fiorentina	fiorentina	fiorentina	N	N;NOM;FEM;SG
malus	malus	malus	malus	N	N;NOM;MASC;SG
flo	flo	flo	flo	N	N;NOM;MASC;SG
mons	mons	mons	mons	N	N;NOM;MASC;SG
cessna	cessna	cessna	cessna	N	N;NOM;MASC;SG
quest	traganje	quest	traganje	N	N;NOM;NEUT;SG
quest	pohod	quest	pohod	N	N;NOM;MASC;SG
quest	potraga	quest	potraga	N	N;NOM;FEM;SG
chrome	krom	chrome	krom	N	N;NOM;MASC;SG
douglass	douglass	douglass	douglass	N	N;NOM;MASC;SG
ismail	ismail	ismail	ismail	N	N;NOM;MASC;SG
irkutsk	irkutsk	irkutsk	irkutsk	N	N;NOM;MASC;SG
nassarius	nassarius	nassarius	nassarius		
lancashire	lancashire	lancashire	lancashire	N	N;NOM;MASC;SG
muscicapidae	muscicapidae	muscicapidae	muscicapidati	N	N;NOM;MASC;SG
cundinamarca	cundinamarca	cundinamarca	cundinamarac	N	N;NOM;FEM;PL
myspace	myspace	myspace	myspac	N	N;NOM;MASC;SG
buri	buri	buri	bura	N	N;DAT;FEM;SG
saab	saab	saab	saab	N	N;NOM;MASC;SG
draco	draco	draco	draco	N	N;NOM;MASC;SG
hale	hale	hale	hali	N	N;NOM;FEM;PL
hamburger	hamburger	hamburger	hamburger	N	N;NOM;MASC;SG
sarajevo	sarajevo	sarajevo	sarajevo	N	N;NOM;NEUT;SG
sarajevo	sarajevu	sarajevo	saraj	N	N;DAT;MASC;SG
baert	baert	baert	baert		
macrocarpa	macrocarpa	macrocarpa	macrocarpa	N	N;NOM;MASC;SG
marvin	marvin	marvin	marvin	N	N;NOM;MASC;SG
inn	inn	inn	inn	N	N;NOM;MASC;SG
esp	esp	esp	esp	N	N;MASC;SG
drassodes	drassodes	drassodes	drassodes	N	N;NOM;MASC;SG
anomala	anomala	anomala	anomala	N	N;NOM;MASC;SG
checkuser	checkuser	checkuser	checkuser	N	N;NOM;MASC;SG
alston	alston	alston	alston		
nitens	nitens	nitens	nitens		
tirana	tirana	tirana	tirana	N	N;NOM;MASC;SG
tirana	tirani	tirana	tiran	N	N;DAT;FEM;SG
tirana	tirane	tirana	tiran	N	N;NOM;FEM;PL
hàu	kamenice	hàu	kamenica	N	N;NOM;FEM;PL
hàu	kamenica	hàu	kamenica	N	N;NOM;FEM;SG
mourinho	mourinho	mourinho	mourinho	N	N;NOM;MASC;SG
ogg	ogg	ogg	ogg	N	N;NOM;MASC;SG
conmebol	conmebol	conmebol	conmebol	N	N;NOM;FEM;SG
cafe	kave	cafe	kava	N	N;NOM;FEM;PL
cafe	kavu	cafe	kava	N	N;ACC;FEM;SG
cafe	kafa	cafe	kafa	N	N;NOM;FEM;SG
cafe	kafu	cafe	kafati	N	N;ACC;FEM;SG
cafe	kava	cafe	kava	N	N;NOM;FEM;SG
cafe	cafe	cafe	cafe	N	N;NOM;MASC;SG
cafe	kafe	cafe	kafa	N	N;NOM;FEM;PL
cafe	caffe	cafe	caffa	N	N;NOM;MASC;SG
cafe	kafić	cafe	Kafić	N	N;NOM;MASC;SG
assassin	atentator	assassin	atentator	N	N;NOM;MASC;SG
farm	farma	farm	farma	N	N;NOM;FEM;SG
farm	farmu	farm	farma	N	N;ACC;FEM;SG
farm	farme	farm	farma	N	N;NOM;FEM;PL
farm	farmi	farm	farma	N	N;DAT;FEM;SG
société	société	société	société	N	N;NOM;FEM;PL
bilbao	bilbao	bilbao	bilbati	N	N;NOM;MASC;SG
auschwitz	auschwitzu	auschwitz	auschwitz	N	N;DAT;MASC;SG
newark	newarku	newark	newarka	N	N;ACC;FEM;SG
armour	oklop	armour	oklop	N	N;NOM;MASC;SG
fat	pladanj	fat	pladanj	N	N;NOM;MASC;SG
fat	masti	fat	mast	N	N;NOM;FEM;PL
myrtaceae	myrtaceae	myrtaceae	myrtacea	N	N;NOM;MASC;SG
corleone	corleone	corleone	corleon	N	N;NOM;FEM;SG
mẹo	dojave	mẹo	dojava	N	N;NOM;FEM;PL
mẹo	savjete	mẹo	savjet	N	N;ACC;MASC;PL
mẹo	savjeti	mẹo	savjet	N	N;NOM;MASC;PL
mẹo	savjet	mẹo	savjet	N	N;NOM;MASC;SG
mẹo	dojava	mẹo	dojava	N	N;NOM;FEM;SG
panamensis	panamensis	panamensis	panamensis	N	N;NOM;MASC;SG
hoehne	hoehne	hoehne	ho		
browne	browne	browne	browan	N	N;NOM;FEM;SG
racemosa	racemosa	racemosa	racemos	N	N;NOM;MASC;SG
wilde	wilde	wilde	wilda	N	N;NOM;MASC;SG
plato	platon	plato	platon	N	N;NOM;MASC;SG
olympus	olimp	olympus	olimp	N	N;NOM;MASC;SG
tashkent	taškentu	tashkent	taškent	N	N;DAT;MASC;SG
fukushima	fukushima	fukushima	fukushi	N	N;DAT;MASC;PL
burgundy	burgundy	burgundy	burgundy	N	N;NOM;MASC;SG
weiss	weiss	weiss	weiss	N	N;NOM;MASC;SG
rousseau	rousseau	rousseau	roussea	N	N;NOM;MASC;SG
cobos	cobos	cobos	cobos		
kamakura	kamakura	kamakura	kamakura	N	N;NOM;FEM;SG
augsburg	augsburg	augsburg	augsburg	N	N;NOM;MASC;SG
hume	hume	hume	huma	N	N;NOM;MASC;SG
kar	kar	kar	kar	N	N;NOM;MASC;SG
muse	muza	muse	muz	N	N;NOM;FEM;SG
cằm	bradu	cằm	brada	N	N;ACC;FEM;SG
cằm	brada	cằm	brad	N	N;NOM;MASC;SG
cằm	bradi	cằm	braditi	N	N;DAT;FEM;SG
pioneer	pionir	pioneer	pionir	N	N;NOM;MASC;SG
toulon	toulon	toulon	toulon	N	N;NOM;MASC;SG
zander	zander	zander	zander		
selim	selim	selim	seliti	N	N;NOM;MASC;SG
damian	damian	damian	damian	N	N;NOM;MASC;SG
bedford	bedford	bedford	bedford	N	N;NOM;MASC;SG
hokage	hokage	hokage	hokag	N	N;NOM;MASC;SG
haifa	haifi	haifa	haifa	N	N;DAT;FEM;SG
runner	bjegunac	runner	bjegunac	N	N;NOM;MASC;SG
runner	trkač	runner	trkač	N	N;NOM;MASC;SG
twilight	sumrak	twilight	sumrak	N	N;NOM;MASC;SG
kenji	kenji	kenji	kenji		
hispaniola	hispaniola	hispaniola	hispanio	N	N;NOM;MASC;SG
entropy	entropija	entropy	entropija	N	N;NOM;FEM;SG
voltaire	voltaire	voltaire	voltair	N	N;NOM;MASC;SG
salmon	losos	salmon	losos	N	N;NOM;MASC;SG
salmon	lososa	salmon	losos	N	N;NOM;MASC;SG
nhả	oslobodi	nhả	osloboda	V	V;IND;SG;3;PRS;FIN
thùa	agava	thùa	agava	N	N;NOM;FEM;SG
heathrow	heathrow	heathrow	heathrow	N	N;NOM;MASC;SG
machado	machado	machado	machado	N	N;NOM;MASC;SG
lions	lavovi	lions	lav	N	N;NOM;MASC;PL
lions	lavove	lions	lav	N	N;ACC;MASC;PL
lions	lavova	lions	lav	N	N;ACC;MASC;SG
samara	samara	samara	samar	N	N;NOM;FEM;SG
mona	mona	mona	mona	N	N;NOM;FEM;SG
elsa	elsa	elsa	els	N	N;NOM;FEM;SG
estados	estados	estados	estados		
madeleine	madeleine	madeleine	madeleina	N	N;NOM;FEM;PL
coventry	coventry	coventry	coventry	N	N;NOM;MASC;SG
ararat	ararat	ararat	ararat	N	N;NOM;FEM;SG
lhasa	lhasu	lhasa	lhas	N	N;NOM;MASC;SG
polymer	polimer	polymer	polimer	N	N;NOM;MASC;SG
kom	kom	kom	tko	N	N;INS;MASC;SG
fitzgerald	fitzgerald	fitzgerald	fitzgerald	N	N;NOM;MASC;SG
mama	mama	mama	mam	N	N;NOM;FEM;SG
romeo	romea	romeo	roma	N	N;NOM;MASC;SG
romeo	romeo	romeo	rome	N	N;NOM;MASC;SG
didier	didier	didier	didier	N	N;NOM;MASC;SG
liguria	liguriji	liguria	ligurija	N	N;DAT;FEM;SG
coccinea	coccinea	coccinea	coccine	N	N;ACC;MASC;SG
annonaceae	annonaceae	annonaceae	annonacea	N	N;NOM;MASC;SG
greenwich	greenwich	greenwich	greenwich	N	N;NOM;MASC;SG
caserta	caserta	caserta	casert	N	N;NOM;MASC;SG
holub	holub	holub	holub		
kinabalu	kinabalu	kinabalu	kinabal	N	N;NOM;MASC;SG
titus	titus	titus	titus	N	N;NOM;MASC;SG
messenger	glasnik	messenger	glasnik	N	N;NOM;MASC;SG
messenger	messenger	messenger	messenger	N	N;NOM;MASC;SG
lagos	lagos	lagos	lagos	N	N;NOM;MASC;SG
petra	petru	petra	petar	N	N;DAT;MASC;SG
petra	petra	petra	petar	N	N;NOM;MASC;SG
palmas	palmas	palmas	palmas	N	N;NOM;MASC;SG
jacobs	jacobs	jacobs	jacobs	N	N;NOM;MASC;SG
ngẫm	žvakati	ngẫm	žvakati	V	V;NFIN
lamiinae	lamiinae	lamiinae	lamiina	N	N;NOM;MASC;SG
niigata	niigata	niigata	niigat	N	N;NOM;MASC;SG
ericsson	ericsson	ericsson	ericsson	N	N;NOM;MASC;SG
achilles	ahil	achilles	ahil	N	N;NOM;MASC;SG
phalanx	falanga	phalanx	falanga	N	N;NOM;FEM;SG
cast	gips	cast	gips	N	N;NOM;MASC;SG
bogotá	bogoti	bogotá	bogot	N	N;DAT;FEM;SG
focke	focke	focke	focka		
constance	constance	constance	constanca	N	N;NOM;FEM;SG
boca	boca	boca	boca	N	N;NOM;FEM;SG
roem	roem	roem	roem		
nếm	okusio	nếm	okusiti	V	V;MASC;SG;PST;V.PTCP;ACT
pusillus	pusillus	pusillus	pusillus		
swinhoe	swinhoe	swinhoe	swinho	N	N;NOM;MASC;SG
dhaka	dhaka	dhaka	dhak	N	N;NOM;FEM;SG
theresia	theresia	theresia	theres	N	N;NOM;FEM;SG
richelieu	richelieu	richelieu	richeliti	N	N;ACC;FEM;SG
snape	snape	snape	snapa	N	N;NOM;MASC;SG
swansea	swansea	swansea	swans	N	N;NOM;MASC;SG
guadalupe	guadalupe	guadalupe	guadalupa	N	N;NOM;FEM;PL
judo	judo	judo	judo	N	N;NOM;MASC;SG
lampard	lampard	lampard	lampard	N	N;NOM;MASC;SG
myung	myung	myung	myung	N	N;NOM;MASC;SG
texte	texte	texte	texta		
hermes	hermes	hermes	hermes	N	N;NOM;MASC;SG
eindhoven	eindhovena	eindhoven	eindhoven	N	N;GEN;MASC;SG
iglesias	iglesias	iglesias	iglesias	N	N;NOM;MASC;SG
reno	reno	reno	reno	N	N;NOM;MASC;SG
lagrange	lagrange	lagrange	lagranga	N	N;NOM;MASC;SG
roque	roque	roque	rošua	N	N;NOM;MASC;SG
lahore	lahore	lahore	lahor	N	N;NOM;MASC;SG
tullgren	tullgren	tullgren	tullgren		
sikh	turban	sikh	turban	N	N;NOM;MASC;SG
corsair	corsair	corsair	corsair	N	N;NOM;MASC;SG
judith	judith	judith	judith	N	N;NOM;FEM;SG
constantius	konstancije	constantius	konstancija	N	N;NOM;FEM;PL
nairobi	nairobiju	nairobi	nairobija	N	N;DAT;MASC;SG
cate	cate	cate	cat	N	N;NOM;FEM;PL
cate	caitlin	cate	caitlin	N	N;NOM;FEM;SG
xui	nesretni	xui	nesretan	ADJ	ADJ;NOM;DEF;MASC;SG
boulogne	boulogne	boulogne	boulogni	N	N;NOM;FEM;SG
pocket	džepu	pocket	džep	N	N;DAT;MASC;SG
pocket	džep	pocket	džep	N	N;NOM;MASC;SG
akbar	akbar	akbar	akbar	N	N;NOM;MASC;SG
klatt	klatt	klatt	klatt		
elite	elita	elite	elita	N	N;NOM;FEM;SG
elite	elite	elite	elita	N	N;NOM;FEM;PL
anole	anole	anole	anola		
angry	ljuta	angry	ljut	N	N;NOM;FEM;SG
sorbus	sorbus	sorbus	sorbus	N	N;NOM;MASC;SG
cotton	pamuk	cotton	pamuk	N	N;NOM;MASC;SG
cotton	cotton	cotton	cotton	N	N;NOM;MASC;SG
stamford	stamford	stamford	stamford	N	N;NOM;MASC;SG
faust	faust	faust	faust	N	N;NOM;MASC;SG
mannheim	mannheim	mannheim	mannhe	N	N;NOM;MASC;SG
mannheim	manheim	mannheim	manhe	N	N;NOM;MASC;SG
everest	everest	everest	everest	N	N;NOM;MASC;SG
mpeg	mpeg	mpeg	mpeg	N	N;NOM;MASC;SG
berber	berber	berber	berber	N	N;NOM;MASC;SG
dover	dover	dover	dover	N	N;NOM;MASC;SG
bohr	bohr	bohr	bohr	N	N;NOM;MASC;SG
lamb	janje	lamb	janja	N	N;NOM;NEUT;SG
lamb	janjetina	lamb	janjetina	N	N;NOM;FEM;SG
brezhnev	brežnjev	brezhnev	brežnjev	N	N;NOM;MASC;SG
attenuata	attenuata	attenuata	attenuat	N	N;ACC;MASC;SG
giỏ	džepu	giỏ	džep	N	N;DAT;MASC;SG
giỏ	džep	giỏ	džep	N	N;NOM;MASC;SG
giỏ	koš	giỏ	koš	N	N;NOM;MASC;SG
giỏ	košara	giỏ	košar	N	N;NOM;FEM;SG
giỏ	košaru	giỏ	košara	N	N;ACC;FEM;SG
giỏ	košare	giỏ	košar	N	N;NOM;FEM;PL
