messina	messina	messina	messina	N	N;NOM;FEM;SG
sếu	žeriavy	sếu	žeriav	N	N;INAN;NOM;MASC;PL
sếu	crane	sếu	crana	N	N;ANIM;NOM;MASC;SG
mandela	mandela	mandela	mandieť	N	N;ANIM;NOM;MASC;SG
metallica	metallica	metallica	metallica	N	N;NOM;FEM;SG
asm	asm	asm	asm	N	N;NOM;FEM;SG
xiếc	cirkus	xiếc	cirkus	N	N;INAN;NOM;MASC;SG
dom	dome	dom	dom	N	N;INAN;ESS;MASC;SG
dom	dom	dom	dom	N	N;INAN;NOM;MASC;SG
joy	radosti	joy	radosť	N	N;NOM;FEM;PL
joy	radosť	joy	radosť	N	N;NOM;FEM;SG
verdun	verdun	verdun	verdun	N	N;NOM;NEUT;SG
macau	macao	macau	macao	N	N;NOM;FEM;SG
bryansk	briansk	bryansk	briansk	N	N;ANIM;NOM;MASC;SG
phở	pho	phở	po	N	N;NOM;FEM;SG
trafford	trafford	trafford	trafford	N	N;INAN;NOM;MASC;SG
affairs	záležitosti	affairs	záležitosť	N	N;NOM;FEM;PL
emirates	emiráty	emirates	emirát	N	N;INAN;NOM;MASC;PL
terme	terme	terme	term	N	N;INAN;NOM;MASC;SG
swiss	švajčiarska	swiss	švajčiarsky	N	N;NOM;NEUT;PL
chin	bradu	chin	brada	N	N;ACC;FEM;SG
chin	brada	chin	brad	N	N;NOM;FEM;SG
dĩa	doska	dĩa	doska	N	N;NOM;FEM;SG
dĩa	platňa	dĩa	platňa	N	N;NOM;FEM;SG
dĩa	tanier	dĩa	tanier	N	N;INAN;NOM;MASC;SG
dĩa	platne	dĩa	platňa	N	N;NOM;FEM;PL
dĩa	plech	dĩa	plech	N	N;INAN;NOM;MASC;SG
rna	rna	rna	rno	N	N;NOM;FEM;SG
khoe	relácie	khoe	relácia	N	N;NOM;FEM;PL
javascript	javascript	javascript	javascript	N	N;INAN;NOM;MASC;SG
mercedes	mercedes	mercedes	mercedes	N	N;INAN;NOM;MASC;SG
ubuntu	ubuntu	ubuntu	ubunt	N	N;INAN;GEN;MASC;SG
banh	loptu	banh	lopta	N	N;ACC;FEM;SG
banh	lopty	banh	lopta	N	N;NOM;FEM;PL
banh	lopta	banh	lopta	N	N;NOM;FEM;SG
banh	loptička	banh	loptička	N	N;NOM;FEM;SG
banh	guľa	banh	guľa	N	N;NOM;FEM;SG
wii	wii	wii	wii	N	N;NOM;FEM;SG
amazonas	amazonas	amazonas	amazonas	N	N;INAN;NOM;MASC;SG
almería	almería	almería	almerí	N	N;INAN;NOM;MASC;SG
martínez	martínez	martínez	martínez	N	N;ANIM;NOM;MASC;SG
thames	temži	thames	temži	N	N;DAT;FEM;SG
guadeloupe	guadeloupe	guadeloupe	guadeloup	N	N;INS;FEM;SG
cumberland	cumberland	cumberland	cumberland	N	N;INAN;NOM;MASC;SG
mụn	vyrážky	mụn	vyrážka	N	N;NOM;FEM;PL
mustafa	mustafa	mustafa	mustaf	N	N;ANIM;NOM;MASC;SG
messerschmitt	messerschmitt	messerschmitt	messerschmitt	N	N;ANIM;INS;MASC;PL
cardamine	cardamine	cardamine	cardamina	N	N;NOM;FEM;PL
asturias	asturias	asturias	asturias	N	N;ANIM;NOM;MASC;SG
seydlitz	seydlitz	seydlitz	seydlitz	N	N;ANIM;NOM;MASC;PL
sakhalin	sachalin	sakhalin	sachalin	N	N;INAN;NOM;MASC;SG
banner	trasy	banner	tri	N	N;NOM;FEM;PL
banner	cesty	banner	cesta	N	N;NOM;FEM;PL
banner	banner	banner	banner	N	N;INAN;NOM;MASC;SG
pallas	pallas	pallas	pallas	N	N;NOM;FEM;SG
wikidata	wikiúdaje	wikidata	wikiúdať	N	N;NOM;FEM;PL
tơi	opravy	tơi	oprava	N	N;NOM;FEM;PL
mindanao	mindanao	mindanao	mindanao	N	N;NOM;FEM;SG
maru	maru	maru	mara	N	N;ACC;FEM;SG
africanus	africanus	africanus	africanus	N	N;ANIM;NOM;MASC;SG
tango	tango	tango	tango	N	N;INAN;NOM;MASC;SG
empires	ríše	empires	ríša	N	N;NOM;FEM;PL
indicus	indicus	indicus	indicus	N	N;NOM;FEM;SG
albrecht	albrecht	albrecht	albrecht	N	N;ANIM;NOM;MASC;SG
coldplay	coldplay	coldplay	coldplay	N	N;NOM;MASC;SG
yamaguchi	yamaguchi	yamaguchi	yamaguch	N	N;ANIM;NOM;MASC;SG
bờm	hrivu	bờm	hriva	N	N;ACC;FEM;SG
phẩy	čiarka	phẩy	čiarka	N	N;NOM;FEM;SG
phẩy	čiarkou	phẩy	čiarka	N	N;INS;FEM;SG
mussolini	mussolini	mussolini	mussoliň	N	N;ANIM;NOM;MASC;SG
joshua	joshua	joshua	joshua	N	N;ANIM;NOM;MASC;SG
demetrios	demetrius	demetrios	demetrius	N	N;ANIM;NOM;MASC;SG
montevideo	montevidea	montevideo	montevidea	N	N;INAN;GEN;MASC;SG
shiki	masaoka	shiki	masaoka	N	N;INAN;NOM;MASC;SG
bethlehem	betleheme	bethlehem	betlehať	N	N;ANIM;NOM;MASC;PL
bolt	blesk	bolt	blesk	N	N;INAN;NOM;MASC;SG
mickey	mickey	mickey	mickey	N	N;NOM;FEM;SG
grenada	grenady	grenada	grenada	N	N;NOM;FEM;PL
antigua	antigua	antigua	antiguum	N	N;INAN;NOM;MASC;SG
claudia	klaudia	claudia	klaudiť	N	N;NOM;FEM;SG
claudia	claudia	claudia	claudiť	N	N;NOM;FEM;SG
dynamics	dynamika	dynamics	dynamika	N	N;NOM;FEM;SG
dynamics	dynamiky	dynamics	dynamika	N	N;NOM;FEM;PL
dynamics	dynamiku	dynamics	dynamika	N	N;ACC;FEM;SG
baku	baku	baku	bak	N	N;INAN;NOM;MASC;SG
quăng	hoď	quăng	hodiť	V	V;PFV;IMP;SG;2;POS;FIN
quăng	hodiť	quăng	hodiť	V	V;PFV;POS;NFIN
quăng	hádzať	quăng	hádzať	V	V;IPFV;POS;NFIN
werder	werder	werder	werder	N	N;INAN;NOM;MASC;SG
seal	pečať	seal	pečať	N	N;NOM;FEM;SG
seal	tesnenie	seal	tesnenie	N	N;NOM;NEUT;SG
albany	albany	albany	alban	N	N;ANIM;NOM;MASC;SG
achaea	achája	achaea	achája	N	N;NOM;FEM;SG
albacete	albacete	albacete	albacet	N	N;INAN;NOM;MASC;SG
blade	blade	blade	blad	N	N;NOM;MASC;SG
blade	čepeľ	blade	čepeľ	N	N;NOM;FEM;SG
mat	potravín	mat	potravina	N	N;GEN;FEM;PL
mat	jedlo	mat	jedlo	N	N;NOM;NEUT;SG
mat	jedla	mat	jedlo	N	N;NOM;NEUT;PL
mat	potraviny	mat	potravina	N	N;NOM;FEM;PL
disco	disko	disco	disko	N	N;NOM;NEUT;SG
disco	disco	disco	disco	N	N;INAN;NOM;MASC;SG
rufa	rufa	rufa	rufa	N	N;ANIM;NOM;MASC;SG
heinkel	heinkel	heinkel	heinkel	N	N;INAN;NOM;MASC;SG
penny	penny	penny	penny	N	N;NOM;FEM;SG
minamoto	minamoto	minamoto	minamoto	N	N;ANIM;NOM;MASC;SG
node	uzol	node	uzol	N	N;INAN;NOM;MASC;SG
tiberius	tiberius	tiberius	tiberius	N	N;ANIM;NOM;MASC;SG
hót	spev	hót	spev	N	N;INAN;NOM;MASC;SG
hót	spievanie	hót	spievanie	N	N;NOM;NEUT;SG
sandbox	pieskovisku	sandbox	pieskovisko	N	N;DAT;NEUT;SG
padova	padua	padova	padu	N	N;NOM;FEM;SG
ovata	ovata	ovata	ovata	N	N;NOM;MASC;SG
incertae	incertae	incertae	incertae	N	N;INAN;NOM;MASC;SG
comoros	komory	comoros	komora	N	N;NOM;FEM;PL
palustris	palustris	palustris	palustris	N	N;ANIM;NOM;MASC;SG
blücher	blücher	blücher	blücher	N	N;ANIM;NOM;MASC;SG
pauly	pauly	pauly	paul	N	N;NOM;FEM;SG
xòe	tutu	xòe	tuty	N	N;NOM;FEM;SG
klaus	klausovi	klaus	klaus	N	N;ANIM;DAT;MASC;SG
klaus	klaus	klaus	klaus	N	N;ANIM;NOM;MASC;SG
klaus	klausa	klaus	klausa	N	N;ANIM;ACC;MASC;SG
gorbachev	gorbačov	gorbachev	gorbač	N	N;ANIM;NOM;MASC;SG
resort	resort	resort	resort	N	N;INAN;NOM;MASC;SG
corinna	corinna	corinna	corinna	N	N;NOM;FEM;SG
papilionidae	papilionidae	papilionidae	papilionidae	N	N;ANIM;NOM;MASC;SG
taira	taira	taira	taira	N	N;ANIM;NOM;MASC;SG
bmw	bmw	bmw	bmw	N	N;INAN;NOM;MASC;SG
vocals	vokály	vocals	vokál	N	N;INAN;NOM;MASC;PL
allmusic	allmusic	allmusic	allmusic	N	N;INAN;NOM;MASC;SG
chihuahua	čivava	chihuahua	čivav	N	N;NOM;FEM;SG
descartes	descartes	descartes	descartes	N	N;ANIM;NOM;MASC;SG
madeira	madeira	madeira	madeira	N	N;INAN;NOM;MASC;SG
micro	mikro	micro	mikro	N	N;NOM;FEM;SG
micro	mikrofón	micro	mikrofón	N	N;INAN;NOM;MASC;SG
micro	mikrofónu	micro	mikrofón	N	N;INAN;GEN;MASC;SG
thìa	lyžičky	thìa	lyžička	N	N;NOM;FEM;PL
thìa	lyžice	thìa	lyžica	N	N;NOM;FEM;PL
thìa	lyžička	thìa	lyžička	N	N;NOM;FEM;SG
thìa	lyžičku	thìa	lyžička	N	N;ACC;FEM;SG
thìa	lyžice	thìa	lyžica	N	N;NOM;FEM;PL
medici	medici	medici	medica	N	N;ANIM;NOM;MASC;SG
gien	gény	gien	géna	N	N;NOM;FEM;PL
gien	gén	gien	gén	N	N;INAN;NOM;MASC;SG
cornwall	cornwallu	cornwall	cornwall	N	N;ACC;FEM;SG
marche	marche	marche	march	N	N;INAN;NOM;MASC;SG
bremer	bremer	bremer	bremer	N	N;NOM;MASC;SG
hormone	hormón	hormone	hormón	N	N;INAN;NOM;MASC;SG
hormone	hormónu	hormone	hormón	N	N;INAN;GEN;MASC;SG
hormone	hormónov	hormone	hormón	N	N;INAN;GEN;MASC;PL
hormone	hormóny	hormone	hormón	N	N;INAN;NOM;MASC;PL
beirut	bejrúte	beirut	bejrút	N	N;NOM;MASC;SG
carabus	bystruška	carabus	bystruška	N	N;INAN;NOM;MASC;SG
dot	bodka	dot	bodka	N	N;NOM;FEM;SG
elip	elipsy	elip	elipsa	N	N;NOM;FEM;PL
lafayette	lafayette	lafayette	lafayetto	N	N;ANIM;NOM;MASC;PL
willem	willem	willem	willo	N	N;ANIM;NOM;MASC;SG
tatar	tatar	tatar	tatar	N	N;ANIM;NOM;MASC;SG
boom	boom	boom	boj	N	N;INAN;NOM;MASC;SG
dumbledore	dumbledore	dumbledore	dumbledore	N	N;ANIM;NOM;MASC;SG
reo	pochybovať	reo	pochybovať	V	V;IPFV;POS;NFIN
reo	pochybujem	reo	pochybovať	V	V;IPFV;IND;SG;1;POS;PRS;FIN
reo	zvoní	reo	zvonie	V	V;IPFV;IND;SG;3;POS;PRS;FIN
fiction	výmysel	fiction	výmysel	N	N;INAN;NOM;MASC;SG
fiction	fikcia	fiction	fikcia	N	N;NOM;FEM;SG
bosmans	bosmans	bosmans	bosmans	N	N;ANIM;NOM;MASC;SG
pluto	pluto	pluto	pluto	N	N;NOM;NEUT;SG
adobe	adobe	adobe	adobe	N	N;NOM;FEM;SG
vermont	vermontu	vermont	vermont	N	N;INAN;GEN;MASC;SG
sụn	chrupavky	sụn	chrupavka	N	N;NOM;FEM;PL
bouchet	bouchet	bouchet	bouchet	N	N;NOM;MASC;SG
dianthus	dianthus	dianthus	dianthus	N	N;ANIM;NOM;MASC;SG
schalke	schalke	schalke	schalka	N	N;NOM;FEM;PL
kyushu	kjúšu	kyushu	kjúša	N	N;INAN;GEN;MASC;SG
piston	piesty	piston	piest	N	N;INAN;NOM;MASC;PL
piston	piest	piston	piest	N	N;INAN;NOM;MASC;SG
liti	lítia	liti	lítiť	N	N;NOM;NEUT;PL
mehmed	mehmed	mehmed	mehmed	N	N;ANIM;NOM;MASC;SG
cayman	calgary	cayman	calgar	N	N;INAN;NOM;MASC;PL
cayman	kajmanie	cayman	kajmanie	N	N;NOM;NEUT;SG
summit	samit	summit	samit	N	N;INAN;NOM;MASC;SG
summit	summit	summit	summit	N	N;ANIM;NOM;MASC;SG
martinique	martinik	martinique	martinik	N	N;INAN;NOM;MASC;SG
saxophone	saxofón	saxophone	saxofón	N	N;ANIM;NOM;MASC;SG
baghdad	bagdade	baghdad	bagdad	N	N;INAN;NOM;MASC;SG
ryukyu	ryukyu	ryukyu	ryuky	N	N;ACC;FEM;SG
para	para	para	para	N	N;NOM;FEM;SG
tolstoy	tolstoj	tolstoy	tolstoj	N	N;ANIM;NOM;MASC;SG
palawan	palawan	palawan	palawan	N	N;INAN;NOM;MASC;SG
neptune	neptún	neptune	neptún	N	N;INAN;NOM;MASC;SG
jupiter	jupiter	jupiter	jupiter	N	N;ANIM;NOM;MASC;SG
proxy	proxy	proxy	prox	N	N;INAN;NOM;MASC;SG
djibouti	džibuti	djibouti	džibut	N	N;INAN;NOM;MASC;SG
hattori	hattori	hattori	hattoriť	N	N;ANIM;NOM;MASC;SG
acta	acta	acta	acto	N	N;NOM;NEUT;SG
marcello	marcello	marcello	marcello	N	N;ANIM;NOM;MASC;SG
norodom	norodom	norodom	norod	N	N;INAN;INS;MASC;SG
funk	funk	funk	funk	N	N;INAN;NOM;MASC;SG
jharkhand	džhárkhand	jharkhand	džhárkhand	N	N;ANIM;NOM;MASC;SG
zanzibar	zanzibar	zanzibar	zanzibar	N	N;INAN;NOM;MASC;SG
ambrose	ambrose	ambrose	ambros	N	N;ANIM;NOM;MASC;SG
aurelius	aurelius	aurelius	aurelius	N	N;INAN;NOM;MASC;SG
gear	tempo	gear	tempo	N	N;NOM;NEUT;SG
gear	výstroj	gear	výstroj	N	N;NOM;FEM;SG
gear	výstroja	gear	výstroj	N	N;INAN;GEN;MASC;SG
gear	rýchlosti	gear	rýchlosť	N	N;NOM;FEM;PL
gear	rýchlostí	gear	rýchlosť	N	N;GEN;FEM;PL
andorra	podgorica	andorra	podgorica	N	N;NOM;FEM;SG
olympique	olympique	olympique	olympique	N	N;INAN;NOM;MASC;SG
palmer	palmer	palmer	palmer	N	N;ANIM;NOM;MASC;SG
ôtô	áut	ôtô	auto	N	N;GEN;NEUT;PL
ôtô	automobily	ôtô	automobiť	N	N;NOM;FEM;PL
ôtô	autá	ôtô	auto	N	N;NOM;NEUT;PL
nobilis	nobilis	nobilis	nobilis	N	N;INAN;NOM;MASC;SG
darren	darren	darren	darren	N	N;ANIM;NOM;MASC;SG
maxima	maxima	maxima	maxima	N	N;ANIM;GEN;MASC;SG
beograd	belehrade	beograd	belehrad	N	N;INAN;NOM;MASC;SG
suffolk	suffolku	suffolk	suffolka	N	N;ACC;FEM;SG
niken	nikel	niken	nikel	N	N;INAN;NOM;MASC;SG
niken	niklu	niken	niklo	N	N;NOM;NEUT;SG
ferrari	ferrari	ferrari	ferrari	N	N;INAN;NOM;MASC;SG
pereira	pereira	pereira	pereira	N	N;ANIM;NOM;MASC;SG
bruxelles	bruxelles	bruxelles	bruxelles	N	N;NOM;NEUT;SG
bruxelles	bruselu	bruxelles	brusel	N	N;DAT;NEUT;SG
bruxelles	brusel	bruxelles	brusel	N	N;INAN;NOM;MASC;SG
bruxelles	bruseli	bruxelles	brusieť	N	N;NOM;NEUT;PL
fairey	fairey	fairey	fairey	N	N;NOM;MASC;SG
curie	curie	curie	curia	N	N;NOM;MASC;SG
aerospace	aerospace	aerospace	aerospace	N	N;INAN;NOM;MASC;SG
donau	dunaji	donau	dunaj	N	N;INAN;NOM;MASC;SG
donau	dunaj	donau	dunaj	N	N;INAN;NOM;MASC;SG
donau	dunaja	donau	dunaj	N	N;INAN;GEN;MASC;SG
antigonos	antigonos	antigonos	antigonos	N	N;ANIM;NOM;MASC;SG
shop	obchod	shop	obchod	N	N;INAN;NOM;MASC;SG
shop	predajňa	shop	predajňa	N	N;NOM;FEM;SG
shop	obchodov	shop	obchod	N	N;INAN;GEN;MASC;PL
shop	obchody	shop	obchod	N	N;INAN;NOM;MASC;PL
shop	predajne	shop	predajňa	N	N;NOM;FEM;PL
kafka	kafka	kafka	kafka	N	N;ANIM;NOM;MASC;SG
meteor	meteor	meteor	meteor	N	N;INAN;NOM;MASC;SG
schumacher	schumacher	schumacher	schumacher	N	N;ANIM;NOM;MASC;SG
sylvia	sylvia	sylvia	sylví	N	N;NOM;FEM;SG
thriller	thriller	thriller	thriller	N	N;INAN;NOM;MASC;SG
sensu	sensu	sensu	sens	N	N;INAN;NOM;MASC;SG
middlesbrough	middlesbrough	middlesbrough	middlesbro	N	N;INS;FEM;SG
rfc	rfc	rfc	rfc	N	N;NOM;FEM;SG
catania	catania	catania	catanie	N	N;NOM;FEM;SG
canary	kanárske	canary	kanársky	N	N;NOM;FEM;PL
karst	krasu	karst	kras	N	N;INAN;GEN;MASC;SG
karst	kras	karst	kras	N	N;INAN;NOM;MASC;SG
hilton	hilton	hilton	hilton	N	N;INAN;NOM;MASC;SG
sexy	sexi	sexy	sexi	N	N;NOM;FEM;SG
sexy	sexy	sexy	sexa	N	N;NOM;FEM;SG
vinyl	vinyl	vinyl	vinyť	N	N;NOM;FEM;SG
cược	stávka	cược	stávka	N	N;NOM;FEM;SG
cược	stávku	cược	stávka	N	N;ACC;FEM;SG
cược	stávka	cược	stávka	N	N;NOM;FEM;SG
cược	stávku	cược	stávka	N	N;ACC;FEM;SG
krasnodar	krasnodar	krasnodar	krasnodar	N	N;INAN;NOM;MASC;SG
rainer	rainer	rainer	rainer	N	N;ANIM;NOM;MASC;SG
trieste	trieste	trieste	triesto	N	N;INAN;NOM;MASC;SG
pharaon	faraónov	pharaon	faraón	N	N;ANIM;GEN;MASC;PL
phineas	phineas	phineas	phineas	N	N;ANIM;NOM;MASC;SG
sirius	sirius	sirius	sirius	N	N;ANIM;NOM;MASC;SG
arafat	arafat	arafat	arafat	N	N;NOM;FEM;SG
phoebe	phoebe	phoebe	phoeb	N	N;NOM;FEM;SG
concorde	concorde	concorde	concord	N	N;INAN;NOM;MASC;SG
benevento	benevento	benevento	benevento	N	N;INAN;NOM;MASC;SG
cervus	cervus	cervus	cervus	N	N;ANIM;NOM;MASC;SG
sec	sek	sec	sek	N	N;INAN;NOM;MASC;SG
natalie	natalie	natalie	natalie	N	N;NOM;FEM;SG
barca	barca	barca	barec	N	N;NOM;FEM;SG
cassini	cassini	cassini	cassiňa	N	N;NOM;FEM;SG
nottingham	nottinghamu	nottingham	nottingha	N	N;INAN;GEN;MASC;SG
boson	bozón	boson	bozón	N	N;INAN;NOM;MASC;SG
labrador	labrador	labrador	labrador	N	N;ANIM;NOM;MASC;SG
saturn	saturn	saturn	saturn	N	N;INAN;NOM;MASC;SG
container	nádoba	container	nádob	N	N;NOM;FEM;SG
container	kontajner	container	kontajner	N	N;INAN;NOM;MASC;SG
container	kontajnery	container	kontajner	N	N;INAN;NOM;MASC;PL
thom	thom	thom	tho	N	N;ANIM;NOM;MASC;SG
nitrat	dusičnan	nitrat	dusičnan	N	N;NOM;FEM;SG
nitrat	dusičnanu	nitrat	dusičnan	N	N;ACC;FEM;SG
hilbert	hilbert	hilbert	hilbert	N	N;ANIM;NOM;MASC;SG
eight	osem	eight	osem	NUM	NUM;NOM;NEUT;SG
eight	ôsmimi	eight	osem	NUM	NUM;INS;MASC;PL
eight	ôsmich	eight	osem	NUM	NUM;GEN;MASC;PL
cobain	cobain	cobain	cobain	N	N;ANIM;NOM;MASC;SG
núm	bradavky	núm	bradavka	N	N;NOM;FEM;PL
cody	cody	cody	coda	N	N;ANIM;NOM;MASC;SG
biếng	lenivý	biếng	lenivý	ADJ	ADJ;ANIM;NOM;MASC;SG
shiva	shiva	shiva	shiva	N	N;NOM;FEM;SG
shiva	siva	shiva	siva	N	N;NOM;FEM;SG
merlin	merlin	merlin	merlin	N	N;INAN;NOM;MASC;SG
anchor	kotva	anchor	kotva	N	N;NOM;FEM;SG
anchor	kotvy	anchor	kotva	N	N;NOM;FEM;PL
anchor	ukotvenie	anchor	ukotvenie	N	N;NOM;NEUT;SG
ascii	ascii	ascii	ascia	N	N;NOM;FEM;SG
martinez	martinez	martinez	martin	N	N;ANIM;NOM;MASC;SG
phalaenopsis	phalaenopsis	phalaenopsis	phalaenopsis	N	N;NOM;FEM;SG
nógrád	novohrad	nógrád	novohrad	N	N;NOM;NEUT;SG
sẹo	jazvy	sẹo	jazva	N	N;NOM;FEM;PL
sẹo	jazvu	sẹo	jazva	N	N;ACC;FEM;SG
sẹo	jazva	sẹo	jazva	N	N;NOM;FEM;SG
tahiti	tahiti	tahiti	tahiť	N	N;INAN;NOM;MASC;SG
eurovision	eurovision	eurovision	eurovision	N	N;NOM;NEUT;SG
wolfsburg	wolfsburg	wolfsburg	wolfsburg	N	N;INAN;NOM;MASC;SG
tigris	tigris	tigris	tigris	N	N;NOM;NEUT;SG
laguna	laguna	laguna	laguna	N	N;NOM;FEM;SG
coca	kokaín	coca	kokain	N	N;INAN;NOM;MASC;SG
coca	colu	coca	cola	N	N;ACC;FEM;SG
coca	koks	coca	koks	N	N;INAN;NOM;MASC;SG
coca	cola	coca	cola	N	N;NOM;FEM;SG
coca	coca	coca	coca	N	N;NOM;FEM;SG
pixel	pixel	pixel	piť	N	N;INAN;NOM;MASC;SG
pixel	pixelov	pixel	pixel	N	N;ANIM;GEN;MASC;PL
anemone	anemone	anemone	anemon	N	N;ANIM;NOM;MASC;SG
rogue	rogue	rogue	rogu	N	N;INAN;NOM;MASC;SG
breslau	breslau	breslau	bresla	N	N;ACC;FEM;SG
factbook	factbook	factbook	factbook	N	N;NOM;FEM;SG
bonus	bonus	bonus	bonus	N	N;INAN;NOM;MASC;SG
điốt	dióda	điốt	dióda	N	N;NOM;FEM;SG
mồm	huba	mồm	huba	N	N;NOM;FEM;SG
mồm	papule	mồm	papuľa	N	N;NOM;FEM;PL
mồm	ústa	mồm	ústa	N	N;NOM;NEUT;PL
burma	barme	burma	barm	N	N;DAT;FEM;PL
burma	mjanmarsko	burma	mjanmarsko	N	N;NOM;NEUT;SG
jammu	džammú	jammu	džammú	N	N;NOM;FEM;SG
koh	koh	koh	koh	N	N;INAN;NOM;MASC;SG
castanea	castanea	castanea	castanea	N	N;ANIM;NOM;MASC;SG
dome	kupola	dome	kupola	N	N;NOM;FEM;SG
dome	kupoly	dome	kupola	N	N;NOM;FEM;PL
dome	kupolu	dome	kupola	N	N;ACC;FEM;SG
bịp	trik	bịp	trik	N	N;INAN;NOM;MASC;SG
chòi	kabína	chòi	kabína	N	N;NOM;FEM;SG
chòi	chata	chòi	chata	N	N;NOM;FEM;SG
chòi	chate	chòi	chata	N	N;DAT;FEM;SG
tankōbon	tankōbon	tankōbon	tankōbon	N	N;INAN;NOM;MASC;SG
cornelius	cornelius	cornelius	cornelius	N	N;ANIM;NOM;MASC;SG
robbie	robbie	robbie	robbie	N	N;ANIM;NOM;MASC;SG
pardubice	pardubice	pardubice	pardubica	N	N;NOM;FEM;PL
zurich	zurichu	zurich	zurichu	N	N;INAN;GEN;MASC;SG
tna	tna	tna	tna	N	N;ANIM;NOM;MASC;SG
leverkusen	leverkusen	leverkusen	leverkusen	N	N;INAN;NOM;MASC;SG
tbilisi	tbilisi	tbilisi	tbilis	N	N;NOM;FEM;PL
plutoni	plutónium	plutoni	plutónium	N	N;NOM;NEUT;SG
rugby	rugby	rugby	rugb	N	N;NOM;FEM;SG
aeroflot	aeroflot	aeroflot	aeroflot	N	N;NOM;MASC;SG
panorama	panorama	panorama	panoram	N	N;INAN;NOM;MASC;SG
ngấm	tiekla	ngấm	tiecť	V	V;IPFV;FEM;SG;POS;PST;V.PTCP
trumpet	trúbka	trumpet	trúbka	N	N;NOM;FEM;SG
trumpet	trúba	trumpet	trúba	N	N;NOM;FEM;SG
heian	heian	heian	heian	N	N;NOM;FEM;SG
bốt	boty	bốt	bot	N	N;INAN;NOM;MASC;PL
bốt	čižmy	bốt	čižma	N	N;NOM;FEM;PL
bốt	topánky	bốt	topánka	N	N;NOM;FEM;PL
haryana	harijána	haryana	hariján	N	N;ANIM;ACC;MASC;SG
lysimachia	lysimachia	lysimachia	lysimachi	N	N;NOM;FEM;SG
ligue	ligue	ligue	liga	N	N;NOM;FEM;SG
kombat	kombat	kombat	kombat	N	N;INAN;NOM;MASC;SG
hub	huba	hub	huba	N	N;NOM;FEM;SG
hub	náboj	hub	náboj	N	N;INAN;NOM;MASC;SG
příbram	příbram	příbram	příbram	N	N;INAN;NOM;MASC;SG
tivi	televízne	tivi	televízny	ADJ	ADJ;NOM;NEUT;SG
benin	beninu	benin	benina	N	N;ACC;FEM;SG
saddam	saddáma	saddam	saddáma	N	N;ANIM;ACC;MASC;SG
beetle	chrobáka	beetle	chrobák	N	N;ANIM;ACC;MASC;SG
beetle	chrobák	beetle	chrobák	N	N;ANIM;NOM;MASC;SG
picasso	picasso	picasso	picasso	N	N;INAN;NOM;MASC;SG
bien	obloha	bien	obloha	N	N;NOM;FEM;SG
joey	joeyho	joey	joeyho	N	N;INAN;NOM;MASC;SG
nuremberg	norimbergu	nuremberg	norimberg	N	N;INAN;GEN;MASC;SG
silicon	kremíka	silicon	kremík	N	N;INAN;NOM;MASC;SG
silicon	kremík	silicon	kremík	N	N;INAN;NOM;MASC;SG
damascus	damasku	damascus	damaska	N	N;INAN;GEN;MASC;SG
cordata	cordata	cordata	cordata	N	N;NOM;FEM;SG
anemia	anémia	anemia	anémia	N	N;NOM;FEM;SG
anemia	anémiu	anemia	anýmiť	N	N;NOM;FEM;SG
chatham	chatham	chatham	chathať	N	N;NOM;FEM;SG
fountain	fontána	fountain	fontán	N	N;NOM;FEM;SG
fountain	fontáne	fountain	fontána	N	N;DAT;FEM;SG
fountain	fontány	fountain	fontána	N	N;NOM;FEM;PL
bandai	bandai	bandai	bandai	N	N;NOM;FEM;SG
kalimantan	kalimantan	kalimantan	kalimantan	N	N;INAN;NOM;MASC;SG
sinai	sinaji	sinai	sina	N	N;INAN;NOM;MASC;PL
huelva	huelva	huelva	huelva	N	N;INAN;NOM;MASC;SG
beckham	beckham	beckham	beckha	N	N;NOM;FEM;SG
gin	gin	gin	gin	N	N;INAN;NOM;MASC;SG
medicago	medicago	medicago	medicago	N	N;ANIM;NOM;MASC;SG
oxit	oxid	oxit	oxid	N	N;INAN;NOM;MASC;SG
echo	echo	echo	echo	N	N;INAN;NOM;MASC;SG
sever	sever	sever	sever	N	N;INAN;NOM;MASC;SG
chocolate	čokoládu	chocolate	čokoláda	N	N;ACC;FEM;SG
chocolate	čokolády	chocolate	čokoláda	N	N;NOM;FEM;PL
chocolate	čokoláda	chocolate	čokoláda	N	N;NOM;FEM;SG
transistor	tranzistor	transistor	tranzistor	N	N;INAN;NOM;MASC;SG
supermarine	supermarine	supermarine	supermarina	N	N;NOM;MASC;PL
capcom	capcom	capcom	capec	N	N;ANIM;NOM;MASC;SG
hybrid	kríženec	hybrid	kríženec	N	N;ANIM;NOM;MASC;SG
hybrid	hybrid	hybrid	hybrid	N	N;INAN;NOM;MASC;SG
bittorrent	bittorrent	bittorrent	bittorrent	N	N;INAN;NOM;MASC;SG
canis	canis	canis	canis	N	N;ANIM;NOM;MASC;SG
battlefield	bojisko	battlefield	bojisko	N	N;NOM;NEUT;SG
battlefield	bojisku	battlefield	bojisko	N	N;DAT;NEUT;SG
pushkin	puškina	pushkin	puškina	N	N;NOM;FEM;SG
fiat	fiat	fiat	fiat	N	N;INAN;NOM;MASC;SG
circus	cirkus	circus	cirkus	N	N;INAN;NOM;MASC;SG
subspecies	poddruh	subspecies	poddruh	N	N;INAN;NOM;MASC;SG
montpellier	montpellier	montpellier	montpellier	N	N;INAN;NOM;MASC;SG
atatürk	atatürk	atatürk	atatürk	N	N;INAN;NOM;MASC;SG
ivoire	ivoire	ivoire	ivoira	N	N;NOM;MASC;SG
greece	grécko	greece	grécko	N	N;NOM;NEUT;SG
greece	grécka	greece	grécka	N	N;NOM;NEUT;SG
landmark	pamiatka	landmark	pamiatka	N	N;NOM;FEM;SG
levant	levant	levant	levant	N	N;ANIM;NOM;MASC;SG
comba	comba	comba	comba	N	N;INAN;NOM;MASC;SG
vyazma	viazma	vyazma	viazma	N	N;NOM;MASC;SG
lẻn	prepašovať	lẻn	prepašovať	V	V;IPFV;POS;NFIN
cuốc	random	cuốc	randý	N	N;NOM;MASC;SG
ftp	ftp	ftp	ftp	N	N;INAN;NOM;MASC;SG
terra	tera	terra	tera		
tudor	tudor	tudor	tudor	N	N;ANIM;NOM;MASC;SG
menu	menu	menu	menu	N	N;NOM;NEUT;SG
menu	ponuka	menu	ponuka	N	N;NOM;FEM;SG
menu	menu	menu	menu	N	N;NOM;NEUT;SG
poltava	poltava	poltava	poltava	N	N;NOM;FEM;SG
hawking	hawking	hawking	hawking	N	N;ANIM;NOM;MASC;SG
quezon	quezon	quezon	quezon	N	N;INAN;NOM;MASC;SG
mazowieckie	mazowieckie	mazowieckie	mazowiecky	N	N;NOM;FEM;PL
somali	somálsko	somali	somálsko	N	N;NOM;NEUT;SG
somali	somálsku	somali	somálsky	N	N;DAT;NEUT;SG
somali	sýria	somali	sýria	N	N;NOM;FEM;SG
hardcore	hardcore	hardcore	hardcore	N	N;INAN;NOM;MASC;SG
waltz	valčík	waltz	valčík	N	N;INAN;NOM;MASC;SG
daphne	daphne	daphne	daphňa	N	N;NOM;FEM;SG
jackie	jackie	jackie	jackie	N	N;NOM;FEM;SG
heves	heves	heves	heves	N	N;NOM;FEM;SG
serena	serenu	serena	serena	N	N;ACC;FEM;SG
serena	serena	serena	serena	N	N;NOM;FEM;SG
fiorentina	fiorentina	fiorentina	fiorentina	N	N;NOM;FEM;SG
malus	malus	malus	malus	N	N;NOM;FEM;SG
quest	výprava	quest	výprava	N	N;NOM;FEM;SG
chrome	chrome	chrome	chrom	N	N;INAN;NOM;MASC;SG
douglass	douglass	douglass	douglas	N	N;NOM;FEM;SG
lancashire	lancashire	lancashire	lancashira	N	N;INAN;NOM;MASC;SG
castello	castello	castello	castello	N	N;INAN;NOM;MASC;SG
myspace	myspace	myspace	myspaca	N	N;NOM;FEM;PL
draco	draco	draco	draco	N	N;INAN;NOM;MASC;SG
hale	hale	hale	hala	N	N;DAT;FEM;SG
hamburger	hamburger	hamburger	hamburger	N	N;INAN;NOM;MASC;SG
sarajevo	sarajeve	sarajevo	sarajev	N	N;INAN;NOM;MASC;SG
macrocarpa	macrocarpa	macrocarpa	macrocarp	N	N;INAN;GEN;MASC;SG
inn	inn	inn	inn	N	N;INAN;NOM;MASC;SG
phuket	phuket	phuket	phuket	N	N;INAN;NOM;MASC;SG
checkuser	checkuser	checkuser	checkuser	N	N;INAN;NOM;MASC;SG
karelia	karelia	karelia	karelie	N	N;NOM;FEM;SG
hàu	ustrice	hàu	ustrica	N	N;NOM;FEM;PL
hàu	oyster	hàu	oyster	N	N;INAN;NOM;MASC;SG
mourinho	mourinho	mourinho	mourin	N	N;ANIM;NOM;MASC;SG
ogg	ogg	ogg	ogg	N	N;INAN;NOM;MASC;SG
cafe	káve	cafe	káva	N	N;DAT;FEM;SG
cafe	kávu	cafe	káva	N	N;ACC;FEM;SG
cafe	kava	cafe	kava	N	N;NOM;FEM;SG
cafe	kafe	cafe	kafe	N	N;INAN;NOM;MASC;SG
cafe	káva	cafe	káva	N	N;NOM;FEM;SG
cafe	kaviareň	cafe	kaviareň	N	N;NOM;FEM;SG
cafe	cafe	cafe	cafe	N	N;INAN;NOM;MASC;SG
cafe	kaviarne	cafe	kaviareň	N	N;NOM;FEM;PL
assassin	zabijak	assassin	zabijak	N	N;ANIM;NOM;MASC;SG
farm	farma	farm	farma	N	N;NOM;FEM;SG
farm	farme	farm	farm	N	N;DAT;FEM;SG
farm	farmu	farm	farm	N	N;ACC;FEM;SG
newark	newarku	newark	newark	N	N;INAN;GEN;MASC;SG
armour	pancier	armour	pancier	N	N;INAN;NOM;MASC;SG
armour	brnenie	armour	brnenie	N	N;NOM;NEUT;SG
fat	tuku	fat	tuka	N	N;INAN;GEN;MASC;SG
fat	tuk	fat	tuk	N	N;INAN;NOM;MASC;SG
fat	tuky	fat	tuka	N	N;INAN;NOM;MASC;PL
corleone	corleone	corleone	corleone	N	N;ANIM;NOM;MASC;SG
mẹo	tipy	mẹo	tip	N	N;INAN;NOM;MASC;PL
mẹo	tip	mẹo	tip	N	N;INAN;NOM;MASC;SG
monogatari	monogatari	monogatari	monogatar	N	N;NOM;FEM;SG
racemosa	racemosa	racemosa	racemos	N	N;INAN;NOM;MASC;SG
wilde	wilde	wilde	wild	N	N;NOM;FEM;SG
glycine	glycín	glycine	glycen	N	N;NOM;MASC;SG
olympus	olymp	olympus	olymp	N	N;INAN;NOM;MASC;SG
tashkent	taškent	tashkent	taškent	N	N;NOM;MASC;SG
fukushima	fukušima	fukushima	fukušima	N	N;NOM;FEM;SG
muñoz	muñoz	muñoz	muñoz	N	N;ANIM;NOM;MASC;SG
rousseau	rousseau	rousseau	roussea	N	N;ANIM;NOM;MASC;SG
mecca	mekka	mecca	mekka	N	N;NOM;FEM;SG
kamakura	kamakura	kamakura	kamakura	N	N;INAN;NOM;MASC;SG
switch	prepínač	switch	prepínač	N	N;INAN;NOM;MASC;SG
switch	spínač	switch	spínač	N	N;INAN;NOM;MASC;SG
hume	hume	hume	hum	N	N;ANIM;NOM;MASC;SG
kar	kar	kar	kar	N	N;INAN;NOM;MASC;SG
muse	múza	muse	múza	N	N;NOM;FEM;SG
cằm	bradu	cằm	brada	N	N;ACC;FEM;SG
cằm	brada	cằm	brad	N	N;NOM;FEM;SG
pioneer	pionier	pioneer	pionier	N	N;INAN;NOM;MASC;SG
toulon	toulonu	toulon	toulon	N	N;INAN;GEN;MASC;SG
selim	selim	selim	seliť	N	N;ANIM;NOM;MASC;SG
damian	damian	damian	damian	N	N;ANIM;NOM;MASC;SG
hokage	hokage	hokage	hokage	N	N;ANIM;NOM;MASC;SG
strakonice	strakonice	strakonice	strakonica	N	N;NOM;FEM;PL
haifa	haify	haifa	haifa	N	N;NOM;FEM;PL
sorbonne	sorbonne	sorbonne	sorbonne	N	N;NOM;FEM;SG
runner	bežec	runner	bežec	N	N;ANIM;NOM;MASC;SG
villanueva	villanueva	villanueva	villanuev	N	N;NOM;MASC;SG
twilight	súmraku	twilight	súmrak	N	N;INAN;GEN;MASC;SG
twilight	twilight	twilight	twilight	N	N;NOM;MASC;SG
entropy	entropia	entropy	entropie	N	N;NOM;FEM;SG
voltaire	voltaire	voltaire	voltaire	N	N;ANIM;NOM;MASC;SG
robson	robson	robson	robson	N	N;ANIM;NOM;MASC;SG
méneville	méneville	méneville	méneville	N	N;NOM;NEUT;PL
salmon	losos	salmon	losos	N	N;INAN;NOM;MASC;SG
salmon	lososa	salmon	losos	N	N;INAN;GEN;MASC;SG
nhả	prepustiť	nhả	prepustiť	V	V;PFV;POS;NFIN
nhả	uvoľniť	nhả	uvoľniť	V	V;PFV;POS;NFIN
heathrow	heathrow	heathrow	heathrow	N	N;INAN;NOM;MASC;SG
machado	machado	machado	machado	N	N;ANIM;NOM;MASC;SG
purpurascens	purpurascens	purpurascens	purpurascens	N	N;ANIM;NOM;MASC;SG
lions	levy	lions	lev	N	N;INAN;NOM;MASC;PL
lions	levov	lions	lev	N	N;ANIM;GEN;MASC;PL
elsa	elsa	elsa	els	N	N;NOM;FEM;SG
madeleine	madeleine	madeleine	madeleine	N	N;ANIM;NOM;MASC;PL
tulagi	tulagi	tulagi	tulag	N	N;ANIM;NOM;MASC;SG
kana	kana	kana	kana	N	N;NOM;FEM;SG
alagoas	alagoas	alagoas	alagoas	N	N;INAN;NOM;MASC;SG
coventry	coventry	coventry	coventry	N	N;NOM;FEM;PL
ararat	ararat	ararat	ararat	N	N;INAN;NOM;MASC;SG
lhasa	lhase	lhasa	lhas	N	N;INAN;NOM;MASC;SG
polymer	polyméru	polymer	polymér	N	N;INAN;GEN;MASC;SG
polymer	polymér	polymer	polymér	N	N;INAN;NOM;MASC;SG
fitzgerald	fitzgerald	fitzgerald	fitzgerald	N	N;ANIM;NOM;MASC;SG
mama	mama	mama	mama	N	N;NOM;FEM;SG
romeo	romeo	romeo	romeo	N	N;INAN;NOM;MASC;SG
liguria	ligúria	liguria	ligúria	N	N;NOM;FEM;SG
radiata	radiata	radiata	radiata	N	N;NOM;FEM;SG
caserta	caserta	caserta	caserta	N	N;INAN;NOM;MASC;SG
kinabalu	kinabalu	kinabalu	kinabal	N	N;NOM;FEM;SG
messenger	messenger	messenger	messenger	N	N;INAN;NOM;MASC;SG
messenger	posol	messenger	posol	N	N;ANIM;NOM;MASC;SG
niigata	niigata	niigata	niigata	N	N;NOM;FEM;SG
carlsen	carlsen	carlsen	carlsen	N	N;NOM;FEM;SG
achilles	achilles	achilles	achilles	N	N;ANIM;NOM;MASC;SG
phalanx	falanga	phalanx	falanga	N	N;NOM;FEM;SG
yerevan	jerevan	yerevan	jerevan	N	N;NOM;FEM;SG
cast	cast	cast	cast	N	N;NOM;FEM;SG
cast	obsadenie	cast	obsadenie	N	N;NOM;NEUT;SG
bogotá	bogote	bogotá	bogot	N	N;INAN;ESS;MASC;SG
constance	constance	constance	constanec	N	N;ANIM;NOM;MASC;SG
boca	boca	boca	boc	N	N;INAN;NOM;MASC;SG
ski	lyžovanie	ski	lyžovanie	N	N;NOM;NEUT;SG
dhaka	dháke	dhaka	dhákať	N	N;DAT;FEM;SG
framework	rámec	framework	rámec	N	N;INAN;NOM;MASC;SG
framework	rámca	framework	rámca	N	N;INAN;GEN;MASC;SG
framework	rámcom	framework	rámec	N	N;INAN;INS;MASC;SG
amour	amour	amour	amour	N	N;NOM;FEM;SG
theresia	theresia	theresia	theresia	N	N;NOM;FEM;SG
richelieu	richelieu	richelieu	richelie	N	N;NOM;FEM;SG
snape	snape	snape	snap	N	N;ANIM;NOM;MASC;SG
cappadocia	kapadócia	cappadocia	kapadócia	N	N;NOM;FEM;SG
swansea	swansea	swansea	swansea	N	N;INAN;NOM;MASC;SG
guadalupe	guadalupe	guadalupe	guadalup	N	N;NOM;FEM;SG
judo	judo	judo	judo	N	N;INAN;NOM;MASC;SG
lampard	lampard	lampard	lampard	N	N;ANIM;NOM;MASC;SG
tunis	tunise	tunis	tunis	N	N;INAN;NOM;MASC;SG
jedi	jedi	jedi	jesť	N	N;ANIM;NOM;MASC;SG
iglesias	iglesias	iglesias	iglesias	N	N;ANIM;NOM;MASC;SG
harley	harley	harley	harley	N	N;ANIM;NOM;MASC;SG
lagrange	lagrange	lagrange	lagranga	N	N;ANIM;NOM;MASC;SG
chát	tvrdé	chát	tvrdý	ADJ	ADJ;NOM;NEUT;SG
chát	kruté	chát	krutý	ADJ	ADJ;NOM;NEUT;SG
corsair	corsair	corsair	corsair	N	N;NOM;FEM;SG
constantius	constantius	constantius	constantius	N	N;NOM;NEUT;SG
cate	cate	cate	cate	N	N;NOM;FEM;SG
xui	nešťastný	xui	nešťastný	ADJ	ADJ;ANIM;NOM;MASC;SG
advance	predstihu	advance	predstih	N	N;GEN;FEM;SG
pocket	vrecko	pocket	vrecko	N	N;NOM;NEUT;SG
pocket	vrecka	pocket	vrecko	N	N;NOM;NEUT;SG
pocket	vrecku	pocket	vrecko	N	N;DAT;NEUT;SG
akbar	akbar	akbar	akbar	N	N;ANIM;NOM;MASC;SG
elite	elita	elite	elita	N	N;NOM;FEM;SG
elite	elity	elite	elity	N	N;NOM;FEM;PL
interwiki	interwiki	interwiki	intergik	N	N;NOM;FEM;PL
sorbus	jarabina	sorbus	jarabina	N	N;NOM;FEM;SG
cotton	bavlnu	cotton	bavln	N	N;ACC;FEM;SG
cotton	bavlny	cotton	bavlny	N	N;NOM;FEM;PL
cotton	bavlna	cotton	bavon	N	N;NOM;FEM;SG
stamford	stamford	stamford	stamford	N	N;ANIM;NOM;MASC;SG
everest	everest	everest	everest	N	N;INAN;NOM;MASC;SG
bohr	bohrov	bohr	bohra	N	N;INAN;NOM;MASC;SG
lamb	jahňacie	lamb	jahňacia	N	N;NOM;FEM;PL
lamb	baránok	lamb	baránka	N	N;ANIM;NOM;MASC;SG
giỏ	vrecko	giỏ	vrecko	N	N;NOM;NEUT;SG
giỏ	vrecka	giỏ	vrecko	N	N;NOM;NEUT;SG
giỏ	vrecku	giỏ	vrecko	N	N;DAT;NEUT;SG
giỏ	košík	giỏ	košík	N	N;INAN;NOM;MASC;SG
giỏ	kôš	giỏ	kôš	N	N;INAN;NOM;MASC;SG
giỏ	koše	giỏ	kôš	N	N;INAN;NOM;MASC;PL
marta	marta	marta	marta	N	N;NOM;FEM;SG
cascade	kaskády	cascade	kaskáda	N	N;NOM;FEM;PL
manitoba	manitobe	manitoba	manitoba	N	N;INAN;NOM;MASC;SG
almeida	almeida	almeida	almeida	N	N;ANIM;NOM;MASC;SG
tea	čaj	tea	čaj	N	N;INAN;NOM;MASC;SG
tea	čaju	tea	čaj	N	N;INAN;GEN;MASC;SG
tea	tea	tea	tea	N	N;INAN;NOM;MASC;SG
raja	raja	raja	raj	N	N;INAN;GEN;MASC;SG
fun	zábava	fun	zábava	N	N;NOM;FEM;SG
fun	sranda	fun	sranda	N	N;NOM;FEM;SG
fun	srandy	fun	sranda	N	N;NOM;FEM;PL
jungle	džungli	jungle	džungľa	N	N;DAT;FEM;SG
jungle	džungle	jungle	džungľa	N	N;NOM;FEM;PL
hillary	hillary	hillary	hillar	N	N;INAN;NOM;MASC;SG
wolfram	volfrámu	wolfram	volfrám	N	N;INAN;GEN;MASC;SG
genie	džin	genie	džin	N	N;ANIM;NOM;MASC;SG
mangan	mangánu	mangan	mangán	N	N;INAN;GEN;MASC;SG
suceava	suceava	suceava	suceav	N	N;NOM;FEM;SG
bluetooth	bluetooth	bluetooth	bluet	N	N;INAN;NOM;MASC;SG
glucose	glukóza	glucose	glukóz	N	N;NOM;FEM;SG
glucose	glukózy	glucose	glukóza	N	N;NOM;FEM;PL
glucose	glukózu	glucose	glukóza	N	N;NOM;FEM;SG
violon	violon	violon	violon	N	N;NOM;NEUT;SG
classics	klasiku	classics	klasika	N	N;ACC;FEM;SG
punic	púnska	punic	púnsky	N	N;NOM;FEM;SG
bratislava	bratislava	bratislava	bratislava	N	N;NOM;FEM;SG
herschel	herschel	herschel	herschieť	N	N;ANIM;NOM;MASC;SG
wiltshire	wiltshire	wiltshire	wiltshira	N	N;ANIM;NOM;MASC;SG
jacqueline	jacqueline	jacqueline	jacquelina	N	N;DAT;FEM;SG
café	kaviareň	café	kaviareň	N	N;NOM;FEM;SG
café	cafe	café	cafe	N	N;INAN;NOM;MASC;SG
café	kaviarne	café	kaviareň	N	N;NOM;FEM;PL
café	kaviareň	café	kaviareň	N	N;NOM;FEM;SG
freiburg	freiburg	freiburg	freiburg	N	N;ANIM;NOM;MASC;SG
amadeus	amadeus	amadeus	amadeus	N	N;ANIM;NOM;MASC;SG
davy	davy	davy	dav	N	N;INAN;NOM;MASC;PL
magdalena	magdaléna	magdalena	magdalén	N	N;NOM;FEM;SG
magdalena	magdaléna	magdalena	magdalén	N	N;NOM;FEM;SG
magdalena	magdalena	magdalena	magdalena	N	N;NOM;FEM;SG
lupus	lupus	lupus	lupus	N	N;INAN;NOM;MASC;SG
xxi	xxi	xxi	xxi	NUM	NUM
concept	koncepcia	concept	koncepcia	N	N;NOM;FEM;SG
concept	pojem	concept	pojem	N	N;INAN;NOM;MASC;SG
concept	koncept	concept	koncept	N	N;INAN;NOM;MASC;SG
concept	koncepcie	concept	koncepcia	N	N;NOM;FEM;PL
concept	koncepciu	concept	koncepcia	N	N;ACC;FEM;SG
archimedes	archimedes	archimedes	archimedes	N	N;ANIM;NOM;MASC;SG
casino	kasína	casino	kasín	N	N;INAN;NOM;MASC;PL
casino	casino	casino	casino	N	N;INAN;NOM;MASC;SG
casino	kasíne	casino	kasíň	N	N;INAN;NOM;MASC;SG
casino	kasíno	casino	kasíno	N	N;NOM;NEUT;SG
marilyn	marilyn	marilyn	marilyn	N	N;NOM;FEM;SG
cabin	kabína	cabin	kabína	N	N;NOM;FEM;SG
cabin	chata	cabin	chata	N	N;NOM;FEM;SG
cabin	chate	cabin	chata	N	N;DAT;FEM;SG
rệp	chyby	rệp	chyba	N	N;NOM;FEM;PL
rệp	chýb	rệp	chýb	N	N;GEN;FEM;PL
rệp	chrobákov	rệp	chrobák	N	N;ANIM;GEN;MASC;PL
rệp	chrobáky	rệp	chrobák	N	N;INAN;NOM;MASC;PL
sina	sina	sina	sin	N	N;ANIM;NOM;MASC;SG
sacramento	sacramento	sacramento	sacramento	N	N;INAN;NOM;MASC;SG
lecco	lecco	lecco	lecco	N	N;NOM;NEUT;SG
jericho	jericho	jericho	jericho	N	N;ANIM;NOM;MASC;SG
vandal	vandal	vandal	vandať	N	N;ANIM;NOM;MASC;SG
khz	khz	khz	khz	N	N;INAN;NOM;MASC;SG
zip	zips	zip	zips	N	N;INAN;NOM;MASC;SG
zip	zip	zip	zip	N	N;INAN;NOM;MASC;SG
moravia	morave	moravia	morav	N	N;DAT;FEM;SG
fermat	fermat	fermat	fermat	N	N;ANIM;NOM;MASC;SG
surigao	surigao	surigao	surigao	N	N;NOM;FEM;SG
alexios	alexios	alexios	alexios	N	N;INAN;NOM;MASC;SG
caracas	caracas	caracas	caracas	N	N;INAN;NOM;MASC;SG
bomb	bomby	bomb	bomba	N	N;NOM;FEM;PL
bomb	bomba	bomb	bomba	N	N;NOM;FEM;SG
sarkozy	sarkozy	sarkozy	sarkoz	N	N;ANIM;NOM;MASC;SG
sarkozy	sarkozyho	sarkozy	sarkozy	N	N;INAN;NOM;MASC;SG
pole	pól	pole	pól	N	N;INAN;NOM;MASC;SG
astronomy	astronómia	astronomy	astronómia	N	N;NOM;FEM;SG
mầu	farba	mầu	farba	N	N;NOM;FEM;SG
mầu	farby	mầu	farba	N	N;NOM;FEM;PL
poker	poker	poker	poker	N	N;INAN;NOM;MASC;SG
shaun	radka	shaun	radka	N	N;NOM;FEM;SG
internazionale	internazionale	internazionale	internazionale	N	N;INAN;NOM;MASC;SG
vẫy	máva	vẫy	mávať	V	V;IPFV;IND;SG;3;POS;PRS;FIN
vẫy	mával	vẫy	mávať	V	V;ANIM;IPFV;MASC;SG;POS;PST;V.PTCP
mcmahon	mcmahon	mcmahon	mcmahon	N	N;ANIM;NOM;MASC;SG
safari	safari	safari	safar	N	N;NOM;FEM;SG
guild	spolok	guild	spolok	N	N;INAN;NOM;MASC;SG
guild	cech	guild	cech	N	N;ANIM;NOM;MASC;SG
armata	armata	armata	armata	N	N;NOM;FEM;SG
stay	zostaň	stay	zostať	N	N;ANIM;VOC;MASC;SG
panthera	panthera	panthera	panther	N	N;NOM;MASC;SG
psyche	psychiku	psyche	psychika	N	N;ACC;FEM;SG
kamov	kamov	kamov	kam	N	N;INAN;NOM;MASC;SG
stefano	stefana	stefano	stefan	N	N;ANIM;ACC;MASC;SG
mei	mei	mei	mei	N	N;INAN;NOM;MASC;SG
calhoun	calhoun	calhoun	calhoun	N	N;INS;FEM;SG
dayton	daytone	dayton	daytone	N	N;INAN;NOM;MASC;SG
bougainville	bougainville	bougainville	bougainville	N	N;NOM;NEUT;PL
vulcan	vulcan	vulcan	vulcan	N	N;INAN;NOM;MASC;SG
superman	superman	superman	superman	N	N;ANIM;NOM;MASC;SG
saints	svätí	saints	svätie	N	N;ANIM;NOM;MASC;PL
saints	svätých	saints	svätý	N	N;ANIM;GEN;MASC;PL
perez	perez	perez	perez	N	N;ANIM;NOM;MASC;SG
clemens	clemens	clemens	clemens	N	N;ANIM;NOM;MASC;SG
meiji	meidži	meiji	meidž	N	N;NOM;MASC;SG
sạc	nabiť	sạc	nabiť	V	V;PFV;POS;NFIN
imax	imax	imax	imax	N	N;INAN;NOM;MASC;SG
karachi	karáči	karachi	karáč	N	N;INAN;NOM;MASC;SG
suvarnabhumi	suvarnabhumi	suvarnabhumi	suvarnabha	N	N;INAN;NOM;MASC;SG
commonwealth	spoločenstva	commonwealth	spoločenstvo	N	N;NOM;NEUT;PL
commonwealth	spoločenstvo	commonwealth	spoločenstvo	N	N;NOM;NEUT;SG
cactus	kaktus	cactus	kaktus	N	N;INAN;NOM;MASC;SG
laurence	laurence	laurence	laurenie	N	N;ANIM;NOM;MASC;SG
dinamo	dinamo	dinamo	dinamo	N	N;NOM;NEUT;SG
amanita	muchotrávka	amanita	muchotrávka	N	N;NOM;FEM;SG
