gustave	gustave	gustave	gustave	N	N;INDF;MASC+FEM;SG
vale	vale	vale	vale	N	N;INDF;MASC+FEM;SG
mustang	mustang	mustang	mustang	N	N;INDF;MASC+FEM;SG
ballet	ballet	ballet	bal	N	N;INDF;MASC+FEM;SG
bali	bali	bali	bali	N	N;INDF;NEUT;SG
click	klik	click	klik	V	V;IMP
diva	diva	diva	diva	N	N;INDF;MASC+FEM;SG
ngất	besvimede	ngất	besvime	V	V;IND;PST;FIN;ACT
mnet	mnet	mnet	mnne	N	N;DEF;NEUT;SG
angels	engle	angels	engel	N	N;INDF;MASC+FEM;PL
angels	angels	angels	angels	N	N;INDF;MASC+FEM;SG
angels	englene	angels	engel	N	N;DEF;MASC+FEM;PL
linden	linden	linden	lind	N	N;DEF;MASC+FEM;SG
albion	albion	albion	albion	N	N;INDF;MASC+FEM;SG
pixar	pixar	pixar	pixar	N	N;INDF;NEUT;SG
fury	raseri	fury	raseri	N	N;INDF;NEUT;SG
jolie	jolie	jolie	jolie	N	N;INDF;MASC+FEM;SG
bauhinia	bauhinia	bauhinia	bauhinia	N	N;INDF;MASC+FEM;SG
alessandro	alessandro	alessandro	alessandro	N	N;INDF;MASC+FEM;SG
thebes	theben	thebes	theb	N	N;DEF;MASC+FEM;SG
claudius	claudius	claudius	claudius	N	N;INDF;MASC+FEM;SG
guillaumin	guillaumin	guillaumin	guillaumin	N	N;INDF;NEUT;SG
plasma	plasma	plasma	plasma	N	N;INDF;NEUT;SG
avro	avro	avro	avro	N	N;INDF;MASC+FEM;SG
taekwondo	taekwondo	taekwondo	taekwondo	N	N;INDF;MASC+FEM;SG
minutus	minutus	minutus	minutus	N	N;INDF;NEUT;SG
strike	strejker	strike	strejke	N	N;INDF;MASC+FEM;PL
strike	strejke	strike	strejke	N	N;INDF;MASC+FEM;SG
konstantinos	konstantin	konstantinos	konstantin	N	N;INDF;MASC+FEM;SG
konstantinos	constantine	konstantinos	constantin	N	N;INDF;MASC+FEM;SG
dynamo	dynamo	dynamo	dynamo	N	N;INDF;MASC+FEM;SG
sứa	vandmænd	sứa	vandmænd	N	N;INDF;MASC+FEM;PL
atlantique	atlantique	atlantique	atlantique	N	N;INDF;MASC+FEM;SG
queens	dronninger	queens	dronning	N	N;INDF;MASC+FEM;PL
queens	queens	queens	que	N	N;GEN;DEF;MASC+FEM;SG
cello	cello	cello	cello	N	N;INDF;MASC+FEM;SG
robertson	robertson	robertson	robertson	N	N;INDF;MASC+FEM;SG
ser	ridder	ser	ridder	N	N;INDF;MASC+FEM;SG
rán	stegning	rán	stegning	N	N;INDF;MASC+FEM;SG
rán	yngel	rán	yngel	N	N;INDF;MASC+FEM;SG
quầy	kok	quầy	kok	N	N;INDF;MASC+FEM;SG
quầy	køkkenchef	quầy	køkkenchef	N	N;INDF;MASC+FEM;SG
quầy	kokken	quầy	kokke	N	N;DEF;MASC+FEM;SG
dracula	dracula	dracula	dracula	N	N;INDF;MASC+FEM;SG
metropolitan	metropolitan	metropolitan	metropolitan	N	N;INDF;MASC+FEM;SG
vendée	vendée	vendée	vendée	N	N;INDF;MASC+FEM;SG
andaman	andaman	andaman	andaman	N	N;INDF;MASC+FEM;SG
pass	aflevering	pass	aflevering	N	N;INDF;MASC+FEM;SG
pass	pass	pass	pass	N	N;INDF;NEUT;SG
dam	dæmningen	dam	dæmning	N	N;DEF;MASC+FEM;SG
dam	dæmning	dam	dæmning	N	N;INDF;MASC+FEM;SG
dam	dige	dam	dige	N	N;INDF;NEUT;SG
canyon	kløft	canyon	kløft	N	N;INDF;MASC+FEM;SG
malacca	melaka	malacca	melaka	N	N;INDF;NEUT;SG
walther	walther	walther	walther	N	N;INDF;MASC+FEM;SG
christie	christie	christie	christie	N	N;INDF;MASC+FEM;SG
chấu	græshopper	chấu	græshoppe	N	N;INDF;MASC+FEM;PL
marlborough	marlborough	marlborough	marlborough	N	N;INDF;MASC+FEM;SG
fleet	flåden	fleet	flåd	N	N;DEF;MASC+FEM;SG
fleet	flåde	fleet	flåde	N	N;INDF;MASC+FEM;SG
tours	ture	tours	tur	N	N;INDF;MASC+FEM;PL
canadensis	canadensis	canadensis	canadensis	N	N;INDF;MASC+FEM;SG
maldives	maldiverne	maldives	maldiv	N	N;DEF;NEUT;PL
rosea	rosea	rosea	rose	N	N;INDF;MASC+FEM;SG
antwerp	antwerpen	antwerp	antwerp	N	N;INDF;MASC+FEM;SG
jeju	jeju	jeju	jeju	N	N;INDF;NEUT;SG
diếp	salat	diếp	salat	N	N;INDF;MASC+FEM;SG
ultra	ultra	ultra	ultra	N	N;INDF;NEUT;SG
wasp	hveps	wasp	hveps	N	N;INDF;MASC+FEM;SG
boong	dæk	boong	dæk	N	N;INDF;NEUT;PL
lindau	lindau	lindau	lindau	N	N;INDF;NEUT;SG
bactria	baktrien	bactria	baktri	N	N;DEF;MASC+FEM;SG
amanda	amanda	amanda	amanda	N	N;INDF;MASC+FEM;SG
goethe	goethe	goethe	goethe	N	N;INDF;MASC+FEM;SG
cúi	bøje	cúi	bøje	V	V;NFIN;ACT
cúi	bøj	cúi	bøj	V	V;IMP
kant	kant	kant	kant	N	N;INDF;MASC+FEM;SG
japonicus	japonicus	japonicus	japonicus	N	N;INDF;MASC+FEM;SG
chum	chum	chum	chum	N	N;INDF;NEUT;SG
nhấp	klikkede	nhấp	klikke	V	V;IND;PST;FIN;ACT
nhấp	klik	nhấp	klik	V	V;IMP
gaius	gaius	gaius	gaius	N	N;INDF;MASC+FEM;SG
antilles	antillerne	antilles	antille	N	N;DEF;MASC+FEM;PL
antilles	antiller	antilles	antille	N	N;INDF;MASC+FEM;PL
ekaterina	ekaterina	ekaterina	ekaterina	N	N;INDF;MASC+FEM;SG
populus	populus	populus	populus	N	N;INDF;MASC+FEM;SG
shark	hajen	shark	haj	N	N;DEF;MASC+FEM;SG
shark	haj	shark	haj	N	N;INDF;MASC+FEM;SG
shark	hajer	shark	haj	N	N;INDF;MASC+FEM;PL
flagstaff	flagstaff	flagstaff	flagstaff	N	N;INDF;NEUT;SG
sếu	kraner	sếu	krane	N	N;INDF;MASC+FEM;PL
sếu	kran	sếu	kran	N	N;INDF;MASC+FEM;SG
metallica	metallica	metallica	metallica	N	N;INDF;NEUT;SG
xiếc	cirkus	xiếc	cirkus	N	N;INDF;NEUT;SG
dom	dom	dom	dom	N	N;INDF;MASC+FEM;SG
gigas	gigas	gigas	giga	N	N;INDF;MASC+FEM;SG
erwin	erwin	erwin	erwin	N	N;INDF;MASC+FEM;SG
joy	glæde	joy	glæde	N	N;INDF;MASC+FEM;SG
joy	livsglæde	joy	livsglæde	N	N;INDF;MASC+FEM;SG
verdun	verdun	verdun	verdun	N	N;INDF;MASC+FEM;PL
macau	macao	macau	macao	N	N;INDF;NEUT;SG
sint	sint	sint	sin	N	N;INDF;MASC+FEM;SG
bryansk	brjansk	bryansk	brjansk	N	N;INDF;NEUT;SG
jasper	jasper	jasper	jaspe	N	N;INDF;MASC+FEM;SG
affairs	anliggender	affairs	anliggende	N	N;INDF;NEUT;PL
emirates	emirater	emirates	emirat	N	N;INDF;NEUT;PL
chin	hagen	chin	hag	N	N;DEF;MASC+FEM;SG
chin	kind	chin	kind	N	N;INDF;MASC+FEM;SG
chin	hage	chin	hage	N	N;INDF;MASC+FEM;SG
dĩa	plader	dĩa	plade	N	N;INDF;MASC+FEM;PL
dĩa	plade	dĩa	plade	N	N;INDF;MASC+FEM;SG
dĩa	nummerplade	dĩa	nummerplade	N	N;INDF;MASC+FEM;SG
dĩa	tallerken	dĩa	tallerken	N	N;INDF;MASC+FEM;SG
rna	rna	rna	rna	N	N;INDF;MASC+FEM;SG
khoe	shows	khoe	shows	N	N;INDF;NEUT;SG
usda	usda	usda	usda	N	N;INDF;NEUT;SG
johor	johor	johor	johor	N	N;INDF;NEUT;SG
dượng	vernon	dượng	vernon	N	N;INDF;MASC+FEM;SG
dượng	stedfar	dượng	stedfar	N	N;INDF;MASC+FEM;SG
javascript	javascript	javascript	javascript	N	N;INDF;MASC+FEM;SG
rzhev	rzhev	rzhev	rzhev	N	N;INDF;MASC+FEM;SG
mercedes	mercedes	mercedes	mercede	N	N;INDF;MASC+FEM;SG
sigma	sigma	sigma	sigma	N	N;INDF;NEUT;SG
sparrow	spurv	sparrow	spurv	N	N;INDF;MASC+FEM;SG
banh	bal	banh	bal	N	N;INDF;MASC+FEM;SG
banh	bold	banh	bold	N	N;INDF;MASC+FEM;SG
banh	kugle	banh	kugle	N	N;INDF;MASC+FEM;SG
almería	almería	almería	almería	N	N;INDF;MASC+FEM;SG
ponte	ponte	ponte	ponte	N	N;INDF;MASC+FEM;SG
martínez	martínez	martínez	martínez	N	N;INDF;MASC+FEM;SG
thames	themsen	thames	themse	N	N;INDF;MASC+FEM;SG
guadeloupe	guadeloupe	guadeloupe	guadeloupe	N	N;INDF;MASC+FEM;SG
cumberland	cumberland	cumberland	cumberland	N	N;INDF;MASC+FEM;SG
mụn	acne	mụn	acne	N	N;INDF;MASC+FEM;SG
mụn	bumser	mụn	bumse	N	N;INDF;MASC+FEM;PL
mụn	bums	mụn	bums	N	N;INDF;MASC+FEM;SG
mụn	bumser	mụn	bumse	N	N;INDF;MASC+FEM;PL
mustafa	mustafa	mustafa	mustafa	N	N;INDF;MASC+FEM;SG
romero	romero	romero	romero	N	N;INDF;MASC+FEM;SG
messerschmitt	messerschmitt	messerschmitt	messerschmitt	N	N;INDF;MASC+FEM;SG
cardamine	springklap	cardamine	springklap	N	N;INDF;MASC+FEM;SG
nigrescens	nigrescens	nigrescens	nigrescens	N	N;GEN;INDF;MASC+FEM;SG
asturias	asturien	asturias	asturi	N	N;DEF;MASC+FEM;SG
gauss	gauss	gauss	gaus	N	N;INDF;MASC+FEM;SG
banner	stier	banner	stie	N	N;INDF;MASC+FEM;PL
banner	banner	banner	banne	N	N;INDF;MASC+FEM;SG
pallas	pallas	pallas	pallas	N	N;INDF;MASC+FEM;SG
tơi	rettelser	tơi	rettelse	N	N;INDF;MASC+FEM;PL
africanus	africanus	africanus	africanus	N	N;INDF;MASC+FEM;SG
tango	tango	tango	tango	N	N;INDF;MASC+FEM;SG
empires	imperier	empires	imperi	N	N;INDF;NEUT;PL
empires	riger	empires	rig	N	N;INDF;MASC+FEM;PL
walsh	walsh	walsh	walsh	N	N;INDF;MASC+FEM;SG
marsh	mose	marsh	mose	N	N;INDF;MASC+FEM;SG
marsh	mosen	marsh	mosen	N	N;DEF;MASC+FEM;SG
coldplay	coldplay	coldplay	coldplay	N	N;INDF;NEUT;SG
bờm	manke	bờm	manke	N	N;INDF;MASC+FEM;SG
phẩy	komma	phẩy	komma	N	N;INDF;NEUT;SG
mussolini	mussolini	mussolini	mussolini	N	N;INDF;MASC+FEM;SG
nhờn	fedtet	nhờn	fedte	N	N;DEF;NEUT;SG
nhờn	fedtet	nhờn	fedte	N	N;DEF;NEUT;SG
demetrios	demetrius	demetrios	demetrius	N	N;INDF;MASC+FEM;SG
richter	richter	richter	richt	N	N;INDF;MASC+FEM;SG
kurd	kurder	kurd	kurde	N	N;INDF;MASC+FEM;SG
mercer	mercer	mercer	merce	N	N;INDF;MASC+FEM;SG
bethlehem	bethlehem	bethlehem	bethlehem	N	N;INDF;MASC+FEM;SG
bolt	bolt	bolt	bolt	N	N;INDF;MASC+FEM;SG
imf	imf	imf	imf	N	N;INDF;MASC+FEM;SG
dynamics	dynamik	dynamics	dynamik	N	N;INDF;MASC+FEM;SG
dynamics	dynamikken	dynamics	dynamik	N	N;DEF;MASC+FEM;SG
disa	disa	disa	disa	N	N;INDF;NEUT;SG
quăng	smider	quăng	smide	V	V;IND;PRS;FIN;ACT
quăng	kaste	quăng	kaste	V	V;NFIN;ACT
quăng	smide	quăng	smide	V	V;NFIN;ACT
quăng	smid	quăng	smid	V	V;IMP
werder	werder	werder	werder	N	N;INDF;MASC+FEM;SG
seal	segl	seal	segl	N	N;INDF;NEUT;SG
seal	sæl	seal	sæl	N	N;INDF;MASC+FEM;SG
seal	forsegling	seal	forsegling	N	N;INDF;MASC+FEM;SG
seal	seal	seal	seal	N	N;INDF;MASC+FEM;SG
albany	albany	albany	albany	N	N;INDF;MASC+FEM;SG
achaea	achaea	achaea	achaea	N	N;INDF;NEUT;SG
bloch	bloch	bloch	bloch	N	N;INDF;NEUT;SG
albacete	albacete	albacete	albacet	N	N;INDF;MASC+FEM;SG
blade	klinge	blade	klinge	N	N;INDF;MASC+FEM;SG
blade	blade	blade	blad	N	N;INDF;NEUT;PL
blade	blad	blade	blad	N	N;INDF;NEUT;SG
mat	levnedsmidler	mat	levnedsmiddel	N	N;INDF;MASC+FEM;PL
mat	mad	mat	mad	N	N;INDF;MASC+FEM;SG
mat	fødevarer	mat	fødevare	N	N;INDF;MASC+FEM;PL
mat	måtten	mat	måtte	N	N;DEF;MASC+FEM;SG
mat	mat	mat	mat	N	N;INDF;MASC+FEM;SG
disco	diskotek	disco	diskotek	N	N;INDF;NEUT;SG
disco	disko	disco	disko	N	N;INDF;MASC+FEM;SG
rufa	rufa	rufa	rufa	N	N;INDF;MASC+FEM;SG
heinkel	heinkel	heinkel	heinkel	N	N;INDF;MASC+FEM;SG
pounder	pounder	pounder	pounder	N	N;INDF;MASC+FEM;PL
penny	penny	penny	penny	N	N;INDF;MASC+FEM;SG
quýt	mandarin	quýt	mandarin	N	N;INDF;MASC+FEM;SG
quýt	mandarin	quýt	mandarin	N	N;INDF;MASC+FEM;SG
node	knudepunkt	node	knudepunkt	N	N;INDF;NEUT;SG
node	knude	node	knude	N	N;INDF;MASC+FEM;SG
tiberius	tiberius	tiberius	tiberius	N	N;INDF;MASC+FEM;SG
engels	engels	engels	engels	N	N;INDF;MASC+FEM;SG
chong	chong	chong	chong	N	N;INDF;NEUT;SG
hót	sang	hót	sang	N	N;INDF;MASC+FEM;SG
thor	thor	thor	thor	N	N;INDF;MASC+FEM;SG
sandbox	sandkasse	sandbox	sandkasse	N	N;INDF;MASC+FEM;SG
comoros	comorerne	comoros	comor	N	N;INDF;MASC+FEM;PL
palustris	palustris	palustris	palustris	N	N;INDF;MASC+FEM;SG
blücher	blücher	blücher	bloche	N	N;INDF;MASC+FEM;SG
xòe	tutu	xòe	tutu	N	N;INDF;MASC+FEM;SG
khuấy	røre	khuấy	røre	V	V;NFIN;ACT
gorbachev	gorbatjovs	gorbachev	gorbatjovs	N	N;INDF;MASC+FEM;SG
gorbachev	gorbatjov	gorbachev	gorbatjov	N	N;INDF;MASC+FEM;SG
resort	resort	resort	resort	N	N;INDF;NEUT;SG
resort	udvej	resort	udvej	N	N;INDF;MASC+FEM;SG
corinna	corinna	corinna	corinna	N	N;INDF;MASC+FEM;SG
pers	pers	pers	pers	N	N;INDF;MASC+FEM;SG
castel	castel	castel	castel	N	N;INDF;MASC+FEM;SG
bmw	bmw	bmw	bmw	N	N;INDF;MASC+FEM;SG
sumer	sumerisk	sumer	sumerisk	N	N;INDF;NEUT;SG
vocals	vokal	vocals	vokal	N	N;INDF;MASC+FEM;SG
allmusic	allmusic	allmusic	allmusic	N	N;INDF;NEUT;SG
chihuahua	chihuahua	chihuahua	chihuahua	N	N;INDF;MASC+FEM;SG
descartes	descartes	descartes	descart	N	N;GEN;INDF;MASC+FEM;SG
micro	mikrofonen	micro	mikrofon	N	N;DEF;MASC+FEM;SG
micro	mikrofon	micro	mikrofon	N	N;INDF;MASC+FEM;SG
thìa	skeer	thìa	ske	N	N;INDF;MASC+FEM;PL
thìa	skeen	thìa	ske	N	N;DEF;MASC+FEM;SG
medici	medici	medici	medici	N	N;INDF;MASC+FEM;SG
gien	gener	gien	gen	N	N;INDF;NEUT;PL
gien	generne	gien	gen	N	N;DEF;NEUT;PL
gien	gene	gien	gene	N	N;INDF;MASC+FEM;SG
gien	gen	gien	gen	N	N;INDF;NEUT;SG
scharnhorst	scharnhorst	scharnhorst	scharnhorst	N	N;INDF;MASC+FEM;SG
bains	bains	bains	bains	N	N;INDF;NEUT;SG
marche	marche	marche	marche	N	N;INDF;MASC+FEM;PL
bremer	bremer	bremer	brem	N	N;INDF;MASC+FEM;SG
hormone	hormon	hormone	hormon	N	N;INDF;NEUT;SG
hormone	hormoner	hormone	hormon	N	N;INDF;NEUT;PL
gập	folde	gập	folde	V	V;NFIN;ACT
dot	prik	dot	prik	N	N;INDF;MASC+FEM;SG
andersson	andersson	andersson	andersson	N	N;INDF;MASC+FEM;SG
elip	ellipse	elip	ellipse	N	N;INDF;MASC+FEM;SG
lafayette	lafayette	lafayette	lafayette	N	N;INDF;MASC+FEM;SG
boom	knald	boom	knald	N	N;INDF;NEUT;SG
boom	bang	boom	bang	N	N;INDF;NEUT;SG
boom	brag	boom	brag	N	N;INDF;NEUT;SG
boom	boom	boom	boom	N	N;INDF;NEUT;SG
boom	bom	boom	bom	N	N;INDF;MASC+FEM;SG
dumbledore	dumbledore	dumbledore	dumbledor	N	N;DEF;MASC+FEM;SG
reo	ringede	reo	ringe	V	V;IND;PST;FIN;ACT
reo	tvivler	reo	tvivle	V	V;IND;PRS;FIN;ACT
reo	ringer	reo	ringe	V	V;IND;PRS;FIN;ACT
fiction	fiktion	fiction	fiktion	N	N;INDF;MASC+FEM;SG
pluto	pluto	pluto	pluto	N	N;INDF;MASC+FEM;SG
vermont	vermont	vermont	vermont	N	N;INDF;NEUT;SG
sụn	brusk	sụn	brusk	N	N;INDF;NEUT;SG
dianthus	dianthus	dianthus	dianthus	N	N;INDF;MASC+FEM;SG
khalip	kaliffen	khalip	kaliffe	N	N;DEF;MASC+FEM;SG
antiochos	antiochus	antiochos	antiochus	N	N;INDF;NEUT;SG
schalke	schalke	schalke	schalke	N	N;INDF;MASC+FEM;SG
piston	stempler	piston	stempel	N	N;INDF;MASC+FEM;PL
piston	stempel	piston	stempel	N	N;INDF;NEUT;SG
cayman	calgary	cayman	calgary	N	N;INDF;NEUT;SG
summit	topmøde	summit	topmøde	N	N;INDF;NEUT;SG
summit	topmødet	summit	topmød	N	N;DEF;NEUT;SG
martinique	martinique	martinique	martinique	N	N;INDF;MASC+FEM;SG
saxophone	saxofon	saxophone	saxofon	N	N;INDF;MASC+FEM;SG
tolstoy	tolstoj	tolstoy	tolstå	N	N;INDF;MASC+FEM;SG
neptune	neptun	neptune	neptun	N	N;INDF;MASC+FEM;SG
proxy	proxy	proxy	proxy	N	N;INDF;MASC+FEM;SG
shogakukan	shogakukan	shogakukan	shogakukan	N	N;INDF;MASC+FEM;SG
funk	funk	funk	funk	N	N;INDF;MASC+FEM;SG
zanzibar	zanzibar	zanzibar	zanzibar	N	N;INDF;MASC+FEM;SG
toscana	toscana	toscana	toscana	N	N;INDF;MASC+FEM;SG
aurelius	aurelius	aurelius	aurelius	N	N;INDF;MASC+FEM;SG
sheikh	sheiken	sheikh	sheiken	N	N;DEF;MASC+FEM;SG
sheikh	sheik	sheikh	sheik	N	N;INDF;MASC+FEM;SG
gear	tempo	gear	tempo	N	N;INDF;NEUT;SG
gear	grej	gear	grej	N	N;INDF;NEUT;SG
gear	gear	gear	gear	N	N;INDF;MASC+FEM;SG
gear	redskaber	gear	redskab	N	N;INDF;NEUT;PL
gear	redskab	gear	redskab	N	N;INDF;NEUT;SG
gear	hastigheder	gear	hastighed	N	N;INDF;MASC+FEM;PL
benedict	benedict	benedict	benedict	N	N;INDF;MASC+FEM;SG
palmer	palmer	palmer	palme	N	N;INDF;MASC+FEM;PL
lat	lat	lat	lat	N	N;INDF;NEUT;SG
ôtô	automobiler	ôtô	automobil	N	N;INDF;MASC+FEM;SG
ôtô	biler	ôtô	bil	N	N;INDF;MASC+FEM;PL
clement	clement	clement	clement	N	N;INDF;NEUT;SG
nobilis	nobilis	nobilis	nobilis	N	N;INDF;MASC+FEM;SG
darren	darren	darren	dar	N	N;DEF;MASC+FEM;SG
ghẻ	skurv	ghẻ	skurv	N	N;INDF;MASC+FEM;SG
niken	nikkel	niken	nikkel	N	N;INDF;MASC+FEM;SG
rue	rue	rue	rue	N	N;INDF;MASC+FEM;SG
ferrari	ferrari	ferrari	ferrari	N	N;INDF;MASC+FEM;SG
lozère	lozère	lozère	lozère	N	N;INDF;MASC+FEM;SG
bruxelles	bruxelles	bruxelles	bruxelles	N	N;INDF;MASC+FEM;PL
fairey	fairey	fairey	fairey	N	N;INDF;NEUT;SG
két	pengeskabe	két	pengeskab	N	N;INDF;NEUT;PL
aerospace	aerospace	aerospace	aerospace	N	N;INDF;NEUT;SG
aerospace	rumfart	aerospace	rumfart	N	N;INDF;MASC+FEM;SG
donau	donau	donau	donau	N	N;INDF;MASC+FEM;SG
shop	butik	shop	butik	N	N;INDF;MASC+FEM;SG
shop	forretning	shop	forretning	N	N;INDF;MASC+FEM;SG
shop	forretninger	shop	forretning	N	N;INDF;MASC+FEM;PL
shop	butikker	shop	butik	N	N;INDF;MASC+FEM;PL
gallo	gallo	gallo	gallo	N	N;INDF;MASC+FEM;SG
kafka	kafka	kafka	kafka	N	N;INDF;MASC+FEM;SG
leiden	leiden	leiden	leid	N	N;DEF;MASC+FEM;SG
meteor	meteor	meteor	meteor	N	N;INDF;NEUT;SG
schumacher	schumacher	schumacher	schumacher	N	N;INDF;MASC+FEM;SG
thriller	thriller	thriller	thriller	N	N;INDF;MASC+FEM;SG
giặt	vaskede	giặt	vaske	V	V;IND;PST;FIN;ACT
giặt	vaskes	giặt	vaske	V	V;IND;PRS;FIN;PASS
giặt	vasket	giặt	vaske	V	V;INDF;SG;PST;V.PTCP
giặt	skyllet	giặt	skylle	V	V;INDF;SG;PST;V.PTCP
middlesbrough	middlesbrough	middlesbrough	middlesbrough	N	N;INDF;MASC+FEM;SG
hibiscus	hibiscus	hibiscus	hibiscus	N	N;INDF;MASC+FEM;SG
rfc	rfc	rfc	rfc	N	N;INDF;NEUT;SG
karst	karst	karst	karst	N	N;INDF;MASC+FEM;SG
cynanchum	cynanchum	cynanchum	cynanchum	N	N;INDF;NEUT;SG
paniculata	brudeslør	paniculata	brudeslør	N	N;INDF;NEUT;PL
vinyl	vinyl	vinyl	vinyl	N	N;INDF;NEUT;SG
cược	væddemål	cược	væddemål	N	N;INDF;NEUT;SG
cược	bet	cược	bet	N	N;INDF;NEUT;SG
rainer	rainer	rainer	rain	N	N;INDF;MASC+FEM;SG
trieste	trieste	trieste	tri	N	N;INDF;MASC+FEM;SG
pharaon	faraoer	pharaon	farao	N	N;INDF;NEUT;PL
columnea	columnea	columnea	columnea	N	N;INDF;NEUT;SG
phineas	phineas	phineas	phineas	N	N;INDF;MASC+FEM;SG
sirius	sirius	sirius	sirius	N	N;INDF;MASC+FEM;SG
bèo	lam	bèo	lan	N	N;INDF;MASC+FEM;SG
phoebe	phoebe	phoebe	phoebe	N	N;INDF;MASC+FEM;SG
boleslav	boleslav	boleslav	boleslav	N	N;INDF;NEUT;SG
sec	sek	sec	sekund	N	N;INDF;NEUT;SG
natalie	natalie	natalie	natalie	N	N;INDF;MASC+FEM;SG
cassini	cassini	cassini	cassini	N	N;INDF;MASC+FEM;SG
boson	boson	boson	boson	N	N;INDF;MASC+FEM;SG
labrador	labrador	labrador	labrador	N	N;INDF;MASC+FEM;SG
shinichi	kudo	shinichi	kudo	N	N;INDF;NEUT;SG
charlton	charlton	charlton	charlton	N	N;INDF;MASC+FEM;SG
rót	hæld	rót	hælde	V	V;IMP
saturn	saturn	saturn	saturn	N	N;INDF;MASC+FEM;SG
container	containere	container	containere	N	N;INDF;MASC+FEM;PL
container	container	container	contain	N	N;INDF;MASC+FEM;SG
nitrat	nitrat	nitrat	nitrat	N	N;INDF;NEUT;SG
hilbert	hilbert	hilbert	hilbert	N	N;INDF;MASC+FEM;SG
eight	otte	eight	otte	NUM	NUM
núm	brystvorter	núm	brystvorte	N	N;INDF;MASC+FEM;PL
biếng	dovne	biếng	dovne	ADJ	ADJ;PL
biếng	doven	biếng	dov	ADJ	ADJ;INDF;MASC+FEM;SG
anchor	ankeret	anchor	ankere	N	N;DEF;NEUT;SG
anchor	anker	anchor	anke	N	N;INDF;MASC+FEM;SG
martinez	martinez	martinez	martinez	N	N;INDF;MASC+FEM;SG
martinez	martínez	martinez	martínez	N	N;INDF;MASC+FEM;SG
edison	edison	edison	edison	N	N;INDF;MASC+FEM;SG
djokovic	djokovic	djokovic	djokovic	N	N;INDF;MASC+FEM;SG
sẹo	arret	sẹo	arr	N	N;DEF;NEUT;SG
bauer	bauer	bauer	baue	N	N;INDF;MASC+FEM;SG
eurovision	eurovision	eurovision	eurovision	N	N;INDF;MASC+FEM;SG
wolfsburg	wolfsburg	wolfsburg	wolfsburg	N	N;INDF;MASC+FEM;SG
celt	kelter	celt	kelter	N	N;INDF;NEUT;SG
hopper	hopper	hopper	hoppe	V	V;IND;PRS;FIN;ACT
theodosius	theodosius	theodosius	theodosius	N	N;INDF;MASC+FEM;SG
coca	coke	coca	coke	N	N;INDF;MASC+FEM;SG
coca	kokain	coca	kokain	N	N;INDF;MASC+FEM;SG
pixel	pixel	pixel	pixel	N	N;INDF;MASC+FEM;SG
pixel	pixels	pixel	pixels	N	N;INDF;MASC+FEM;SG
pixel	pixel	pixel	pixel	N	N;INDF;MASC+FEM;SG
cronquist	cronquists	cronquist	cronquist	N	N;INDF;MASC+FEM;SG
anemone	anemone	anemone	anemone	N	N;INDF;MASC+FEM;SG
breslau	breslau	breslau	breslau	N	N;INDF;MASC+FEM;SG
bonus	bonus	bonus	bonus	N	N;INDF;MASC+FEM;SG
flavipes	flavipes	flavipes	flavipe	N	N;INDF;MASC+FEM;SG
điốt	diode	điốt	diode	N	N;INDF;MASC+FEM;SG
gardenia	gardenia	gardenia	gardenia	N	N;INDF;MASC+FEM;SG
mồm	mund	mồm	mund	N	N;INDF;MASC+FEM;SG
mồm	munden	mồm	mund	N	N;DEF;MASC+FEM;SG
baptist	baptist	baptist	baptist	N	N;INDF;MASC+FEM;SG
koh	koh	koh	koh	N	N;INDF;NEUT;SG
castanea	castanea	castanea	castanea	N	N;INDF;MASC+FEM;SG
dome	kuppel	dome	kuppel	N	N;INDF;MASC+FEM;SG
dome	kuplen	dome	kupdel	N	N;DEF;MASC+FEM;SG
infinity	uendelighed	infinity	uendelighed	N	N;INDF;MASC+FEM;SG
hayes	hayes	hayes	have	N	N;INDF;MASC+FEM;SG
bịp	trick	bịp	trick	N	N;INDF;NEUT;SG
chòi	bungalow	chòi	bungalow	N	N;INDF;MASC+FEM;SG
chòi	kabine	chòi	kabine	N	N;INDF;MASC+FEM;SG
chòi	hytte	chòi	hytte	N	N;INDF;MASC+FEM;SG
chòi	kahyt	chòi	kahyt	N	N;INDF;MASC+FEM;SG
chòi	kabinen	chòi	kabine	N	N;DEF;MASC+FEM;SG
tankōbon	tankoubon	tankōbon	tankoubon	N	N;INDF;MASC+FEM;SG
andrés	andrés	andrés	anden	N	N;GEN;INDF;MASC+FEM;SG
medieval	middelalder	medieval	middelalde	N	N;INDF;NEUT;SG
cornelius	cornelius	cornelius	cornelius	N	N;INDF;MASC+FEM;SG
robbie	robbie	robbie	robbie	N	N;INDF;MASC+FEM;SG
pardubice	pardubice	pardubice	pardubic	N	N;INDF;MASC+FEM;SG
zurich	zürich	zurich	zürich	N	N;INDF;NEUT;SG
choáng	overvældet	choáng	overvælde	V	V;INDF;SG;PST;V.PTCP
choáng	forbløffet	choáng	forbløffe	V	V;INDF;SG;PST;V.PTCP
choáng	lamme	choáng	lamme	V	V;NFIN;ACT
mứt	syltetøj	mứt	syltetøj	N	N;INDF;NEUT;SG
mứt	marmelade	mứt	marmelade	N	N;INDF;MASC+FEM;SG
mứt	marmelade	mứt	marmelade	N	N;INDF;MASC+FEM;SG
attila	attila	attila	attila	N	N;INDF;MASC+FEM;SG
plutoni	plutonium	plutoni	plutonium	N	N;INDF;NEUT;SG
rugby	rugby	rugby	rugby	N	N;INDF;MASC+FEM;SG
laden	laden	laden	lade	N	N;DEF;MASC+FEM;SG
ngứa	kløende	ngứa	klø	V	V;PRS;V.PTCP
ngứa	kløende	ngứa	klø	V	V;PRS;V.PTCP
ngứa	klør	ngứa	klør	V	V;IND;PRS;FIN;ACT
aeroflot	aeroflot	aeroflot	aeroflot	N	N;INDF;MASC+FEM;SG
panorama	panorama	panorama	panorama	N	N;INDF;MASC+FEM;SG
ngấm	flød	ngấm	flød	V	V;IND;PST;FIN;ACT
schultz	schultz	schultz	schultz	N	N;INDF;NEUT;SG
trumpet	trompet	trumpet	trompe	N	N;INDF;MASC+FEM;SG
obi	obi	obi	obi	N	N;INDF;NEUT;SG
bốt	støvler	bốt	støvle	N	N;INDF;MASC+FEM;PL
bốt	støvlerne	bốt	støvle	N	N;DEF;MASC+FEM;PL
homer	homer	homer	homer	N	N;INDF;MASC+FEM;SG
ligue	ligue	ligue	ligue	N	N;INDF;MASC+FEM;SG
fourier	fourier	fourier	fourie	N	N;INDF;MASC+FEM;PL
hub	knudepunkt	hub	knudepunkt	N	N;INDF;NEUT;SG
prinz	prinz	prinz	prinz	N	N;INDF;MASC+FEM;SG
argentine	argentinas	argentine	argentinas	N	N;INDF;MASC+FEM;SG
beetle	bille	beetle	bille	N	N;INDF;MASC+FEM;SG
bien	himmel	bien	himmel	N	N;INDF;MASC+FEM;SG
silicon	silikone	silicon	silikon	N	N;INDF;MASC+FEM;SG
silicon	silicium	silicon	silicium	N	N;INDF;NEUT;SG
silicon	silikone	silicon	silikon	N	N;INDF;MASC+FEM;SG
anemia	blodmangel	anemia	blodmangel	N	N;INDF;MASC+FEM;SG
anemia	anæmi	anemia	anæmi	N	N;INDF;MASC+FEM;SG
chatham	chatham	chatham	chatham	N	N;INDF;MASC+FEM;SG
fountain	springvand	fountain	springvand	N	N;INDF;NEUT;SG
fountain	springvandet	fountain	springvand	N	N;DEF;NEUT;SG
vaucluse	vaucluse	vaucluse	vauclus	N	N;INDF;MASC+FEM;PL
kalimantan	kalimantan	kalimantan	kalimantan	N	N;INDF;MASC+FEM;SG
camille	camille	camille	camille	N	N;INDF;MASC+FEM;SG
oxit	oxid	oxit	oxid	N	N;INDF;NEUT;SG
echo	ekko	echo	ekko	N	N;INDF;NEUT;SG
dornier	dornier	dornier	dorni	N	N;INDF;MASC+FEM;PL
chocolate	chokolade	chocolate	chokolade	N	N;INDF;MASC+FEM;SG
transistor	transistor	transistor	transistor	N	N;INDF;MASC+FEM;SG
supermarine	supermarine	supermarine	supermarin	N	N;INDF;MASC+FEM;SG
táp	bider	táp	bide	V	V;IND;PRS;FIN;ACT
bittorrent	bittorrent	bittorrent	bittorrent	N	N;INDF;MASC+FEM;SG
canis	canis	canis	canis	N	N;INDF;NEUT;SG
battlefield	slagmarken	battlefield	slagmark	N	N;DEF;MASC+FEM;SG
battlefield	slagmark	battlefield	slagmark	N	N;INDF;MASC+FEM;SG
neutrino	neutrino	neutrino	neutrino	N	N;INDF;MASC+FEM;SG
fiat	fiat	fiat	fiat	N	N;INDF;MASC+FEM;SG
circus	cirkus	circus	cirkus	N	N;INDF;NEUT;SG
subspecies	underarter	subspecies	underart	N	N;INDF;MASC+FEM;PL
montpellier	montpellier	montpellier	montpellium	N	N;INDF;MASC+FEM;PL
atatürk	atatürk	atatürk	atatürk	N	N;INDF;MASC+FEM;SG
levant	levant	levant	levant	N	N;INDF;NEUT;SG
volkhov	volkhov	volkhov	volkhov	N	N;INDF;MASC+FEM;SG
leste	leste	leste	lese	N	N;INDF;MASC+FEM;SG
lẻn	sniger	lẻn	snige	V	V;IND;PRS;FIN;ACT
lẻn	snige	lẻn	snige	V	V;NFIN;ACT
tudor	tudor	tudor	tudor	N	N;INDF;MASC+FEM;SG
menu	menukort	menu	menukort	N	N;INDF;NEUT;SG
menu	menuen	menu	menue	N	N;DEF;MASC+FEM;SG
menu	menuer	menu	menue	N	N;INDF;NEUT;PL
menu	menukort	menu	menukort	N	N;INDF;NEUT;SG
hawking	hawking	hawking	hawking	N	N;INDF;MASC+FEM;SG
trier	trier	trier	tri	N	N;INDF;MASC+FEM;SG
waltz	vals	waltz	vals	N	N;INDF;MASC+FEM;SG
daphne	daphne	daphne	daphne	N	N;INDF;MASC+FEM;SG
thierry	thierry	thierry	thierry	N	N;INDF;MASC+FEM;SG
serena	serena	serena	serena	N	N;DEF;MASC+FEM;SG
fiorentina	fiorentina	fiorentina	fiorentina	N	N;INDF;MASC+FEM;SG
malus	malus	malus	malus	N	N;INDF;MASC+FEM;SG
mons	mons	mons	mons	N	N;INDF;MASC+FEM;SG
cessna	cessna	cessna	cessna	N	N;INDF;MASC+FEM;SG
quest	søgen	quest	søge	N	N;DEF;MASC+FEM;SG
quest	togt	quest	tog	N	N;INDF;NEUT;SG
chrome	chrome	chrome	chrome	N	N;INDF;MASC+FEM;SG
chrome	krom	chrome	krom	N	N;INDF;NEUT;SG
douglass	douglass	douglass	douglass	N	N;INDF;MASC+FEM;SG
liếm	slikker	liếm	slikke	V	V;IND;PRS;FIN;ACT
liếm	slikke	liếm	slikke	V	V;NFIN;ACT
liếm	slikker	liếm	slikke	V	V;IND;PRS;FIN;ACT
liếm	slikke	liếm	slikke	V	V;NFIN;ACT
cundinamarca	cundinamarca	cundinamarca	cundinamarca	N	N;INDF;MASC+FEM;SG
castello	castello	castello	castello	N	N;INDF;MASC+FEM;SG
myspace	myspace	myspace	myspace	N	N;INDF;NEUT;SG
buri	buri	buri	buri	N	N;INDF;NEUT;SG
draco	draco	draco	draco	N	N;DEF;MASC+FEM;SG
hale	hale	hale	hale	N	N;INDF;MASC+FEM;SG
puget	puget	puget	puge	N	N;INDF;NEUT;SG
hamburger	burger	hamburger	burger	N	N;INDF;MASC+FEM;SG
hamburger	hamburger	hamburger	hamburger	N	N;INDF;MASC+FEM;SG
hamburger	hamburgere	hamburger	hamburger	N	N;INDF;MASC+FEM;PL
hamburger	burgere	hamburger	burger	N	N;INDF;MASC+FEM;PL
inn	herberg	inn	herberg	N	N;INDF;NEUT;SG
inn	kro	inn	kro	N	N;INDF;MASC+FEM;SG
inn	kroen	inn	kro	N	N;DEF;MASC+FEM;SG
phuket	phuket	phuket	phike	N	N;INDF;NEUT;SG
yai	yai	yai	yai	N	N;INDF;NEUT;SG
halle	halle	halle	halle	N	N;INDF;MASC+FEM;SG
checkuser	checkuser	checkuser	checkus	N	N;INDF;MASC+FEM;SG
karelia	karelen	karelia	karel	N	N;DEF;MASC+FEM;SG
hàu	østers	hàu	østers	N	N;INDF;MASC+FEM;PL
hàu	østers	hàu	østers	N	N;INDF;MASC+FEM;PL
