attila	attila	attila	attila	N	N;NOM;SG
leverkusen	leverkusen	leverkusen	leverkus	N	N;NOM;SG
tbilisi	thbilisi	tbilisi	thbiline	N	N;PRT;PL
plutoni	plutooniumi	plutoni	plutoonium	N	N;PRT;SG
rugby	ragbi	rugby	ragbi	N	N;NOM;SG
kira	kira	kira	kira	N	N;NOM;SG
benito	benito	benito	benito	N	N;NOM;SG
ramesses	ramses	ramesses	ramne	N	N;NOM;SG
panorama	panorama	panorama	panorama	N	N;NOM;SG
schultz	schultz	schultz	schultz	N	N;NOM;SG
trumpet	trompet	trumpet	trompet	N	N;NOM;SG
obi	obi	obi	obi	N	N;NOM;SG
bốt	saapad	bốt	saabas	N	N;NOM;PL
gsm	gsm	gsm	gsm	N	N;NOM;SG
hwan	hwan	hwan	hwan	N	N;NOM;SG
homer	homer	homer	homer	N	N;NOM;SG
fourier	fourier	fourier	fourier	N	N;NOM;SG
hub	hub	hub	hub	N	N;NOM;SG
prinz	prinz	prinz	prinz	N	N;NOM;SG
argentine	argentina	argentine	argent	N	N;FRML;SG
argentine	argentiina	argentine	argentiina	N	N;NOM;SG
benin	benini	benin	benini	N	N;NOM;SG
sar	sar	sar	sar	N	N;NOM;SG
saddam	saddam	saddam	saddam	N	N;NOM;SG
monde	monde	monde	mond	N	N;NOM;SG
beetle	mardikas	beetle	mardikas	N	N;IN+ESS;SG
picasso	picasso	picasso	picasso	N	N;NOM;SG
bien	bien	bien	bien	N	N;NOM;SG
bien	taevas	bien	taevas	N	N;IN+ESS;SG
heather	heather	heather	heather	N	N;NOM;SG
sussex	sussexi	sussex	sussex	N	N;PRT;SG
joey	joey	joey	joey	N	N;NOM;SG
nuremberg	nürnbergi	nuremberg	nürnberg	N	N;NOM;SG
silicon	räni	silicon	räni	N	N;NOM;SG
damascus	damaskuse	damascus	damaskus	N	N;GEN;SG
anemia	aneemia	anemia	aneemia	N	N;NOM;SG
una	una	una	una	N	N;NOM;SG
fountain	purskkaev	fountain	purskkaev	N	N;NOM;SG
vaucluse	vaucluse	vaucluse	vauclus	N	N;GEN;SG
sinai	siinai	sinai	siinai	N	N;NOM;SG
beckham	beckham	beckham	beckham	N	N;NOM;SG
reyes	reyes	reyes	reye	N	N;NOM;SG
gin	gin	gin	gin	N	N;NOM;SG
gin	džinn	gin	džinn	N	N;NOM;SG
camille	camille	camille	camille	N	N;NOM;SG
medicago	medicago	medicago	medicago	N	N;NOM;SG
oxit	oksiid	oxit	oksii	N	N;NOM;SG
echo	kaja	echo	kaja	N	N;NOM;SG
chocolate	šokolaad	chocolate	šokolaad	N	N;NOM;SG
chocolate	šokolaadi	chocolate	šokolaad	N	N;PRT;SG
transistor	transistor	transistor	transistor	N	N;NOM;SG
timur	timur	timur	timur	N	N;NOM;SG
táp	hammusta	táp	hammustama	V	V;IMP;SG;2;PRS;FIN;ACT
hybrid	hübriid	hybrid	hübriid	N	N;NOM;SG
canis	canis	canis	canis	N	N;NOM;SG
battlefield	lahinguväljal	battlefield	lahingu_väli	N	N;AT+ESS
;SG
neutrino	neutriino	neutrino	neutriino	N	N;NOM;SG
elton	elton	elton	elton	N	N;NOM;SG
fiat	fiat	fiat	fiat	N	N;NOM;SG
circus	tsirkus	circus	tsirkus	N	N;NOM;SG
subspecies	alamliik	subspecies	alamliik	N	N;NOM;SG
montpellier	montpellier	montpellier	montpellier	N	N;NOM;SG
dawson	dawson	dawson	dawson	N	N;NOM;SG
ivoire	ivoire	ivoire	ivoire	N	N;NOM;SG
tak	tak	tak	tak	N	N;NOM;SG
levant	levant	levant	levant	N	N;NOM;SG
sapporo	sapporo	sapporo	sapporo	N	N;NOM;SG
lẻn	hiilida	lẻn	hiilima	V	V;NFIN
cuốc	kõblas	cuốc	kõblama	N	N;NOM;SG
ftp	ftp	ftp	ftp	N	N;NOM;SG
menu	menüü	menu	menüü	N	N;NOM;SG
sergio	sergio	sergio	sergio	N	N;NOM;SG
hawking	hawking	hawking	hawking	N	N;NOM;SG
pitt	pitt	pitt	pitt	N	N;NOM;SG
jakob	jakob	jakob	jakkoma	N	N;NOM;SG
somali	somaalia	somali	somaalia	N	N;NOM;SG
somali	somaalia	somali	somaalia	N	N;NOM;SG
hardcore	hardcore	hardcore	hardcore	N	N;NOM;SG
waltz	valss	waltz	valss	N	N;NOM;SG
hcv	hcv	hcv	hcv	N	N
daphne	daphne	daphne	daphne	N	N;NOM;SG
jackie	jackie	jackie	jackie	N	N;NOM;SG
thierry	thierry	thierry	thierry	N	N;NOM;SG
serena	serena	serena	sere	N	N;NOM;SG
malus	malus	malus	malus	N	N;NOM;SG
flo	flo	flo	flo	N	N;NOM;SG
cessna	cessna	cessna	cessna	N	N;NOM;SG
quest	otsingul	quest	otsing	N	N;AT+ESS
;SG
chrome	kroomi	chrome	kroom	N	N;NOM;SG
chrome	kroom	chrome	kroom	N	N;NOM;SG
ismail	ismail	ismail	ismal	N	N;NOM;SG
alejandro	alejandro	alejandro	alejandro	N	N;NOM;SG
myspace	myspace	myspace	myspace	N	N;NOM;SG
buri	buri	buri	buri	N	N;NOM;SG
zhao	zao	zhao	zao	N	N;NOM;SG
draco	draco	draco	draco	N	N;NOM;SG
hale	hale	hale	hale	N	N;NOM;SG
hamburger	hamburger	hamburger	hamburger	N	N;NOM;SG
sarajevo	sarajevo	sarajevo	sarajevo	N	N;NOM;SG
breda	breda	breda	breda	N	N;NOM;SG
marvin	marvin	marvin	marvima	N	N;NOM;SG
inn	inn	inn	inn	N	N;NOM;SG
neill	neill	neill	tema	N	N;NOM;SG
esp	esp	esp	esp	N	N;NOM;SG
halle	halle	halle	hall	N	N;NOM;PL
tirana	tirana	tirana	tirana	N	N;NOM;SG
karelia	karjala	karelia	karjala	N	N;NOM;SG
beaumont	beaumont	beaumont	beaumont	N	N;NOM;SG
ogg	ogg	ogg	ogg	N	N;NOM
ulsan	ulsan	ulsan	ulsma	N	N;NOM;SG
cafe	kohvi	cafe	kohv	N	N;PRT;SG
cafe	kohv	cafe	kohv	N	N;NOM;SG
cafe	cafe	cafe	cafe	N	N;NOM;SG
cafe	kohvikus	cafe	kohvik	N	N;IN+ESS;SG
cafe	kohvik	cafe	kohvik	N	N;NOM;SG
assassin	palgamõrvar	assassin	palga_mõrvar	N	N;NOM;SG
farm	talu	farm	talu	N	N;NOM;SG
farm	farm	farm	farm	N	N;NOM;SG
kwang	kwang	kwang	kwang	N	N;NOM;SG
société	société	société	société	N	N;NOM;SG
bilbao	bilbao	bilbao	bilbao	N	N;NOM;SG
auschwitz	auschwitzi	auschwitz	auschwitzi	N	N;PRT;SG
wiedemann	wiedemann	wiedemann	wiedemann	N	N;NOM;SG
newark	newarki	newark	newark	N	N;NOM;SG
armour	turvis	armour	turvis	N	N;NOM;SG
fat	rasv	fat	rasv	N	N;NOM;SG
fat	rasva	fat	rasv	N	N;PRT;SG
andrey	andrei	andrey	andrei	N	N;NOM;SG
corleone	corleone	corleone	corleone	N	N;NOM;SG
mẹo	nõuanded	mẹo	nõudma	N	N;NOM;PL
mẹo	vihjed	mẹo	vihje	N	N;NOM;PL
mẹo	jootraha	mẹo	joot_raha	N	N;NOM;SG
mẹo	tip	mẹo	tip	N	N;NOM;SG
wilde	wilde	wilde	wilde	N	N;NOM;SG
glycine	glütsiin	glycine	glütsiin	N	N;NOM;SG
plato	platon	plato	platon	N	N;NOM;SG
olympus	olümpos	olympus	olümpos	N	N;NOM;SG
tashkent	taškent	tashkent	taškent	N	N;NOM;SG
fukushima	fukushima	fukushima	fukushima	N	N;NOM;SG
muñoz	muñoz	muñoz	muñoz	N	N;NOM;SG
nicola	nicola	nicola	nicola	N	N;NOM;SG
burgundy	burgundia	burgundy	burgundia	N	N;NOM;SG
weiss	weiss	weiss	weiss	N	N;NOM;SG
rousseau	rousseau	rousseau	rous_seau	N	N;NOM;SG
mecca	meka	mecca	mekk	N	N;NOM;SG
kamakura	kamakura	kamakura	kama_kura	N	N;NOM;SG
augsburg	augsburgi	augsburg	augsburg	N	N;PRT;SG
switch	lüliti	switch	lüliti	N	N;NOM;SG
fide	fide	fide	fide	N	N;NOM;SG
hume	hume	hume	hume	N	N;NOM;SG
kar	kar	kar	kar	N	N;NOM;SG
muse	muusa	muse	muusma	N	N;NOM;SG
cằm	lõug	cằm	lõug	N	N;NOM;SG
cằm	chin	cằm	chin	N	N;NOM;SG
pioneer	pioneer	pioneer	pioneer	N	N;NOM;SG
damian	damian	damian	damiam	N	N;NOM;SG
bedford	bedford	bedford	bedford	N	N;NOM;SG
haifa	haifa	haifa	haifa	N	N;NOM;SG
sorbonne	sorbonne	sorbonne	sorbonne	N	N;NOM;SG
runner	jooksja	runner	jooksja	N	N;NOM;SG
twilight	videvik	twilight	videvik	N	N;NOM;SG
hispaniola	hispaniola	hispaniola	hispani_ola	N	N;NOM;SG
entropy	entroopia	entropy	entroopia	N	N;NOM;SG
sardegna	sardegna	sardegna	sardegna	N	N;NOM;SG
nur	nur	nur	nur	N	N;NOM;SG
voltaire	voltaire	voltaire	voltair	N	N;NOM;SG
salmon	lõhe	salmon	lõhe	N	N;NOM;SG
dahl	dahl	dahl	dahl	N	N;NOM;SG
nhả	vabasta	nhả	vabastama	V	V;IMP;SG;2;PRS;FIN;ACT
nhả	vabastada	nhả	vabastama	V	V;NFIN
heathrow	heathrow	heathrow	heathrow	N	N;NOM;SG
tbd	tbd	tbd	tmd	N	N;NOM;SG
machado	machado	machado	machado	N	N;NOM;SG
samara	samara	samara	samar	N	N;NOM;SG
mona	mona	mona	mona	N	N;NOM;SG
elsa	elsa	elsa	elsa	N	N;NOM;SG
madeleine	madeleine	madeleine	madeleine	N	N;NOM;SG
nagano	nagano	nagano	nagano	N	N;NOM;SG
coventry	coventry	coventry	coventry	N	N;NOM;SG
pau	pau	pau	pau	N	N;NOM;SG
lhasa	lhasa	lhasa	lhasa	N	N;NOM;SG
polymer	polümeerid	polymer	polümeerima	N	N;NOM;PL
polymer	polümeeri	polymer	polümeerima	N	N;PRT;SG
fitzgerald	fitzgerald	fitzgerald	fitzgerald	N	N;NOM;SG
treviso	treviso	treviso	treviso	N	N;NOM;SG
mama	mamma	mama	mamma	N	N;NOM;SG
mama	ema	mama	ema	N	N;NOM;SG
mama	mama	mama	mama	N	N;NOM;SG
romeo	romeo	romeo	romeo	N	N;NOM;SG
didier	didier	didier	didier	N	N;NOM;SG
liguria	liguuria	liguria	liguuria	N	N;NOM;SG
joyce	joyce	joyce	joyce	N	N;NOM;SG
wai	wai	wai	wai	N	N;NOM;SG
alexis	alexis	alexis	alexis	N	N;NOM;SG
caserta	caserta	caserta	caserta	N	N;NOM;SG
messenger	sõnumitooja	messenger	sõnumi_too=ja	N	N;NOM;SG
lagos	lagos	lagos	lagu	N	N;NOM;SG
petra	petra	petra	petar	N	N;NOM;SG
palmas	palmas	palmas	palm	N	N;NOM;SG
jacobs	jacobs	jacobs	jacobs	N	N;NOM;SG
ngẫm	närida	ngẫm	närima	V	V;NFIN
reims	reims	reims	reims	N	N;NOM;SG
achilles	achilleus	achilles	achilleus	N	N;NOM;SG
achilles	achille	achilles	achille	N	N;NOM;SG
phalanx	faalanks	phalanx	faalan	N	N;NOM;SG
yerevan	jerevan	yerevan	jerev	N	N;NOM;SG
bogotá	bogotá	bogotá	bogotá	N	N;NOM;SG
constance	constance	constance	constance	N	N;NOM;SG
boca	boca	boca	boca	N	N;NOM;SG
ski	suusa	ski	suusk	N	N;NOM;SG
dhaka	dhaka	dhaka	dhaka	N	N;NOM;SG
framework	raamistik	framework	raamistik	N	N;NOM;SG
amour	amour	amour	amour	N	N;NOM;SG
richelieu	richelieu	richelieu	richelieu	N	N;NOM;SG
snape	snape	snape	snape	N	N;NOM;SG
michele	michele	michele	michele	N	N;NOM;SG
guadalupe	guadalupe	guadalupe	guada_lupp	N	N;NOM;SG
españa	españa	españa	españa	N	N;NOM;SG
mendoza	mendoza	mendoza	mendoza	N	N;NOM;SG
judo	judo	judo	judo	N	N;NOM;SG
tunis	tunis	tunis	tunima	N	N;NOM;SG
hermes	hermes	hermes	hermes	N	N;NOM;SG
eindhoven	eindhoven	eindhoven	eindhoven	N	N;NOM;SG
jedi	jedi	jedi	jedi	N	N;NOM;SG
iglesias	iglesias	iglesias	iglesia	N	N;NOM;SG
harley	harley	harley	harley	N	N;NOM;SG
survivor	ellujääja	survivor	ellu_jääja	N	N;NOM;SG
survivor	ellujäänu	survivor	ellu_jäänu	N	N;NOM;SG
reno	reno	reno	reno	N	N;NOM;SG
roque	roque	roque	roque	N	N;NOM;SG
chát	karm	chát	karm	ADJ	ADJ;NOM;SG
lahore	lahore	lahore	lahore	N	N;NOM;SG
sikh	turban	sikh	turbama	N	N;NOM;SG
judith	judith	judith	judith	N	N;NOM;SG
nairobi	nairobi	nairobi	nairoma	N	N;NOM;SG
cate	caitlin	cate	caitlin	N	N;NOM;SG
lou	lou	lou	lou	N	N;NOM;SG
pocket	tasku	pocket	tasku	N	N;PRT;SG
akbar	akbar	akbar	akbar	N	N;NOM;SG
elite	eliit	elite	eliit	N	N;NOM;SG
cotton	puuvill	cotton	puu_vill	N	N;NOM;SG
stamford	stamford	stamford	stamford	N	N;NOM;SG
faust	faust	faust	faust	N	N;NOM;SG
marca	macra	marca	macra	N	N;NOM;SG
mannheim	mannheimi	mannheim	mannheim	N	N;PRT;SG
everest	everest	everest	everest	N	N;IN+ABL;SG
nationale	nationale	nationale	nationa	N	N;NOM;SG
mpeg	mpeg	mpeg	mpeg	N	N;NOM;SG
deutsch	deutsch	deutsch	deutsch	N	N;NOM;SG
dorset	dorset	dorset	dorset	N	N;NOM;SG
dover	dover	dover	dover	N	N;NOM;SG
suleiman	suleiman	suleiman	suleima	N	N;NOM;SG
bohr	bohr	bohr	bohr	N	N;NOM;SG
lamb	lamb	lamb	lamb	N	N;NOM;SG
lamb	lammas	lamb	lammas	N	N;NOM;SG
lamb	lambaliha	lamb	lamba_liha	N	N;NOM;SG
brezhnev	brežnev	brezhnev	brežnev	N	N;NOM;SG
giỏ	tasku	giỏ	tasku	N	N;PRT;SG
giỏ	korv	giỏ	korv	N	N;NOM;SG
giỏ	korvi	giỏ	korv	N	N;PRT;SG
marta	marta	marta	martma	N	N;NOM;SG
iana	lana	iana	lana	N	N;NOM;SG
hana	hana	hana	hana	N	N;NOM;SG
scipio	scipio	scipio	scipio	N	N;NOM;SG
cascade	cascade	cascade	cascade	N	N;NOM;SG
howe	howe	howe	howe	N	N;NOM;SG
manitoba	manitoba	manitoba	manitoba	N	N;NOM;SG
almeida	almeida	almeida	alme_ida	N	N;NOM;SG
eliot	eliot	eliot	eli_ott	N	N;NOM;SG
tea	teed	tea	tee	N	N;PRT;SG
tea	tee	tea	tee	N	N;NOM;SG
raja	raja	raja	rada	N	N;NOM;SG
fun	lõbu	fun	lõbu	N	N;NOM;SG
fun	fun	fun	fun	N	N;NOM;SG
jungle	džungel	jungle	džungel	N	N;AT+ESS
;SG
hillary	hillary	hillary	hillary	N	N;NOM;SG
wolfram	volfram	wolfram	volfram	N	N;NOM;SG
genie	džinn	genie	džinn	N	N;NOM;SG
mangan	mangaani	mangan	mangaan	N	N;PRT;SG
byrne	byrne	byrne	byrne	N	N;NOM;SG
suceava	suceava	suceava	suceava	N	N;NOM;SG
bluetooth	bluetooth	bluetooth	bluetoot	N	N;NOM;SG
compton	compton	compton	compton	N	N;NOM;SG
mgm	mgm	mgm	mgm	N	N;NOM;SG
conway	conway	conway	conway	N	N;NOM;SG
schuster	schuster	schuster	schuster	N	N;NOM;SG
fleming	fleming	fleming	fleming	N	N;NOM;SG
topo	topo	topo	topo	N	N;NOM;SG
glucose	glükoos	glucose	glükoos	N	N;NOM;SG
classics	klassika	classics	klassika	N	N;NOM;SG
axel	axel	axel	axel	N	N;NOM;SG
corp	corp	corp	corp	N	N;NOM;SG
bratislava	bratislava	bratislava	bratislav	N	N;NOM;SG
herschel	herschel	herschel	herschel	N	N;NOM;SG
lausanne	lausanne	lausanne	lausanne	N	N;NOM;SG
jacqueline	jacqueline	jacqueline	jacqueline	N	N;NOM;SG
café	cafe	café	cafe	N	N;NOM;SG
café	kohvikus	café	kohvik	N	N;IN+ESS;SG
café	kohvik	café	kohvik	N	N;NOM;SG
café	cafe	café	cafe	N	N;NOM;SG
café	kohvik	café	kohvik	N	N;NOM;SG
freiburg	freiburgi	freiburg	freiburg	N	N;NOM;SG
sui	sui	sui	sui	N	N;NOM;SG
amadeus	amadeus	amadeus	amadeus	N	N;NOM;SG
giacomo	giacomo	giacomo	giacomo	N	N;NOM;SG
davy	davy	davy	davy	N	N;NOM;SG
magdalena	magdaleena	magdalena	magda_leen	N	N;NOM;SG
magdalena	magdalena	magdalena	magd	N	N;FRML;SG
arras	arras	arras	arras	N	N;NOM;SG
lupus	luupus	lupus	luup	N	N;NOM;SG
concept	mõiste	concept	mõiste	N	N;NOM;SG
concept	kontseptsioon	concept	kontseptsioon	N	N;NOM;SG
archimedes	archimedes	archimedes	archimedes	N	N;IN+ESS;PL
casino	kasiino	casino	kasiino	N	N;NOM;SG
marilyn	marilyn	marilyn	marilyn	N	N;NOM;SG
hyde	hyde	hyde	hyde	N	N;NOM;SG
cabin	salongi	cabin	salong	N	N;PRT;SG
cabin	majake	cabin	majake	N	N;NOM;SG
cabin	kabiin	cabin	kabiin	N	N;NOM;SG
ulysses	ulysses	ulysses	ulessema	N	N;IN+ESS;SG
rệp	lutikad	rệp	lutikas	N	N;NOM;PL
rệp	putukad	rệp	putukas	N	N;NOM;PL
sacramento	sacramento	sacramento	sacramento	N	N;NOM;SG
wallis	wallis	wallis	walli	N	N;NOM;SG
hoét	rästas	hoét	rästas	N	N;NOM;SG
jericho	jericho	jericho	jericho	N	N;NOM;SG
faber	faber	faber	faber	N	N;NOM;SG
ying	ying	ying	ying	N	N;NOM;SG
zip	zip	zip	zip	N	N;NOM;SG
colt	colt	colt	colt	N	N;NOM;SG
danzig	danzig	danzig	danzig	N	N;NOM;SG
caracas	caracas	caracas	caracas	N	N;NOM;SG
ned	ned	ned	tema	N	N;NOM;SG
bomb	pomm	bomb	pomm	N	N;NOM;SG
sarkozy	sarkozy	sarkozy	sarkozy	N	N;NOM;SG
jerzy	jerzy	jerzy	jerzy	N	N;NOM;SG
koi	koi	koi	koi	N	N;NOM;SG
judy	judy	judy	judy	N	N;NOM;SG
astronomy	astronoomia	astronomy	astronoomia	N	N;NOM;SG
crassus	crassus	crassus	crassus	N	N;NOM;SG
mầu	värv	mầu	värv	N	N;NOM;SG
mầu	värvi	mầu	värv	N	N;PRT;SG
poker	pokker	poker	pokker	N	N;NOM;SG
shaun	shaun	shaun	shaun	N	N;NOM;SG
nevis	nevis	nevis	nevi	N	N;NOM;SG
mcmahon	mcmahon	mcmahon	mcmahon	N	N;NOM;SG
safari	safari	safari	safar	N	N;NOM;SG
bonnie	bonnie	bonnie	bonnie	N	N;NOM;SG
zamboanga	zamboanga	zamboanga	zamboanga	N	N;NOM;SG
som	som	som	som	N	N;NOM;SG
campobasso	campobasso	campobasso	campobasso	N	N;NOM;SG
terre	terre	terre	terre	N	N;NOM;SG
guild	gildi	guild	gild	N	N;NOM;SG
rumble	möll	rumble	möll	N	N;NOM;SG
nantes	nantes	nantes	nante	N	N;NOM;SG
psyche	psüühika	psyche	psüühika	N	N;NOM;SG
stefano	stefano	stefano	stefano	N	N;NOM;SG
enrico	enrico	enrico	enrico	N	N;NOM;SG
calhoun	calhoun	calhoun	calhoun	N	N;NOM;SG
alfredo	alfredo	alfredo	alfredo	N	N;NOM;SG
castilla	castilla	castilla	castilla	N	N;NOM;SG
dayton	daytoni	dayton	dayton	N	N;PRT;SG
takeo	takeo	takeo	takeo	N	N;NOM;SG
thun	thun	thun	thun	N	N;NOM;SG
vulcan	vulcani	vulcan	vulcan	N	N;SG
superman	superman	superman	superma	N	N;NOM;SG
saints	pühakud	saints	pühak	N	N;NOM;PL
saints	pühakute	saints	pühak	N	N;GEN;PL
perez	perez	perez	perez	N	N;NOM;SG
jerome	jerome	jerome	jeroma	N	N;NOM;SG
clemens	clemens	clemens	clemens	N	N;NOM;SG
karachi	karachi	karachi	karachi	N	N;NOM;SG
commonwealth	ühendus	commonwealth	ühendus	N	N;NOM;SG
cactus	kaktus	cactus	kaktuma	N	N;NOM;SG
bourne	bourne	bourne	bourne	N	N;NOM;SG
esther	esther	esther	esther	N	N;NOM;SG
laurence	laurence	laurence	laurenc	N	N;NOM;SG
carson	carson	carson	carson	N	N;NOM;SG
amanita	kärbseseen	amanita	kärbseseen	N	N;NOM;SG
arroyo	arroyo	arroyo	arroyo	N	N;NOM;SG
alpine	alpi	alpine	alp	N	N;NOM;SG
hoth	hoth	hoth	hoth	N	N;NOM;SG
cassette	kassett	cassette	kassett	N	N;NOM;SG
ufo	ufo	ufo	ufo	N	N;NOM;SG
cristiano	cristiano	cristiano	cristiano	N	N;NOM;SG
platinum	plaatina	platinum	plaat	N	N;FRML;SG
savoy	savoy	savoy	savoy	N	N;NOM;SG
bio	bio	bio	bio	N	N;NOM;SG
bio	bios	bio	bios	N	N;NOM;SG
kuban	kuban	kuban	kuba	N	N;NOM;SG
fig	joonis	fig	joonis	N	N;NOM;SG
electra	electra	electra	electra	N	N;NOM;SG
morocco	maroko	morocco	maroko	N	N;NOM;SG
vít	kruvikeeraja	vít	kruvikeer_aeg	N	N;NOM;SG
camden	camdeni	camden	camden	N	N;NOM;SG
shia	shia	shia	shia	N	N;NOM;SG
penalty	karistus	penalty	karistus	N	N;NOM;SG
borgo	borgo	borgo	borgo	N	N;NOM;SG
foo	foo	foo	foo	N	N;NOM;SG
sutton	sutton	sutton	sutton	N	N;NOM;SG
zoom	zoom	zoom	zoom	N	N;NOM;SG
kirov	kirov	kirov	kirov	N	N;NOM;SG
capo	capo	capo	capo	N	N;NOM;SG
orient	orient	orient	orient	N	N;NOM;SG
eaton	eaton	eaton	eaton	N	N;NOM;SG
lakes	järved	lakes	järv	N	N;NOM;PL
natalia	natalja	natalia	natalja	N	N;NOM;SG
abrams	abrams	abrams	abrams	N	N;NOM;SG
magister	magister	magister	magister	N	N;NOM;SG
warwick	warwicki	warwick	warwick	N	N;NOM;SG
edith	edith	edith	edith	N	N;NOM;SG
edith	édith	edith	édith	N	N;NOM;SG
indianapolis	indianapolis	indianapolis	indianapol	N	N;NOM;SG
noah	noa	noah	nuga	N	N;NOM;SG
noah	noah	noah	noah	N	N;NOM;SG
caucasus	kaukaasia	caucasus	kaukaasia	N	N;NOM;SG
gillespie	gillespie	gillespie	gilles_pide	N	N;NOM;SG
app	app	app	app	N	N;NOM;SG
app	rakendus	app	rakendus	N	N;NOM;SG
presley	presley	presley	presley	N	N;NOM;SG
brook	oja	brook	oja	N	N;NOM;SG
cassius	cassius	cassius	cassius	N	N;NOM;SG
prahova	prahova	prahova	prahova	N	N;NOM;SG
sora	sora	sora	sora	N	N;NOM;SG
ethernet	ethernet	ethernet	ethernet	N	N;NOM;SG
fontainebleau	fontainebleau	fontainebleau	fontaine_bleau	N	N;NOM;SG
keng	keng	keng	keng	N	N;NOM;SG
carvalho	carvalho	carvalho	carvalho	N	N;NOM;SG
artiodactyla	artiodactyla	artiodactyla	artiodactyla	N	N;NOM;SG
tchaikovsky	tšaikovski	tchaikovsky	tšaikovski	N	N;NOM;SG
caldwell	caldwell	caldwell	caldwell	N	N;NOM;SG
xoang	siinuse	xoang	siinus	N	N;NOM;SG
fyodor	fjodor	fyodor	fjodor	N	N;NOM;SG
kat	kat	kat	kat		
königsberg	königsberg	königsberg	königs_berg	N	N;NOM;SG
coffee	kohvi	coffee	kohv	N	N;PRT;SG
coffee	kohv	coffee	kohv	N	N;NOM;SG
task	ülesanne	task	üles_anne	N	N;NOM;SG
bak	bak	bak	bak	N	N;NOM;SG
sulfat	sulfaat	sulfat	sulfaat	N	N;NOM;SG
legion	leegion	legion	leegion	N	N;NOM;SG
ala	ala	ala	ala	N	N;NOM;SG
dash	dash	dash	dash	N	N;NOM;SG
dash	kriips	dash	kriips	N	N;NOM;SG
trek	treki	trek	trekk	N	N;NOM;SG
pizza	pitsat	pizza	pitsa	N	N;PRT;SG
pizza	pitsa	pizza	pitsa	N	N;NOM;SG
pizza	pizza	pizza	pizza	N	N;NOM;SG
cobra	kobra	cobra	kobd	N	N;NOM;SG
unicef	unicef	unicef	unicef	N	N;NOM;SG
rsa	rsa	rsa	rsa	N	N;NOM;SG
hockey	hoki	hockey	hoki	N	N;NOM;SG
sars	sars	sars	sars	N	N;NOM;SG
vic	vic	vic	vic	N	N;NOM;SG
nizhny	nižni	nizhny	nižn	N	N;NOM;SG
limburg	limburgi	limburg	limburg	N	N;NOM;SG
dolby	dolby	dolby	dolby	N	N;NOM;SG
avatar	avatar	avatar	avatar	N	N;NOM;SG
sinatra	sinatra	sinatra	sinatra	N	N;NOM;SG
ivanov	ivanov	ivanov	ivanov	N	N;NOM;SG
briggs	briggs	briggs	briggs	N	N;NOM;SG
julio	julio	julio	julio	N	N;NOM;SG
emile	emile	emile	emilema	N	N;AT+ALL;SG
ricky	ricky	ricky	ricky	N	N;NOM;SG
harald	harald	harald	harald	N	N;NOM;SG
fortune	varandus	fortune	varandus	N	N;NOM;SG
doo	doo	doo	doo	N	N;NOM;SG
faraday	faraday	faraday	faraday	N	N;NOM;SG
clyde	clyde	clyde	clyde	N	N;NOM;SG
kiribati	kiribati	kiribati	kiribama	N	N;NOM;SG
karlsruhe	karlsruhe	karlsruhe	karls_ruhe	N	N;NOM;SG
goodman	goodman	goodman	goodman	N	N;NOM;SG
analog	analoog	analog	analoog	N	N;NOM;SG
ourense	ourense	ourense	ourensema	N	N;NOM;SG
muller	müller	muller	müller	N	N;NOM;SG
horst	horst	horst	horst	N	N;NOM;SG
chirac	chirac	chirac	chirac	N	N;NOM;SG
olivia	olivia	olivia	olivia	N	N;NOM;SG
dodge	dodge	dodge	dodge	N	N;NOM;SG
spike	spike	spike	spike	N	N;NOM;SG
augustine	augustine	augustine	augustine	N	N;NOM;SG
houghton	houghton	houghton	houghton	N	N;NOM;SG
aruba	aruba	aruba	aruma	N	N;NOM;SG
burt	burt	burt	burt	N	N;NOM;SG
avignon	avignon	avignon	avignon	N	N;NOM;SG
monarch	monarh	monarch	monarh	N	N;NOM;SG
olive	olive	olive	olive	N	N;NOM;SG
equus	equus	equus	equus	N	N;NOM;SG
agnes	agnes	agnes	agnes	N	N;NOM;SG
dốt	harimatu	dốt	harimatu	ADJ	ADJ;NOM;SG
thessaloniki	thessaloníki	thessaloniki	thessalongk	N	N;NOM;SG
gol	gol	gol	gol	N	N;NOM;SG
juno	juno	juno	juno	N	N;NOM;SG
haydn	haydn	haydn	haydn	N	N;NOM;SG
mara	mara	mara	mara	N	N;NOM;SG
mika	mika	mika	mika	N	N;NOM;SG
hegel	hegel	hegel	hegel	N	N;NOM;SG
maggie	maggie	maggie	magk	N	N;NOM;SG
jürgen	jürgen	jürgen	jürgen	N	N;NOM;SG
francois	francois	francois	francois	N	N;NOM;SG
francois	françois	francois	françois	N	N;NOM;SG
duc	duc	duc	duc	N	N;NOM;SG
köhler	köhler	köhler	köhler	N	N;NOM;SG
alger	vetikad	alger	vetikas	N	N;NOM;PL
gong	gong	gong	gong	N	N;NOM;SG
pompey	pompeius	pompey	pompeius	N	N;NOM;SG
pet	pet	pet	pet	N	N;NOM;SG
pet	lemmikloom	pet	lemmik_loom	N	N;NOM;SG
pet	luure	pet	luur	N	N;NOM;SG
drum	trumm	drum	trumm	N	N;NOM;SG
drum	trummi	drum	trumm	N	N;NOM;SG
daewoo	daewoo	daewoo	daewoo	N	N;NOM;SG
martini	martini	martini	martima	N	N;SG
clarkson	clarkson	clarkson	clarkson	N	N;NOM;SG
manfred	manfred	manfred	manfred	N	N;NOM;SG
varna	varna	varna	varn	N	N;NOM;SG
tởm	vastik	tởm	vastik	ADJ	ADJ;NOM;SG
bosco	bosco	bosco	bosco	N	N;NOM;SG
lipid	lipiidide	lipid	lipiid	N	N;GEN;PL
yamagata	yamagata	yamagata	yamagata	N	N;PRIV;SG
hyo	hyo	hyo	hyo	N	N;NOM;SG
chaos	kaos	chaos	kaos	N	N;NOM;SG
karaoke	karaoke	karaoke	karaoke	N	N;NOM;SG
zidane	zidane	zidane	zidane	N	N;NOM;SG
aziz	aziz	aziz	aziz	N	N;NOM;SG
vargas	vargas	vargas	varas	N	N;NOM;SG
ping	pingi	ping	pink	N	N;GEN;SG
ping	ping	ping	ping	N	N;NOM;SG
abs	abs	abs	abs	N	N;NOM;SG
dar	dar	dar	dar	N	N;NOM;SG
rocca	rocca	rocca	rocca	N	N;NOM;SG
herodotus	herodotos	herodotus	hero_doto	N	N;NOM;SG
jaya	jaya	jaya	jaya	N	N;NOM;SG
melissa	melissa	melissa	melissama	N	N;NOM;SG
aden	adeni	aden	aden	N	N;NOM;SG
erectus	erectus	erectus	erectus	N	N;NOM;SG
uppsala	uppsala	uppsala	uppsala	N	N;NOM;SG
juliet	juliet	juliet	juliet	N	N;NOM;SG
angus	angus	angus	angus	N	N;NOM;SG
cas	cas	cas	cas	N	N;NOM;SG
cas	cass	cas	cass	N	N;NOM;SG
hamas	hamasi	hamas	hamasi	N	N;NOM;SG
koblenz	koblenz	koblenz	koblenz	N	N;NOM;SG
guillermo	guillermo	guillermo	guillermo	N	N;NOM;SG
rutherford	rutherford	rutherford	ruthe_rford	N	N;NOM;SG
loc	loc	loc	loc	N	N;NOM;SG
jansen	jansen	jansen	jansen	N	N;NOM;SG
schubert	schubert	schubert	schubert	N	N;NOM;SG
ensemble	ansambel	ensemble	ansambel	N	N;NOM;SG
juniperus	juniperus	juniperus	juniperus	N	N;IN+ESS;SG
vogue	vogue	vogue	vogue	N	N;NOM;SG
sulu	sulu	sulu	sulu	N	N;NOM;SG
capra	capra	capra	capra	N	N;NOM;SG
barbuda	barbuda	barbuda	barbuma	N	N;NOM;SG
akita	akita	akita	akitama	N	N;NOM;SG
soto	soto	soto	soto	N	N;NOM;SG
geoff	geoff	geoff	geoff	N	N;NOM;SG
autobiography	autobiograafia	autobiography	auto_bio_graafia	N	N;NOM;SG
mêtan	metaani	mêtan	metad	N	N;PRT;SG
mack	mack	mack	mack	N	N;NOM;SG
guru	guru	guru	guru	N	N;NOM;SG
sanders	sanders	sanders	sanders	N	N;NOM;SG
aztec	asteekide	aztec	asteek	N	N;GEN;PL
potomac	potomaci	potomac	potomac	N	N;NOM;SG
cor	regioonide	cor	regioon	N	N;GEN;PL
bmp	bmp	bmp	bmp	N	N;NOM;SG
stereo	stereo	stereo	stereo	N	N;NOM;SG
fermi	fermi	fermi	ferm	N	N;NOM;SG
pedersen	pedersen	pedersen	pedersen	N	N;NOM;SG
lance	lance	lance	lance	N	N;NOM;SG
mohd	mohd	mohd	mohd	N	N;NOM;SG
perspective	perspektiive	perspective	perspektiiv	N	N;PRT;PL
amd	amd	amd	amd	N	N;NOM;SG
vladivostok	vladivostoki	vladivostok	vladivostok	N	N;NOM;SG
blogger	blogija	blogger	blogija	N	N;NOM;SG
blogger	blogid	blogger	blogi	N	N;NOM;PL
stephanie	stephanie	stephanie	stephanie	N	N;NOM;SG
bing	bing	bing	bing	N	N;NOM;SG
shotgun	püss	shotgun	püss	N	N;NOM;SG
kgb	kgb	kgb	kkb	N	N;NOM;SG
chapel	kabel	chapel	kabel	N	N;NOM;SG
maison	maison	maison	maison	N	N;NOM;SG
betta	betta	betta	bettama	N	N;NOM;SG
severin	severin	severin	severin	N	N;NOM;SG
abbeville	abbeville	abbeville	abbe_ville	N	N;NOM;SG
kaliningrad	kaliningradi	kaliningrad	kaliningrama	N	N;NOM;SG
bullock	bullock	bullock	bullock	N	N;NOM;SG
bert	bert	bert	bert	N	N;NOM;SG
diaz	diaz	diaz	diaz	N	N;NOM;SG
vầng	golden	vầng	golden	N	N;NOM;SG
odyssey	odyssey	odyssey	odyssey	N	N;IN+ALL;SG
ngo	mtü	ngo	mtü	N	N;NOM;SG
tethys	tethys	tethys	tetuy	N	N;NOM;SG
davidson	davidson	davidson	davidson	N	N;NOM;SG
hammond	hammond	hammond	hammond	N	N;NOM;SG
hastings	hastings	hastings	hastings	N	N;NOM;SG
larson	larson	larson	larson	N	N;NOM;SG
plc	plc	plc	plc	N	N;NOM;SG
gerrard	gerrard	gerrard	gerrard	N	N;NOM;SG
negro	neeger	negro	neeger	N	N;NOM;SG
negro	negro	negro	negro	N	N;NOM;SG
rum	rumm	rum	rumm	N	N;NOM;SG
rum	rummi	rum	rumm	N	N;PRT;SG
argus	argus	argus	argus	N	N;NOM;SG
vasco	vasco	vasco	vasco	N	N;NOM;SG
leibniz	leibniz	leibniz	leibniz	N	N;NOM;SG
mandalay	mandalay	mandalay	mandalay	N	N;NOM;SG
mahmoud	mahmoud	mahmoud	mahmood	N	N;NOM;SG
pia	pia	pia	pia	N	N;NOM;SG
spa	spa	spa	spa	N	N;NOM;SG
pool	pol	pool	olema	N	N;NOM;SG
tornado	tornaado	tornado	tornaado	N	N;NOM;SG
keane	keane	keane	keane	N	N;NOM;SG
brahms	brahmsi	brahms	brahmss	N	N;PRT;SG
aphrodite	aphrodite	aphrodite	aphrod	N	N;NOM;PL
paso	paso	paso	paso	N	N;NOM;SG
char	char	char	char	N	N;NOM;SG
wushu	wushu	wushu	wushu	N	N;NOM;SG
nissan	nissan	nissan	nissama	N	N;NOM;SG
dagestan	dagestan	dagestan	dagestama	N	N;NOM;SG
władysław	władysław	władysław	władysław	N	N;NOM;SG
novorossiysk	novorossiisk	novorossiysk	novorossiisk	N	N;NOM;SG
officinalis	officinalis	officinalis	officinal	N	N;NOM;SG
piccolo	piccolo	piccolo	piccolo	N	N;NOM;SG
clifford	clifford	clifford	clifford	N	N;NOM;SG
clare	clare	clare	clare	N	N;NOM;SG
emberiza	tsiitsitaja	emberiza	tsiitsitaja	N	N;NOM;SG
ploceus	weaver	ploceus	weaver	N	N;NOM;SG
carlton	carlton	carlton	carlton	N	N;NOM;SG
papa	papa	papa	papa	N	N;NOM;SG
sha	sha	sha	sha	N	N;NOM;SG
brady	brady	brady	brady	N	N;NOM;SG
destroyer	hävitaja	destroyer	hävitaja	N	N;NOM;SG
kern	kern	kern	kern	N	N;NOM;SG
syracuse	syracuse	syracuse	syracus	N	N;NOM;SG
martins	martins	martins	martins	N	N;NOM;SG
moritz	moritz	moritz	moritz	N	N;NOM;SG
silica	ränidioksiid	silica	ränidioksiid	N	N;NOM;SG
hypericum	naistepuna	hypericum	naiste_puna	N	N;NOM;SG
hypericum	hypericum	hypericum	hypericum	N	N;NOM;SG
frederik	frederik	frederik	frederik	N	N;NOM;SG
aleksey	aleksei	aleksey	aleksei	N	N;NOM;SG
coleman	coleman	coleman	coleman	N	N;NOM;SG
liszt	liszt	liszt	liszt	N	N;NOM;SG
steroid	steroidide	steroid	steroid	N	N;GEN;PL
steroid	steroide	steroid	steroid	N	N;PRT;PL
dakar	dakar	dakar	dakar	N	N;NOM;SG
ipod	ipod	ipod	ipo	N	N;NOM;SG
atkinson	atkinson	atkinson	atkinson	N	N;NOM;SG
arlington	arlingtoni	arlington	arlington	N	N;NOM;SG
exeter	exeter	exeter	exeter	N	N;NOM;SG
fax	faksi	fax	faks	N	N;PRT;SG
brotherhood	vennaskond	brotherhood	vennaskond	N	N;NOM;SG
flavius	flavius	flavius	flavius	N	N;NOM;SG
tampa	tampa	tampa	tampa	N	N;NOM;SG
stevie	stevie	stevie	stevi	N	N;NOM;SG
banda	banda	banda	band	N	N;NOM;SG
poseidon	poseidon	poseidon	poseidon	N	N;NOM;SG
madame	proua	madame	proua	N	N;NOM;SG
madame	madame	madame	madama	N	N;NOM;SG
turdus	rästas	turdus	rästas	N	N;NOM;SG
hades	hades	hades	hade	N	N;NOM;SG
dominic	dominic	dominic	dominic	N	N;NOM;SG
hague	haagi	hague	haa	N	N;NOM;SG
richie	richie	richie	richie	N	N;NOM;SG
satan	saatan	satan	saatma	N	N;NOM;SG
arch	kaare	arch	kaar	N	N;GEN;SG
arch	arch	arch	arch	N	N;NOM;SG
arch	kaar	arch	kaar	N	N;NOM;SG
lübeck	lübeck	lübeck	lübeck	N	N;NOM;SG
piceno	piceno	piceno	piceno	N	N;NOM;SG
liam	liam	liam	liam	N	N;NOM;SG
tiffany	tiffany	tiffany	tiffany	N	N;NOM;SG
braga	braga	braga	braga	N	N;NOM;SG
mathias	mathias	mathias	mathia	N	N;NOM;SG
mathias	mattias	mathias	mattia	N	N;NOM;SG
aureus	aureus	aureus	aureus	N	N;NOM;SG
savannah	savannah	savannah	savan_nah	N	N;NOM;SG
uranium	uraan	uranium	uraan	N	N;NOM;SG
claus	claus	claus	claus	N	N;NOM;SG
léopold	leopold	léopold	leopold	N	N;NOM;SG
nucleotide	nukleotiidi	nucleotide	nukleotiid	N	N;PRT;SG
rubik	cube	rubik	cube	N	N;NOM;SG
rubik	kuubik	rubik	kuubik	N	N;NOM;SG
rubik	kuubiku	rubik	kuubik	N	N;PRT;SG
rubik	rubik	rubik	rubik	N	N;NOM;SG
entre	entre	entre	entre	N	N;NOM;SG
matthias	matthias	matthias	matthia	N	N;NOM;SG
ribbon	pael	ribbon	pael	N	N;NOM;SG
ribbon	paela	ribbon	paela	N	N;PRT;SG
chul	chul	chul	chul	N	N;NOM;SG
owl	öökull	owl	öökull	N	N;NOM;SG
picea	picea	picea	picea	N	N;NOM;SG
picea	kuusk	picea	kuusk	N	N;NOM;SG
bieber	bieber	bieber	bieber	N	N;NOM;SG
goliath	koljat	goliath	koljas	N	N;NOM;SG
cdc	cdc	cdc	cdc	N	N
yao	yao	yao	yao	N	N;NOM;SG
gaz	gaz	gaz	gaz	N	N;NOM;SG
adsl	adsl	adsl	adsl	N	N;NOM;SG
gaia	gaia	gaia	gai	N	N;NOM;SG
amelia	amelia	amelia	amelia	N	N;NOM;SG
zheng	zheng	zheng	zheng	N	N;NOM;SG
kanye	kanye	kanye	kanye	N	N;NOM;SG
iloilo	iloilo	iloilo	iloilo	N	N;NOM;SG
esa	esa	esa	esa	N	N;NOM;SG
krupp	krupp	krupp	krupp	N	N;NOM;SG
osman	osman	osman	osman	N	N;NOM;SG
hasan	hasan	hasan	hasama	N	N;NOM;SG
ppm	ppm	ppm	ppm	N	N
patel	patel	patel	patel	N	N;NOM;SG
clan	klanni	clan	klann	N	N;NOM;SG
clan	klann	clan	klann	N	N;NOM;SG
prado	prado	prado	prado	N	N;NOM;SG
neymar	neymar	neymar	neymar	N	N;NOM;SG
markov	markov	markov	markov	N	N;NOM;SG
oecd	oecd	oecd	oecd	N	N
fruticosa	fruticosa	fruticosa	fruticosa	N	N;NOM;SG
freud	freud	freud	freud	N	N;NOM;SG
demi	demi	demi	demi	N	N;NOM;SG
loop	silmus	loop	silmus	N	N;NOM;SG
loop	loop	loop	loop	N	N;NOM;SG
jive	jive	jive	jive	N	N;NOM;SG
garland	garland	garland	garland	N	N;NOM;SG
tau	tau	tau	tau	N	N;NOM;SG
morley	morley	morley	morley	N	N;NOM;SG
surabaya	surabaya	surabaya	surabaya	N	N;NOM;SG
platon	platon	platon	platon	N	N;NOM;SG
fin	fin	fin	fin	N	N;SG
mora	mora	mora	mora	N	N;NOM;SG
pyrenees	püreneedes	pyrenees	pürenee	N	N;IN+ESS;PL
pyrenees	pyrénées	pyrenees	pyrénées	N	N;IN+ESS;SG
cyril	cyril	cyril	cyr	N	N;NOM;SG
khalid	khalid	khalid	khal	N	N;NOM;PL
shu	shu	shu	shu	N	N;NOM;SG
jaguar	jaguar	jaguar	jaguar	N	N;NOM;SG
mathieu	mathieu	mathieu	mathi_ieu	N	N;NOM;SG
mcpherson	mcpherson	mcpherson	mcpherson	N	N;NOM;SG
rận	täid	rận	täid	N	N;NOM;SG
rận	täide	rận	täis	N	N;IN+ALL;LGSPEC1;SG
rận	täi	rận	täi	N	N;NOM;SG
rolf	rolf	rolf	rolf	N	N;NOM;SG
moulin	moulin	moulin	moulima	N	N;NOM;SG
dartmouth	dartmouth	dartmouth	dartmout	N	N;NOM;SG
luiz	luiz	luiz	luiz	N	N;NOM;SG
miura	miura	miura	miur	N	N;NOM;SG
gar	gar	gar	gar	N	N;NOM;SG
tierra	tierra	tierra	tierra	N	N;NOM;SG
ozawa	ozawa	ozawa	ozawa	N	N;NOM;SG
ipad	ipad	ipad	ipa	N	N;NOM;SG
belluno	belluno	belluno	belluno	N	N;NOM;SG
gpu	gpu	gpu	gpu	N	N;NOM;SG
bac	bac	bac	bac	N	N;NOM;SG
nietzsche	nietzsche	nietzsche	nietzsche	N	N;NOM;SG
vđv	sportlased	vđv	sportlane	N	N;NOM;PL
cocktail	kokteil	cocktail	kokteil	N	N;NOM;SG
cocktail	kokteili	cocktail	kokteil	N	N;PRT;SG
usher	usher	usher	usher	N	N;NOM;SG
pamela	pamela	pamela	pamela	N	N;NOM;SG
minerva	minerva	minerva	minervas	N	N;NOM;SG
audrey	audrey	audrey	audrey	N	N;NOM;SG
kumar	kumar	kumar	kumar	N	N;NOM;SG
loki	loki	loki	lokk	N	N;NOM;SG
kaufman	kaufman	kaufman	kaufma	N	N;NOM;SG
elk	põder	elk	põder	N	N;NOM;SG
rubens	rubens	rubens	rubens	N	N;NOM;SG
anguilla	anguilla	anguilla	anguilla	N	N;NOM;SG
toby	toby	toby	toby	N	N;NOM;SG
chennai	chennai	chennai	chenna	N	N;NOM;SG
fribourg	fribourg	fribourg	fribourg	N	N;NOM;SG
jfk	jfk	jfk	jfk	N	N;NOM;SG
geisha	geiša	geisha	geiša	N	N;NOM;SG
magdeburg	magdeburg	magdeburg	magde_burg	N	N;NOM;SG
damon	damon	damon	damon	N	N;NOM;SG
subtilis	subtilis	subtilis	subtilis	N	N;NOM;SG
pentium	pentium	pentium	pentium	N	N;NOM;SG
tráp	lõksu	tráp	lõks	N	N;IN+ALL;LGSPEC1;SG
tráp	lõks	tráp	mõks	N	N;NOM;SG
flowering	õitsemist	flowering	õitsemine	N	N;PRT;SG
bos	boss	bos	boss	N	N;NOM;SG
omaha	omaha	omaha	oma_ha	N	N;NOM;SG
corinthians	korintlastele	corinthians	korintlane	N	N;AT+ALL;PL
hutchinson	hutchinson	hutchinson	hutchinson	N	N;NOM;SG
samson	samson	samson	samson	N	N;NOM;SG
gmail	krediidi	gmail	krediit	N	N;PRT;SG
gmail	krediit	gmail	krediit	N	N;NOM;SG
gmail	krediiti	gmail	krediit	N	N;PRT;SG
gmail	gmail	gmail	gmai	N	N;NOM;SG
xyanua	tsüaniidi	xyanua	tsüaniit	N	N;PRT;SG
pieter	pieter	pieter	pieter	N	N;NOM;SG
gradient	kalle	gradient	kalle	N	N;NOM;SG
gradient	üleminek	gradient	üle_minek	N	N;NOM;SG
cosmos	kosmos	cosmos	kosmos	N	N;NOM;SG
britannia	britannia	britannia	britannia	N	N;NOM;SG
plains	tasandikud	plains	tasandik	N	N;NOM;PL
enceladus	enceladus	enceladus	enceladus	N	N;NOM;SG
catanzaro	catanzaro	catanzaro	catanzaro	N	N;NOM;SG
nusa	nusa	nusa	nusa	N	N;NOM;SG
lotte	lotte	lotte	lott	N	N;NOM;SG
alicante	alicante	alicante	alicante	N	N;NOM;SG
kamchatka	kamtšatka	kamchatka	kamtšatka	N	N;NOM;SG
civic	civic	civic	civic	N	N;NOM;SG
basil	basil	basil	basi	N	N;NOM;SG
alves	alves	alves	alves	N	N;NOM;SG
faa	faa	faa	faa	N	N;NOM;SG
oleg	oleg	oleg	oleg	N	N;NOM;SG
shiro	shiro	shiro	shiro	N	N;NOM;SG
furious	raevus	furious	raev	N	N;IN+ESS;SG
maki	maki	maki	makk	N	N;NOM;SG
shuttle	süstik	shuttle	süstik	N	N;NOM;SG
serge	serge	serge	serge	N	N;NOM;SG
xịt	oli	xịt	olema	V	V;IND;SG;3;PST;FIN;ACT
duff	duff	duff	duff	N	N;NOM;SG
roc	roc	roc	roc	N	N;NOM;SG
strabo	strabo	strabo	strabo	N	N;NOM;SG
selen	seleeni	selen	sele	N	N;NOM;SG
brutus	brutus	brutus	brutus	N	N;NOM;SG
cliff	kalju	cliff	kalju	N	N;NOM;SG
cliff	cliff	cliff	cliff	N	N;NOM;SG
lympho	lümfoomi	lympho	lümfoom	N	N;NOM;SG
duỗi	venitada	duỗi	venitama	V	V;NFIN
duỗi	venib	duỗi	venima	V	V;IND;SG;3;PRS;FIN;ACT
petr	petr	petr	petr	N	N;NOM;SG
federico	federico	federico	federico	N	N;NOM;SG
boss	ülemus	boss	ülemus	N	N;NOM;SG
boss	boss	boss	boss	N	N;NOM;SG
tamara	tamara	tamara	tamar	N	N;NOM;SG
indi	indium	indi	indium	N	N;NOM;SG
groove	soon	groove	soon	N	N;NOM;SG
tráo	paigaldamine	tráo	paigaldamine	N	N;NOM;SG
frodo	frodo	frodo	frodo	N	N;NOM;SG
dreyfus	dreyfus	dreyfus	dreyfus	N	N;NOM;SG
navajo	navajo	navajo	navajo	N	N;NOM;SG
philips	philips	philips	philips	N	N;NOM;SG
philips	phillips	philips	phillips	N	N;NOM;SG
avg	avg	avg	avg	N	N;NOM;SG
savo	savo	savo	savo	N	N;NOM;SG
barlow	barlow	barlow	barlow	N	N;NOM;SG
bangs	tukk	bangs	tukk	N	N;NOM;SG
bronx	bronxi	bronx	bronx	N	N;NOM;SG
lodi	lodi	lodi	lodi	N	N;NOM;SG
gateway	värav	gateway	värav	N	N;NOM;SG
lutheran	luterlane	lutheran	luterlane	N	N;NOM;SG
maastricht	maastrichti	maastricht	maastricht	N	N;PRT;SG
novak	novak	novak	novak	N	N;NOM;SG
anastasia	anastasia	anastasia	anastasia	N	N;NOM;SG
đỉa	kaanid	đỉa	kaan	N	N;NOM;PL
đỉa	kaan	đỉa	kaan	N	N;NOM;SG
linz	linz	linz	linz	N	N;NOM;SG
siam	siiami	siam	siiam	N	N;NOM;SG
vincenzo	vincenzo	vincenzo	vincenzo	N	N;NOM;SG
tomb	haud	tomb	haud	N	N;NOM;SG
tomb	haua	tomb	haud	N	N;GEN;SG
andromeda	andromeeda	andromeda	andromeeda	N	N;NOM;SG
batavia	batavia	batavia	batavia	N	N;NOM;SG
allah	allah	allah	allah	N	N;NOM;SG
condor	kondor	condor	kondor	N	N;NOM;SG
macro	makro	macro	makro	N	N;NOM;SG
gel	geeli	gel	geel	N	N;PRT;SG
gel	geel	gel	geel	N	N;NOM;SG
donovan	donovan	donovan	donovan	N	N;NOM;SG
clive	clive	clive	clive	N	N;NOM;SG
hbo	hbo	hbo	hbo	N	N;NOM;SG
copernicus	kopernik	copernicus	kopernik	N	N;NOM;SG
montmartre	montmartre	montmartre	montmartre	N	N;NOM;SG
svalbard	svalbard	svalbard	svalbard	N	N;NOM;SG
zola	zola	zola	zola	N	N;NOM;SG
crc	crc	crc	crc	N	N
alphonse	alphonse	alphonse	alphons	N	N;NOM;SG
mira	mira	mira	mira	N	N;NOM;SG
vaslui	vaslui	vaslui	vaslui	N	N;NOM;SG
sands	liivad	sands	liiv	N	N;NOM;PL
volta	volta	volta	volta	N	N;NOM;SG
dolls	nukud	dolls	nukk	N	N;NOM;PL
augustin	augustin	augustin	augustima	N	N;NOM;SG
tarawa	tarawa	tarawa	tarawa	N	N;NOM;SG
shetland	shetlandi	shetland	shetland	N	N;NOM;SG
kennel	kennel	kennel	kennel	N	N;NOM;SG
claudio	claudio	claudio	claudio	N	N;NOM;SG
tenor	tenor	tenor	tenor	N	N;NOM;SG
naomi	naomi	naomi	naomi	N	N;NOM;SG
pei	pei	pei	pei	N	N;NOM;SG
volgograd	volgograd	volgograd	volgogra	N	N;NOM;SG
franck	franck	franck	franck	N	N;NOM;SG
piero	piero	piero	piero	N	N;NOM;SG
sondrio	sondrio	sondrio	sondrio	N	N;NOM;SG
arturo	arturo	arturo	arturo	N	N;NOM;SG
moines	moines	moines	moine	N	N;NOM;SG
void	tühjus	void	tühjus	N	N;NOM;SG
amino	amino	amino	amino	N	N;NOM;SG
albicans	albicans	albicans	albicans	N	N;NOM;SG
durango	durango	durango	durango	N	N;NOM;SG
edmonton	edmonton	edmonton	edmonton	N	N;NOM;SG
tuvalu	tuvalu	tuvalu	tuvalu	N	N;NOM;SG
sởi	leetrite	sởi	leeter	N	N;GEN;PL
chou	chou	chou	chou	N	N;NOM;SG
