ieee	ieee	ieee	ieee	N	N;MASC;SG
chói	brilhantismo	chói	brilhantismo	N	N;MASC;SG
fokker	fokker	fokker	fokker	N	N;MASC;SG
pearson	pearson	pearson	pearson	N	N;MASC;SG
cebu	cebu	cebu	cebu	N	N;MASC;SG
lốp	pneus	lốp	pneu	N	N;MASC;PL
lốp	pneu	lốp	pneu	N	N;MASC;SG
lốp	pneus	lốp	pneu	N	N;MASC;PL
lốp	pneu	lốp	pneu	N	N;MASC;SG
lorentz	lorentz	lorentz	lorentz	N	N;FEM;SG
natal	natal	natal	natal	N	N;MASC;SG
moses	moses	moses	mose	N	N;MASC;SG
moses	moisés	moses	moisés	N	N;MASC;SG
apocynaceae	apocynaceae	apocynaceae	apocynaceae	N	N;FEM;SG
memphis	memphis	memphis	memphi	N	N;MASC;SG
cinnamomum	cinnamomum	cinnamomum	cinnamomum	N	N;FEM;SG
norwich	norwich	norwich	norwich	N	N;MASC;SG
alta	alta	alta	alta	N	N;FEM;SG
clo	clo	clo	clo	N	N;MASC;SG
clo	cloro	clo	cloro	N	N;MASC;SG
adelaide	adelaide	adelaide	adelaide	N	N;FEM;SG
nile	nilo	nile	nilo	N	N;MASC;SG
metacritic	metacritic	metacritic	metacritic	N	N;FEM;SG
messier	messier	messier	messier	N	N;MASC;SG
dreams	sonhos	dreams	sonho	N	N;MASC;PL
dreams	dreams	dreams	dreams	N	N;MASC;SG
sázavou	sázavou	sázavou	sázavar	N	N;MASC;SG
nôi	berço	nôi	berço	N	N;MASC;SG
huesca	huesca	huesca	huesco	N	N;MASC;SG
ling	ling	ling	ling	N	N;MASC;SG
kylie	kylie	kylie	kylie	N	N;FEM;SG
cưng	querido	cưng	querer	V	V;MASC;SG;V.PTCP
cưng	queridos	cưng	querer	V	V;MASC;PL;V.PTCP
cưng	querida	cưng	querer	V	V;FEM;SG;V.PTCP
suez	suez	suez	suez	N	N;MASC;SG
yorktown	yorktown	yorktown	yorktown	N	N;MASC;SG
federer	federer	federer	federer	N	N;MASC;SG
bofors	bofors	bofors	bofor	N	N;MASC;SG
yunnanensis	yunnanensis	yunnanensis	yunnanensis	N	N;MASC;PL
dãi	babar	dãi	babar	V	V;NFIN
zombie	zombie	zombie	zombir	N	N;MASC;SG
zombie	zumbis	zombie	zumbi	N	N;MASC;PL
zombie	zumbi	zombie	zumbi	N	N;MASC;SG
ichigo	ichigo	ichigo	ichigo	N	N;MASC;SG
mẩu	ark	mẩu	ark	N	N;MASC;SG
mẩu	arca	mẩu	arcar	N	N;FEM;SG
mẩu	planilha	mẩu	planilha	N	N;FEM;SG
mẩu	lençol	mẩu	lençol	N	N;MASC;SG
mẩu	folha	mẩu	folha	N	N;FEM;SG
mẩu	lençois	mẩu	lençol	N	N;MASC;PL
mẩu	folhas	mẩu	folha	N	N;FEM;PL
mẩu	lençóis	mẩu	lençol	N	N;MASC;PL
shō	shō	shō	shō	N	N;MASC;SG
hwa	hwa	hwa	hwa	N	N;MASC;SG
anglo	anglo	anglo	anglo	N	N;MASC;SG
palm	palm	palm	palm	N	N;MASC;SG
palm	palma	palm	palma	N	N;FEM;SG
palm	palmeira	palm	palmeira	N	N;FEM;SG
montreal	montreal	montreal	montreal	N	N;MASC;SG
fulham	fulham	fulham	fulhar	N	N;MASC;SG
auf	auf	auf	auf	N	N;MASC;SG
root	raízes	root	raíz	N	N;FEM;PL
root	raiz	root	raiz	N	N;FEM;SG
root	root	root	root	N	N;MASC;SG
root	raíz	root	raíz	N	N;FEM;SG
cinerea	cinerea	cinerea	cinerear	N	N;FEM;SG
nhổ	cospe	nhổ	cosper	V	V;IND;SG;3;PRS;FIN
nhổ	cuspir	nhổ	cuspir	V	V;NFIN
nhổ	cospe	nhổ	cosper	V	V;IND;SG;3;PRS;FIN
nhổ	cuspir	nhổ	cuspir	V	V;NFIN
argiope	argiope	argiope	argiope	N	N;MASC;SG
waterloo	waterloo	waterloo	waterloo	N	N;MASC;SG
citrus	citrinos	citrus	citrino	N	N;MASC;PL
halifax	halifax	halifax	halifax	N	N;MASC;SG
mollis	mollis	mollis	mollll	N	N;MASC;SG
kazan	kazan	kazan	kazan	N	N;MASC;SG
archer	arqueiro	archer	arqueiro	N	N;MASC;SG
archer	archer	archer	archer	N	N;MASC;SG
brooks	brooks	brooks	brook	N	N;MASC;SG
ferry	ferry	ferry	ferry	N	N;MASC;SG
ferry	balsa	ferry	balsa	N	N;FEM;SG
minima	minima	minima	pequeno	N	N;FEM;SG
minima	mínimos	minima	mínimo	N	N;MASC;PL
strauss	strauss	strauss	straus	N	N;MASC;SG
lóc	choramingar	lóc	choramingar	V	V;NFIN
emmanuel	emanuel	emmanuel	emanuel	N	N;MASC;SG
emmanuel	emmanuel	emmanuel	emmanuel	N	N;MASC;SG
allison	allison	allison	allison	N	N;MASC;SG
allison	alison	allison	alison	N	N;FEM;SG
jäger	jäger	jäger	jäger	N	N;MASC;SG
lionel	lionel	lionel	lionel	N	N;MASC;SG
cuvier	cuvier	cuvier	cuvier	N	N;MASC;SG
mariah	mariah	mariah	mariah	N	N;FEM;SG
aster	aster	aster	aster	N	N;MASC;SG
oerlikon	oerlikon	oerlikon	oerlikon	N	N;MASC;SG
curtiss	curtiss	curtiss	curtil	N	N;MASC;SG
serrata	serrata	serrata	serrata	N	N;FEM;SG
tenerife	tenerife	tenerife	tenerife	N	N;MASC;SG
thani	thani	thani	thani	N	N;MASC;SG
vữa	morteiro	vữa	morteiro	N	N;MASC;SG
vữa	argamassa	vữa	argamassar	N	N;FEM;SG
vữa	morteiros	vữa	morteiro	N	N;MASC;PL
catalan	catalão	catalan	catalão	N	N;MASC;SG
giấm	vinagre	giấm	vinagre	N	N;MASC;SG
jtwc	jtwc	jtwc	jtwc	N	N;MASC;SG
hua	hua	hua	haver	N	N;MASC;SG
hwang	hwang	hwang	hwang	N	N;MASC;SG
rpg	rpg	rpg	rpg	N	N;MASC;SG
proc	proc	proc	proc	N	N;MASC;SG
compact	compactos	compact	compacto	N	N;MASC;PL
compact	compacto	compact	compacto	N	N;MASC;SG
cheng	cheng	cheng	cheng	N	N;MASC;SG
cyprinidae	cyprinidae	cyprinidae	cyprinidae	N	N;FEM;SG
cornell	cornell	cornell	cornell	N	N;MASC;SG
bandera	bandera	bandera	bandera	N	N;MASC;SG
andersen	andersen	andersen	andersen	N	N;MASC;SG
orchideen	orchideen	orchideen	orchideen	N	N;FEM;SG
darius	darius	darius	darius	N	N;MASC;SG
darius	dario	darius	dario	N	N;MASC;SG
chiapas	chiapas	chiapas	chiapa	N	N;MASC;SG
benfica	benfica	benfica	benfica	N	N;MASC;SG
abe	abe	abe	aber	N	N;MASC;SG
yan	yan	yan	yan	N	N;MASC;SG
glabra	glabra	glabra	glabra	N	N;FEM;SG
ramos	ramos	ramos	ramo	N	N;MASC;PL
polo	polo	polo	polo	N	N;MASC;SG
polo	pólo	polo	pólo	N	N;MASC;SG
prairie	prairie	prairie	prairie	N	N;MASC;SG
prairie	pradaria	prairie	pradaria	N	N;FEM;SG
timothy	timothy	timothy	timothy	N	N;MASC;SG
timothy	timóteo	timothy	timóteo	N	N;MASC;SG
ieyasu	ieyasu	ieyasu	ieyasu	N	N;MASC;PL
loét	úlcera	loét	úlcera	N	N;FEM;SG
loét	úlceras	loét	úlcera	N	N;FEM;PL
loét	úlcera	loét	úlcera	N	N;FEM;SG
bernardo	bernardo	bernardo	bernardo	N	N;MASC;SG
passiflora	passiflora	passiflora	passiflora	N	N;FEM;SG
siemens	siemens	siemens	siemens	N	N;FEM;SG
rotterdam	roterdão	rotterdam	roterdão	N	N;MASC;SG
rotterdam	rotterdam	rotterdam	rotterdar	N	N;MASC;SG
vừng	sésamo	vừng	sésamo	N	N;MASC;SG
kiel	kiel	kiel	kiel	N	N;MASC;SG
hikaru	hikaru	hikaru	hikar	N	N;MASC;SG
mcdonald	mcdonald	mcdonald	mcdonald	N	N;MASC;SG
mcdonald	mcdonalds	mcdonald	mcdonald	N	N;MASC;SG
eminem	eminem	eminem	eminar	N	N;MASC;SG
ferrara	ferrara	ferrara	ferrar	N	N;MASC;SG
dido	dido	dido	dido	N	N;MASC;SG
mượt	suave	mượt	suave	ADJ	ADJ;MASC;SG
mượt	suaves	mượt	suave	ADJ	ADJ;MASC;PL
perth	perth	perth	perth	N	N;MASC;SG
dmitri	dmitri	dmitri	dmitri	N	N;MASC;SG
dmitri	dimitri	dmitri	dimitrir	N	N;MASC;SG
chad	chad	chad	chad	N	N;MASC;SG
chad	chade	chad	chade	N	N;MASC;SG
satsuma	satsuma	satsuma	satsumar	N	N;MASC;SG
zagreb	zagreb	zagreb	zagreb	N	N;MASC;SG
betula	betula	betula	betula	N	N;FEM;SG
mayenne	mayenne	mayenne	mayenne	N	N;MASC;SG
castilleja	castilleja	castilleja	castilleja	N	N;FEM;SG
kun	kun	kun	kun	N	N;MASC;SG
litsinger	litsinger	litsinger	litsinger	N	N;MASC;SG
fishbase	fishbase	fishbase	fishbase	N	N;FEM;SG
pine	pinheiro	pine	pinheiro	N	N;MASC;SG
pine	pine	pine	pine	N	N;MASC;SG
pine	pinho	pine	pinho	N	N;MASC;SG
mol	verrugas	mol	verruga	N	N;FEM;PL
mol	toupeiras	mol	toupeira	N	N;FEM;PL
mol	moles	mol	mole	N	N;MASC;PL
mol	mol	mol	mol	N	N;MASC;SG
barbus	barbus	barbus	barbu	N	N;MASC;SG
jičín	jičín	jičín	jičín	N	N;MASC;SG
trút	derramando	trút	derramar	V	V;V.MSDR
anatolia	anatólia	anatolia	anatólia	N	N;FEM;SG
purpurea	purpurea	purpurea	purpur	N	N;FEM;SG
midlands	midlands	midlands	midland	N	N;MASC;PL
sterculia	sterculia	sterculia	sterculia	N	N;FEM;SG
cardiff	cardiff	cardiff	cardiff	N	N;MASC;SG
kerr	kerr	kerr	kerr	N	N;MASC;SG
vaccinium	vaccinium	vaccinium	vaccinium	N	N;MASC;SG
rubra	rubra	rubra	rubra	N	N;FEM;SG
chat	papo	chat	papo	N	N;MASC;SG
chat	chat	chat	chat	N	N;MASC;SG
chat	conversa	chat	conversa	N	N;FEM;SG
zen	zen	zen	zen	N	N;MASC;SG
derek	derek	derek	derek	N	N;MASC;SG
belgrade	volgogrado	belgrade	volgograr	N	N;MASC;SG
belgrade	belgrado	belgrade	belgrado	N	N;MASC;SG
teresa	teresa	teresa	teresa	N	N;FEM;SG
đuốc	tochas	đuốc	tocha	N	N;FEM;PL
đuốc	tocha	đuốc	tocha	N	N;FEM;SG
jeremy	jeremy	jeremy	jeremy	N	N;MASC;SG
nakamura	nakamura	nakamura	nakamura	N	N;MASC;SG
vision	visão	vision	visão	N	N;FEM;SG
vision	vision	vision	vision	N	N;MASC;SG
manning	manning	manning	manning	N	N;MASC;SG
mận	ameixa	mận	ameixa	N	N;FEM;SG
mận	ameixas	mận	ameixa	N	N;FEM;PL
mận	ameixa	mận	ameixa	N	N;FEM;SG
nách	boxes	nách	boxe	N	N;MASC;PL
nách	poços	nách	poço	N	N;MASC;PL
nách	axila	nách	axila	N	N;FEM;SG
nách	axilas	nách	axila	N	N;FEM;PL
euphrasia	euphrasia	euphrasia	euphrasia	N	N;FEM;PL
firenze	firenze	firenze	firenze	N	N;MASC;SG
elvis	elvis	elvis	elvi	N	N;MASC;SG
hesse	hesse	hesse	hessar	N	N;MASC;SG
litoria	litoria	litoria	litoria	N	N;FEM;SG
française	française	française	françal	N	N;MASC;SG
xốp	espuma	xốp	espum	N	N;FEM;SG
ilyushin	ilyushin	ilyushin	ilyushin	N	N;MASC;SG
lisbon	lisboa	lisbon	lisboa	N	N;FEM;SG
arachnida	arachnida	arachnida	arachner	N	N;FEM;SG
reggio	reggio	reggio	reggio	N	N;MASC;SG
hyderabad	hyderabad	hyderabad	hyderabad	N	N;MASC;SG
paramount	paramount	paramount	paramount	N	N;MASC;SG
benton	benton	benton	benton	N	N;MASC;SG
hít	respirar	hít	respirar	V	V;NFIN
hít	respira	hít	respirar	V	V;IND;SG;3;PRS;FIN
continental	continental	continental	continental	N	N;MASC;SG
continental	continentais	continental	continental	N	N;MASC;PL
rus	rus	rus	rus	N	N;MASC;SG
nexus	nexus	nexus	nexu	N	N;MASC;SG
nexus	nexo	nexus	nexo	N	N;MASC;SG
magiê	magnésio	magiê	magnésio	N	N;MASC;SG
kabul	cabul	kabul	cabul	N	N;MASC;SG
kabul	kabul	kabul	kabul	N	N;MASC;SG
pre	pre	pre	pre	N	N;MASC;SG
pre	pré	pre	pré	N	N;MASC;SG
preston	preston	preston	preston	N	N;MASC;SG
phraya	phraya	phraya	phraya	N	N;MASC;SG
luca	luca	luca	luca	N	N;MASC;SG
saitama	saitama	saitama	saitama	N	N;MASC;SG
bel	bel	bel	bel	N	N;MASC;SG
brabant	brabante	brabant	brabante	N	N;MASC;SG
cave	gruta	cave	gruta	N	N;FEM;SG
cave	caverna	cave	cavernar	N	N;FEM;SG
lille	lille	lille	lille	N	N;MASC;SG
splendens	splendens	splendens	splendem	N	N;MASC;SG
gustave	gustave	gustave	gustave	N	N;MASC;SG
wembley	wembley	wembley	wembley	N	N;MASC;SG
mustang	mustang	mustang	mustang	N	N;MASC;SG
wwf	wwf	wwf	wwf	N	N;MASC;SG
vulgaris	vulgaris	vulgaris	vulgari	N	N;MASC;SG
ballet	ballet	ballet	ballet	N	N;MASC;SG
ballet	balé	ballet	balé	N	N;MASC;SG
bali	bali	bali	bali	N	N;MASC;SG
click	clica	click	clica	V	V;IND;SG;3;PRS;FIN
click	clique	click	clique	V	V;SBJV;SG;3;PRS;FIN
malay	malaio	malay	malaio	N	N;MASC;SG
habana	habana	habana	habano	N	N;FEM;SG
baldwin	baldwin	baldwin	baldwin	N	N;MASC;SG
baldwin	balduíno	baldwin	balduíno	N	N;MASC;SG
glauca	glauca	glauca	glauco	N	N;FEM;SG
gomez	gomes	gomez	gome	N	N;MASC;SG
gomez	gomez	gomez	gomez	N	N;FEM;SG
diva	diva	diva	diva	N	N;FEM;SG
vogel	vogel	vogel	vogel	N	N;MASC;SG
exo	exo	exo	exo	N	N;MASC;SG
aquila	aquila	aquila	aquila	N	N;MASC;SG
apache	apache	apache	apachar	N	N;MASC;SG
apache	apaches	apache	apache	N	N;MASC;PL
swaziland	suazilândia	swaziland	suazilândia	N	N;FEM;SG
ngất	desmaiar	ngất	desmaiar	V	V;NFIN
ngất	desmaiou	ngất	desmaiar	V	V;IND;SG;3;PST;FIN
dem	dem	dem	dem	N	N;MASC;SG
mnet	mnet	mnet	mnet	N	N;MASC;SG
angels	angels	angels	angel	N	N;MASC;SG
angels	anjos	angels	anjo	N	N;MASC;PL
cincinnati	cincinnati	cincinnati	cincinnati	N	N;MASC;SG
jalisco	jalisco	jalisco	jalisco	N	N;MASC;SG
linden	linden	linden	linden	N	N;FEM;SG
albion	albion	albion	albion	N	N;MASC;SG
wade	wade	wade	wade	N	N;MASC;SG
pixar	pixar	pixar	pixar	N	N;MASC;SG
campos	campos	campos	campo	N	N;MASC;PL
kohl	kohl	kohl	kohl	N	N;MASC;SG
quincy	quincy	quincy	quincy	N	N;MASC;SG
ornata	ornata	ornata	ornata	N	N;FEM;SG
mythimna	mythimna	mythimna	mythimno	N	N;MASC;SG
fury	fury	fury	fury	N	N;MASC;SG
fury	fúria	fury	fúrio	N	N;FEM;SG
maculatus	maculatus	maculatus	maculatu	N	N;MASC;SG
oahu	oahu	oahu	oahu	N	N;MASC;SG
gil	gil	gil	gil	N	N;MASC;SG
cabo	cabo	cabo	cabo	N	N;MASC;SG
jolie	jolie	jolie	jolie	N	N;FEM;SG
kota	kota	kota	kota	N	N;MASC;SG
bauhinia	bauhinia	bauhinia	bauhinia	N	N;FEM;SG
alessandro	alessandro	alessandro	alessandro	N	N;MASC;SG
log	log	log	log	N	N;MASC;SG
springer	springer	springer	springer	N	N;MASC;SG
barnard	barnard	barnard	barnard	N	N;MASC;SG
sabre	sabre	sabre	sabre	N	N;MASC;SG
thebes	tebas	thebes	teba	N	N;MASC;SG
claudius	cláudio	claudius	cláudio	N	N;MASC;SG
guillaumin	guillaumin	guillaumin	guillaumin	N	N;MASC;SG
plasma	plasma	plasma	plasma	N	N;MASC;SG
nathan	nathan	nathan	nathan	N	N;MASC;SG
avro	avro	avro	avro	N	N;MASC;SG
taekwondo	taekwondo	taekwondo	tankwondo	N	N;MASC;SG
shinsengumi	shinsengumi	shinsengumi	shinsengumi	N	N;MASC;SG
minutus	minutus	minutus	minutus	N	N;MASC;SG
yangon	yangon	yangon	yangon	N	N;MASC;SG
calamus	calamus	calamus	calamu	N	N;MASC;PL
strike	strike	strike	strike	N	N;MASC;SG
strike	greve	strike	greve	N	N;FEM;SG
bucharest	bucareste	bucharest	bucareste	N	N;MASC;SG
konstantinos	constantine	konstantinos	constantine	N	N;MASC;SG
konstantinos	constantino	konstantinos	constantino	N	N;MASC;SG
int	int	int	int	N	N;MASC;SG
lufthansa	lufthansa	lufthansa	lufthansa	N	N;FEM;SG
connor	conner	connor	conner	N	N;MASC;SG
connor	connor	connor	connor	N	N;MASC;SG
dynamo	dínamo	dynamo	dínamo	N	N;MASC;SG
harrier	harrier	harrier	harrier	N	N;MASC;SG
caudata	caudata	caudata	caudata	N	N;FEM;SG
ôliu	olive	ôliu	olive	N	N;MASC;SG
ôliu	oliveira	ôliu	oliveira	N	N;MASC;SG
ôliu	azeitona	ôliu	azeitonar	N	N;FEM;SG
ôliu	azeitona	ôliu	azeitonar	N	N;FEM;SG
ôliu	azeitonas	ôliu	azeitona	N	N;FEM;PL
nola	nola	nola	nola	N	N;MASC;SG
shakira	shakira	shakira	shakira	N	N;FEM;SG
sứa	medusa	sứa	medusa	N	N;FEM;SG
benoit	benoit	benoit	benoit	N	N;MASC;SG
richland	richland	richland	richland	N	N;MASC;SG
atlantique	atlantique	atlantique	atlantique	N	N;MASC;SG
cromwell	cromwell	cromwell	cromwell	N	N;MASC;SG
queens	rainhas	queens	rainha	N	N;FEM;PL
queens	queens	queens	queen	N	N;MASC;SG
cello	violoncelo	cello	violoncelo	N	N;MASC;SG
robertson	robertson	robertson	robertson	N	N;MASC;SG
ser	sor	ser	sor	N	N;MASC;SG
rán	fry	rán	fry	N	N;MASC;SG
quầy	chef	quầy	chef	N	N;MASC;SG
quầy	cozinheiro	quầy	cozinheiro	N	N;MASC;SG
hae	hae	hae	haver	N	N;MASC;SG
dracula	dracula	dracula	dracula	N	N;MASC;SG
dracula	drácula	dracula	drácula	N	N;MASC;SG
metropolitan	metropolitanas	metropolitan	metropolitano	N	N;FEM;PL
metropolitan	metropolitana	metropolitan	metropolitana	N	N;FEM;SG
metropolitan	metropolitano	metropolitan	metropolitano	N	N;MASC;SG
metropolitan	metropolitan	metropolitan	metropolitan	N	N;MASC;SG
vendée	vendée	vendée	vendée	N	N;MASC;SG
tonga	tonga	tonga	tongo	N	N;FEM;SG
andaman	andamão	andaman	andamão	N	N;FEM;SG
pass	relógio	pass	relógio	N	N;MASC;SG
pass	pass	pass	pass	N	N;MASC;SG
baja	baja	baja	baja	N	N;MASC;SG
dam	barragem	dam	barragem	N	N;FEM;SG
dam	dique	dam	dicar	N	N;MASC;SG
dam	represa	dam	represa	N	N;FEM;SG
dam	dam	dam	dam	N	N;MASC;SG
canyon	desfiladeiro	canyon	desfiladeiro	N	N;MASC;SG
canyon	canyon	canyon	canyon	N	N;MASC;SG
malacca	malaca	malacca	malaca	N	N;FEM;SG
walther	walther	walther	walther	N	N;MASC;SG
christie	christie	christie	christie	N	N;MASC;SG
dieu	dieu	dieu	dizer	N	N;MASC;SG
chấu	gafanhotos	chấu	gafanhoto	N	N;MASC;PL
fleet	frotas	fleet	frota	N	N;FEM;PL
fleet	frota	fleet	frota	N	N;FEM;SG
prodcode	prodcode	prodcode	prodcode	N	N;MASC;SG
tours	passeios	tours	passeio	N	N;MASC;PL
tours	tours	tours	tour	N	N;MASC;PL
canadensis	canadensis	canadensis	canadensi	N	N;MASC;SG
maldives	maldivas	maldives	maldiva	N	N;FEM;PL
castellón	castellón	castellón	castellón	N	N;MASC;SG
javier	javier	javier	javier	N	N;MASC;SG
rosea	rosea	rosea	rosea	N	N;FEM;SG
rollins	rollins	rollins	rollim	N	N;MASC;SG
rollins	rawlins	rollins	rawlim	N	N;MASC;PL
antwerp	antuérpia	antwerp	antuérpia	N	N;FEM;SG
sevastopol	sebastopol	sevastopol	sebastopol	N	N;MASC;SG
jeju	jeju	jeju	jeju	N	N;MASC;SG
diếp	alface	diếp	alface	N	N;FEM;SG
lesotho	lesoto	lesotho	lesoto	N	N;MASC;SG
ultra	ultra	ultra	ultra	N	N;MASC;SG
arcade	arcada	arcade	arcada	N	N;FEM;SG
arcade	arcade	arcade	arcade	N	N;MASC;SG
reef	recife	reef	recifar	N	N;MASC;SG
wasp	vespa	wasp	vespa	N	N;FEM;SG
boong	convés	boong	convés	N	N;MASC;SG
boong	pavimentos	boong	pavimento	N	N;MASC;PL
boong	convés	boong	convés	N	N;MASC;SG
boong	baralho	boong	baralho	N	N;MASC;SG
boong	deck	boong	deck	N	N;MASC;SG
pratt	pratt	pratt	pratt	N	N;MASC;SG
andalusia	andaluzia	andalusia	andaluzir	N	N;FEM;SG
lindau	lindau	lindau	lindar	N	N;MASC;SG
kawasaki	kawasaki	kawasaki	kawasaki	N	N;MASC;SG
bactria	báctria	bactria	báctria	N	N;FEM;SG
amanda	amanda	amanda	amanda	N	N;FEM;SG
goethe	goethe	goethe	goethe	N	N;MASC;SG
cnn	cnn	cnn	cnn	N	N;FEM;SG
guillaume	guillaume	guillaume	guillaume	N	N;MASC;SG
cúi	dobre	cúi	dobre	V	V;SBJV;SG;3;PRS;FIN
cúi	dobrar	cúi	dobrar	V	V;NFIN
kant	kant	kant	kant	N	N;MASC;SG
japonicus	japonicus	japonicus	japonicu	N	N;MASC;SG
granit	granit	granit	granit	N	N;MASC;SG
nhấp	clica	nhấp	clica	V	V;IND;SG;3;PRS;FIN
nhấp	clique	nhấp	clique	V	V;SBJV;SG;3;PRS;FIN
gaius	caio	gaius	caio	N	N;MASC;SG
gaius	gaius	gaius	gais	N	N;MASC;SG
antilles	antilhas	antilles	antilha	N	N;FEM;PL
seki	seki	seki	seki	N	N;MASC;SG
ekaterina	ekaterina	ekaterina	ekaterino	N	N;FEM;SG
populus	populus	populus	populu	N	N;MASC;SG
shark	tubarões	shark	tubarão	N	N;MASC;PL
shark	shark	shark	shark	N	N;MASC;SG
flagstaff	flagstaff	flagstaff	flagstaff	N	N;MASC;PL
ein	ein	ein	ein	N	N;MASC;SG
sếu	gruas	sếu	grua	N	N;FEM;PL
sếu	guindastes	sếu	guindaste	N	N;MASC;PL
sếu	guindaste	sếu	guindaste	N	N;MASC;SG
sếu	crane	sếu	crane	N	N;MASC;SG
sếu	garça	sếu	garça	N	N;FEM;SG
sếu	grua	sếu	grua	N	N;FEM;SG
mandela	mandela	mandela	mandela	N	N;FEM;SG
metallica	metallica	metallica	metallico	N	N;MASC;SG
asm	asm	asm	asm	N	N;MASC;SG
xiếc	circus	xiếc	circu	N	N;MASC;SG
xiếc	circo	xiếc	circo	N	N;MASC;SG
xiếc	circos	xiếc	circo	N	N;MASC;PL
dom	dom	dom	dom	N	N;MASC;SG
gigas	gigas	gigas	giga	N	N;FEM;PL
dae	dae	dae	dar	N	N;MASC;SG
erwin	erwin	erwin	erwin	N	N;MASC;SG
belfast	belfast	belfast	belfast	N	N;MASC;SG
linn	linn	linn	linn	N	N;MASC;SG
joy	joy	joy	joy	N	N;MASC;SG
joy	alegria	joy	alegria	N	N;FEM;SG
joy	alegrias	joy	alegria	N	N;FEM;PL
verdun	verdun	verdun	verdun	N	N;MASC;SG
macau	macau	macau	macar	N	N;MASC;SG
sint	sint	sint	sint	N	N;MASC;SG
tyrannidae	tyrannidae	tyrannidae	tyrannidar	N	N;FEM;SG
bryansk	bryansk	bryansk	bryansk	N	N;MASC;SG
jasper	jasper	jasper	jasper	N	N;MASC;SG
nba	nba	nba	nba	N	N;FEM;SG
plata	plata	plata	plata	N	N;FEM;SG
phở	pho	phở	pho	N	N;MASC;SG
trafford	trafford	trafford	trafford	N	N;MASC;SG
affairs	assuntos	affairs	assunto	N	N;MASC;PL
emirates	emirates	emirates	emirate	N	N;MASC;PL
emirates	emirados	emirates	emirar	N	N;MASC;PL
terme	terme	terme	termer	N	N;MASC;SG
swiss	suíça	swiss	suíço	N	N;FEM;SG
swiss	suiça	swiss	suiçar	N	N;FEM;SG
swiss	suíços	swiss	suíço	N	N;MASC;PL
swiss	swiss	swiss	swis	N	N;MASC;SG
chin	chin	chin	chin	N	N;MASC;SG
chin	queixo	chin	queixo	N	N;MASC;SG
clemson	clemson	clemson	clemson	N	N;MASC;SG
ahn	ivanov	ahn	ivanov	N	N;MASC;SG
ahn	ahn	ahn	ahn	N	N;MASC;SG
dĩa	placa	dĩa	placa	N	N;FEM;SG
dĩa	prato	dĩa	prato	N	N;MASC;SG
dĩa	chapa	dĩa	chapa	N	N;FEM;SG
valenciennes	valenciennes	valenciennes	valencienne	N	N;MASC;SG
muang	muang	muang	muang	N	N;MASC;SG
rna	rna	rna	rna	N	N;MASC;SG
rna	arn	rna	arn	N	N;MASC;SG
khoe	espetáculos	khoe	espetáculo	N	N;MASC;PL
khoe	espectáculos	khoe	espectáculo	N	N;MASC;PL
khoe	shows	khoe	show	N	N;MASC;PL
maha	maha	maha	maha	N	N;MASC;SG
usda	usda	usda	usda	N	N;FEM;SG
tyson	tyson	tyson	tyson	N	N;MASC;SG
sonic	sonic	sonic	sonic	N	N;MASC;SG
johor	johor	johor	johor	N	N;MASC;SG
dượng	vernon	dượng	vernon	N	N;MASC;SG
dượng	padrasto	dượng	padrasto	N	N;MASC;SG
javascript	javascript	javascript	javascript	N	N;MASC;SG
mercedes	mercedes	mercedes	mercede	N	N;MASC;SG
sigma	sigma	sigma	sigma	N	N;MASC;SG
ubuntu	ubuntu	ubuntu	ubuntu	N	N;MASC;SG
tallinn	tallinn	tallinn	tallinn	N	N;MASC;SG
sparrow	pardal	sparrow	pardal	N	N;MASC;SG
sparrow	sparrow	sparrow	sparrow	N	N;MASC;SG
banh	bola	banh	bola	N	N;FEM;SG
banh	ball	banh	ball	N	N;MASC;SG
yucatán	yucatan	yucatán	yucatan	N	N;MASC;SG
yucatán	yucatán	yucatán	yucatán	N	N;FEM;SG
wakayama	wakayama	wakayama	wakayama	N	N;MASC;SG
wii	wii	wii	wii	N	N;MASC;SG
amazonas	amazonas	amazonas	amazona	N	N;MASC;SG
almería	almería	almería	almería	N	N;MASC;SG
ponte	ponte	ponte	ponte	N	N;FEM;SG
martínez	martínez	martínez	martínez	N	N;MASC;SG
thames	tamisa	thames	tamisa	N	N;MASC;SG
guadeloupe	guadalupe	guadeloupe	guadalupe	N	N;FEM;SG
