strauss	strauss	strauss	strauss	N	N;MASC;SG
emmanuel	emanuele	emmanuel	emanuela	N	N;MASC;SG
emmanuel	emmanuel	emmanuel	emmanuel	N	N;MASC;SG
allison	allison	allison	allison	N	N;MASC;SG
jäger	jäger	jäger	jäger	N	N
lionel	lionel	lionel	lionel	N	N;MASC;SG
cuvier	cuvier	cuvier	cuvier	N	N;MASC
mariah	mariah	mariah	mariah	N	N;FEM;SG
aster	aster	aster	aster	N	N;MASC
oerlikon	oerlikon	oerlikon	oerlikon	N	N;MASC
curtiss	curtiss	curtiss	curtiss	N	N;MASC
tenerife	tenerife	tenerife	tenerife	N	N;FEM;PL
thani	thani	thani	thano	N	N;MASC
vữa	mortai	vữa	mortare	N	N;MASC;PL
vữa	mortaio	vữa	mortaio	N	N;MASC;SG
giấm	aceto	giấm	aceto	N	N;MASC;SG
hua	hua	hua	auo	N	N;MASC;SG
rpg	rpg	rpg	rpg	N	N;MASC
proc	proc	proc	proc	N	N
compact	compact	compact	compact	N	N
cheng	cheng	cheng	cheng	N	N;MASC;SG
cyprinidae	cyprinidae	cyprinidae	cyprinida	N	N;FEM;SG
cornell	cornell	cornell	cornell	N	N;MASC;SG
bandera	bandera	bandera	bandera	N	N;FEM;SG
andersen	andersen	andersen	andersen	N	N;MASC;SG
darius	darius	darius	darius	N	N;MASC
darius	dario	darius	dario	N	N;MASC;SG
chiapas	chiapas	chiapas	chiapas	N	N;MASC;SG
benfica	benfica	benfica	benfica	N	N;MASC
penn	penn	penn	penn	N	N;MASC
variabilis	variabilis	variabilis	variabilis		
abe	abe	abe	abe	N	N;MASC
dolomedes	dolomedes	dolomedes	dolomedes	N	N;FEM;SG
yan	yan	yan	yan	N	N;MASC;SG
ramos	ramos	ramos	ramos	N	N;MASC;SG
polo	polo	polo	polo	N	N;MASC;SG
prairie	prateria	prairie	prateria	N	N;FEM;SG
prairie	prairie	prairie	prairio	N	N;FEM;SG
timothy	timothy	timothy	timothy	N	N;MASC
ieyasu	ieyasu	ieyasu	ieyasu	N	N;MASC;SG
loét	piaghe	loét	piaga	N	N;FEM;PL
loét	ulcere	loét	ulcere	N	N;FEM;PL
loét	ulcera	loét	ulcera	N	N;FEM;SG
loét	ulcere	loét	ulcere	N	N;FEM;PL
loét	ulcera	loét	ulcera	N	N;FEM;SG
bernardo	bernardo	bernardo	bernardo	N	N;MASC;SG
passiflora	passiflora	passiflora	passiflora	N	N;FEM;SG
siemens	siemens	siemens	siemens	N	N;MASC
rotterdam	rotterdam	rotterdam	rotterdam	N	N;FEM;SG
vừng	sesamo	vừng	sesamo	N	N;MASC;SG
kiel	kiel	kiel	kiel	N	N;MASC
hikaru	hikaru	hikaru	hikare	N	N;MASC;SG
třebíč	třebíč	třebíč	ttebere	N	N;MASC;SG
mcdonald	mcdonald	mcdonald	mcdonald	N	N;MASC
eminem	eminem	eminem	eminem	N	N;MASC
ferrara	ferrara	ferrara	ferrara	N	N;FEM;SG
dido	dido	dido	dido	N	N;SG
mượt	liscia	mượt	lisciare	ADJ	ADJ;FEM;SG
mượt	liscio	mượt	liscio	ADJ	ADJ;MASC;SG
perth	perth	perth	perth	N	N;MASC;SG
dmitri	dmitrij	dmitri	dmitrijb	N	N;MASC;SG
dmitri	dmitri	dmitri	dmitro	N	N;MASC;SG
dmitri	dimitri	dmitri	dimitro	N	N;MASC;SG
chad	ciad	chad	ciad	N	N;MASC
chad	chad	chad	chad	N	N
satsuma	satsuma	satsuma	satsumare	N	N;FEM;SG
zagreb	zagabria	zagreb	zagabria	N	N;FEM;SG
betula	betula	betula	betula	N	N;FEM;SG
mayenne	mayenne	mayenne	mayenne	N	N;FEM;SG
castilleja	castilleja	castilleja	castilleja	N	N;FEM;SG
litsinger	litsinger	litsinger	litsingere	N	N;MASC
fishbase	fishbase	fishbase	fishbase	N	N;FEM;SG
pine	pino	pine	pino	N	N;MASC;SG
pine	pine	pine	pina	N	N
mol	moli	mol	molo	N	N;FEM;PL
mol	talpe	mol	talpa	N	N;FEM;PL
barbus	barbus	barbus	barbus	N	N;MASC
jičín	jičín	jičín	jičín	N	N;MASC;SG
trút	versare	trút	versare	V	V;NFIN
trút	versando	trút	versare	V	V;V.MSDR
anatolia	anatolia	anatolia	anatolia	N	N;FEM;SG
midlands	midlands	midlands	midlands	N	N;FEM
cardiff	cardiff	cardiff	cardiff	N	N;MASC;PL
kerr	kerr	kerr	kerr	N	N;FEM;SG
vaccinium	vaccinium	vaccinium	vaccinium	N	N;MASC
indo	indo	indo	indo	N	N;MASC;SG
chat	chat	chat	chat	N	N;FEM;SG
zen	zen	zen	zeno	N	N;MASC;SG
derek	derek	derek	derek	N	N;MASC;SG
belgrade	volgograd	belgrade	volgograd	N	N;MASC;SG
belgrade	belgrado	belgrade	belgrado	N	N;MASC;SG
teresa	teresa	teresa	teresa	N	N;FEM;SG
đuốc	torce	đuốc	torce	N	N;FEM;PL
đuốc	torcia	đuốc	torcia	N	N;FEM;SG
jeremy	jeremy	jeremy	jeremy	N	N;MASC;SG
nakamura	nakamura	nakamura	nakamura	N	N;MASC;SG
vision	visione	vision	visione	N	N;FEM;SG
vision	vision	vision	vision	N	N
manning	manning	manning	manning	N	N;MASC;SG
mận	prugna	mận	prugna	N	N;FEM;SG
mận	prugne	mận	prugno	N	N;FEM;PL
mận	prugna	mận	prugna	N	N;FEM;SG
mận	prugne	mận	prugno	N	N;FEM;PL
nách	ascella	nách	ascellare	N	N;FEM;SG
nách	ascelle	nách	ascellare	N	N;FEM;PL
nách	ascelle	nách	ascellare	N	N;FEM;PL
elvis	elvis	elvis	elvis	N	N;MASC
hesse	assia	hesse	assia	N	N;FEM;SG
xốp	schiuma	xốp	schiuma	N	N;FEM;SG
ilyushin	ilyushin	ilyushin	ilyushin	N	N;MASC
lisbon	lisbona	lisbon	lisbonare	N	N;FEM;SG
reggio	reggio	reggio	reggio	N	N;MASC;SG
hyderabad	hyderabad	hyderabad	hyderabad	N	N;MASC
paramount	paramount	paramount	paramount	N	N;MASC;SG
benton	benton	benton	benton	N	N;MASC;SG
hít	respirare	hít	respirare	V	V;NFIN
hít	respira	hít	respirare	V	V;IND;SG;3;PRS;FIN
continental	continental	continental	continentale	N	N;SG
continental	continentali	continental	continentale	N	N;PL
nexus	nexus	nexus	nexus	N	N;MASC
magiê	magnesio	magiê	magnesio	N	N;MASC;SG
kabul	kabul	kabul	kabul	N	N
pre	pre	pre	pre	N	N;MASC
preston	preston	preston	preston	N	N;MASC;SG
phraya	phraya	phraya	phraya	N	N;MASC;SG
ulithi	ulithi	ulithi	ulito	N	N;MASC;PL
luca	luca	luca	luca	N	N;MASC;SG
saitama	saitama	saitama	saitama	N	N;FEM;SG
brabant	brabante	brabant	brabante	N	N;SG
cave	grotta	cave	grotta	N	N;FEM;SG
cave	cave	cave	cava	N	N;FEM;PL
cave	caverna	cave	caverna	N	N;FEM;SG
lille	lilla	lille	lilla	N	N;FEM;SG
lille	lille	lille	lille	N	N;MASC;SG
splendens	splendens	splendens	splendens	N	N;SG
gustave	gustave	gustave	gustavo	N	N;MASC;SG
wembley	wembley	wembley	wembley	N	N;MASC
mustang	mustang	mustang	mustang	N	N;FEM;SG
wwf	wwf	wwf	wwf	N	N;MASC
vulgaris	vulgaris	vulgaris	vulgaris	N	N;MASC
ballet	balletti	ballet	balletto	N	N;MASC;PL
ballet	balletto	ballet	balletto	N	N;MASC;SG
bali	bali	bali	bale	N	N;MASC
click	clicca	click	cliccare	V	V;IMP;SG;2;PRS;FIN
habana	habana	habana	habana	N	N;FEM;SG
baldwin	baldwin	baldwin	baldwin	N	N;MASC
glauca	glauca	glauca	glauco	N	N;FEM;SG
gomez	gomez	gomez	gomez	N	N;SG
gomez	gómez	gomez	gómez	N	N;SG
diva	diva	diva	diva	N	N;FEM;SG
vogel	vogel	vogel	vogel	N	N;MASC;SG
exo	exo	exo	exo	N	N
aquila	aquila	aquila	aquila	N	N;FEM;SG
apache	apache	apache	apaco	N	N;MASC
swaziland	swaziland	swaziland	swaziland	N	N;MASC;SG
ngất	svenuto	ngất	svenire	V	V;MASC;SG;PST;V.PTCP
ngất	svenuta	ngất	svenuto	V	V;FEM;SG;PST;V.PTCP
dem	dem	dem	dem	N	N;MASC;SG
mnet	mnet	mnet	mnet	N	N
angels	angeli	angels	angelo	N	N;MASC;PL
cincinnati	cincinnati	cincinnati	cincinnare	N	N;MASC;PL
jalisco	jalisco	jalisco	jalisco	N	N;MASC;SG
linden	linden	linden	lindeno	N	N;MASC;SG
linden	tiglio	linden	tiglio	N	N;MASC;SG
albion	albion	albion	albion	N	N;MASC;SG
wade	wade	wade	wade	N	N;MASC;SG
pixar	pixar	pixar	pixare	N	N;MASC
kohl	kohl	kohl	kohl	N	N;MASC
quincy	quincy	quincy	quincy	N	N;MASC;SG
fury	furia	fury	furia	N	N;FEM;SG
fury	fury	fury	fury	N	N
fury	furore	fury	furore	N	N;MASC;SG
maculatus	maculatus	maculatus	maculatus	N	N;MASC
oahu	oahu	oahu	oahu	N	N;MASC;PL
gil	gil	gil	gil	N	N;MASC;SG
cabo	cabo	cabo	cabo	N	N;MASC;PL
jolie	jolie	jolie	jolie	N	N;FEM;SG
rehder	rehder	rehder	rehdere		
kota	kota	kota	kota	N	N;MASC;SG
bauhinia	bauhinia	bauhinia	bauhinia	N	N;FEM;SG
alessandro	alessandro	alessandro	alessandro	N	N;MASC;SG
log	registro	log	registro	N	N;MASC;SG
log	log	log	log	N	N;MASC
parms	parms	parms	parms		
springer	springer	springer	springere	N	N
barnard	barnard	barnard	barnard	N	N;MASC
sabre	sciabola	sabre	sciabolare	N	N;FEM;SG
sabre	sabre	sabre	sabre	N	N;MASC
thebes	tebe	thebes	teba	N	N;FEM;SG
claudius	claudio	claudius	claudio	N	N;MASC;SG
guillaumin	guillaumin	guillaumin	guillaumin	N	N;MASC;PL
plasma	plasma	plasma	plasma	N	N;MASC
nathan	nathan	nathan	nathan	N	N;SG
taekwondo	taekwondo	taekwondo	taekwondo	N	N;MASC
shinsengumi	shinsengumi	shinsengumi	shinsengume	N	N;MASC
yangon	yangon	yangon	yangon	N	N;MASC;SG
strike	strike	strike	strike	N	N;MASC
strike	sciopero	strike	sciopero	N	N;MASC;SG
bucharest	bucarest	bucharest	bucarest	N	N;MASC;SG
konstantinos	costantino	konstantinos	costantino	N	N;MASC;SG
int	int	int	int	N	N
lufthansa	lufthansa	lufthansa	lufthansa	N	N;MASC
connor	connor	connor	connor	N	N
dynamo	dinamo	dynamo	dinare	N	N;MASC;SG
harrier	harrier	harrier	harrier	N	N;MASC
ôliu	olive	ôliu	oliva	N	N;FEM;PL
ôliu	olivo	ôliu	olivo	N	N;MASC;SG
ôliu	oliva	ôliu	oliva	N	N;FEM;SG
ôliu	olive	ôliu	oliva	N	N;FEM;PL
nola	nola	nola	nola	N	N;FEM;SG
shakira	shakira	shakira	shakira	N	N;FEM;SG
sứa	medusa	sứa	meduso	N	N;FEM;SG
sứa	meduse	sứa	meduso	N	N;FEM;PL
benoit	benoit	benoit	benoit	N	N;MASC;SG
richland	richland	richland	richland	N	N;MASC;PL
atlantique	atlantique	atlantique	atlantique	N	N;MASC
cromwell	cromwell	cromwell	cromwell	N	N;MASC
queens	regine	queens	regine	N	N;FEM;PL
cello	violoncello	cello	violoncello	N	N;MASC;SG
robertson	robertson	robertson	robertson	N	N;MASC;SG
rán	frittura	rán	frittura	N	N;FEM;SG
rán	fry	rán	fry	N	N;MASC;SG
quầy	chef	quầy	chef	N	N
quầy	cuoco	quầy	cuoco	N	N;MASC;SG
hae	hae	hae	avere	N	N
dracula	dracula	dracula	dracula	N	N;SG
metropolitan	metropolitan	metropolitan	metropolitan	N	N;FEM;SG
vendée	vandea	vendée	vandea	N	N;FEM;SG
tonga	tonga	tonga	tonga	N	N;FEM;SG
andaman	andamane	andaman	andamana	N	N;FEM;PL
pass	orologio	pass	orologio	N	N;MASC;SG
pass	passo	pass	passo	N	N;MASC;SG
pass	pass	pass	pass	N	N;MASC
baja	baja	baja	baja	N	N;FEM;SG
dam	dam	dam	dam	N	N;MASC;SG
dam	diga	dam	diga	N	N;FEM;SG
canyon	canyon	canyon	canyon	N	N;MASC
malacca	malacca	malacca	malacca	N	N;FEM;SG
walther	walther	walther	walther	N	N;MASC;SG
christie	christie	christie	christia	N	N;FEM;PL
chấu	cavallette	chấu	cavalletta	N	N;FEM;PL
chấu	locuste	chấu	locusta	N	N;FEM;PL
marlborough	marlborough	marlborough	marlborough	N	N;MASC;SG
fleet	flotta	fleet	flotta	N	N;FEM;SG
fleet	flotte	fleet	flotta	N	N;FEM;PL
tours	tour	tours	tour	N	N;MASC
tours	tours	tours	tours	N	N
calanthe	calanthe	calanthe	calanthe		
macquart	macquart	macquart	macquart	N	N;MASC
canadensis	canadensis	canadensis	canadensis	N	N;MASC
maldives	maldive	maldives	maldiva	N	N;FEM;PL
castellón	castellón	castellón	castellón	N	N;FEM;SG
javier	javier	javier	javier	N	N;MASC;SG
rollins	rollins	rollins	rollins	N	N;MASC
rollins	rawlins	rollins	rawlins	N	N;MASC
antwerp	anversa	antwerp	anversare	N	N;MASC;SG
sevastopol	sebastopoli	sevastopol	sebastopoli	N	N;FEM;SG
jeju	jeju	jeju	jeju	N	N;MASC
diếp	lattuga	diếp	lattuga	N	N;FEM;SG
lesotho	lesotho	lesotho	lesotho	N	N;MASC;SG
ultra	ultra	ultra	ultra	N	N
arcade	arcade	arcade	arcadere	N	N
kolkata	kolkata	kolkata	kolkata	N	N;FEM;SG
reef	scogliera	reef	scogliera	N	N;FEM;SG
reef	reef	reef	reef	N	N;MASC
wasp	vespa	wasp	vespa	N	N;FEM;SG
boong	mazzi	boong	mazzo	N	N;MASC;PL
boong	ponti	boong	ponte	N	N;MASC;PL
boong	ponte	boong	ponte	N	N;MASC;SG
pratt	pratt	pratt	pratt	N	N;SG
andalusia	andalusia	andalusia	andalusia	N	N;FEM;SG
lindau	lindau	lindau	lindau	N	N;FEM;SG
kawasaki	kawasaki	kawasaki	kawasaki	N	N;MASC
bactria	battria	bactria	battria	N	N;FEM;SG
amanda	amanda	amanda	amanda	N	N;FEM;SG
goethe	goethe	goethe	goeta	N	N;MASC;SG
cnn	cnn	cnn	cnn	N	N;FEM
guillaume	guillaume	guillaume	guillaume	N	N;FEM;SG
cúi	piegare	cúi	piegare	V	V;NFIN
cúi	piegati	cúi	piegare	V	V;MASC;PL;PST;V.PTCP
kant	kant	kant	kant	N	N;MASC;SG
japonicus	japonicus	japonicus	japonicus	N	N;MASC;SG
granit	granit	granit	granit	N	N;MASC
nhấp	cliccato	nhấp	cliccare	V	V;MASC;SG;PST;V.PTCP
nhấp	clicca	nhấp	cliccare	V	V;IMP;SG;2;PRS;FIN
birdlife	birdlife	birdlife	birdlife	N	N;MASC
gaius	gaio	gaius	gaio	N	N;MASC;SG
antilles	antille	antilles	antille	N	N;FEM;PL
seki	seki	seki	sekio	N	N;MASC
ekaterina	ekaterina	ekaterina	ekaterina	N	N;FEM;SG
populus	populus	populus	populus	N	N;MASC;SG
shark	shark	shark	shark	N	N;MASC
shark	squalo	shark	squalo	N	N;MASC;SG
shark	squali	shark	squale	N	N;MASC;PL
flagstaff	flagstaff	flagstaff	flagstaff	N	N;MASC;PL
ein	ein	ein	ein	N	N;MASC;SG
sếu	gru	sếu	gru	N	N;FEM;PL
sếu	crane	sếu	crana	N	N;MASC
sếu	gru	sếu	gru	N	N;FEM;PL
mandela	mandela	mandela	mandela	N	N;MASC;SG
burret	burret	burret	burret		
asm	asm	asm	asm	N	N
xiếc	circus	xiếc	circus	N	N;MASC
xiếc	circo	xiếc	circo	N	N;MASC;SG
gigas	gigas	gigas	gigas	N	N;MASC;SG
dae	dae	dae	da	N	N
erwin	erwin	erwin	erwin	N	N;MASC
belfast	belfast	belfast	belfast	N	N;MASC
linn	linn	linn	linn	N	N
joy	allegria	joy	allegria	N	N;FEM;SG
joy	gioia	joy	gioia	N	N;FEM;SG
verdun	verdun	verdun	verduno	N	N;MASC;SG
macau	macao	macau	macao	N	N;MASC;SG
bryansk	brjansk	bryansk	brjansk	N	N;MASC;SG
jasper	gaspare	jasper	gaspare	N	N;MASC;SG
jasper	jasper	jasper	jasper	N	N;MASC;SG
nba	nba	nba	nboco	N	N;FEM
plata	plata	plata	plata	N	N;FEM;SG
phở	pho	phở	pho	N	N;MASC
trafford	trafford	trafford	trafford	N	N;MASC
emirates	emirates	emirates	emirates	N	N;FEM
terme	terme	terme	terma	N	N;FEM;SG
swiss	swiss	swiss	swiss	N	N
swiss	svizzeri	swiss	svizzero	N	N;MASC;PL
chin	chin	chin	chin	N	N;SG
chin	mento	chin	mento	N	N;MASC;SG
clemson	clemson	clemson	clemson	N	N;MASC;SG
ahn	ivanov	ahn	ivanov	N	N;MASC;SG
dĩa	placca	dĩa	placca	N	N;FEM;SG
dĩa	piastra	dĩa	piastra	N	N;FEM;SG
dĩa	piatto	dĩa	piatto	N	N;MASC;SG
valenciennes	valenciennes	valenciennes	valenciennes	N	N;FEM;SG
muang	muang	muang	muang	N	N;MASC;SG
rna	rna	rna	rna	N	N;MASC
khoe	spettacoli	khoe	spettacolo	N	N;MASC;PL
maha	maha	maha	maha	N	N;MASC
usda	usda	usda	usdo	N	N;MASC
tyson	tyson	tyson	tyson	N	N;MASC;SG
sonic	sonic	sonic	sonic	N	N
johor	johor	johor	johor	N	N
dượng	vernon	dượng	vernon	N	N;MASC;SG
dượng	patrigno	dượng	patrigno	N	N;MASC;SG
javascript	javascript	javascript	javascript	N	N;MASC;SG
mercedes	mercedes	mercedes	mercedes	N	N;FEM
sigma	sigma	sigma	sigma	N	N
ubuntu	ubuntu	ubuntu	ubuntu	N	N;MASC
tallinn	tallinn	tallinn	tallinn	N	N;MASC;PL
sparrow	passero	sparrow	passero	N	N;MASC;SG
sparrow	passerotto	sparrow	passerotto	N	N;MASC;SG
sparrow	sparrow	sparrow	sparrow	N	N;MASC;SG
banh	pallone	banh	pallone	N	N;MASC;SG
banh	pallina	banh	pallina	N	N;FEM;SG
banh	palla	banh	palla	N	N;FEM;SG
yucatán	yucatan	yucatán	yucatan	N	N;FEM;SG
yucatán	yucatán	yucatán	yucatán	N	N;MASC;SG
wakayama	wakayama	wakayama	wakayama	N	N;MASC
wii	wii	wii	wii	N	N;MASC
amazonas	amazonas	amazonas	amazonas	N	N;MASC;SG
almería	almería	almería	almergere	N	N;FEM;SG
ponte	ponte	ponte	ponte	N	N;MASC;SG
martínez	martinez	martínez	martinez	N	N;FEM;SG
martínez	martínez	martínez	martínez	N	N;FEM;SG
thames	tamigi	thames	tamigo	N	N;MASC;SG
guadeloupe	guadalupa	guadeloupe	guadalupa	N	N;FEM;SG
cumberland	cumberland	cumberland	cumberlare	N	N;FEM;SG
mụn	acne	mụn	acne	N	N;FEM;SG
mustafa	mustafa	mustafa	mustafa	N	N;MASC;SG
romero	romero	romero	romero	N	N;MASC;SG
messerschmitt	messerschmitt	messerschmitt	messerschmitt	N	N;MASC;PL
cardamine	cardamine	cardamine	cardamine	N	N;FEM;SG
saladin	saladino	saladin	saladino	N	N;MASC;SG
nigrescens	nigrescens	nigrescens	nigrescens	N	N;FEM;SG
asturias	asturie	asturias	asturia	N	N;FEM;PL
weimar	weimar	weimar	weimar	N	N;MASC
seydlitz	seydlitz	seydlitz	seydlitz	N	N;FEM;SG
gauss	gauss	gauss	gauss	N	N;MASC
sakhalin	sakhalin	sakhalin	sakhalin	N	N;MASC
banner	percorsi	banner	percorso	N	N;MASC;PL
banner	tracciati	banner	tracciato	N	N;MASC;PL
banner	sentieri	banner	sentiero	N	N;MASC;PL
banner	striscione	banner	striscione	N	N;MASC;SG
banner	banner	banner	banner	N	N;MASC;SG
banner	stendardo	banner	stendardo	N	N;MASC;SG
pallas	pallante	pallas	pallante	N	N;SG
wikidata	wikidata	wikidata	wikidata	N	N;FEM;SG
pao	libbre	pao	libbro	N	N;FEM;PL
pao	pao	pao	pao	N	N;MASC;SG
tơi	correzioni	tơi	correzione	N	N;FEM;PL
mindanao	mindanao	mindanao	mindanao	N	N;FEM;SG
maru	maru	maru	maru	N	N;MASC
mallinella	mallinella	mallinella	mallinella	N	N;FEM;SG
hessen	assia	hessen	assia	N	N;FEM;SG
hindi	hindi	hindi	hinde	N	N;MASC
tango	tango	tango	tangare	N	N;MASC;SG
empires	imperi	empires	imperare	N	N;MASC;PL
jesse	jesse	jesse	jesse	N	N;FEM;SG
walsh	walsh	walsh	walsh	N	N;MASC
adrian	adrian	adrian	adrian	N	N;FEM;SG
prescott	prescott	prescott	prescott	N	N;FEM;PL
albrecht	albrecht	albrecht	albrecht	N	N;MASC;SG
marsh	marsh	marsh	marsh	N	N;MASC
marsh	palude	marsh	paludere	N	N;FEM;SG
govaerts	govaerts	govaerts	govaerts		
suwon	suwon	suwon	suwon	N	N;MASC;SG
coldplay	coldplay	coldplay	coldplay	N	N;MASC;PL
kwon	kwon	kwon	kwon	N	N
yamaguchi	yamaguchi	yamaguchi	yamaguchi	N	N;MASC;PL
brit	britt	brit	britt	N	N;MASC;SG
brit	brit	brit	brit	N	N
bờm	criniera	bờm	criniera	N	N;FEM;SG
bờm	mane	bờm	mane	N	N;SG
phẩy	virgola	phẩy	virgolare	N	N;FEM;SG
zeno	zeno	zeno	zeno	N	N;FEM;SG
mussolini	mussolini	mussolini	mussolino	N	N;MASC;PL
amazing	amazing	amazing	amazing	N	N
nhờn	unto	nhờn	unto	N	N;MASC;SG
joshua	joshua	joshua	joshua	N	N;MASC;SG
demetrios	demetrio	demetrios	demetrio	N	N;MASC;SG
nhk	nhk	nhk	nhk	N	N;FEM;SG
montevideo	montevideo	montevideo	montevideo	N	N;FEM;SG
neon	neon	neon	neon	N	N;MASC
hoon	hoon	hoon	hoon	N	N
richter	richter	richter	richter	N	N;MASC;SG
gamble	azzardo	gamble	azzardo	N	N;MASC;SG
gamble	gamble	gamble	gamble	N	N;FEM;SG
shiki	shiki	shiki	shiki	N	N;MASC
kurd	curdi	kurd	curdo	N	N;MASC;PL
mercer	mercer	mercer	mercer	N	N;MASC
bethlehem	betlemme	bethlehem	betlemma	N	N;FEM;SG
bolt	bolt	bolt	bolt	N	N;MASC
bolt	bullone	bolt	bullone	N	N;MASC;SG
sidi	sidi	sidi	sido	N	N
mainz	magonza	mainz	magonza	N	N;FEM;SG
moure	moure	moure	moure		
imf	fmi	imf	fmi	N	N;MASC;SG
lactuca	lactuca	lactuca	lactuca	N	N;FEM;SG
mickey	topolino	mickey	topolino	N	N;MASC;SG
mickey	mickey	mickey	mickey	N	N;MASC
grenada	grenada	grenada	grenada	N	N;FEM;SG
antigua	antigua	antigua	antiguare	N	N;FEM;SG
claudia	claudia	claudia	claudia	N	N;FEM;SG
aung	aung	aung	aung	N	N;FEM;SG
dynamics	dinamiche	dynamics	dinamica	N	N;FEM;PL
disa	disa	disa	disa	N	N;SG
stoke	stoke	stoke	stoke	N	N;MASC
baku	baku	baku	baku	N	N;FEM;SG
eduardo	eduardo	eduardo	eduardo	N	N;MASC;SG
quăng	butta	quăng	butto	V	V;IND;SG;3;PRS;FIN
yen	yen	yen	yen	N	N;MASC
werder	werder	werder	werder	N	N;MASC
seal	foca	seal	foca	N	N;FEM;SG
seal	sigillo	seal	sigillo	N	N;MASC;SG
seal	seal	seal	seal	N	N
albany	albany	albany	albany	N	N;MASC
achaea	acaia	achaea	acaia	N	N;FEM;SG
bloch	bloch	bloch	bloch	N	N;MASC
albacete	albacete	albacete	albacete	N	N;FEM;SG
blade	blade	blade	bladere	N	N
blade	lama	blade	lama	N	N;FEM;SG
gundam	gundam	gundam	gundam	N	N;MASC
mat	cibo	mat	cibo	N	N;MASC;SG
mat	zerbino	mat	zerbino	N	N;MASC;SG
mat	mat	mat	mat	N	N
mat	tappetino	mat	tappetino	N	N;MASC;SG
nuevo	nuevo	nuevo	nuevo	N	N;MASC;SG
disco	discoteca	disco	discoteca	N	N;FEM;SG
disco	disco	disco	disco	N	N;MASC;SG
rufa	rufa	rufa	rufa	N	N;FEM;SG
heinkel	heinkel	heinkel	heinkel	N	N
penny	penny	penny	penny	N	N;MASC
shadab	shadab	shadab	shadab	N	N;MASC;SG
quýt	mandarino	quýt	mandarino	N	N;MASC;SG
quýt	mandarino	quýt	mandarino	N	N;MASC;SG
minamoto	minamoto	minamoto	minamoto	N	N;MASC;SG
node	nodo	node	nodo	N	N;MASC;SG
node	nodi	node	nodo	N	N;MASC;PL
tiberius	tiberio	tiberius	tiberio	N	N;MASC;SG
ming	ming	ming	ming	N	N;MASC
engels	engels	engels	engels	N	N;MASC;SG
lynn	lynn	lynn	lynn	N	N;SG
durham	durham	durham	durham	N	N;FEM;SG
chae	chae	chae	chae	N	N;SG
chong	chong	chong	chong	N	N;SG
hót	canto	hót	canto	N	N;MASC;SG
coloma	coloma	coloma	coloma	N	N;FEM;SG
thor	thor	thor	thor	N	N;MASC;SG
sandbox	sandbox	sandbox	sandbox	N	N;MASC
padova	padova	padova	padova	N	N;FEM;SG
incertae	incertae	incertae	incerta	N	N;MASC
dwight	dwight	dwight	dwight	N	N;MASC
comoros	comore	comoros	comore	N	N;FEM;PL
palustris	palustris	palustris	palustris	N	N
blücher	blücher	blücher	blücher	N	N;FEM;PL
pauly	pauly	pauly	pauly	N	N;MASC
xòe	tutu	xòe	tutu	N	N;MASC;SG
fao	fao	fao	fao	N	N;MASC;SG
khuấy	mescolare	khuấy	mescolare	V	V;NFIN
emil	emil	emil	emil	N	N;MASC;SG
klaus	klaus	klaus	klaus	N	N;MASC;SG
gorbachev	gorbaciov	gorbachev	gorbaciov	N	N;MASC;SG
resort	resort	resort	resort	N	N;MASC
corinna	corinna	corinna	corinna	N	N;FEM;SG
pers	pers	pers	pers	N	N
samar	samar	samar	samar	N	N;FEM;SG
taira	taira	taira	taira	N	N;MASC;SG
castel	castel	castel	castel	N	N;MASC;SG
bmw	bmw	bmw	bmw	N	N
kahn	kahn	kahn	kahn	N	N;MASC
toro	toro	toro	toro	N	N;MASC;SG
fpt	fpt	fpt	fpt	N	N
allmusic	allmusic	allmusic	allmusic	N	N;MASC
chihuahua	chihuahua	chihuahua	chihuahua	N	N;MASC;SG
ancona	ancona	ancona	ancona	N	N;FEM;SG
descartes	descartes	descartes	descartes	N	N;FEM;SG
tran	tran	tran	tran	N	N;MASC
madeira	madera	madeira	madera	N	N;FEM;SG
madeira	madeira	madeira	madeira	N	N;FEM;SG
micro	micro	micro	micro	N	N;MASC
micro	microfono	micro	microfono	N	N;MASC;SG
micro	microfoni	micro	microfono	N	N;MASC;PL
thìa	cucchiai	thìa	cucchiaio	N	N;MASC;PL
thìa	cucchiaio	thìa	cucchiaio	N	N;MASC;SG
thìa	cucchiaino	thìa	cucchiaino	N	N;MASC;SG
blanc	blanc	blanc	blanc	N	N;MASC;SG
medici	medici	medici	medico	N	N;MASC;PL
gien	geni	gien	gene	N	N;MASC;PL
gien	gene	gien	gene	N	N;MASC
cornwall	cornovaglia	cornwall	cornovaglia	N	N;FEM;SG
uae	uae	uae	ua	N	N;MASC
scharnhorst	scharnhorst	scharnhorst	scharnhorst	N	N;MASC
bains	bains	bains	bains	N	N;MASC
marche	marche	marche	marca	N	N;FEM;PL
bremer	bremer	bremer	bremer	N	N;MASC
hormone	ormone	hormone	ormone	N	N;MASC;SG
hormone	ormoni	hormone	ormone	N	N;MASC;PL
hormone	ormoni	hormone	ormone	N	N;MASC;PL
kan	kan	kan	kan	N	N;MASC;SG
beirut	beirut	beirut	beirut	N	N;MASC
hahn	hahn	hahn	hahn	N	N;MASC
dot	puntini	dot	puntino	N	N;MASC;PL
dot	dot	dot	dot	N	N
andersson	andersson	andersson	andersson	N	N;MASC
elip	ellisse	elip	ellisso	N	N;FEM;SG
lafayette	lafayette	lafayette	lafayette	N	N;FEM;PL
willem	willem	willem	willem	N	N;MASC;SG
tatar	tartaro	tatar	tartaro	N	N;MASC;SG
boom	bang	boom	bang	N	N
boom	boom	boom	boom	N	N;MASC
reo	dubitare	reo	dubitare	V	V;NFIN
reo	dubita	reo	dubitare	V	V;IND;SG;3;PRS;FIN
khun	khun	khun	khun	N	N;MASC;SG
fiction	fantascienza	fiction	fantascienza	N	N;FEM;SG
fiction	fiction	fiction	fiction	N	N;FEM
fiction	finzione	fiction	finzione	N	N;FEM;SG
fiction	narrativa	fiction	narrativa	N	N;FEM;SG
musashi	musashi	musashi	musashi	N	N;MASC;SG
pluto	plutone	pluto	plutone	N	N;MASC;SG
adobe	adobe	adobe	adobe	N	N
shizuka	shizuka	shizuka	shizukare	N	N;FEM;SG
vermont	vermont	vermont	vermont	N	N;MASC;SG
sụn	cartilagine	sụn	cartilagine	N	N;FEM;SG
kato	kato	kato	kato	N	N;MASC;SG
thrace	tracia	thrace	tracia	N	N;FEM;SG
anders	anders	anders	anders	N	N;MASC
bouchet	bouchet	bouchet	bouchet	N	N;FEM;SG
dianthus	dianthus	dianthus	dianthus	N	N;MASC
khalip	califfo	khalip	califfo	N	N;MASC;SG
antiochos	antioco	antiochos	antioco	N	N;MASC;SG
schalke	schalke	schalke	schalka	N	N;MASC
kyushu	kyushu	kyushu	kyushu	N	N;MASC
cremona	cremona	cremona	cremona	N	N;FEM;SG
handel	handel	handel	handel	N	N
piston	pistoni	piston	pistone	N	N;MASC;PL
piston	pistoni	piston	pistone	N	N;MASC;PL
piston	pistone	piston	pistone	N	N;MASC;SG
cattleya	cattleya	cattleya	cattleya	N	N;FEM
lange	lange	lange	langia	N	N;MASC;SG
liti	litio	liti	litio	N	N;MASC;SG
mehmed	mehmet	mehmed	mehmet	N	N;MASC
mehmed	mehmed	mehmed	mehmed	N	N;MASC
mehmed	maometto	mehmed	maometto	N	N;MASC;SG
cayman	calgary	cayman	calgary	N	N;MASC;SG
cayman	cayman	cayman	cayman	N	N;FEM;PL
summit	summit	summit	summit	N	N;MASC
summit	vertice	summit	vertice	N	N;MASC;SG
martinique	martinica	martinique	martinico	N	N;FEM;SG
wanda	wanda	wanda	wanda	N	N;FEM;SG
saxophone	sassofono	saxophone	sassofono	N	N;MASC;SG
baghdad	baghdad	baghdad	baghdad	N	N;FEM;SG
baghdad	bagdad	baghdad	bagdad	N	N;FEM;SG
haas	haas	haas	haas	N	N;MASC
ryukyu	ryukyu	ryukyu	ryukyu	N	N;FEM;PL
tolstoy	tolstoj	tolstoy	tolstoj	N	N;MASC;SG
palawan	palawan	palawan	palawan	N	N;MASC;SG
jupiter	jupiter	jupiter	jupiter	N	N;SG
jupiter	giove	jupiter	giove	N	N;MASC;SG
alfonso	alfonso	alfonso	alfonso	N	N;MASC;SG
proxy	proxy	proxy	proxy	N	N;MASC
djibouti	gibuti	djibouti	gibuto	N	N;MASC
hattori	hattori	hattori	hattore	N	N;MASC;SG
musa	musa	musa	musa	N	N;FEM;SG
acta	acta	acta	acto	N	N
marcello	marcello	marcello	marcello	N	N;MASC;SG
encyclia	encyclia	encyclia	encyclia	N	N;FEM;SG
shogakukan	shogakukan	shogakukan	shogakukan	N	N;MASC
norodom	norodom	norodom	norodom	N	N;MASC;SG
funk	funk	funk	funk	N	N;MASC
jharkhand	jharkhand	jharkhand	jharkhand	N	N;MASC
zanzibar	zanzibar	zanzibar	zanzibare	N	N;MASC
dmitry	dmitrij	dmitry	dmitrijb	N	N;MASC;SG
dmitry	dmitry	dmitry	dmitry	N	N;MASC;SG
apiaceae	apiaceae	apiaceae	apiaceaere	N	N;FEM;SG
cowan	cowan	cowan	cowan	N	N;MASC;SG
