messier	messier	messier	messier	N	N;MASC;SG
dreams	reves	dreams	rever	N	N;MASC;PL
dreams	rêve	dreams	rêve	N	N;MASC;SG
dreams	dreams	dreams	dream	N	N;MASC;PL
dreams	rêves	dreams	rêve	N	N;MASC;PL
nôi	berceau	nôi	berceau	N	N;MASC;SG
suez	suez	suez	suez	N	N;MASC;SG
federer	federer	federer	federer	N	N;MASC;SG
bofors	bofors	bofors	bofors	N	N;MASC;SG
vụng	maladroite	vụng	maladroite	ADJ	ADJ;FEM;SG
vụng	maladroit	vụng	maladroit	ADJ	ADJ;MASC;SG
dãi	baver	dãi	baver	V	V;NFIN
zombie	zombie	zombie	zombie	N	N;MASC;SG
zombie	zombies	zombie	zombies	N	N;MASC;PL
mẩu	arche	mẩu	arche	N	N;FEM;SG
mẩu	feuille	mẩu	feuille	N	N;FEM;SG
mẩu	drap	mẩu	drap	N	N;MASC;SG
mẩu	feuillet	mẩu	feuillet	N	N;MASC;SG
mẩu	feuilles	mẩu	feuille	N	N;FEM;PL
mẩu	draps	mẩu	drap	N	N;MASC;PL
anglo	anglo	anglo	anglo	N	N;MASC;SG
palm	palme	palm	palme	N	N;FEM;SG
palm	palm	palm	palm	N	N;MASC;SG
palm	paume	palm	paume	N	N;FEM;SG
palm	palmier	palm	palmier	N	N;MASC;SG
montreal	montréal	montreal	montréal	N	N;MASC;SG
root	root	root	root	N	N;MASC;SG
root	racines	root	racine	N	N;FEM;PL
root	racine	root	racine	N	N;FEM;SG
nhổ	crache	nhổ	crache	V	V;IND;SG;3;PRS;FIN
nhổ	cracher	nhổ	cracher	V	V;NFIN
nhổ	crache	nhổ	crache	V	V;IND;SG;3;PRS;FIN
nhổ	craché	nhổ	cracher	V	V;MASC;SG;PST;V.PTCP
nhổ	cracher	nhổ	cracher	V	V;NFIN
argiope	argiope	argiope	argiope	N	N;FEM;SG
citrus	agrumes	citrus	agrume	N	N;MASC;PL
archer	archer	archer	archer	N	N;MASC;SG
brooks	ruisseaux	brooks	ruisseau	N	N;MASC;PL
ferry	ferry	ferry	ferry	N	N;MASC;SG
ferry	traversier	ferry	traversier	N	N;MASC;SG
ferry	traversiers	ferry	traversier	N	N;MASC;PL
lóc	pleurnicher	lóc	pleurnicher	V	V;NFIN
emmanuel	emmanuel	emmanuel	emmanuel	N	N;MASC;SG
cuvier	cuvier	cuvier	cuvier	N	N;MASC;SG
oerlikon	oerlikon	oerlikon	oerlikon	N	N;MASC;SG
curtiss	curtiss	curtiss	curtiss	N	N;MASC;SG
tenerife	ténérife	tenerife	ténérife	N	N;FEM;SG
vữa	mortier	vữa	mortier	N	N;MASC;SG
vữa	mortiers	vữa	mortier	N	N;MASC;PL
giấm	vinaigre	giấm	vinaigre	N	N;MASC;SG
float	flotteurs	float	flotteur	N	N;MASC;PL
float	flotteur	float	flotteur	N	N;MASC;SG
rpg	roquette	rpg	roquette	N	N;FEM;SG
rpg	rpg	rpg	rpg	N	N;MASC;SG
proc	proc	proc	proc	N	N;MASC;SG
compact	pacte	compact	pacte	N	N;MASC;SG
cyprinidae	cyprinidae	cyprinidae	cyprinidae	N	N;MASC;SG
benfica	benfica	benfica	benfica	N	N;MASC;SG
comarca	comarque	comarca	comarque	N	N;FEM;SG
sục	pouvoir	sục	pouvoir	V	V;NFIN
mọng	juteuse	mọng	juteur	ADJ	ADJ;FEM;SG
mọng	juteux	mọng	juteux	ADJ	ADJ;MASC;SG
polo	polo	polo	polo	N	N;MASC;SG
prairie	prairie	prairie	prairie	N	N;FEM;SG
prairie	prairies	prairie	prairie	N	N;FEM;PL
loét	plaies	loét	plaie	N	N;FEM;PL
loét	ulcères	loét	ulcére	N	N;MASC;PL
loét	ulcère	loét	ulcère	N	N;MASC;SG
loét	ulcère	loét	ulcère	N	N;MASC;SG
loét	ulcères	loét	ulcére	N	N;MASC;PL
siemens	siemens	siemens	siemens	N	N;MASC;SG
vừng	sésame	vừng	sésame	N	N;MASC;SG
mcdonald	mcdonald	mcdonald	mcdonald	N	N;MASC;SG
mượt	lisses	mượt	lisse	ADJ	ADJ;MASC;PL
mượt	lisse	mượt	lisse	ADJ	ADJ;FEM;SG
chad	tchad	chad	tchad	N	N;MASC;SG
proceedings	procédures	proceedings	procédure	N	N;FEM;PL
fishbase	fishbase	fishbase	fishbase	N	N;MASC;SG
sấy	sécher	sấy	sécher	V	V;NFIN
pine	pine	pine	pine	N	N;FEM;SG
pine	pin	pine	pin	N	N;MASC;SG
mol	taupes	mol	taupe	N	N;FEM;PL
barbus	barbus	barbus	barbus	N	N;MASC;PL
trút	verser	trút	verser	V	V;NFIN
chat	discussion	chat	discussion	N	N;FEM;SG
chat	causerie	chat	causerie	N	N;FEM;SG
chat	bavardage	chat	bavardage	N	N;MASC;SG
chat	chat	chat	chat	N	N;MASC;SG
teresa	thérèse	teresa	thérèse	N	N;FEM;SG
đuốc	torches	đuốc	torche	N	N;FEM;PL
đuốc	torche	đuốc	torche	N	N;FEM;SG
đuốc	chalumeau	đuốc	chalumeau	N	N;MASC;SG
đuốc	flambeau	đuốc	flambeau	N	N;MASC;SG
vision	vision	vision	vision	N	N;FEM;SG
mận	prunes	mận	prune	N	N;FEM;PL
mận	pruneaux	mận	pruneau	N	N;MASC;PL
mận	prunes	mận	prune	N	N;FEM;PL
nách	fosses	nách	fosse	N	N;FEM;PL
nách	aisselles	nách	aisselle	N	N;FEM;PL
nách	aisselle	nách	aisselle	N	N;FEM;SG
nách	aisselles	nách	aisselle	N	N;FEM;PL
xốp	mousses	xốp	mousse	N	N;FEM;PL
xốp	écume	xốp	écumer	N	N;FEM;SG
xốp	mousse	xốp	mousse	N	N;FEM;SG
lisbon	lisbonne	lisbon	lisbonne	N	N;MASC;SG
hít	respire	hít	respirer	V	V;IND;SG;3;PRS;FIN
hít	respirer	hít	respirer	V	V;NFIN
nexus	nexus	nexus	nexu	N	N;MASC;SG
magiê	magnésium	magiê	magnésium	N	N;MASC;SG
pre	pré	pre	pré	N	N;MASC;SG
phraya	phraya	phraya	phraya	N	N;MASC;SG
cave	caverne	cave	caverne	N	N;FEM;SG
cave	grotte	cave	grotte	N	N;FEM;SG
cave	cave	cave	cave	N	N;FEM;SG
lille	lille	lille	lille	N	N;FEM;SG
splendens	splendens	splendens	splenden	N	N;MASC;SG
gustave	gustave	gustave	gustave	N	N;MASC;SG
wembley	wembley	wembley	wembley	N	N;MASC;SG
mustang	mustang	mustang	mustang	N	N;FEM;SG
wwf	wwf	wwf	wwf	N	N;MASC;SG
ballet	ballet	ballet	ballet	N	N;MASC;SG
click	cliquer	click	cliquer	V	V;NFIN
click	cliquez	click	cliquer	V	V;IMP;PL;2;PRS;FIN
click	cliquant	click	cliquer	V	V;PRS;V.PTCP
baldwin	baudouin	baldwin	baudouin	N	N;MASC;SG
diva	diva	diva	diva	N	N;FEM;SG
vogel	vogel	vogel	vogel	N	N;MASC;SG
exo	exo	exo	exo	N	N;MASC;SG
apache	apache	apache	apache	N	N;MASC;SG
apache	apaches	apache	apache	N	N;MASC;PL
swaziland	swaziland	swaziland	swaziland	N	N;MASC;SG
ngất	évanoui	ngất	évanouir	V	V;MASC;SG;PST;V.PTCP
ngất	évanouie	ngất	évanouir	V	V;FEM;SG;PST;V.PTCP
angels	anges	angels	ange	N	N;MASC;PL
angels	angels	angels	angel	N	N;MASC;PL
pixar	pixar	pixar	pixar	N	N;MASC;SG
fury	fury	fury	fury	N	N;MASC;SG
fury	fureur	fury	fureur	N	N;FEM;SG
fury	furie	fury	furie	N	N;FEM;SG
log	bûche	log	bûche	N	N;FEM;SG
sabre	sabre	sabre	sabre	N	N;MASC;SG
thebes	thèbes	thebes	thèbe	N	N;MASC;SG
plasma	plasma	plasma	plasma	N	N;MASC;SG
avro	avro	avro	avro	N	N;MASC;SG
taekwondo	taekwondo	taekwondo	taekwondo	N	N;MASC;SG
calamus	calamus	calamus	calamus	N	N;MASC;SG
strike	strike	strike	strike	N	N;MASC;SG
strike	grève	strike	grève	N	N;FEM;SG
lufthansa	lufthansa	lufthansa	lufthansa	N	N;MASC;PL
dynamo	dynamo	dynamo	dynamo	N	N;MASC;SG
harrier	harrier	harrier	harrier	N	N;MASC;SG
ôliu	olive	ôliu	olive	N	N;FEM;SG
ôliu	olives	ôliu	olive	N	N;FEM;PL
ôliu	olives	ôliu	olive	N	N;FEM;PL
ôliu	oliviers	ôliu	olivier	N	N;MASC;PL
sứa	méduses	sứa	méduse	N	N;FEM;PL
sứa	méduse	sứa	méduse	N	N;FEM;SG
benoit	benoît	benoit	benoît	N	N;MASC;SG
cromwell	cromwell	cromwell	cromwell	N	N;MASC;SG
queens	reines	queens	reine	N	N;FEM;PL
queens	queens	queens	queen	N	N;MASC;SG
cello	violoncelle	cello	violoncelle	N	N;MASC;SG
rán	friture	rán	friture	N	N;FEM;SG
rán	frite	rán	frite	N	N;FEM;SG
quầy	chef	quầy	chef	N	N;MASC;SG
quầy	cuisinier	quầy	cuisinier	N	N;MASC;SG
hae	hae	hae	hae	N	N;MASC;SG
dracula	dracula	dracula	draculer	N	N;MASC;SG
pass	montres	pass	montre	N	N;FEM;PL
pass	pass	pass	pass	N	N;MASC;SG
dam	dam	dam	dam	N	N;MASC;SG
dam	barrage	dam	barrage	N	N;MASC;SG
dam	digue	dam	digue	N	N;FEM;SG
canyon	canyon	canyon	canyon	N	N;MASC;SG
walther	walther	walther	walther	N	N;MASC;SG
chấu	criquets	chấu	criquet	N	N;MASC;PL
chấu	sauterelles	chấu	sauterel	N	N;FEM;PL
fleet	flotte	fleet	flotte	N	N;FEM;SG
tours	circuits	tours	circuit	N	N;MASC;PL
tours	tours	tours	tour	N	N;MASC;PL
tours	visites	tours	visite	N	N;FEM;PL
macquart	macquart	macquart	macquart	N	N;MASC;SG
castellón	castellón	castellón	castellón	N	N;FEM;SG
rollins	rawlins	rollins	rawlin	N	N;MASC;PL
sevastopol	sébastopol	sevastopol	sébastopol	N	N;MASC;SG
diếp	laitues	diếp	laitu	N	N;FEM;PL
diếp	laitue	diếp	laitu	N	N;FEM;SG
lesotho	lesotho	lesotho	lesotho	N	N;MASC;SG
ultra	ultra	ultra	ultra	N	N;MASC;SG
xxx	xxx	xxx	xxx		
arcade	arcades	arcade	arcade	N	N;FEM;PL
arcade	arcade	arcade	arcade	N	N;FEM;SG
reef	récifs	reef	récif	N	N;MASC;PL
reef	récif	reef	récif	N	N;MASC;SG
wasp	guêpes	wasp	guêpe	N	N;FEM;PL
wasp	guêpe	wasp	guêpe	N	N;FEM;SG
boong	platines	boong	platine	N	N;FEM;PL
boong	pont	boong	pont	N	N;MASC;SG
andalusia	andalousie	andalusia	andalousie	N	N;FEM;SG
goethe	goethe	goethe	goethe	N	N;MASC;SG
cúi	plier	cúi	plier	V	V;NFIN
chum	chum	chum	chum	N	N;MASC;SG
granit	granit	granit	granit	N	N;MASC;SG
nhấp	cliqué	nhấp	cliquer	V	V;MASC;SG;PST;V.PTCP
nhấp	cliquer	nhấp	cliquer	V	V;NFIN
nhấp	cliquez	nhấp	cliquer	V	V;IMP;PL;2;PRS;FIN
nhấp	cliquant	nhấp	cliquer	V	V;PRS;V.PTCP
antilles	antilles	antilles	antille	N	N;FEM;PL
shark	requins	shark	requin	N	N;MASC;PL
shark	requin	shark	requin	N	N;MASC;SG
sếu	grues	sếu	grue	N	N;FEM;PL
sếu	robinets	sếu	robinet	N	N;MASC;PL
sếu	grue	sếu	grue	N	N;FEM;SG
sếu	crane	sếu	crane	N	N;MASC;SG
mandela	mandela	mandela	mandela	N	N;MASC;SG
metallica	metallica	metallica	metallica	N	N;MASC;SG
asm	asm	asm	asm	N	N;MASC;SG
xiếc	cirque	xiếc	cirque	N	N;MASC;SG
xiếc	cirques	xiếc	cirque	N	N;MASC;PL
dom	dom	dom	dom	N	N;MASC;SG
gigas	gigas	gigas	gigas	N	N;MASC;SG
joy	joie	joy	joie	N	N;FEM;SG
nba	nba	nba	nba	N	N;MASC;SG
emirates	émirats	emirates	émirat	N	N;MASC;PL
emirates	emirats	emirates	emirat	N	N;MASC;PL
emirates	emirates	emirates	emirate	N	N;MASC;PL
terme	terme	terme	terme	N	N;MASC;SG
swiss	suisses	swiss	suisse	N	N;MASC;PL
chin	menton	chin	menton	N	N;MASC;SG
chin	tchin	chin	tchin	N	N;MASC;SG
dĩa	assiette	dĩa	assiette	N	N;FEM;SG
dĩa	plaque	dĩa	plaque	N	N;FEM;SG
rna	arn	rna	arn	N	N;MASC;SG
khoe	spectacles	khoe	spectacle	N	N;MASC;PL
mercedes	mercedes	mercedes	mercede	N	N;FEM;PL
sigma	sigma	sigma	sigmer	N	N;MASC;SG
ubuntu	ubuntu	ubuntu	ubuntu	N	N;MASC;SG
sparrow	moineau	sparrow	moineau	N	N;MASC;SG
banh	boule	banh	boule	N	N;FEM;SG
banh	balle	banh	balle	N	N;FEM;SG
banh	ballon	banh	ballon	N	N;MASC;SG
yucatán	yucatan	yucatán	yucatan	N	N;MASC;SG
wii	wii	wii	wii	N	N;FEM;SG
thames	tamise	thames	tamise	N	N;FEM;SG
guadeloupe	guadeloupe	guadeloupe	guadeloupe	N	N;FEM;SG
cumberland	cumberland	cumberland	cumberland	N	N;MASC;SG
mụn	acné	mụn	acner	N	N;FEM;SG
romero	romero	romero	romero	N	N;MASC;SG
messerschmitt	messerschmitt	messerschmitt	messerschmitt	N	N;MASC;SG
cardamine	cardamine	cardamine	cardamine	N	N;FEM;SG
asturias	asturies	asturias	asturie	N	N;FEM;PL
gauss	gaussien	gauss	gaussien	N	N;MASC;SG
gauss	gauss	gauss	gaus	N	N;MASC;SG
sakhalin	sakhaline	sakhalin	sakhaline	N	N;FEM;SG
banner	chemins	banner	chemin	N	N;MASC;PL
banner	sentiers	banner	sentier	N	N;MASC;PL
banner	bannières	banner	bannière	N	N;FEM;PL
banner	banderole	banner	banderole	N	N;FEM;SG
banner	banner	banner	banner	N	N;MASC;SG
banner	bannière	banner	bannière	N	N;FEM;SG
wikidata	wikidata	wikidata	wikidata	N	N;MASC;SG
pao	lbs	pao	lbs	N	N;MASC;PL
tơi	correctifs	tơi	correctif	N	N;MASC;PL
hindi	hindi	hindi	hindi	N	N;MASC;SG
tango	tango	tango	tango	N	N;MASC;SG
empires	empires	empires	empire	N	N;MASC;PL
marsh	marécage	marsh	marécage	N	N;MASC;SG
marsh	marais	marsh	marais	N	N;MASC;SG
coldplay	coldplay	coldplay	coldplay	N	N;MASC;SG
brit	brit	brit	brit	N	N;MASC;SG
bờm	crinière	bờm	crinière	N	N;FEM;SG
phẩy	virgule	phẩy	virgule	N	N;FEM;SG
neon	néon	neon	néon	N	N;MASC;SG
neon	fluo	neon	fluo	N	N;MASC;SG
mercer	mercier	mercer	mercier	N	N;MASC;SG
bolt	bolt	bolt	bolt	N	N;MASC;SG
bolt	boulon	bolt	boulon	N	N;MASC;SG
imf	fmi	imf	fmi	N	N;MASC;SG
grenada	grenade	grenada	grenade	N	N;FEM;SG
sunda	sundae	sunda	sundae	N	N;MASC;SG
stoke	stoke	stoke	stoke	N	N;MASC;SG
quăng	jeter	quăng	jeter	V	V;NFIN
yen	yens	yen	yen	N	N;MASC;PL
yen	¥	yen	¥	N	N;MASC;SG
yen	yen	yen	yen	N	N;MASC;SG
werder	werder	werder	werder	N	N;MASC;SG
seal	phoque	seal	phoque	N	N;MASC;SG
seal	sceau	seal	sceau	N	N;MASC;SG
seal	phoques	seal	phoque	N	N;MASC;PL
albacete	albacete	albacete	albacete	N	N;FEM;SG
blade	blade	blade	blade	N	N;MASC;SG
blade	lame	blade	lame	N	N;FEM;SG
mat	nourriture	mat	nourriture	N	N;FEM;SG
mat	alimentation	mat	alimentation	N	N;FEM;SG
mat	paillasson	mat	paillasson	N	N;MASC;SG
mat	mat	mat	mat	N	N;MASC;SG
disco	discothèque	disco	discothèque	N	N;FEM;SG
disco	disco	disco	disco	N	N;MASC;SG
heinkel	heinkel	heinkel	heinkel	N	N;MASC;SG
pounder	pounder	pounder	pounder	N	N;FEM;SG
quýt	mandarin	quýt	mandarin	N	N;MASC;SG
quýt	mandarine	quýt	mandarine	N	N;FEM;SG
quýt	mandarine	quýt	mandarine	N	N;FEM;SG
node	noeud	node	noeud	N	N;MASC;SG
node	nœud	node	nœud	N	N;MASC;SG
hót	chant	hót	chant	N	N;MASC;SG
thor	thor	thor	thor	N	N;MASC;SG
sandbox	sandbox	sandbox	sandbox	N	N;MASC;SG
blücher	blücher	blücher	blücher	N	N;MASC;SG
xòe	tutu	xòe	tutu	N	N;MASC;SG
fao	fao	fao	fao	N	N;FEM;SG
vtc	vtc	vtc	vtc	N	N;MASC;SG
khuấy	remué	khuấy	remuer	V	V;MASC;SG;PST;V.PTCP
khuấy	agiter	khuấy	agiter	V	V;NFIN
khuấy	remuer	khuấy	remuer	V	V;NFIN
emil	emile	emil	emiler	N	N;MASC;SG
emil	émile	emil	émile	N	N;MASC;SG
gorbachev	gorbatchev	gorbachev	gorbatchev	N	N;MASC;SG
papilionidae	papilionidae	papilionidae	papilionidae	N	N;MASC;SG
bmw	bmw	bmw	bmw	N	N;FEM;SG
vocals	chant	vocals	chant	N	N;MASC;SG
vocals	voix	vocals	voix	N	N;FEM;SG
fpt	fpt	fpt	fpt	N	N;FEM;SG
chihuahua	chihuahua	chihuahua	chihuahua	N	N;MASC;SG
descartes	descartes	descartes	descarte	N	N;MASC;PL
micro	micro	micro	micro	N	N;MASC;SG
micro	micro	micro	micro	N	N;MASC;SG
micro	microphone	micro	microphone	N	N;MASC;SG
micro	micros	micro	micro	N	N;MASC;PL
thìa	cuillères	thìa	cuillère	N	N;FEM;PL
thìa	cuiller	thìa	cuiller	N	N;FEM;SG
thìa	cuillère	thìa	cuillère	N	N;FEM;SG
thìa	cuiller	thìa	cuiller	N	N;FEM;SG
gien	gènes	gien	gène	N	N;MASC;PL
gien	gènes	gien	gène	N	N;MASC;PL
gien	gène	gien	gène	N	N;MASC;SG
cornwall	cornouailles	cornwall	cornouaille	N	N;FEM;PL
uae	émirats	uae	émirat	N	N;MASC;PL
scharnhorst	scharnhorst	scharnhorst	scharnhorst	N	N;MASC;SG
marche	marche	marche	marche	N	N;FEM;SG
marche	marches	marche	marche	N	N;FEM;PL
hormone	hormone	hormone	hormone	N	N;FEM;SG
hormone	hormone	hormone	hormone	N	N;FEM;SG
hormone	hormones	hormone	hormone	N	N;FEM;PL
gập	plier	gập	plier	V	V;NFIN
gập	pliant	gập	plier	V	V;PRS;V.PTCP
dot	dot	dot	dot	N	N;FEM;SG
elip	ellipse	elip	ellipse	N	N;FEM;SG
lafayette	lafayette	lafayette	lafayette	N	N;FEM;SG
tatar	tatars	tatar	tatar	N	N;MASC;PL
tatar	tatar	tatar	tatar	N	N;MASC;SG
boom	bang	boom	bang	N	N;MASC;SG
boom	boum	boom	boum	N	N;MASC;SG
boom	boom	boom	boom	N	N;MASC;SG
dumbledore	dumbledore	dumbledore	dumbledore	N	N;MASC;SG
reo	sonnait	reo	sonner	V	V;IND;SG;3;IPFV;FIN
reo	sonné	reo	sonné	V	V;MASC;SG;PST;V.PTCP
reo	douter	reo	douter	V	V;NFIN
reo	doutez	reo	douter	V	V;IMP;PL;2;PRS;FIN
reo	sonner	reo	sonner	V	V;NFIN
reo	sonne	reo	sonner	V	V;IND;SG;3;PRS;FIN
fiction	fictions	fiction	fiction	N	N;FEM;PL
fiction	fiction	fiction	fiction	N	N;FEM;SG
adobe	adobe	adobe	adobe	N	N;MASC;SG
vermont	vermont	vermont	verment	N	N;MASC;SG
sụn	cartilage	sụn	cartilage	N	N;MASC;SG
bouchet	bouchet	bouchet	bouchet	N	N;MASC;SG
khalip	calife	khalip	calife	N	N;MASC;SG
schalke	schalke	schalke	schalke	N	N;MASC;SG
handel	haendel	handel	haendel	N	N;MASC;SG
piston	pistons	piston	piston	N	N;MASC;PL
piston	piston	piston	piston	N	N;MASC;SG
piston	pistons	piston	piston	N	N;MASC;PL
lange	lange	lange	lange	N	N;MASC;SG
liti	lithium	liti	lithium	N	N;MASC;SG
mehmed	mehmed	mehmed	mehmed	N	N;MASC;SG
summit	sommet	summit	sommet	N	N;MASC;SG
saxophone	saxophone	saxophone	saxophone	N	N;MASC;SG
neptune	neptune	neptune	neptune	N	N;MASC;SG
alfonso	alphonse	alfonso	alphonse	N	N;MASC;SG
proxy	mandataire	proxy	mandataire	N	N;MASC;SG
proxy	proxy	proxy	proxy	N	N;MASC;SG
proxy	procuration	proxy	procuration	N	N;FEM;SG
norodom	norodom	norodom	norodom	N	N;MASC;SG
funk	funk	funk	funk	N	N;MASC;SG
ambrose	ambrose	ambrose	ambroser	N	N;MASC;SG
sheikh	cheik	sheikh	cheik	N	N;MASC;SG
krai	kraï	krai	kraï	N	N;MASC;SG
gear	tempo	gear	tempo	N	N;MASC;SG
gear	engrenage	gear	engrenage	N	N;MASC;SG
gear	engins	gear	engin	N	N;MASC;PL
gear	vitesses	gear	vitesse	N	N;FEM;PL
benedict	benoît	benedict	benoît	N	N;MASC;SG
trau	fatigué	trau	fatiguer	V	V;MASC;SG;PST;V.PTCP
trau	fatiguée	trau	fatiguer	V	V;FEM;SG;PST;V.PTCP
trau	fatigués	trau	fatiguer	V	V;MASC;PL;PST;V.PTCP
lat	lats	lat	lat	N	N;MASC;SG
wigan	wigan	wigan	wigan	N	N;MASC;SG
ôtô	voitures	ôtô	voiture	N	N;FEM;PL
clement	clément	clement	clément	N	N;MASC;SG
clement	clement	clement	clement	N	N;MASC;SG
kung	kung	kung	kung	N	N;MASC;SG
avril	avril	avril	avril	N	N;MASC;SG
mbar	mbar	mbar	mbar	N	N;MASC;SG
khuya	retard	khuya	retard	N	N;MASC;SG
suffolk	suffolk	suffolk	suffolk	N	N;MASC;SG
beaufort	beaufort	beaufort	beaufort	N	N;MASC;SG
rue	rue	rue	rue	N	N;FEM;SG
lozère	lozère	lozère	lozère	N	N;FEM;SG
curie	curie	curie	curie	N	N;FEM;SG
két	coffres	két	coffre	N	N;MASC;PL
donau	danube	donau	danube	N	N;MASC;SG
shop	boutique	shop	boutique	N	N;FEM;SG
shop	magasin	shop	magasin	N	N;MASC;SG
shop	commerces	shop	commerce	N	N;MASC;PL
shop	magasins	shop	magasin	N	N;MASC;PL
shop	boutiques	shop	boutique	N	N;FEM;PL
gallo	gallo	gallo	gallo	N	N;MASC;SG
meteor	météorite	meteor	météorite	N	N;FEM;SG
meteor	météore	meteor	météore	N	N;MASC;SG
schumacher	schumacher	schumacher	schumacher	N	N;MASC;SG
thriller	suspense	thriller	suspense	N	N;MASC;SG
thriller	thriller	thriller	thriller	N	N;MASC;SG
giặt	lavés	giặt	laver	V	V;MASC;PL;PST;V.PTCP
giặt	lavée	giặt	laver	V	V;FEM;SG;PST;V.PTCP
giặt	lavé	giặt	laver	V	V;MASC;SG;PST;V.PTCP
middlesbrough	middlesbrough	middlesbrough	middlesbrough	N	N;MASC;SG
hibiscus	hibiscus	hibiscus	hibiscus	N	N;MASC;SG
rfc	rfc	rfc	rfc	N	N;MASC;SG
canary	canari	canary	canari	N	N;MASC;SG
karst	karst	karst	karst	N	N;MASC;SG
vinyl	vinyles	vinyl	vinyle	N	N;MASC;PL
vinyl	vinyle	vinyl	vinyle	N	N;MASC;SG
vinyl	vinyl	vinyl	vinyl	N	N;MASC;SG
cược	pari	cược	pari	N	N;MASC;SG
cược	pari	cược	pari	N	N;MASC;SG
vilnius	lituanie	vilnius	lituanie	N	N;FEM;SG
pharaon	pharaons	pharaon	pharaon	N	N;MASC;PL
concorde	concorde	concorde	concorde	N	N;FEM;SG
cervus	cervus	cervus	cervus	N	N;MASC;SG
barca	barça	barca	barça	N	N;MASC;SG
barca	barca	barca	barca	N	N;MASC;SG
boson	boson	boson	boson	N	N;MASC;SG
labrador	labrador	labrador	labrador	N	N;MASC;SG
mono	mono	mono	mono	N	N;MASC;SG
rót	verser	rót	verser	V	V;NFIN
rót	verse	rót	verser	V	V;IND;SG;3;PRS;FIN
doyle	doyle	doyle	doyle	N	N;MASC;SG
cedar	cèdre	cedar	cèdre	N	N;MASC;SG
saturn	saturn	saturn	saturn	N	N;MASC;SG
saturn	saturne	saturn	saturne	N	N;MASC;SG
container	récipient	container	récipient	N	N;MASC;SG
container	conteneur	container	conteneur	N	N;MASC;SG
nitrat	nitrate	nitrat	nitrate	N	N;MASC;SG
nitrat	nitrates	nitrat	nitrate	N	N;MASC;PL
hilbert	hilbert	hilbert	hilbert	N	N;MASC;SG
eight	huit	eight	huit	NUM	NUM
núm	tétons	núm	téton	N	N;MASC;PL
núm	mamelons	núm	mamelon	N	N;MASC;PL
biếng	paresseuse	biếng	paresseuse	ADJ	ADJ;FEM;SG
biếng	fainéant	biếng	fainer	ADJ	ADJ;MASC;SG
biếng	paresseux	biếng	paresseux	ADJ	ADJ;MASC;SG
anchor	ancrage	anchor	ancrage	N	N;MASC;SG
anchor	ancres	anchor	ancre	N	N;FEM;PL
anchor	ancre	anchor	ancre	N	N;FEM;SG
ascii	ascii	ascii	ascii	N	N;MASC;SG
edison	edison	edison	edison	N	N;MASC;SG
orton	orton	orton	orton	N	N;MASC;SG
djokovic	djokovic	djokovic	djokovic	N	N;MASC;SG
sẹo	cicatrices	sẹo	cicatrice	N	N;FEM;PL
sẹo	cicatrice	sẹo	cicateur	N	N;FEM;SG
sẹo	cicatrice	sẹo	cicateur	N	N;FEM;SG
bauer	bauer	bauer	bauer	N	N;MASC;SG
eurovision	eurovision	eurovision	eurovision	N	N;FEM;SG
wolfsburg	wolfsburg	wolfsburg	wolfsburg	N	N;MASC;SG
laguna	laguna	laguna	laguna	N	N;FEM;SG
coca	coke	coca	coke	N	N;MASC;SG
coca	cocaïne	coca	cocaïne	N	N;FEM;SG
coca	coca	coca	coca	N	N;MASC;SG
coca	coca	coca	coca	N	N;MASC;SG
pixel	pixel	pixel	pixel	N	N;MASC;SG
pixel	pixels	pixel	pixel	N	N;MASC;PL
pixel	pixels	pixel	pixel	N	N;MASC;PL
lcd	lcd	lcd	lcd	N	N;MASC;SG
anemone	anémone	anemone	anémone	N	N;FEM;SG
rogue	voyou	rogue	voyou	N	N;MASC;SG
rogue	coquin	rogue	coquin	N	N;MASC;SG
crimea	crimée	crimea	crimer	V	V;FEM;SG;PST;V.PTCP
factbook	factbook	factbook	factbook	N	N;MASC;SG
bonus	bonus	bonus	bonus	N	N;MASC;SG
bonus	prime	bonus	prime	N	N;FEM;SG
bonus	bonification	bonus	bonification	N	N;FEM;SG
điốt	diode	điốt	diode	N	N;FEM;SG
điốt	diodes	điốt	diode	N	N;FEM;PL
mồm	bouche	mồm	bouche	N	N;FEM;SG
mồm	embouchure	mồm	embouchure	N	N;FEM;SG
burma	birmanie	burma	birmanie	N	N;FEM;SG
baptist	baptiste	baptist	baptiste	N	N;MASC;SG
castanea	castanea	castanea	castanea	N	N;MASC;SG
dome	dôme	dome	dôme	N	N;MASC;SG
dome	coupole	dome	coupole	N	N;FEM;SG
dome	dome	dome	dome	N	N;MASC;SG
infinity	infinité	infinity	infinité	N	N;FEM;SG
lombard	lombard	lombard	lombard	N	N;MASC;SG
bịp	astuce	bịp	astuce	N	N;FEM;SG
chòi	bungalow	chòi	bungalow	N	N;MASC;SG
chòi	cabine	chòi	cabine	N	N;FEM;SG
chòi	cabane	chòi	cabane	N	N;FEM;SG
tolna	tolna	tolna	tolner	N	N;MASC;SG
choáng	stupéfait	choáng	stupéfer	V	V;MASC;SG;PST;V.PTCP
choáng	abasourdi	choáng	abasourdi	V	V;MASC;SG;PST;V.PTCP
choáng	brisant	choáng	briser	V	V;PRS;V.PTCP
choáng	paralysant	choáng	paralyser	V	V;PRS;V.PTCP
choáng	assommer	choáng	assommer	V	V;NFIN
mứt	confiture	mứt	confiture	N	N;FEM;SG
mứt	confitures	mứt	confiture	N	N;FEM;PL
mứt	confiture	mứt	confiture	N	N;FEM;SG
mứt	confitures	mứt	confiture	N	N;FEM;PL
mứt	marmelade	mứt	marmelade	N	N;FEM;SG
tna	tna	tna	tner	N	N;MASC;SG
hpa	hpa	hpa	hpa	N	N;MASC;SG
leverkusen	leverkusen	leverkusen	leverkusen	N	N;MASC;SG
plutoni	plutonium	plutoni	plutonium	N	N;MASC;SG
rugby	rugby	rugby	rugby	N	N;MASC;SG
ngứa	démange	ngứa	démanger	V	V;IND;SG;3;PRS;FIN
aeroflot	aeroflot	aeroflot	aeroflot	N	N;MASC;SG
panorama	panorama	panorama	panorama	N	N;MASC;SG
ngấm	coulait	ngấm	couler	V	V;IND;SG;3;IPFV;FIN
prop	prop	prop	prop		
trumpet	trompette	trumpet	trompette	N	N;FEM;SG
bốt	bottines	bốt	bottine	N	N;FEM;PL
bốt	boots	bốt	boot	N	N;FEM;PL
bốt	bottes	bốt	botte	N	N;FEM;PL
gsm	gsm	gsm	gsm	N	N;MASC;SG
homer	homer	homer	homer	N	N;MASC;SG
hmas	hmas	hmas	hmas	N	N;MASC;SG
fourier	fourier	fourier	fourier	N	N;FEM;SG
hub	hub	hub	hub	N	N;MASC;SG
benin	bénin	benin	bénin	N	N;MASC;SG
psv	psv	psv	psv	N	N;MASC;SG
beetle	coccinelle	beetle	coccinel	N	N;FEM;SG
beetle	scarabée	beetle	scaraber	N	N;MASC;SG
bien	ciels	bien	ciel	N	N;MASC;PL
bien	cieux	bien	ciel	N	N;MASC;PL
heather	bruyère	heather	bruyère	N	N;FEM;SG
sussex	sussex	sussex	sussex	N	N;MASC;SG
silicon	silicon	silicon	silicon	N	N;FEM;SG
silicon	silicone	silicon	silicone	N	N;MASC;SG
silicon	silicium	silicon	silicium	N	N;MASC;SG
silicon	silicone	silicon	silicone	N	N;MASC;SG
tardieu	tardieu	tardieu	tardieu	N	N;MASC;SG
anemia	anémie	anemia	anémie	N	N;FEM;SG
fountain	fontaines	fountain	fontaine	N	N;FEM;PL
fountain	fontaine	fountain	fontaine	N	N;FEM;SG
frazione	frazione	frazione	frazione	N	N;FEM;SG
sinai	sinaï	sinai	sinaï	N	N;MASC;SG
gin	gin	gin	gin	N	N;MASC;SG
camille	camille	camille	camille	N	N;FEM;SG
oxit	oxydes	oxit	oxyde	N	N;MASC;PL
oxit	oxyde	oxit	oxyde	N	N;MASC;SG
echo	écho	echo	écho	N	N;MASC;SG
echo	échos	echo	écho	N	N;MASC;PL
echo	echo	echo	echo	N	N;MASC;SG
dornier	dornier	dornier	dornier	N	N;MASC;SG
chocolate	chocolat	chocolate	chocolat	N	N;MASC;SG
chocolate	chocolats	chocolate	chocolat	N	N;MASC;PL
transistor	transistors	transistor	transistor	N	N;MASC;PL
transistor	transistor	transistor	transistor	N	N;MASC;SG
supermarine	supermarine	supermarine	supermarin	N	N;MASC;SG
táp	bouchée	táp	boucher	V	V;FEM;SG;PST;V.PTCP
táp	mordant	táp	mordre	V	V;PRS;V.PTCP
táp	mordre	táp	mordre	V	V;NFIN
