cfg	cfg	cfg	cfg		
angels	anioły	angels	anioła	N	N;NOM;MASC;PL
angels	aniołowie	angels	anioł	N	N;NOM;MASC;PL
angels	aniołki	angels	aniołka	N	N;NOM;MASC;PL
angels	aniołów	angels	anioł	N	N;GEN;MASC;PL
stein	stein	stein	steina		
jalisco	jalisco	jalisco	jalisco	N	N;NOM;MASC;SG
ada	adda	ada	adda		
strong	mocna	strong	mocny		
morales	morales	morales	morales		
dante	dante	dante	danty		
fury	furii	fury	furia	N	N;GEN;FEM;SG
maculatus	maculatus	maculatus	maculatus	N	N;NOM;MASC;SG
moy	moy	moy	moy		
rolls	rolls	rolls	rolls		
rehder	rehder	rehder	rehder		
kota	kota	kota	kot	N	N;ACC;MASC;SG
ekman	ekman	ekman	ekman		
log	dziennik	log	dziennik	N	N;NOM;MASC;SG
claudius	klaudiusz	claudius	klaudiusz	N	N;NOM;MASC;SG
tricolor	tricolor	tricolor	tricolor		
plasma	osoczu	plasma	osocze	N	N;ACC;NEUT;SG
plasma	osocza	plasma	osocze	N	N;GEN;NEUT;SG
sturm	sturm	sturm	sturm		
turk	turka	turk	turka		
turk	turk	turk	turk		
yangon	rangun	yangon	rangun	N	N;NOM;MASC;SG
strike	strajk	strike	strajk	N	N;NOM;MASC;SG
ranger	ranger	ranger	ranger		
yard	yard	yard	yard		
yard	stocznia	yard	stocznia		
bucharest	bukareszcie	bucharest	bukareszt	N	N;NOM;MASC;SG
shelby	shelby	shelby	shelb		
connor	connora	connor	connor	N	N;ACC;MASC;SG
dynamo	dynamo	dynamo	dynamo	N	N;NOM;NEUT;SG
hon	drogi	hon	droga		
ôliu	oliwek	ôliu	oliwek	N	N;GEN;FEM;PL
ôliu	oliwek	ôliu	oliwek	N	N;GEN;FEM;PL
liechtenstein	liechtenstein	liechtenstein	liechtenstein		
liechtenstein	liechtensteinu	liechtenstein	liechtenstein		
rabaul	rabaul	rabaul	rabaul		
queens	królowe	queens	królowy	N	N;NOM;MASC;PL
plain	plain	plain	plain		
rán	smażenia	rán	smażenie	N	N;GEN;NEUT;SG
quầy	kucharz	quầy	kucharz	N	N;NOM;MASC;SG
dracula	dracula	dracula	dracula	N	N;NOM;MASC;SG
endl	endl	endl	endl		
andaman	andaman	andaman	andaman	N	N;NOM;MASC;SG
pass	zegarek	pass	zegarek	N	N;ACC;MASC;SG
pass	podanie	pass	podanie	N	N;PFV;NOM;NEUT;SG;POS;V.MSDR
pass	przepustka	pass	przepustka	N	N;NOM;FEM;SG
pass	przełęcz	pass	przełęcz	N	N;NOM;FEM;SG
canyon	kanion	canyon	kanion	N	N;NOM;MASC;SG
lineata	lineata	lineata	lineata		
garnier	garnier	garnier	garnier		
ultimate	ultimate	ultimate	ultimaty		
marlborough	marlborough	marlborough	marlborough	N	N;NOM;MASC;SG
fleet	flota	fleet	flota	N	N;NOM;FEM;SG
fleet	floty	fleet	flota	N	N;GEN;FEM;SG
tours	tury	tours	tury	N	N;ACC;FEM;SG
tours	wycieczki	tours	wycieczka	N	N;NOM;FEM;PL
hokkaido	hokkaido	hokkaido	hokkaido		
tales	opowieści	tales	opowieść		
maldives	mołdawia	maldives	mołdawiać	N	N;NOM;FEM;SG
erigone	erigone	erigone	erigon		
clair	clair	clair	claira		
woodson	woodson	woodson	woodson		
sevastopol	sewastopol	sevastopol	sewastopol	N	N;NOM;NEUT;SG
aurea	aurea	aurea	aurea		
diếp	sałaty	diếp	sałata	N	N;GEN;FEM;SG
diếp	sałata	diếp	sałata	N	N;NOM;FEM;SG
xxx	xxx	xxx	xxx		
reef	rafy	reef	rafa	N	N;ACC;FEM;SG
reef	rafa	reef	rafa	N	N;NOM;FEM;SG
boong	pokłady	boong	pokład	N	N;NOM;MASC;PL
boong	pokładzie	boong	pokład	N	N;ACC;MASC;SG
boong	pokład	boong	pokład	N	N;NOM;MASC;SG
kawasaki	kawasaki	kawasaki	kawasak	N	N;ACC;MASC;PL
amanda	amandą	amanda	amanda	N	N;INS;FEM;SG
yves	yves	yves	yves		
mrkos	mrkos	mrkos	mrkos		
winchester	winchester	winchester	winchester		
sericea	sericea	sericea	serice		
cúi	bend	cúi	bend	V	V;IPFV;IND;SG;2;PRS;FIN;ACT
thây	zombie	thây	zomba		
thây	zombi	thây	zomba		
nhấp	kliknij	nhấp	klikni	V	V;PFV;IMP;SG;2;FIN;ACT
chronicle	chronicle	chronicle	chronicel		
pumila	pumila	pumila	pumil		
birdlife	birdlife	birdlife	birdlify	N	N;NOM;MASC;SG
ekaterina	jekatierina	ekaterina	jekatierina	N	N;NOM;FEM;SG
shark	rekiny	shark	rekin	N	N;NOM;MASC;PL
shark	rekina	shark	rekina	N	N;ACC;MASC;SG
shark	rekin	shark	rekin	N	N;NOM;MASC;SG
flagstaff	flagstaff	flagstaff	flagstaff	N	N;NOM;MASC;SG
sếu	dźwigi	sếu	dźwiga	N	N;NOM;MASC;PL
sếu	dźwig	sếu	dźwig	N	N;NOM;MASC;SG
mandela	mandela	mandela	mandel	N	N;NOM;MASC;SG
metallica	metallica	metallica	metallica	N	N;NOM;FEM;SG
ramírez	ramirez	ramírez	ramir		
kanagawa	kanagawa	kanagawa	kanagawa		
xiếc	cyrk	xiếc	cyrk	N	N;NOM;MASC;SG
xiếc	cyrku	xiếc	cyrk	N	N;GEN;MASC;SG
dom	dom	dom	dom	N	N;NOM;MASC;SG
altlink	altlink	altlink	altlink		
picta	picta	picta	picty		
joy	radość	joy	radość	N	N;NOM;FEM;SG
joy	radości	joy	radość	N	N;GEN;FEM;SG
macau	makau	macau	maka	N	N;NOM;MASC;SG
tristis	tristis	tristis	tristis		
affairs	romanse	affairs	romans	N	N;NOM;MASC;PL
affairs	spraw	affairs	sprawa	N	N;GEN;FEM;PL
sum	sum	sum	suma		
sum	sumy	sum	suma		
swiss	szwajcaria	swiss	szwajcariać	N	N;NOM;FEM;SG
chin	podbródek	chin	podbródek	N	N;NOM;MASC;SG
chin	broda	chin	broda	N	N;NOM;FEM;SG
dĩa	talerz	dĩa	talerz	N	N;NOM;MASC;SG
dĩa	płyta	dĩa	płyta	N	N;NOM;FEM;SG
khoe	pokazy	khoe	pokazać	N	N;NOM;MASC;PL
agm	agm	agm	agm		
dượng	ojczym	dượng	ojciec	N	N;NOM;MASC;SG
takeda	takeda	takeda	taked		
mercedes	mercedesa	mercedes	mercedes	N	N;ACC;MASC;SG
adventures	przygody	adventures	przygoda		
adventures	przygód	adventures	przygód		
ryū	ryū	ryū	ryū		
ubuntu	ubuntu	ubuntu	ubunt	N	N;GEN;MASC;SG
vito	vito	vito	vito		
banh	piłkę	banh	piłka	N	N;ACC;FEM;SG
banh	piłka	banh	piłka	N	N;NOM;FEM;SG
amazonas	amazonas	amazonas	amazonas	N	N;NOM;MASC;SG
guadeloupe	gwadelupy	guadeloupe	gwadelupa	N	N;GEN;MASC;SG
cumberland	cumberland	cumberland	cumberland	N	N;NOM;MASC;SG
lamarck	lamarck	lamarck	lamarck		
btr	btr	btr	btr		
mụn	trądzik	mụn	trądzik	N	N;NOM;MASC;SG
kirby	kirby	kirby	kirba		
mustafa	mustafa	mustafa	mustafa	N	N;NOM;MASC;SG
messerschmitt	messerschmitt	messerschmitt	messerschmitt	N	N;ACC;MASC;SG
banner	ścieżki	banner	ścieżka	N	N;ACC;FEM;PL
banner	ścieżek	banner	ścieżka	N	N;GEN;FEM;PL
banner	banner	banner	banner	N	N;NOM;MASC;SG
seth	set	seth	set		
regia	regia	regia	regia		
mega	mega	mega	megać		
nigricans	nigricans	nigricans	nigricans		
tribus	tribus	tribus	tribus		
hey	hej	hey	hej		
ark	arka	ark	arka		
ark	arki	ark	ark		
marsh	bagno	marsh	bagno	N	N;NOM;NEUT;SG
leach	leach	leach	leach		
višnjan	višnjan	višnjan	vimnjanin		
coldplay	coldplay	coldplay	coldpla	N	N;NOM;MASC;SG
carnegie	carnegie	carnegie	carneg		
phẩy	przecinek	phẩy	przecinek	N	N;NOM;MASC;SG
mussolini	mussolini	mussolini	mussoliny	N	N;NOM;MASC;SG
earl	earl	earl	earl		
amber	amber	amber	amber		
pallidus	pallidus	pallidus	pallidus		
hanoi	hanoi	hanoi	hano		
richter	richter	richter	richter	N	N;NOM;MASC;SG
tracy	tracy	tracy	tracać		
uesac	uesac	uesac	uesac		
claudia	claudia	claudia	claudia	N	N;NOM;FEM;SG
toei	toei	toei	to		
dynamics	dynamika	dynamics	dynamika	N	N;NOM;FEM;SG
dynamics	dynamiki	dynamics	dynamika	N	N;NOM;FEM;PL
stella	stella	stella	stella		
car	car	car	car		
quăng	rzuć	quăng	rzuć	V	V;PFV;IMP;SG;2;FIN;ACT
seal	pieczęć	seal	pieczęć	N	N;NOM;FEM;SG
pasteur	pasteur	pasteur	pasteura		
albany	albany	albany	alban	N	N;NOM;MASC;SG
blade	ostrze	blade	ostrzyć	N	N;NOM;NEUT;SG
mat	żywności	mat	żywność	N	N;GEN;FEM;SG
mat	pokarm	mat	pokarm	N	N;NOM;MASC;SG
mat	żywność	mat	żywność	N	N;NOM;FEM;SG
mat	jedzenie	mat	jedzenie	N	N;IPFV;NOM;NEUT;SG;POS;V.MSDR
gsub	gsub	gsub	gsub		
penny	grosz	penny	grosz	N	N;NOM;MASC;SG
yuki	yuki	yuki	Kuka		
blackwall	blackwall	blackwall	blackwall		
quýt	mandarin	quýt	mandarin	N	N;NOM;MASC;SG
sunni	sunnitów	sunni	sunnit	N	N;ACC;MASC;PL
eve	ewo	eve	ewo		
eve	ewy	eve	ewy		
node	węzeł	node	węzeć	N	N;ACC;MASC;SG
hacker	hack	hacker	hack		
tiberius	tyberiusz	tiberius	tyberiusz	N	N;NOM;MASC;SG
olomouc	ołomuniec	olomouc	ołomuniec		
hót	śpiewanie	hót	śpiewać	N	N;IPFV;NOM;NEUT;SG;POS;V.MSDR
hót	śpiew	hót	śpiew	N	N;NOM;MASC;SG
thor	thora	thor	thor	N	N;ACC;MASC;SG
sandbox	piaskownicy	sandbox	piaskownica	N	N;GEN;FEM;SG
padova	padova	padova	padovo	N	N;NOM;MASC;SG
ruby	rubin	ruby	rubin		
ruby	ruby	ruby	ruba		
comoros	komory	comoros	komora	N	N;ACC;FEM;PL
comoros	komorów	comoros	komora	N	N;NOM;MASC;SG
candy	cukierki	candy	cukierka		
candy	candy	candy	candy		
candy	cukierek	candy	cukierka		
sheridan	sheridan	sheridan	sheridan		
griffin	griffin	griffin	griffina		
boa	boa	boa	boa		
cube	kostka	cube	kostka		
r}}	r}}	r}}	r}}		
gorbachev	gorbaczow	gorbachev	gorbacz	N	N;NOM;MASC;SG
benz	benz	benz	benz		
williamson	williamson	williamson	williamson		
pers	pers	pers	pers	N	N;NOM;MASC;SG
quinn	quinna	quinn	quinna		
quinn	quinn	quinn	quinn		
cartoon	cartoon	cartoon	cartoon		
scheer	scheer	scheer	scheer		
vocals	wokal	vocals	wokal	N	N;NOM;MASC;SG
wilkinson	wilkinson	wilkinson	wilkinson		
descartes	kartezjusz	descartes	kartezjusz	N	N;NOM;MASC;SG
micro	mikrofonu	micro	mikrofić	N	N;GEN;MASC;SG
micro	mikrofon	micro	mikrofon	N	N;NOM;MASC;SG
thìa	łyżeczki	thìa	łyżeczka	N	N;ACC;FEM;PL
thìa	łyżki	thìa	łyżki	N	N;ACC;FEM;PL
thìa	łyżeczka	thìa	łyżeczka	N	N;NOM;FEM;SG
thìa	łyżka	thìa	łyżko	N	N;NOM;FEM;SG
thìa	łyżki	thìa	łyżki	N	N;ACC;FEM;PL
bath	kąpiel	bath	kąpiel		
gien	genów	gien	gen	N	N;GEN;MASC;PL
gien	geny	gien	gena	N	N;NOM;MASC;PL
gien	genu	gien	gen	N	N;GEN;MASC;SG
gien	geny	gien	gena	N	N;NOM;MASC;PL
hormone	hormonów	hormone	hormon	N	N;GEN;MASC;PL
hormone	hormonu	hormone	hormon	N	N;GEN;MASC;SG
hormone	hormon	hormone	hormon	N	N;NOM;MASC;SG
hormone	hormony	hormone	hormon	N	N;NOM;MASC;PL
hormone	hormonów	hormone	hormon	N	N;GEN;MASC;PL
hormone	hormony	hormone	hormon	N	N;NOM;MASC;PL
linearis	linearis	linearis	linearis		
dot	kropka	dot	kropka	N	N;NOM;FEM;SG
willem	willem	willem	will	N	N;NOM;MASC;SG
boom	boom	boom	boom	N	N;NOM;MASC;SG
polygonum	polygonum	polygonum	polygonum		
dumbledore	dumbledore	dumbledore	dumbledory	N	N;NOM;MASC;SG
reo	dzwoni	reo	dzwonić	V	V;IPFV;IND;SG;3;PRS;FIN;ACT
fiction	fikcja	fiction	fikcja	N	N;NOM;FEM;SG
sidney	sidney	sidney	sidney		
pluto	pluton	pluto	pluton	N	N;NOM;MASC;SG
pluto	pluto	pluto	pluto	N	N;NOM;MASC;SG
lexikon	lexikon	lexikon	lexikon		
lindsey	lindsey	lindsey	lindsey		
hyundai	hyundai	hyundai	hyunda		
direct	bezpośredni	direct	bezpośredni		
direct	direct	direct	direct		
sụn	chrząstki	sụn	chrząstka	N	N;ACC;FEM;SG
craven	craven	craven	craven		
diane	diane	diane	diany		
rivière	rivière	rivière	riviska		
sugar	sugar	sugar	sugar		
doc	doc	doc	doc		
khalip	kalif	khalip	kalif	N	N;NOM;MASC;SG
schalke	schalke	schalke	schalka	N	N;NOM;MASC;SG
talbot	talbot	talbot	talbot		
piston	tłoki	piston	tłok	N	N;NOM;MASC;PL
piston	tłok	piston	tłok	N	N;NOM;MASC;SG
dale	dale	dale	dal		
gloria	gloria	gloria	gloria		
mehmed	mehmed	mehmed	mehmed	N	N;NOM;MASC;SG
cayman	calgary	cayman	calgary	N	N;NOM;MASC;SG
summit	szczycie	summit	szczyt	N	N;ACC;MASC;SG
summit	szczytu	summit	szczyt	N	N;GEN;MASC;SG
summit	szczyt	summit	szczyt	N	N;NOM;MASC;SG
gotha	gotha	gotha	gothać		
wilcox	wilcox	wilcox	wilcox		
obscurus	obscurus	obscurus	obscurus		
friedman	friedman	friedman	friedman		
vanessa	vanessy	vanessa	vanessa		
baghdad	bagdadu	baghdad	bagdad	N	N;GEN;MASC;SG
baghdad	bagdadzie	baghdad	bagdad	N	N;NOM;MASC;SG
jupiter	jowisza	jupiter	jowiszo	N	N;ACC;MASC;SG
violacea	violacea	violacea	violace		
mia	mia	mia	mieć		
mia	mii	mia	ja		
lara	lara	lara	lara		
proxy	pełnomocnik	proxy	pełnomocnik	N	N;NOM;MASC;SG
proxy	pośrednik	proxy	pośrednik	N	N;NOM;MASC;SG
bromus	stokłosa	bromus	stokłos	N	N;NOM;MASC;SG
marcello	marcello	marcello	marcello	N	N;NOM;MASC;SG
robustus	robustus	robustus	robustus		
shepard	shepard	shepard	shepard		
lil	lil	lil	lil		
antioquia	antioquia	antioquia	antioquia	N	N;GEN;MASC;SG
gear	tempa	gear	tempa	N	N;GEN;NEUT;SG
gear	tempo	gear	tempo	N	N;NOM;NEUT;SG
gear	bieg	gear	bieg	N	N;NOM;MASC;SG
gear	prędkości	gear	prędkość	N	N;GEN;FEM;SG
palmer	palmera	palmer	palmer	N	N;ACC;MASC;SG
palmer	palmer	palmer	palmer	N	N;NOM;MASC;SG
bison	bison	bison	bison		
lat	lat	lat	rok	N	N;GEN;MASC;PL
lat	lenistwo	lat	lenistwo	N	N;NOM;NEUT;SG
coruña	coruña	coruña	corus		
crane	crane	crane	crana		
ôtô	samochody	ôtô	samochód	N	N;NOM;MASC;PL
ôtô	samochodów	ôtô	samochód	N	N;GEN;MASC;PL
clement	clement	clement	clement	N	N;NOM;MASC;SG
fulva	fulva	fulva	fulva		
duméril	duméril	duméril	duméril		
indie	indie	indie	indie		
castillo	castillo	castillo	castillo		
bloom	bloom	bloom	bloom		
espírito	espírito	espírito	esprito		
kure	kure	kure	kure		
tone	ton	tone	ton		
stan	stana	stan	stan		
loi	loi	loi	loić		
cerastium	rogownica	cerastium	rogownica		
cherry	cherry	cherry	cherra		
cherry	wiśnie	cherry	wisnąć		
scout	scout	scout	scout		
borneensis	borneensis	borneensis	borneensis		
bruxelles	bruksela	bruxelles	bruksel	N	N;NOM;FEM;SG
clannad	clannad	clannad	clannad		
citation	citation	citation	citation		
sakai	sakai	sakai	sakai		
chuck	chuck	chuck	chuck		
chuck	chucka	chuck	chucka		
két	sejf	két	sejf	N	N;NOM;MASC;SG
dengeki	dengeki	dengeki	dengek		
sagar	sagar	sagar	sagar		
shop	zakupy	shop	zakup	N	N;NOM;MASC;PL
shop	sklep	shop	sklep	N	N;NOM;MASC;SG
shop	sklepy	shop	sklep	N	N;NOM;MASC;PL
roche	roche	roche	rochy		
sonora	sonora	sonora	sonór		
meteor	meteoryt	meteor	meteoryt	N	N;NOM;MASC;SG
gagea	złoć	gagea	złoć		
schumacher	schumacher	schumacher	schumacher	N	N;NOM;MASC;SG
sylvia	sylvia	sylvia	sylvia	N	N;NOM;FEM;SG
wikitext	wikitext	wikitext	wikitext		
thriller	thriller	thriller	thriller	N	N;NOM;MASC;SG
holly	holly	holly	holly		
brittany	brittany	brittany	brittan		
ret	ret	ret	ret		
benoist	benoist	benoist	benoist		
gentry	gentry	gentry	gentra		
giặt	pralnia	giặt	pralniać	V	V;IPFV;IMP;SG;2;FIN;ACT
middlesbrough	middlesbrough	middlesbrough	middlesbrough	N	N;NOM;MASC;SG
spitfire	spitfire	spitfire	spitfiry		
barton	barton	barton	barton		
catania	catania	catania	catanie	N	N;NOM;FEM;SG
santana	santana	santana	santan		
logroño	logroño	logroño	logroño		
hilton	hilton	hilton	hilton	N	N;NOM;MASC;SG
smithii	smithii	smithii	smithia		
cược	zakład	cược	zakład	N	N;NOM;MASC;SG
cược	zakład	cược	zakład	N	N;NOM;MASC;SG
chẻ	dziury	chẻ	dziura		
vilnius	wilno	vilnius	wilno	N	N;NOM;NEUT;SG
pharaon	faraonów	pharaon	faraon	N	N;GEN;MASC;PL
miers	miers	miers	miers		
sirius	syriusz	sirius	syriusz	N	N;NOM;MASC;SG
arafat	arafat	arafat	arafat	N	N;NOM;MASC;SG
phoebe	phoebe	phoebe	phoąb	N	N;NOM;FEM;SG
concorde	concorde	concorde	concord	N	N;NOM;MASC;SG
brevipes	brevipes	brevipes	brevipes		
container	kontener	container	kontener	N	N;NOM;MASC;SG
container	kontenery	container	kontenera	N	N;NOM;MASC;PL
container	zbiornik	container	zbiornik	N	N;NOM;MASC;SG
container	pojemnik	container	pojemnik	N	N;NOM;MASC;SG
gamespot	gamespot	gamespot	gamespot		
nitrat	azotanu	nitrat	azotan	N	N;GEN;MASC;SG
hogg	hogg	hogg	hóg		
núm	sutki	núm	sutka	N	N;NOM;MASC;PL
cody	cody	cody	códa	N	N;NOM;MASC;SG
biếng	leniwy	biếng	leniwy	ADJ	ADJ;NOM;MASC;SG
biếng	leniwa	biếng	leniwo	ADJ	ADJ;NOM;FEM;SG
biếng	leniwe	biếng	leniwy	ADJ	ADJ;NOM;NEUT;SG
gmelin	gmelin	gmelin	gmelin		
anchor	kotwicę	anchor	kotwica	N	N;ACC;FEM;SG
vice	wice	vice	wica		
vice	vice	vice	vice		
phillip	phillipa	phillip	phillipa		
barset	barset	barset	barset		
bolzano	bolzano	bolzano	boleć	N	N;NOM;NEUT;SG
hilaire	hilaire	hilaire	hilaira		
globe	globe	globe	globy		
oppenheimer	oppenheimer	oppenheimer	oppenheimer		
cyanea	cyanea	cyanea	cyanea		
sẹo	bliznę	sẹo	blizna	N	N;ACC;FEM;SG
sẹo	blizna	sẹo	blizna	N	N;NOM;FEM;SG
bravo	bravo	bravo	bravo		
bravo	brawo	bravo	brawo		
eurovision	eurowizji	eurovision	eurowizja	N	N;GEN;FEM;SG
eurovision	konkurs	eurovision	konkurs	N	N;NOM;MASC;SG
vittata	vittata	vittata	vittata		
goa	goa	goa	goa		
engelm	engelm	engelm	engelm		
theodosius	teodozjusz	theodosius	teodozjusz	N	N;NOM;MASC;SG
satyrium	ogończyk	satyrium	ogończyk		
ornatus	ornatus	ornatus	ornatus		
coca	koksu	coca	koks	N	N;ACC;MASC;SG
coca	koks	coca	koks	N	N;NOM;MASC;SG
estadio	estadio	estadio	estadio		
pixel	piksela	pixel	piksel	N	N;ACC;MASC;SG
pixel	piksel	pixel	piksel	N	N;NOM;MASC;SG
pixel	pikseli	pixel	piksel	N	N;GEN;MASC;PL
pixel	pikseli	pixel	piksel	N	N;GEN;MASC;PL
brevis	brevis	brevis	brevis		
sphinx	sphinx	sphinx	sphinex		
tsubasa	tsubasa	tsubasa	tsubas	N	N;NOM;MASC;SG
anemone	zawilec	anemone	zawilec	N	N;NOM;MASC;SG
rogue	łotr	rogue	łotr	N	N;NOM;MASC;SG
rogue	łobuz	rogue	łobuz	N	N;NOM;MASC;SG
bonus	bonus	bonus	bonus	N	N;NOM;MASC;SG
bonus	premie	bonus	prema	N	N;NOM;MASC;PL
gardenia	gardenia	gardenia	gardenie	N	N;NOM;FEM;SG
mồm	usta	mồm	usta	N	N;NOM;NEUT;PL
mồm	gęba	mồm	gęba	N	N;NOM;FEM;SG
pepper	pieprz	pepper	pieprz		
pepper	pepper	pepper	pepper		
baptist	baptystów	baptist	baptysta	N	N;GEN;MASC;PL
griff	griff	griff	griff		
dome	kopuły	dome	kopuła	N	N;ACC;FEM;PL
dome	kopuła	dome	kopuć	N	N;NOM;FEM;SG
infinity	nieskończoność	infinity	nieskończoność	N	N;NOM;FEM;SG
waterhouse	waterhouse	waterhouse	waterhous		
bịp	sztuczka	bịp	sztuczka	N	N;NOM;FEM;SG
bịp	trik	bịp	trik	N	N;NOM;MASC;SG
bịp	sztuczki	bịp	sztuczka	N	N;NOM;FEM;PL
chòi	domku	chòi	domek	N	N;GEN;MASC;SG
chòi	kabina	chòi	kabina	N	N;NOM;FEM;SG
chòi	kabiny	chòi	kabina	N	N;ACC;FEM;PL
chòi	domek	chòi	domek	N	N;NOM;MASC;SG
ciliata	ciliata	ciliata	ciliat		
loes	loes	loes	loes		
medieval	średniowiecza	medieval	średniowieczy	N	N;NOM;NEUT;SG
brie	brie	brie	bro		
sally	sally	sally	salla		
dressler	dressler	dressler	dressler		
mứt	marmolada	mứt	marmolada	N	N;NOM;FEM;SG
patton	patton	patton	patton		
drew	drew	drew	drwa		
dentata	dentata	dentata	dentata		
benny	benny	benny	benny	N	N;NOM;MASC;SG
cherokee	cherokee	cherokee	cheroka		
plutoni	plutonu	plutoni	pluton	N	N;GEN;MASC;SG
plutoni	pluton	plutoni	pluton	N	N;NOM;MASC;SG
oxalis	szczawik	oxalis	szczawik		
kaoru	wada	kaoru	wada	N	N;NOM;FEM;SG
navbox	navbox	navbox	navbox		
aka	alias	aka	alias		
aka	aka	aka	aka		
satoshi	satoshi	satoshi	satosha		
ngấm	płynęła	ngấm	płynąć	V	V;IPFV;FEM;IND;SG;PST;FIN;ACT
prop	prop	prop	prop		
trumpet	trąbce	trumpet	trąbka	N	N;DAT;FEM;SG
desc	desc	desc	desc		
martens	martens	martens	martens		
sengoku	sengoku	sengoku	sengok	N	N;GEN;MASC;SG
bốt	buty	bốt	but	N	N;NOM;MASC;PL
homer	homer	homer	homer	N	N;NOM;MASC;SG
homer	homera	homer	homer	N	N;ACC;MASC;SG
ligue	ligue	ligue	ligue	N	N;NOM;MASC;SG
gifford	gifford	gifford	gifford		
saddam	saddam	saddam	saddać	N	N;NOM;MASC;SG
beetle	żuk	beetle	żuk	N	N;NOM;MASC;SG
lehr	lehr	lehr	lehr		
bien	niebo	bien	niebo	N	N;NOM;NEUT;SG
geo	geo	geo	geo		
sussex	sussex	sussex	sussex	N	N;NOM;MASC;SG
highland	highland	highland	highland		
avenue	aleja	avenue	aleja		
avenue	avenue	avenue	avenu		
paradoxa	paradoxa	paradoxa	paradox		
anemia	niedokrwistość	anemia	niedokrwistość	N	N;NOM;FEM;SG
schwarzenegger	schwarzenegger	schwarzenegger	schwarzenegger		
imp	imp	imp	impzić		
holmberg	holmberg	holmberg	holmberg		
smackdown	smackdown	smackdown	smackdowny		
sinai	synaj	sinai	synaj	N	N;NOM;MASC;SG
pmid	pmid	pmid	pmid		
oxit	tlenku	oxit	tlenk	N	N;GEN;MASC;SG
oxit	tlenek	oxit	tlenek	N	N;NOM;MASC;SG
ormerod	ormerod	ormerod	ormerod		
multiflora	multiflora	multiflora	multiflor		
gneisenau	gneisenau	gneisenau	gneisena		
tbs	tbs	tbs	tbrzyć		
chocolate	czekolada	chocolate	czekolada	N	N;NOM;FEM;SG
chocolate	czekolady	chocolate	czekolada	N	N;GEN;FEM;SG
transistor	tranzystor	transistor	tranzystor	N	N;NOM;MASC;SG
táp	gryźć	táp	gryźć	V	V;IPFV;NFIN;ACT
táp	ugryźć	táp	ugryźć	V	V;PFV;NFIN;ACT
spl	spl	spl	spl		
psoe	psoe	psoe	pso		
viz	viz	viz	viz		
canis	canis	canis	canis	N	N;NOM;MASC;SG
griswold	griswold	griswold	griswold		
solidago	nawłoć	solidago	nawłoć		
platanthera	podkolan	platanthera	podkolan		
circus	cyrk	circus	cyrk	N	N;NOM;MASC;SG
circus	cyrku	circus	cyrk	N	N;GEN;MASC;SG
subspecies	podgatunki	subspecies	podgatunka	N	N;NOM;MASC;PL
sei	sei	sei	sei		
greece	grecji	greece	grecja	N	N;GEN;FEM;SG
greece	grecja	greece	grecja	N	N;NOM;FEM;SG
ferb	ferb	ferb	ferb		
fragilis	fragilis	fragilis	fragilis		
davao	davao	davao	davao	N	N;NOM;NEUT;SG
buchanan	buchanan	buchanan	buchanan		
alive	żywe	alive	żywy		
alive	żywy	alive	żywy		
rodriguez	rodriguez	rodriguez	rodriguez		
cent	cent	cent	cent		
sandy	sandy	sandy	sanda		
fra	fra	fra	frać		
desmond	desmond	desmond	desmond		
paranaense	paranaense	paranaense	paranaens		
terra	tera	terra	teraz		
terra	terra	terra	terry		
nigripes	nigripes	nigripes	nigripes		
champs	champs	champs	champs		
kelvin	kelvin	kelvin	kelvin		
klug	klug	klug	klug		
orlicí	orlicí	orlicí	orlicić		
medium	średnio	medium	średnio		
medium	średnie	medium	średnie		
somali	somalii	somali	somalia	N	N;GEN;FEM;SG
somali	somalii	somali	somalia	N	N;GEN;FEM;SG
cal	cal	cal	cal		
cool	super	cool	super		
cool	spoko	cool	spoko		
waltz	walca	waltz	walc	N	N;GEN;MASC;SG
grisea	grisea	grisea	gris		
undulata	undulata	undulata	undulaty		
rupestris	rupestris	rupestris	rupestris		
serena	sereny	serena	seren	N	N;GEN;FEM;SG
serena	serena	serena	serena	N	N;NOM;FEM;SG
quest	poszukiwanie	quest	poszukiwać	N	N;IPFV;NOM;NEUT;SG;POS;V.MSDR
quest	wyprawa	quest	wyprawa	N	N;NOM;FEM;SG
lucida	lucida	lucida	lucid		
irkutsk	irkucka	irkutsk	irkucki	N	N;GEN;MASC;SG
liếm	lizać	liếm	lizać	V	V;IPFV;NFIN;ACT
liếm	lizać	liếm	lizać	V	V;IPFV;NFIN;ACT
intermedius	intermedius	intermedius	intermedius		
alejandro	alejandro	alejandro	alejandro	N	N;NOM;MASC;SG
potamogeton	rdestnica	potamogeton	rdestnica		
lancashire	lancashire	lancashire	lancashira	N	N;ACC;MASC;SG
albedo	albedo	albedo	albedo		
infinite	nieskończenie	infinite	nieskończenie	N	N;NOM;NEUT;SG
infinite	nieskończoność	infinite	nieskończoność	N	N;NOM;FEM;SG
saab	saa	saab	saa	N	N;NOM;MASC;SG
draco	draco	draco	draco	N	N;NOM;MASC;SG
hale	hale	hale	hala	N	N;NOM;MASC;SG
bács	bács	bács	bács		
calamagrostis	trzcinnik	calamagrostis	trzcinnik		
hamburger	hamburgera	hamburger	hamburger	N	N;ACC;MASC;SG
hamburger	hamburger	hamburger	hamburger	N	N;NOM;MASC;SG
res	res	res	res		
marvin	marvina	marvin	marvina	N	N;ACC;MASC;SG
sonny	sonny	sonny	sonny		
gore	gore	gore	gor		
hayashi	hayashi	hayashi	hayashi		
kadokawa	kadokawa	kadokawa	kadokaw		
fuscus	fuscus	fuscus	fuscus		
sega	sega	sega	seg		
kiskun	kiskun	kiskun	kiskun		
phuket	phuket	phuket	phuket	N	N;NOM;MASC;SG
blansko	blansko	blansko	blansko		
ulrich	ulrich	ulrich	ulroch		
alston	alston	alston	alston		
tirana	tiranie	tirana	tiranie	N	N;NOM;NEUT;SG
hàu	ostrygi	hàu	ostryga	N	N;ACC;MASC;SG
hàu	ostrygi	hàu	ostryga	N	N;ACC;MASC;SG
ulsan	ulsan	ulsan	ulsanin	N	N;NOM;MASC;SG
viva	viva	viva	viva		
cafe	kawy	cafe	kawa	N	N;GEN;FEM;SG
cafe	kawie	cafe	kawa	N	N;DAT;FEM;SG
cafe	kawiarni	cafe	kawiarnia	N	N;GEN;FEM;SG
cafe	kawiarnia	cafe	kawiarnia	N	N;NOM;FEM;SG
assassin	morderca	assassin	morderca	N	N;NOM;MASC;SG
assassin	zabójca	assassin	zabójca	N	N;NOM;MASC;SG
farm	farmie	farm	farma	N	N;DAT;FEM;SG
farm	gospodarstwa	farm	gospodarstwo	N	N;NOM;NEUT;SG
farm	gospodarstwo	farm	gospodarstwo	N	N;NOM;NEUT;SG
vanilla	grom	vanilla	groć		
vanilla	piorun	vanilla	piorun		
bilbao	bilbao	bilbao	bilbao	N	N;NOM;MASC;SG
bun	bun	bun	bun		
sudoeste	sudoeste	sudoeste	sudoesty		
armour	zbroja	armour	zbrój	N	N;NOM;FEM;SG
armour	zbroję	armour	zbrója	N	N;ACC;FEM;SG
armour	zbroi	armour	zbroić	N	N;GEN;FEM;SG
armour	pancerz	armour	pancerz	N	N;NOM;MASC;SG
woody	woody	woody	wooda		
fat	tłuszczu	fat	tłuszcz	N	N;GEN;MASC;SG
fat	tłuszcz	fat	tłuszcz	N	N;NOM;MASC;SG
mẹo	porady	mẹo	porada	N	N;ACC;FEM;PL
mẹo	końcówki	mẹo	końcówka	N	N;ACC;FEM;PL
mẹo	wskazówki	mẹo	wskazówka	N	N;ACC;FEM;PL
mẹo	cynk	mẹo	cynk	N	N;NOM;MASC;SG
mẹo	wskazówka	mẹo	wskazówka	N	N;NOM;FEM;SG
metropolitana	metropolitana	metropolitana	metropolitan		
pegasus	pegasus	pegasus	pegasus		
seymour	seymour	seymour	seymour		
haw	haw	haw	hawa		
hoehne	hoehne	hoehne	hoehny		
racemosa	racemosa	racemosa	racemosa	N	N;INS;NEUT;SG
lex	lex	lex	lex		
lex	lexa	lex	lexa		
orito	orito	orito	orito		
herb	ziele	herb	ziele		
ringo	ringo	ringo	ringo		
renault	renault	renault	renault		
avengers	avengers	avengers	avengers		
cobos	cobos	cobos	cobos		
kamakura	kamakura	kamakura	kamakura	N	N;NOM;MASC;SG
augsburg	augsburg	augsburg	augsburg	N	N;NOM;MASC;SG
switch	przełącznik	switch	przełącznik	N	N;ACC;MASC;SG
herald	herald	herald	herald		
dickinson	dickinson	dickinson	dickinson		
muse	muzą	muse	muzić	N	N;INS;FEM;SG
bruch	bruch	bruch	bruch		
gala	gala	gala	gala		
kazakh	kazachstanu	kazakh	kazachstan	N	N;GEN;MASC;SG
cằm	podbródek	cằm	podbródek	N	N;NOM;MASC;SG
cằm	broda	cằm	broda	N	N;NOM;FEM;SG
pioneer	pioneer	pioneer	pioneer	N	N;NOM;MASC;SG
paula	pauli	paula	paula		
imdb	imdb	imdb	imdb		
yom	jom	yom	jom		
hokage	hokage	hokage	hokaga	N	N;ACC;MASC;SG
armavir	armawir	armavir	armawir		
bor	bor	bor	bor		
sorbonne	sorbonie	sorbonne	sorbon	N	N;DAT;MASC;SG
runner	goniec	runner	goniec	N	N;NOM;MASC;SG
villanueva	villanueva	villanueva	villanuev	N	N;NOM;MASC;SG
twilight	zmierzchu	twilight	zmierzch	N	N;GEN;MASC;SG
twilight	mroku	twilight	mrok	N	N;GEN;MASC;SG
dorsalis	dorsalis	dorsalis	dorsalis		
entropy	entropia	entropy	entropia	N	N;NOM;FEM;SG
nur	nur	nur	nur	N	N;NOM;MASC;SG
sinclair	sinclair	sinclair	sinclair		
asparagus	szparagi	asparagus	szparaga		
rufipes	rufipes	rufipes	rufipes		
minneapolis	minneapolis	minneapolis	minneapolis		
lions	lwy	lions	lew	N	N;NOM;MASC;PL
kitty	kitty	kitty	kitt		
ost	ost	ost	osta		
backstreet	backstreet	backstreet	backstreet		
saunier	saunier	saunier	saunier		
nagano	nagano	nagano	nagać	N	N;NOM;NEUT;SG
pbs	pbs	pbs	pbs		
taub	taub	taub	taub		
gyeongsang	gyeongsang	gyeongsang	gyeongsang		
ito	ito	ito	ito		
bethune	bethune	bethune	bethuny		
linum	linum	linum	linum		
mama	mama	mama	mama	N	N;NOM;FEM;SG
mama	mamuśka	mama	mamuśka	N	N;NOM;FEM;SG
mama	mamusia	mama	mamusia	N	N;NOM;FEM;SG
liguria	liguria	liguria	liguria	N	N;NOM;FEM;SG
hajime	hajime	hajime	hajima		
greenwich	greenwich	greenwich	greenwi	N	N;NOM;MASC;SG
holub	holub	holub	holub		
kinabalu	kinabalu	kinabalu	kinabal	N	N;GEN;MASC;SG
usaf	usaf	usaf	usaf		
revue	revue	revue	revua		
messenger	posłańca	messenger	posłaniec	N	N;ACC;MASC;SG
messenger	posłaniec	messenger	posłaniec	N	N;NOM;MASC;SG
por	por	por	por		
stream	potok	stream	potok		
stream	stream	stream	stream		
phalanx	falanga	phalanx	falanga	N	N;NOM;FEM;SG
gerard	gerrard	gerard	gerrard		
yerevan	erywań	yerevan	erywanie	N	N;NOM;NEUT;SG
bergman	bergman	bergman	bergman		
cast	obsady	cast	obsad	N	N;GEN;FEM;SG
cast	gips	cast	gips	N	N;NOM;MASC;SG
bogotá	bogocie	bogotá	bogot	N	N;ACC;MASC;SG
focke	focke	focke	focka		
guiana	gujany	guiana	gujany		
roem	roem	roem	roem		
guetta	guetta	guetta	guetta		
simoni	simoni	simoni	simoni		
framework	ramy	framework	ramy	N	N;ACC;NEUT;PL
amor	amor	amor	amor		
zara	zara	zara	zara		
richelieu	richelieu	richelieu	richelieu	N	N;NOM;MASC;SG
snape	snape	snape	snapy	N	N;NOM;MASC;SG
guadalupe	guadalupe	guadalupe	guadalupy	N	N;GEN;MASC;SG
sira	sira	sira	sira		
allard	allard	allard	allard		
sue	sue	sue	suej		
texte	texte	texte	tente		
seinen	seinen	seinen	seinen		
