ubuntu	ubuntu	ubuntu	ubunt	N	N;DAT;MASC;SG
tallinn	talinu	tallinn	talin	N	N;DAT;MASC;SG
sparrow	sparrow	sparrow	sparrow	N	N;NOM;MASC;SG
sparrow	vrabec	sparrow	vrabec	N	N;NOM;MASC;SG
banh	žogo	banh	žoga	N	N;ACC;FEM;SG
banh	žoga	banh	žoga	N	N;NOM;FEM;SG
banh	žogica	banh	žogica	N	N;NOM;FEM;SG
wii	wii	wii	wii	N	N;NOM;MASC;SG
almería	almería	almería	almería	N	N;NOM;MASC;SG
ponte	ponte	ponte	pont	N	N;NOM;MASC;SG
agamidae	agame	agamidae	agame		
martínez	martínez	martínez	martínez	N	N;NOM;MASC;SG
thames	temzi	thames	temzi	N	N;NOM;FEM;SG
guadeloupe	guadeloupe	guadeloupe	guadeloup	N	N;NOM;FEM;PL
cumberland	cumberland	cumberland	cumberland	N	N;NOM;MASC;SG
mụn	akne	mụn	akna	N	N;NOM;FEM;PL
mustafa	mustafa	mustafa	mustaf	N	N;NOM;MASC;SG
romero	romero	romero	romera	N	N;NOM;MASC;SG
messerschmitt	messerschmitt	messerschmitt	messerschmitt	N	N;NOM;MASC;SG
saladin	saladin	saladin	saladina	N	N;NOM;MASC;SG
asturias	asturija	asturias	asturija	N	N;NOM;FEM;SG
yoshida	yoshida	yoshida	yoshida		
gauss	gauss	gauss	gauss	N	N;NOM;MASC;SG
esp}}	esp}}	esp}}	espar		
banner	poti	banner	pot	N	N;NOM;FEM;SG
banner	poteh	banner	pot	N	N;ESS;FEM;PL
banner	banner	banner	banner	N	N;NOM;MASC;SG
wikidata	wikipodatki	wikidata	wikipodatek	N	N;NOM;MASC;PL
pao	pao	pao	pao	N	N;NOM;MASC;SG
mega	mega	mega	mega		
tơi	popravki	tơi	popravek	N	N;NOM;MASC;PL
mindanao	mindanao	mindanao	mindanao	N	N;NOM;MASC;SG
maru	maru	maru	mar	N	N;DAT;MASC;SG
tango	tango	tango	tango	N	N;NOM;MASC;SG
empires	cesarstva	empires	cesarstvo	N	N;GEN;NEUT;SG
jesse	jesse	jesse	jesse	N	N;NOM;MASC;SG
adrian	adrian	adrian	adrian	N	N;NOM;MASC;SG
indicus	indicus	indicus	indicus	N	N;NOM;MASC;SG
prescott	prescott	prescott	prescott	N	N;NOM;MASC;SG
albrecht	albrecht	albrecht	albrecht	N	N;NOM;MASC;SG
marsh	močvirja	marsh	močvirje	N	N;NOM;NEUT;PL
marsh	marsh	marsh	marsh	N	N;NOM;MASC;SG
marsh	močvirje	marsh	močvirja	N	N;NOM;NEUT;SG
carnegie	carnegie	carnegie	carnegia		
kwon	kwon	kwon	kwon	N	N;NOM;MASC;SG
yamaguchi	yamaguchi	yamaguchi	yamaguchi	N	N;NOM;MASC;PL
brit	britanec	brit	britanec	N	N;NOM;MASC;SG
brit	brit	brit	brit	N	N;NOM;MASC;SG
bờm	mane	bờm	jaz	N	N;NOM;MASC;SG
phẩy	vejica	phẩy	vejica	N	N;NOM;FEM;SG
phẩy	vejico	phẩy	vejica	N	N;ACC;FEM;SG
mussolini	mussolini	mussolini	mussolina	N	N;NOM;MASC;SG
joshua	joshua	joshua	joshe	N	N;NOM;MASC;SG
demetrios	demetrius	demetrios	demetrius	N	N;NOM;MASC;SG
montevideo	montevidea	montevideo	montevidea	N	N;GEN;MASC;SG
richter	richter	richter	richter	N	N;NOM;MASC;SG
gamble	gamble	gamble	gambel	N	N;NOM;MASC;SG
mercer	mercer	mercer	mercer	N	N;NOM;MASC;SG
bethlehem	betlehem	bethlehem	betleh	N	N;NOM;MASC;SG
bolt	bolt	bolt	bolt	N	N;NOM;MASC;SG
sidi	sidi	sidi	sideti	N	N;NOM;MASC;SG
mickey	mickey	mickey	mickey	N	N;NOM;MASC;SG
mickey	miki	mickey	mik	N	N;NOM;MASC;SG
grenada	grenadi	grenada	grenada	N	N;NOM;MASC;SG
uesac	uesac	uesac	uesaca		
claudia	klavdija	claudia	klavdija	N	N;NOM;FEM;SG
dynamics	dinamika	dynamics	dinamik	N	N;NOM;FEM;SG
dynamics	dinamike	dynamics	dinamik	N	N;NOM;FEM;PL
dynamics	dinamiko	dynamics	dinamika	N	N;ACC;FEM;SG
sunda	sunda	sunda	sunda	N	N;NOM;MASC;SG
baku	baku	baku	bak	N	N;NOM;MASC;SG
eduardo	eduardo	eduardo	eduarda	N	N;NOM;MASC;SG
quăng	vrzi	quăng	vrz	V	V;PFV;IND;SG;3;PRS;FIN
yen	jenov	yen	jen	N	N;GEN;MASC;PL
sedis	sedis	sedis	sedis	N	N;NOM;MASC;SG
seal	pečat	seal	pečat	N	N;NOM;MASC;SG
albany	albany	albany	albany	N	N;NOM;MASC;SG
achaea	ahaja	achaea	ahaj	N	N;NOM;FEM;SG
bloch	bloch	bloch	bloch	N	N;NOM;MASC;SG
albacete	albacete	albacete	albaceta	N	N;NOM;FEM;PL
blade	blade	blade	blad	N	N;NOM;MASC;SG
blade	rezilo	blade	rezilo	N	N;NOM;NEUT;SG
mat	hrano	mat	hrana	N	N;ACC;FEM;SG
mat	hrana	mat	hrana	N	N;NOM;FEM;SG
mat	živila	mat	živilo	N	N;NOM;NEUT;PL
mat	mat	mat	mati	N	N;NOM;FEM;SG
nuevo	nuevo	nuevo	nuevo	N	N;NOM;FEM;SG
disco	disko	disco	disko	N	N;NOM;FEM;SG
gsub	gsub	gsub	gsub		
penny	peni	penny	peni	N	N;NOM;MASC;SG
quýt	mandarina	quýt	mandarina	N	N;NOM;FEM;SG
sunni	sunitov	sunni	sunit	N	N;GEN;MASC;PL
minamoto	minamoto	minamoto	minamota	N	N;ACC;FEM;SG
node	vozlišče	node	vozlišče	N	N;NOM;NEUT;SG
tiberius	tiberius	tiberius	tiberius	N	N;NOM;MASC;SG
engels	engels	engels	engels	N	N;NOM;MASC;SG
chong	chong	chong	chong	N	N;NOM;MASC;SG
hót	pojem	hót	pojem	N	N;NOM;MASC;SG
hót	petje	hót	petje	N	N;NOM;NEUT;SG
hót	petja	hót	petje	N	N;GEN;NEUT;SG
thor	tor	thor	tor	N	N;NOM;MASC;SG
thor	thor	thor	thor	N	N;NOM;MASC;SG
sandbox	peskovnik	sandbox	peskovnik	N	N;NOM;MASC;SG
padova	padova	padova	padova	N	N;NOM;MASC;SG
incertae	incertae	incertae	incerta	N	N;NOM;MASC;SG
comoros	komori	comoros	komor	N	N;NOM;MASC;SG
palustris	palustris	palustris	palustris	N	N;NOM;MASC;SG
iğdır	iğdır	iğdır	iğdır		
klaus	klaus	klaus	klaus	N	N;NOM;MASC;SG
gorbachev	gorbačov	gorbachev	gorbač	N	N;GEN;MASC;PL
resort	letovišče	resort	letovišče	N	N;NOM;NEUT;SG
papilionidae	papilionidae	papilionidae	papilionida	N	N;NOM;MASC;SG
taira	taira	taira	tairati	N	N;NOM;MASC;SG
vocals	vokal	vocals	vokal	N	N;NOM;MASC;SG
kahn	kahn	kahn	kahn	N	N;NOM;MASC;SG
toro	toro	toro	tora	N	N;NOM;MASC;SG
allmusic	allmusic	allmusic	allmusic	N	N;NOM;MASC;SG
chihuahua	čivava	chihuahua	čivava	N	N;NOM;FEM;SG
descartes	descartes	descartes	descartes	N	N;NOM;MASC;SG
madeira	madeira	madeira	madeira	N	N;NOM;FEM;SG
micro	mikro	micro	mikro	N	N;NOM;MASC;SG
micro	mikrofon	micro	mikrofon	N	N;NOM;MASC;SG
thìa	žlice	thìa	žlica	N	N;NOM;FEM;PL
thìa	žlica	thìa	žlica	N	N;NOM;FEM;SG
thìa	žlico	thìa	žlica	N	N;ACC;FEM;SG
thìa	žlička	thìa	žliček	N	N;NOM;MASC;SG
medici	medici	medici	medica	N	N;NOM;MASC;PL
gien	genov	gien	gen	N	N;GEN;MASC;PL
gien	geni	gien	geniti	N	N;NOM;MASC;PL
gien	gene	gien	gen	N	N;NOM;MASC;PL
gien	gen	gien	gen	N	N;NOM;MASC;SG
bains	bains	bains	bains	N	N;NOM;MASC;SG
marche	marke	marche	marka	N	N;NOM;FEM;PL
bremer	bremer	bremer	bremer	N	N;NOM;MASC;SG
hormone	hormona	hormone	hormon	N	N;NOM;MASC;SG
hormone	hormon	hormone	hormon	N	N;NOM;MASC;SG
hormone	hormone	hormone	hormona	N	N;ACC;MASC;PL
hormone	hormoni	hormone	hormon	N	N;NOM;MASC;PL
kan	kan	kan	kan	N	N;NOM;MASC;SG
beirut	bejrutu	beirut	bejrut	N	N;DAT;MASC;SG
dot	dot	dot	dot	N	N;NOM;MASC;SG
dot	piko	dot	pika	N	N;ACC;FEM;SG
dot	pika	dot	pika	N	N;NOM;FEM;SG
andersson	andersson	andersson	andersson	N	N;NOM;MASC;SG
elip	elipso	elip	elipsa	N	N;ACC;FEM;SG
lafayette	lafayette	lafayette	lafayetta	N	N;NOM;FEM;PL
willem	willem	willem	will	N	N;NOM;MASC;SG
tatar	tatar	tatar	tatar	N	N;NOM;MASC;SG
boom	bang	boom	bang	N	N;NOM;MASC;SG
boom	pok	boom	pok	N	N;NOM;MASC;SG
boom	poka	boom	poka	N	N;GEN;MASC;SG
boom	boom	boom	biti	N	N;NOM;MASC;SG
boom	bum	boom	bum	N	N;NOM;MASC;SG
dumbledore	dumbledore	dumbledore	dumbledor	N	N;NOM;MASC;SG
reo	zazvonil	reo	zazvoniti	V	V;PFV;MASC;SG;V.PTCP
reo	zvoni	reo	zvoniti	V	V;IPFV;IND;SG;3;PRS;FIN
fiction	fikcija	fiction	fikcija	N	N;NOM;FEM;SG
musashi	musashi	musashi	musash	N	N;NOM;MASC;SG
pluto	pluton	pluto	pluton	N	N;NOM;MASC;SG
adobe	adobe	adobe	adoba	N	N;NOM;MASC;SG
vermont	vermontu	vermont	vermont	N	N;DAT;MASC;SG
sụn	hrustanca	sụn	hrustanec	N	N;NOM;MASC;SG
anders	anders	anders	anders	N	N;NOM;MASC;SG
bouchet	bouchet	bouchet	bouchet	N	N;NOM;MASC;SG
khalip	kalif	khalip	kalif	N	N;NOM;MASC;SG
schalke	schalke	schalke	schalka	N	N;NOM;FEM;PL
kyushu	kjušu	kyushu	kjuš	N	N;DAT;MASC;SG
cremona	cremona	cremona	cremon	N	N;NOM;MASC;SG
handel	handel	handel	handel	N	N;NOM;MASC;SG
piston	bate	piston	bati	N	N;NOM;MASC;SG
piston	bat	piston	bati	N	N;NOM;MASC;SG
piston	bata	piston	bati	N	N;NOM;MASC;SG
liti	litija	liti	litija	N	N;NOM;FEM;SG
liti	litij	liti	litje	N	N;NOM;MASC;SG
mehmed	mehmed	mehmed	mehmed	N	N;NOM;MASC;SG
summit	vrh	summit	vrh	N	N;NOM;MASC;SG
martinique	martinique	martinique	martinique	N	N;NOM;MASC;SG
wanda	wanda	wanda	wanda	N	N;NOM;FEM;SG
saxophone	saksofon	saxophone	saksofon	N	N;NOM;MASC;SG
baghdad	bagdad	baghdad	bagdad	N	N;NOM;MASC;SG
para	para	para	par	N	N;NOM;MASC;SG
tolstoy	tolstoj	tolstoy	tolst	N	N;NOM;MASC;SG
palawan	palawan	palawan	palawan	N	N;NOM;MASC;SG
neptune	neptun	neptune	neptun	N	N;NOM;MASC;SG
jupiter	jupiter	jupiter	jupiter	N	N;NOM;MASC;SG
alfonso	alfonso	alfonso	alfonsa	N	N;NOM;MASC;SG
proxy	zastopnik	proxy	zastopnik	N	N;NOM;MASC;SG
proxy	posrednika	proxy	posrednik	N	N;ANIM;ACC;MASC;SG
proxy	približek	proxy	približek	N	N;NOM;MASC;SG
hattori	hattori	hattori	hattor	N	N;NOM;MASC;SG
musa	musa	musa	musa	N	N;NOM;MASC;SG
acta	acta	acta	acta	N	N;NOM;MASC;SG
akb	akb	akb	akb		
californica	californica	californica	californica	N	N;NOM;FEM;SG
marcello	marcello	marcello	marceli	N	N;NOM;MASC;SG
funk	funk	funk	funk	N	N;NOM;MASC;SG
zanzibar	zanzibar	zanzibar	zanzibar	N	N;NOM;MASC;SG
dmitry	dimitrij	dmitry	dimiter	N	N;NOM;MASC;SG
apiaceae	apiaceae	apiaceae	apiaceae	N	N;ACC;MASC;SG
oakland	oaklandu	oakland	oakland	N	N;DAT;MASC;SG
ambrose	ambrose	ambrose	ambros	N	N;NOM;MASC;SG
aurelius	avrelij	aurelius	avrelij	N	N;NOM;MASC;SG
sheikh	šejk	sheikh	šejk	N	N;NOM;MASC;SG
gear	tempo	gear	tempo	N	N;NOM;MASC;SG
gear	opremo	gear	oprema	N	N;ACC;FEM;SG
gear	orodja	gear	orodje	N	N;NOM;NEUT;PL
gear	hitrosti	gear	hitrost	N	N;GEN;FEM;SG
andorra	podgorica	andorra	podgorica	N	N;NOM;FEM;SG
olympique	olympique	olympique	olympique	N	N;NOM;MASC;SG
benedict	benedict	benedict	benedict	N	N;NOM;MASC;SG
palmer	palmer	palmer	palmera	N	N;NOM;MASC;SG
lat	lat	lat	lato	N	N;NOM;MASC;SG
lat	lenoba	lat	lenoba	N	N;NOM;FEM;SG
lat	len	lat	len	N	N;NOM;MASC;SG
wigan	wigan	wigan	wigan	N	N;NOM;MASC;SG
ôtô	avte	ôtô	avto	N	N;ACC;MASC;PL
ôtô	avtomobili	ôtô	avtomobil	N	N;NOM;MASC;PL
ôtô	avti	ôtô	avto	N	N;NOM;MASC;PL
ôtô	avtomobile	ôtô	avtomobil	N	N;ACC;MASC;PL
clement	klemen	clement	klemen	N	N;NOM;MASC;SG
nobilis	nobilis	nobilis	nobilis	N	N;NOM;MASC;SG
darren	darren	darren	darren	N	N;NOM;MASC;SG
fujiwara	fujiwara	fujiwara	fujiwar	N	N;NOM;MASC;SG
maxima	maxima	maxima	maxim	N	N;NOM;FEM;SG
kung	kung	kung	kung	N	N;NOM;MASC;SG
beograd	beograd	beograd	beograd	N	N;NOM;MASC;SG
helmut	helmut	helmut	helmut	N	N;NOM;MASC;SG
avril	avril	avril	avrilo	N	N;NOM;MASC;SG
mbar	mbar	mbar	mbar	N	N;NOM;MASC;SG
liststyle	liststyle	liststyle	liststyle		
niken	niklja	niken	niklja	N	N;NOM;FEM;SG
niken	nikelj	niken	nikelj	N	N;NOM;MASC;SG
kimi	kimi	kimi	kima	N	N;NOM;MASC;SG
beaufort	beaufort	beaufort	beaufort	N	N;NOM;MASC;SG
maui	maui	maui	maui	N	N;NOM;MASC;SG
ferrari	ferrari	ferrari	ferrar	N	N;NOM;MASC;SG
lozère	lozère	lozère	lozira	N	N;NOM;MASC;SG
pereira	pereira	pereira	pereira	N	N;NOM;MASC;SG
agapetus	agapit	agapetus	agapit		
fairey	fairey	fairey	fairey	N	N;NOM;MASC;SG
curie	curie	curie	curia	N	N;NOM;MASC;SG
dora	dora	dora	dora	N	N;NOM;FEM;SG
két	sefi	két	sefi	N	N;NOM;MASC;PL
aerospace	aerospace	aerospace	aerospace	N	N;NOM;MASC;SG
donau	donavi	donau	donava	N	N;NOM;FEM;SG
laevis	laevis	laevis	laevis		
shop	shop	shop	shop	N	N;NOM;MASC;SG
shop	trgovino	shop	trgovina	N	N;ACC;FEM;SG
shop	trgovina	shop	trgovina	N	N;NOM;FEM;SG
shop	trgovine	shop	trgovina	N	N;NOM;FEM;PL
kafka	kafka	kafka	kafek	N	N;NOM;MASC;SG
meteor	meteor	meteor	meteor	N	N;NOM;MASC;SG
thwaites	thwaites	thwaites	thwaites	N	N;NOM;MASC;SG
sylvia	sylvia	sylvia	sylvia	N	N;NOM;FEM;SG
thriller	triler	thriller	triler	N	N;NOM;MASC;SG
sensu	sensu	sensu	sens	N	N;NOM;MASC;SG
gentry	gentry	gentry	gentry		
wickes	wickes	wickes	wickes	N	N;NOM;MASC;SG
giặt	opral	giặt	oprala	V	V;PFV;MASC;SG;V.PTCP
hibiscus	hibiscus	hibiscus	hibiscus	N	N;NOM;MASC;SG
rfc	rfc	rfc	rfc	N	N;NOM;MASC;SG
catania	catania	catania	catania	N	N;NOM;MASC;SG
hilton	hilton	hilton	hilton	N	N;NOM;MASC;SG
sexy	sexy	sexy	sexy	N	N;NOM;FEM;SG
sexy	seksi	sexy	seksa	N	N;NOM;MASC;SG
vinyl	vinil	vinyl	viniti	N	N;NOM;MASC;SG
cược	stava	cược	stava	N	N;NOM;FEM;SG
krasnodar	krasnodar	krasnodar	krasnodar	N	N;NOM;MASC;SG
trieste	trst	trieste	trst	N	N;NOM;MASC;SG
pharaon	faraoni	pharaon	faraoni	N	N;NOM;MASC;PL
sirius	sirius	sirius	sirius	N	N;NOM;MASC;SG
arafat	arafat	arafat	arafat	N	N;NOM;MASC;SG
leonid	leonid	leonid	leonid	N	N;NOM;MASC;SG
phoebe	phoebe	phoebe	phoeba	N	N;NOM;FEM;SG
benevento	benevento	benevento	benevento	N	N;NOM;FEM;SG
cervus	cervus	cervus	cervus	N	N;NOM;MASC;SG
sec	sek	sec	seka	N	N;NOM;MASC;SG
sec	sec	sec	seca	N	N;NOM;MASC;SG
barca	barca	barca	barce	N	N;NOM;MASC;SG
cassini	cassini	cassini	cassina	N	N;NOM;FEM;SG
nottingham	nottingham	nottingham	nottinghati	N	N;DAT;MASC;SG
boson	bozon	boson	bozon	N	N;NOM;MASC;SG
labrador	labrador	labrador	labrador	N	N;NOM;MASC;SG
shinichi	shinichi	shinichi	shinich	N	N;NOM;FEM;SG
charlton	charlton	charlton	charlton	N	N;NOM;MASC;SG
saturn	saturn	saturn	saturn	N	N;NOM;MASC;SG
container	zabojnik	container	zabojnik	N	N;NOM;MASC;SG
container	posoda	container	posoda	N	N;NOM;FEM;SG
jihlava	jihlava	jihlava	jihlav	N	N;NOM;MASC;SG
nitrat	nitrat	nitrat	nitrat	N	N;NOM;MASC;SG
nitrat	nitratov	nitrat	nitrat	N	N;GEN;MASC;PL
nitrat	nitrata	nitrat	nitrat	N	N;NOM;MASC;SG
hilbert	hilbert	hilbert	hilbert	N	N;NOM;MASC;SG
eight	osem	eight	osem	NUM	NUM;NOM;PL
cobain	cobain	cobain	cobain	N	N;NOM;MASC;SG
hogg	hogg	hogg	hogg		
núm	bradavice	núm	bradavica	N	N;NOM;FEM;PL
shiva	šive	shiva	šiva	N	N;NOM;MASC;SG
shiva	šiva	shiva	šiv	N	N;NOM;MASC;SG
shiva	šivo	shiva	šivo	N	N;ACC;FEM;SG
merlin	merlin	merlin	merlina	N	N;NOM;MASC;SG
vesoul	vesoul	vesoul	vesoul		
officiel	officiel	officiel	officiel	N	N;NOM;MASC;SG
anchor	sidro	anchor	sidro	N	N;NOM;NEUT;SG
ascii	ascii	ascii	asci	N	N;NOM;MASC;SG
barset	barset	barset	barset		
bolzano	bolzano	bolzano	bolzan	N	N;NOM;MASC;SG
martinez	martinez	martinez	martinez	N	N;NOM;MASC;SG
nmi	nmi	nmi	nmi	N	N;NOM;MASC;SG
edison	edison	edison	edison	N	N;NOM;MASC;SG
orton	orton	orton	orton	N	N;NOM;MASC;SG
nógrád	nógrád	nógrád	nógrád	N	N;NOM;MASC;SG
sẹo	brazgotine	sẹo	brazgotina	N	N;NOM;FEM;PL
sẹo	brazgotina	sẹo	brazgotina	N	N;NOM;FEM;SG
sẹo	brazgotino	sẹo	brazgotina	N	N;ACC;FEM;SG
bravo	bravo	bravo	brava		
honshū	honshū	honshū	honsh	N	N;NOM;MASC;SG
tahiti	tahiti	tahiti	tahiti	N	N;NOM;MASC;SG
bauer	bauer	bauer	bauer	N	N;NOM;MASC;SG
eurovision	evrovizije	eurovision	evrovizija	N	N;NOM;FEM;PL
wolfsburg	wolfsburg	wolfsburg	wolfsburg	N	N;NOM;MASC;SG
kalinin	kalinin	kalinin	kalinin	N	N;NOM;MASC;SG
tigris	tigrisa	tigris	tigris	N	N;GEN;MASC;SG
caproni	caproni	caproni	caproniti	N	N;NOM;MASC;SG
laguna	laguna	laguna	laguna	N	N;NOM;FEM;SG
theodosius	teodozij	theodosius	teodozija	N	N;NOM;MASC;SG
coca	koks	coca	koks	N	N;NOM;MASC;SG
coca	kokain	coca	kokain	N	N;NOM;MASC;SG
coca	koka	coca	koka	N	N;NOM;MASC;SG
coca	kola	coca	kola	N	N;NOM;FEM;SG
coca	koke	coca	koka	N	N;NOM;MASC;SG
coca	koka	coca	koka	N	N;NOM;MASC;SG
pixel	pixel	pixel	pixel	N	N;NOM;MASC;SG
lcd	lcd	lcd	lcd	N	N;NOM;MASC;SG
anemone	vetrnica	anemone	vetrnica	N	N;NOM;FEM;SG
rogue	rogue	rogue	rogue	N	N;NOM;MASC;SG
factbook	factbook	factbook	factbook	N	N;NOM;MASC;SG
bonus	bonus	bonus	bonus	N	N;NOM;MASC;SG
điốt	dioda	điốt	diod	N	N;NOM;FEM;SG
mồm	ust	mồm	usta	N	N;GEN;NEUT;PL
mồm	usta	mồm	usta	N	N;NOM;NEUT;PL
mồm	gobec	mồm	gobec	N	N;NOM;MASC;SG
burma	burmi	burma	burma	N	N;NOM;FEM;SG
burma	burmo	burma	burma	N	N;ACC;FEM;SG
baptist	baptist	baptist	baptist	N	N;NOM;MASC;SG
hrsg	hrsg	hrsg	hrsg		
koh	koh	koh	koh	N	N;NOM;MASC;SG
castanea	castanea	castanea	castanea	N	N;NOM;MASC;SG
dome	kupola	dome	kupola	N	N;NOM;FEM;SG
dome	kupolo	dome	kupolo	N	N;ACC;FEM;SG
infinity	neskončnost	infinity	neskončnost	N	N;NOM;FEM;SG
infinity	neskončnosti	infinity	neskončnost	N	N;GEN;FEM;SG
lombard	lombard	lombard	lombard	N	N;NOM;MASC;SG
bịp	ukana	bịp	ukan	N	N;NOM;FEM;SG
bịp	trik	bịp	trik	N	N;NOM;MASC;SG
bịp	finta	bịp	fint	N	N;NOM;FEM;SG
forrest	forrest	forrest	forrest	N	N;NOM;MASC;SG
chòi	koča	chòi	kočati	N	N;NOM;FEM;SG
chòi	kočo	chòi	koča	N	N;ACC;FEM;SG
chòi	kabina	chòi	kabina	N	N;NOM;FEM;SG
robbie	robbie	robbie	robbie	N	N;NOM;MASC;SG
pardubice	pardubice	pardubice	pardubica	N	N;NOM;FEM;PL
dressler	dressler	dressler	dressler		
mứt	jam	mứt	jam	N	N;NOM;MASC;SG
mứt	marmelada	mứt	marmelad	N	N;NOM;FEM;SG
mứt	marmelado	mứt	marmelada	N	N;ACC;FEM;SG
mứt	marmelade	mứt	marmelada	N	N;NOM;FEM;PL
mứt	marmelada	mứt	marmelad	N	N;NOM;FEM;SG
mứt	marmelado	mứt	marmelada	N	N;ACC;FEM;SG
mứt	marmelade	mứt	marmelada	N	N;NOM;FEM;PL
hpa	hpa	hpa	hpa	N	N;NOM;MASC;SG
benny	benny	benny	benny	N	N;NOM;MASC;SG
attila	attila	attila	attilo	N	N;NOM;MASC;SG
tbilisi	tbilisi	tbilisi	tbilis	N	N;NOM;MASC;PL
plutoni	plutonij	plutoni	plutonij	N	N;NOM;MASC;SG
rugby	ragbi	rugby	ragba	N	N;NOM;MASC;SG
rugby	rugby	rugby	rugby	N	N;NOM;MASC;SG
kira	kira	kira	kira	N	N;NOM;FEM;SG
navbox	navbox	navbox	navbox		
laden	laden	laden	laden	N	N;NOM;MASC;SG
benito	benito	benito	benito	N	N;NOM;MASC;SG
aka	aka	aka	aka		
ramesses	ramzes	ramesses	ramzes	N	N;NOM;MASC;SG
aeroflot	aeroflot	aeroflot	aeroflota	N	N;NOM;MASC;SG
panorama	panorama	panorama	panorama	N	N;NOM;FEM;SG
schultz	schultz	schultz	schultz	N	N;NOM;MASC;SG
trumpet	trobente	trumpet	trobent	N	N;NOM;FEM;PL
trumpet	trobento	trumpet	trobento	N	N;NOM;MASC;SG
obi	obi	obi	obi	N	N;NOM;MASC;SG
bốt	škornje	bốt	škorenj	N	N;ACC;MASC;PL
bốt	čevlji	bốt	čevelj	N	N;NOM;MASC;PL
bốt	škornji	bốt	škornji	N	N;NOM;MASC;PL
haryana	haryana	haryana	haryan	N	N;NOM;MASC;SG
gsm	gsm	gsm	gsm	N	N;NOM;MASC;SG
homer	homer	homer	homer	N	N;NOM;MASC;SG
fourier	fourier	fourier	fourier	N	N;NOM;MASC;SG
hub	hub	hub	hub	N	N;NOM;MASC;SG
gifford	gifford	gifford	gifford		
benin	benin	benin	benina	N	N;NOM;MASC;SG
saddam	sadam	saddam	sadam	N	N;NOM;MASC;SG
psv	psv	psv	psv	N	N;NOM;MASC;SG
monde	monde	monde	monda	N	N;NOM;MASC;SG
beetle	hrošč	beetle	hrošč	N	N;NOM;MASC;SG
picasso	picasso	picasso	picassa	N	N;NOM;MASC;SG
bien	nebo	bien	nebo	N	N;NOM;NEUT;SG
silicon	silicijev	silicon	silicije	N	N;NOM;MASC;SG
silicon	silicij	silicon	silicija	N	N;NOM;MASC;SG
silicon	silicija	silicon	silicija	N	N;NOM;FEM;SG
silicon	silikon	silicon	silikon	N	N;NOM;MASC;SG
damascus	damasku	damascus	damask	N	N;DAT;MASC;SG
cordata	cordata	cordata	cordat	N	N;NOM;FEM;SG
anemia	anemija	anemia	anemij	N	N;NOM;FEM;SG
anemia	anemijo	anemia	anemija	N	N;ACC;FEM;SG
una	una	una	una	N	N;NOM;FEM;SG
fountain	vodnjak	fountain	vodnjak	N	N;NOM;MASC;SG
fountain	fontana	fountain	fontan	N	N;NOM;MASC;SG
havlíčkův	havlíčkův	havlíčkův	havlščkiv	N	N;NOM;MASC;SG
vaucluse	vaucluse	vaucluse	vauclus	N	N;NOM;MASC;PL
kalimantan	kalimantan	kalimantan	kalimantan	N	N;NOM;FEM;SG
sinai	sinai	sinai	sinai	N	N;NOM;MASC;SG
huelva	huelva	huelva	huelva	N	N;NOM;FEM;SG
beckham	beckham	beckham	beckha	N	N;NOM;MASC;SG
gin	gin	gin	gin	N	N;NOM;MASC;SG
oxit	oksid	oxit	oksid	N	N;NOM;MASC;SG
eteeq	eteeq	eteeq	eteeq		
echo	odmev	echo	odmev	N	N;NOM;MASC;SG
echo	echo	echo	echo	N	N;NOM;MASC;SG
sever	sever	sever	sever	N	N;NOM;MASC;SG
dornier	dornier	dornier	dornier	N	N;NOM;MASC;SG
chocolate	čokolado	chocolate	čokolada	N	N;ACC;FEM;SG
chocolate	čokolada	chocolate	čokolada	N	N;NOM;FEM;SG
transistor	tranzistor	transistor	tranzistor	N	N;NOM;MASC;SG
supermarine	supermarine	supermarine	supermarin	N	N;NOM;FEM;SG
timur	timur	timur	timur	N	N;NOM;MASC;SG
hybrid	križanec	hybrid	križanec	N	N;NOM;MASC;SG
hybrid	hibrid	hybrid	hibrid	N	N;NOM;MASC;SG
bittorrent	bittorrent	bittorrent	bittorrent	N	N;NOM;MASC;SG
canis	canis	canis	canis	N	N;NOM;MASC;SG
battlefield	bojišče	battlefield	bojišče	N	N;NOM;NEUT;SG
pushkin	puškin	pushkin	puškin	N	N;NOM;MASC;SG
neutrino	nevtrino	neutrino	nevtrina	N	N;NOM;MASC;SG
elton	elton	elton	elton	N	N;NOM;MASC;SG
griswold	griswold	griswold	griswold		
fiat	fiat	fiat	fiat	N	N;NOM;MASC;SG
circus	cirkus	circus	cirkus	N	N;NOM;MASC;SG
subspecies	podvrste	subspecies	podvrsti	N	N;NOM;FEM;PL
montpellier	montpellier	montpellier	montpellier	N	N;NOM;MASC;SG
atatürk	atatürka	atatürk	atatürka	N	N;NOM;MASC;SG
aet	aet	aet	aet		
greece	grčija	greece	grčija	N	N;NOM;FEM;SG
ferb	ferb	ferb	ferb		
landmark	mejnik	landmark	mejnik	N	N;NOM;MASC;SG
landmark	znamenitost	landmark	znamenitost	N	N;NOM;FEM;SG
benešov	benešov	benešov	beneš	N	N;GEN;MASC;PL
levant	levant	levant	levant	N	N;NOM;MASC;SG
leste	leste	leste	lesta	N	N;NOM;MASC;SG
fra	fra	fra	fra		
cuốc	motiko	cuốc	motika	N	N;ACC;FEM;SG
ftp	ftp	ftp	ftp	N	N;NOM;MASC;SG
tudor	tudor	tudor	tudor	N	N;NOM;MASC;SG
menu	menu	menu	menu	N	N;NOM;MASC;SG
menu	jedilnik	menu	jedilnik	N	N;NOM;MASC;SG
menu	meniji	menu	menij	N	N;NOM;MASC;PL
klug	klug	klug	klug		
poltava	poltava	poltava	poltava	N	N;NOM;FEM;SG
sergio	sergio	sergio	sergia	N	N;NOM;MASC;SG
hawking	hawking	hawking	hawking	N	N;NOM;MASC;SG
pitt	pitt	pitt	pitt	N	N;NOM;MASC;SG
nihon	nihon	nihon	nihon	N	N;NOM;MASC;SG
jakob	jakob	jakob	jakob	N	N;NOM;MASC;SG
somali	somaliji	somali	somalija	N	N;NOM;MASC;PL
hardcore	hardcore	hardcore	hardcor	N	N;NOM;MASC;SG
sizedefault	sizedefault	sizedefault	sizedefault	N	N;NOM;MASC;SG
waltz	valček	waltz	valček	N	N;NOM;MASC;SG
eos	eos	eos	eos	N	N;NOM;MASC;SG
heves	heves	heves	heves	N	N;NOM;MASC;SG
thierry	thierry	thierry	thierry	N	N;NOM;MASC;SG
serena	serena	serena	serena	N	N;NOM;FEM;SG
fiorentina	fiorentina	fiorentina	fiorentina	N	N;NOM;FEM;SG
malus	malus	malus	malus	N	N;NOM;MASC;SG
flo	flow	flo	flow	N	N;NOM;MASC;SG
quest	pohod	quest	pohod	N	N;NOM;MASC;SG
quest	iskanje	quest	iskanje	N	N;NOM;NEUT;SG
chrome	krom	chrome	krom	N	N;NOM;MASC;SG
ismail	ismail	ismail	ismati	N	N;NOM;MASC;SG
irkutsk	irkutsk	irkutsk	irkutsk	N	N;NOM;MASC;SG
isla	isla	isla	isti	N	N;NOM;MASC;SG
alejandro	alejandro	alejandro	alejandro	N	N;NOM;MASC;SG
lancashire	lancashire	lancashire	lancashira	N	N;NOM;MASC;SG
myspace	myspace	myspace	myspac	N	N;NOM;MASC;SG
saab	saab	saab	saab	N	N;NOM;MASC;SG
draco	draco	draco	draca	N	N;NOM;FEM;SG
hale	hale	hale	hala	N	N;NOM;MASC;SG
hamburger	hamburger	hamburger	hamburger	N	N;NOM;MASC;SG
marvin	marvin	marvin	marvin	N	N;NOM;MASC;SG
inn	gostilna	inn	gostilna	N	N;NOM;FEM;SG
inn	gostišče	inn	gostišče	N	N;NOM;NEUT;SG
neill	neill	neill	neiti	N	N;NOM;MASC;SG
esp	esp	esp	esp	N	N;NOM;MASC;SG
phuket	phuket	phuket	phuket	N	N;NOM;MASC;SG
donna	donno	donna	donno		
checkuser	checkuser	checkuser	checkuser	N	N;ACC;MASC;PL
tirana	tirani	tirana	tirani	N	N;NOM;MASC;PL
beaumont	beaumont	beaumont	beaumont	N	N;NOM;MASC;SG
erie	erie	erie	eri	N	N;NOM;MASC;SG
mourinho	mourinho	mourinho	mourinh	N	N;NOM;MASC;SG
ogg	ogg	ogg	ogg	N	N;NOM;MASC;SG
viva	viva	viva	vivo		
cafe	kavo	cafe	kava	N	N;ACC;FEM;SG
cafe	kava	cafe	kava	N	N;NOM;FEM;SG
cafe	kavarna	cafe	kavarna	N	N;NOM;FEM;SG
cafe	cafe	cafe	cafa	N	N;NOM;MASC;SG
cafe	kavarni	cafe	kavarna	N	N;NOM;FEM;SG
assassin	ubijalec	assassin	ubijalec	N	N;NOM;MASC;SG
assassin	morilec	assassin	morilec	N	N;NOM;MASC;SG
farm	farma	farm	farma	N	N;NOM;FEM;SG
farm	kmetiji	farm	kmetija	N	N;NOM;FEM;DU
farm	kmetija	farm	kmetija	N	N;NOM;FEM;SG
société	société	société	socilt	N	N;NOM;MASC;SG
auschwitz	auschwitzu	auschwitz	auschwitz	N	N;DAT;MASC;SG
newark	newarku	newark	newark	N	N;DAT;MASC;SG
armour	oklep	armour	oklep	N	N;NOM;MASC;SG
fat	maščob	fat	maščoba	N	N;GEN;FEM;PL
fat	maščobe	fat	maščoba	N	N;NOM;FEM;PL
fat	maščoba	fat	maščoba	N	N;NOM;FEM;SG
corleone	corleone	corleone	corleon	N	N;NOM;MASC;SG
mẹo	namigi	mẹo	namig	N	N;NOM;MASC;PL
mẹo	konice	mẹo	konica	N	N;NOM;FEM;PL
mẹo	nasveti	mẹo	nasvet	N	N;NOM;MASC;PL
mẹo	namig	mẹo	namig	N	N;NOM;MASC;SG
mẹo	nasvet	mẹo	nasvet	N	N;NOM;MASC;SG
monogatari	monogatari	monogatari	monogatari	N	N;NOM;MASC;SG
wilde	wilde	wilde	wilde	N	N;NOM;MASC;SG
glycine	glicin	glycine	glicin	N	N;NOM;MASC;SG
plato	platon	plato	platon	N	N;NOM;MASC;SG
olympus	olimp	olympus	olimp	N	N;NOM;MASC;SG
tashkent	taškent	tashkent	taškent	N	N;NOM;MASC;SG
muñoz	muñoz	muñoz	muñoz	N	N;NOM;MASC;SG
burgundy	burgundy	burgundy	burgundy	N	N;NOM;MASC;SG
rousseau	rousseau	rousseau	rousse	N	N;NOM;MASC;SG
mecca	meka	mecca	mek	N	N;NOM;FEM;SG
kamakura	kamakura	kamakura	kamakura	N	N;NOM;MASC;SG
augsburg	augsburg	augsburg	augsburg	N	N;NOM;MASC;SG
switch	stikalo	switch	stikalo	N	N;NOM;NEUT;SG
hume	hume	hume	huma	N	N;NOM;MASC;SG
muse	muza	muse	muza	N	N;NOM;FEM;SG
bruch	bruch	bruch	bruch		
kazakh	kozak	kazakh	kozak	N	N;NOM;MASC;SG
bye	adijo	bye	adija		
cằm	brado	cằm	brada	N	N;ACC;FEM;SG
cằm	brada	cằm	brada	N	N;NOM;FEM;SG
pioneer	pionir	pioneer	pionir	N	N;NOM;MASC;SG
toulon	toulona	toulon	toulon	N	N;NOM;MASC;SG
armavir	armavir	armavir	armavir		
runner	tekač	runner	tekač	N	N;NOM;MASC;SG
twilight	somrak	twilight	somrak	N	N;NOM;MASC;SG
twilight	mrak	twilight	mrak	N	N;NOM;MASC;SG
leme	leme	leme	lema	N	N;NOM;FEM;SG
hispaniola	hispaniola	hispaniola	hispaniol	N	N;NOM;MASC;SG
entropy	entropija	entropy	entropija	N	N;NOM;FEM;SG
sardegna	sardegna	sardegna	sardegna	N	N;NOM;FEM;SG
voltaire	voltaire	voltaire	voltariti	N	N;NOM;MASC;SG
merton	merton	merton	merton	N	N;NOM;MASC;SG
salmon	lososov	salmon	losos	N	N;GEN;MASC;PL
salmon	losos	salmon	losos	N	N;NOM;MASC;SG
salmon	lososa	salmon	losos	N	N;GEN;MASC;SG
nhả	izpusti	nhả	izpustiti	V	V;PFV;IND;SG;3;PRS;FIN
thùa	agave	thùa	agava	N	N;NOM;FEM;PL
heathrow	heathrow	heathrow	heathrow	N	N;NOM;MASC;SG
machado	machado	machado	machada	N	N;NOM;MASC;SG
samara	samara	samara	samara	N	N;NOM;FEM;SG
mona	mona	mona	mona	N	N;NOM;FEM;SG
elsa	elsa	elsa	elso	N	N;NOM;FEM;SG
ost	ost	ost	ost		
tulagi	tulagi	tulagi	tulaga	N	N;NOM;MASC;SG
alagoas	alagoas	alagoas	alagoas	N	N;NOM;MASC;SG
taub	taub	taub	taub		
polymer	polimer	polymer	polimer	N	N;NOM;MASC;SG
fitzgerald	fitzgerald	fitzgerald	fitzgerald	N	N;NOM;MASC;SG
mama	mama	mama	mama	N	N;NOM;FEM;SG
romeo	romeo	romeo	romeo	N	N;NOM;MASC;SG
didier	didier	didier	didier	N	N;NOM;MASC;SG
liguria	ligurija	liguria	ligurija	N	N;NOM;FEM;SG
joyce	joyce	joyce	joyce	N	N;NOM;MASC;SG
wai	wai	wai	wai	N	N;NOM;MASC;SG
alexis	alexis	alexis	alexis	N	N;NOM;MASC;SG
greenwich	greenwich	greenwich	greenwich	N	N;NOM;MASC;SG
caserta	caserti	caserta	caserta	N	N;NOM;MASC;SG
holub	holub	holub	holub		
asen	asen	asen	asen	N	N;NOM;MASC;SG
titus	titus	titus	titus	N	N;NOM;MASC;SG
hayek	hayek	hayek	hayek	N	N;NOM;MASC;SG
messenger	glasnik	messenger	glasnik	N	N;NOM;MASC;SG
por	por	por	por		
lagos	lagos	lagos	lagos	N	N;NOM;MASC;SG
petra	petra	petra	peter	N	N;NOM;MASC;SG
palmas	palmas	palmas	palmas	N	N;NOM;MASC;SG
sikorsky	sikorsky	sikorsky	sikorsky	N	N;NOM;MASC;SG
ngẫm	žveči	ngẫm	žveča	V	V;IPFV;IND;SG;3;PRS;FIN
reims	remiju	reims	remij	N	N;DAT;MASC;SG
ericsson	ericsson	ericsson	ericsson	N	N;NOM;MASC;SG
achilles	ahil	achilles	ahil	N	N;NOM;MASC;SG
achilles	achille	achilles	achill	N	N;NOM;MASC;SG
cast	mavec	cast	mavec	N	N;NOM;MASC;SG
cast	zasedbo	cast	zasedba	N	N;ACC;FEM;SG
cast	cast	cast	cast	N	N;NOM;MASC;SG
cast	zasedba	cast	zasedba	N	N;NOM;FEM;SG
bogotá	bogoti	bogotá	bogot	N	N;NOM;MASC;SG
ski	ski	ski	ski	N	N;NOM;MASC;SG
framework	okvir	framework	okvir	N	N;NOM;MASC;SG
framework	ogrodje	framework	ogrodje	N	N;NOM;NEUT;SG
amour	amour	amour	amour	N	N;NOM;MASC;SG
richelieu	richelieu	richelieu	richeli	N	N;NOM;MASC;SG
cappadocia	kapadokija	cappadocia	kapadokija	N	N;NOM;FEM;SG
guadalupe	guadalupe	guadalupe	guadalup	N	N;NOM;FEM;PL
mendoza	mendoza	mendoza	mendoz	N	N;NOM;FEM;SG
judo	judo	judo	jud	N	N;NOM;FEM;SG
gmt+	gmt+	gmt+	gmt+		
lampard	lampard	lampard	lampard	N	N;NOM;MASC;SG
tunis	tunis	tunis	tunis	N	N;NOM;MASC;SG
allard	allard	allard	allard		
hermes	hermes	hermes	hermes	N	N;NOM;MASC;SG
colchicum	colchicum	colchicum	colchicum	N	N;NOM;MASC;SG
jedi	jedi	jedi	jed	N	N;NOM;FEM;PL
iglesias	iglesias	iglesias	iglesias	N	N;NOM;MASC;SG
harley	harley	harley	harley	N	N;NOM;MASC;SG
reno	rena	reno	rena	N	N;GEN;FEM;SG
reno	renu	reno	ren	N	N;DAT;MASC;SG
reno	reno	reno	rena	N	N;NOM;MASC;SG
lagrange	lagrange	lagrange	lagrang	N	N;NOM;MASC;SG
roque	roque	roque	roque	N	N;NOM;MASC;SG
lahore	lahore	lahore	lahor	N	N;NOM;MASC;SG
sande	sande	sande	sanda		
comte	comte	comte	comta	N	N;NOM;MASC;SG
sikh	turban	sikh	turban	N	N;NOM;MASC;SG
corsair	corsair	corsair	corsair	N	N;NOM;MASC;SG
vaux	vaux	vaux	vaux	N	N;NOM;MASC;SG
constantius	konstancij	constantius	konstancija	N	N;NOM;MASC;SG
nairobi	nairobiju	nairobi	nairobij	N	N;DAT;NEUT;SG
xui	nesrečni	xui	nesrečen	ADJ	ADJ;NOM;MASC;PL
xui	nesrečen	xui	nesrečen	ADJ	ADJ;NOM;INDF;MASC;SG
pocket	žepu	pocket	žep	N	N;DAT;MASC;SG
pocket	žep	pocket	žep	N	N;NOM;MASC;SG
akbar	akbar	akbar	akbar	N	N;NOM;MASC;SG
elite	elita	elite	elita	N	N;NOM;FEM;SG
elite	elite	elite	elita	N	N;NOM;FEM;PL
elite	elito	elite	elito	N	N;ACC;FEM;SG
interwiki	interwiki	interwiki	interwika	N	N;NOM;MASC;SG
acad	acad	acad	acad	N	N;NOM;MASC;SG
cotton	bombaž	cotton	bombaž	N	N;NOM;MASC;SG
dispar	dispar	dispar	dispar		
faust	faust	faust	faust	N	N;NOM;MASC;SG
shevchenko	shevchenko	shevchenko	shevchenko	N	N;ACC;FEM;SG
everest	everest	everest	everest	N	N;NOM;MASC;SG
mpeg	mpeg	mpeg	mpeg	N	N;NOM;MASC;SG
berber	berber	berber	berber	N	N;NOM;MASC;SG
atm	atm	atm	atm	N	N;NOM;MASC;SG
atm	bankomat	atm	bankomat	N	N;NOM;MASC;SG
suleiman	sulejman	suleiman	sulejman	N	N;NOM;MASC;SG
lamb	jagnje	lamb	jagnja	N	N;NOM;NEUT;SG
brezhnev	brežnjev	brezhnev	brežnjev	N	N;NOM;MASC;SG
giỏ	žepu	giỏ	žep	N	N;DAT;MASC;SG
giỏ	žep	giỏ	žep	N	N;NOM;MASC;SG
giỏ	koš	giỏ	koš	N	N;NOM;MASC;SG
giỏ	košara	giỏ	košara	N	N;NOM;FEM;SG
giỏ	koša	giỏ	koša	N	N;GEN;MASC;SG
giỏ	košaro	giỏ	košara	N	N;ACC;FEM;SG
giỏ	košare	giỏ	košara	N	N;NOM;FEM;PL
giỏ	košarice	giỏ	košarica	N	N;NOM;FEM;PL
marta	marta	marta	mart	N	N;NOM;FEM;SG
hana	hana	hana	hana	N	N;NOM;FEM;SG
scipio	scipio	scipio	scipi	N	N;NOM;MASC;SG
cascade	cascade	cascade	cascada	N	N;NOM;MASC;PL
almeida	almeida	almeida	almeid	N	N;NOM;MASC;SG
eliot	eliot	eliot	eliot	N	N;NOM;MASC;SG
tea	čaj	tea	čaj	N	N;NOM;MASC;SG
raja	raja	raja	raj	N	N;NOM;MASC;SG
fun	fun	fun	fun	N	N;NOM;MASC;SG
fun	hec	fun	hec	N	N;NOM;MASC;SG
fun	zabava	fun	zabava	N	N;NOM;FEM;SG
jungle	džungla	jungle	džunčiti	N	N;NOM;FEM;SG
jungle	džungli	jungle	džunčiti	N	N;NOM;FEM;SG
jungle	džungle	jungle	džungel	N	N;NOM;FEM;PL
jungle	džunglo	jungle	džungeti	N	N;ACC;NEUT;SG
hillary	hillary	hillary	hillary	N	N;NOM;FEM;SG
wolfram	volframov	wolfram	volfram	N	N;GEN;MASC;PL
mangan	mangan	mangan	mangan	N	N;NOM;MASC;SG
suceava	suceava	suceava	suceava	N	N;NOM;FEM;SG
bluetooth	bluetooth	bluetooth	bluetooth	N	N;NOM;MASC;SG
compton	compton	compton	compton	N	N;NOM;MASC;SG
schuster	schuster	schuster	schuster	N	N;NOM;MASC;SG
fleming	fleming	fleming	fleming	N	N;NOM;MASC;SG
glucose	glukoze	glucose	glukoza	N	N;NOM;FEM;PL
glucose	glukozo	glucose	glukoza	N	N;ACC;FEM;SG
glucose	glukoza	glucose	glukoz	N	N;NOM;FEM;SG
classics	klasike	classics	klasika	N	N;NOM;FEM;PL
bratislava	bratislavi	bratislava	bratislava	N	N;NOM;FEM;SG
herschel	herschel	herschel	herschel	N	N;NOM;MASC;SG
café	kavarna	café	kavarna	N	N;NOM;FEM;SG
café	cafe	café	cafa	N	N;NOM;MASC;SG
café	kavarni	café	kavarna	N	N;NOM;FEM;SG
café	kavarna	café	kavarna	N	N;NOM;FEM;SG
café	kavarni	café	kavarna	N	N;NOM;FEM;SG
freiburg	freiburg	freiburg	freiburg	N	N;NOM;MASC;SG
litoměřice	litoměřice	litoměřice	litomiiica	N	N;NOM;FEM;PL
amadeus	amadeus	amadeus	amadeus	N	N;NOM;MASC;SG
giacomo	giacomo	giacomo	giacoma	N	N;NOM;MASC;SG
davy	davy	davy	davy	N	N;NOM;MASC;SG
lupus	lupus	lupus	lupus	N	N;NOM;MASC;SG
subfamilia	subfamilia	subfamilia	subfamilia	N	N;NOM;FEM;SG
occidental	occidental	occidental	occidental	N	N;NOM;MASC;SG
concept	pojem	concept	pojem	N	N;NOM;MASC;SG
concept	koncept	concept	koncept	N	N;NOM;MASC;SG
archimedes	arhimed	archimedes	arhimed	N	N;NOM;MASC;SG
casino	igralnici	casino	igralnica	N	N;DAT;FEM;SG
casino	casino	casino	casina	N	N;NOM;MASC;SG
casino	igralnica	casino	igralnica	N	N;NOM;FEM;SG
casino	kazino	casino	kazina	N	N;NOM;FEM;SG
hyde	hyde	hyde	hyda	N	N;NOM;MASC;SG
fejér	fejér	fejér	fejér	N	N;NOM;MASC;SG
cabin	koča	cabin	kočati	N	N;NOM;FEM;SG
cabin	kočo	cabin	koča	N	N;ACC;FEM;SG
cabin	kabina	cabin	kabina	N	N;NOM;FEM;SG
ulysses	odisej	ulysses	odisej	N	N;NOM;MASC;SG
rệp	stenice	rệp	stenica	N	N;NOM;FEM;PL
rệp	hrošče	rệp	hrošča	N	N;ACC;MASC;PL
rệp	žuželke	rệp	žuželka	N	N;NOM;FEM;PL
rệp	hrošči	rệp	hrošč	N	N;NOM;MASC;PL
jindřichův	jindřichův	jindřichův	jindiichiv	N	N;NOM;MASC;SG
bourg	bourg	bourg	bourg	N	N;NOM;MASC;SG
sacramento	sacramentu	sacramento	sacrament	N	N;DAT;MASC;SG
lecco	lecco	lecco	lecco	N	N;NOM;MASC;SG
wallis	wallis	wallis	wallis	N	N;NOM;MASC;SG
hoét	drozg	hoét	drozg	N	N;NOM;MASC;SG
hmcs	hmcs	hmcs	hmcs	N	N;NOM;MASC;SG
faber	faber	faber	faber	N	N;NOM;MASC;SG
ying	jing	ying	jing	N	N;NOM;MASC;SG
zip	zip	zip	zip	N	N;NOM;MASC;SG
kharkiv	harkov	kharkiv	harek	N	N;GEN;MASC;SG
fermat	fermat	fermat	fermat	N	N;NOM;MASC;SG
colt	colt	colt	colt	N	N;NOM;MASC;SG
caracas	caracasu	caracas	caracas	N	N;DAT;MASC;SG
ned	ned	ned	ned	N	N;NOM;MASC;SG
ned	neda	ned	ned	N	N;NOM;MASC;SG
bomb	bombo	bomb	bomba	N	N;ACC;FEM;SG
bomb	bomba	bomb	bomba	N	N;NOM;FEM;SG
sarkozy	sarkozy	sarkozy	sarkozy	N	N;NOM;MASC;SG
koi	koi	koi	koi	N	N;NOM;MASC;SG
pole	pole	pole	poledati	N	N;NOM;MASC;SG
pole	drog	pole	droga	N	N;NOM;FEM;SG
pole	tečaj	pole	tečaj	N	N;NOM;MASC;SG
astronomy	astronomijo	astronomy	astronomija	N	N;ACC;FEM;SG
crassus	kras	crassus	kras	N	N;NOM;MASC;SG
mầu	barve	mầu	barva	N	N;NOM;FEM;PL
mầu	barvo	mầu	barva	N	N;ACC;FEM;SG
mầu	barva	mầu	barva	N	N;NOM;FEM;SG
poker	poker	poker	poker	N	N;NOM;MASC;SG
tal	tal	tal	tla	N	N;GEN;NEUT;PL
nevis	nevis	nevis	nevis	N	N;NOM;MASC;SG
inermis	inermis	inermis	inermis		
internazionale	internazionale	internazionale	internazionale	N	N;NOM;MASC;SG
alpheus	alfej	alpheus	alfej		
mcmahon	mcmahon	mcmahon	mcmahon	N	N;NOM;MASC;SG
safari	safari	safari	safara	N	N;NOM;MASC;SG
bonnie	bonnie	bonnie	bonnie	N	N;NOM;MASC;SG
som	som	som	biti	N	N;NOM;MASC;SG
guild	ceha	guild	ceha	N	N;NOM;MASC;SG
armata	armata	armata	armat	N	N;NOM;MASC;SG
nantes	nantes	nantes	nantes	N	N;NOM;MASC;SG
panthera	panthera	panthera	panther	N	N;NOM;FEM;SG
psyche	psihe	psyche	peiha	N	N;NOM;FEM;SG
kamov	kamov	kamov	kamov	N	N;NOM;MASC;SG
enrico	enrico	enrico	enrica	N	N;NOM;MASC;SG
nháy	odbija	nháy	odbijati	V	V;IPFV;IND;SG;3;PRS;FIN
calhoun	calhoun	calhoun	calhoun	N	N;NOM;MASC;SG
bougainville	bougainville	bougainville	bougainvill	N	N;NOM;FEM;PL
thun	thun	thun	thun	N	N;NOM;MASC;SG
vulcan	vulkan	vulcan	vulkan	N	N;NOM;MASC;SG
superman	superman	superman	superman	N	N;NOM;MASC;SG
saints	svetniki	saints	svetnik	N	N;NOM;MASC;PL
perez	perez	perez	perez	N	N;NOM;MASC;SG
jerome	jerome	jerome	jerom	N	N;NOM;MASC;SG
meiji	meidži	meiji	meidža	N	N;NOM;FEM;PL
imax	imax	imax	imeti	N	N;NOM;MASC;SG
rightarm	rightarm	rightarm	rightarm		
commonwealth	commonwealtha	commonwealth	commonwealth	N	N;ACC;MASC;SG
cactus	kaktus	cactus	kaktus	N	N;NOM;MASC;SG
esther	ester	esther	ester	N	N;NOM;MASC;SG
laurence	laurence	laurence	laurenec	N	N;NOM;FEM;PL
callas	callas	callas	callas	N	N;NOM;MASC;SG
dinamo	dinamo	dinamo	dinama	N	N;ACC;FEM;SG
carson	carson	carson	carson	N	N;NOM;MASC;SG
ichi	ichi	ichi	icha	N	N;NOM;MASC;SG
aoi	aoi	aoi	aoi	N	N;NOM;MASC;SG
amanita	amanita	amanita	amanita	N	N;NOM;FEM;SG
mclachlan	mclachlan	mclachlan	mclachlan	N	N;NOM;MASC;SG
sicily	sicilija	sicily	sicilij	N	N;NOM;FEM;SG
colubridae	goži	colubridae	gožiti	N	N;NOM;MASC;PL
cassette	kaseta	cassette	kaseta	N	N;NOM;FEM;SG
laplace	laplaceova	laplace	laplaceov	N	N;NOM;FEM;SG
ufo	nlp	ufo	nlp	N	N;NOM;MASC;SG
mendes	mendes	mendes	mendes	N	N;NOM;MASC;SG
cristiano	cristiano	cristiano	cristiana	N	N;NOM;MASC;SG
preah	preah	preah	preh	N	N;NOM;FEM;SG
platinum	platine	platinum	platina	N	N;NOM;FEM;PL
wikitable	wikitable	wikitable	wikitabl		
savoy	savoy	savoy	savoy	N	N;NOM;MASC;SG
deportivo	deportivo	deportivo	deportiva	N	N;NOM;MASC;SG
kleist	kleist	kleist	kleist	N	N;NOM;MASC;SG
cyprus	cypress	cyprus	cypress	N	N;NOM;MASC;SG
electra	electra	electra	electra	N	N;NOM;MASC;SG
trip	tripp	trip	tripp		
morocco	maroko	morocco	marok	N	N;ACC;FEM;SG
vít	izvijač	vít	izvijač	N	N;NOM;MASC;SG
camden	camden	camden	camden	N	N;NOM;MASC;SG
penalty	kazen	penalty	kazen	N	N;NOM;FEM;SG
penalty	kazni	penalty	kazen	N	N;NOM;FEM;PL
pinyin	pinjin	pinyin	pinjin	N	N;NOM;MASC;SG
alnus	alnus	alnus	alnus	N	N;NOM;MASC;SG
zoom	zoom	zoom	zoom	N	N;NOM;MASC;SG
gwangju	gwangju	gwangju	gwang	N	N;DAT;MASC;SG
honshu	honšu	honshu	honi	N	N;DAT;MASC;SG
thera	thera	thera	thera		
kirov	kirov	kirov	kir	N	N;NOM;MASC;SG
capo	capo	capo	capa	N	N;NOM;MASC;SG
orient	orient	orient	orient	N	N;NOM;MASC;SG
berio	berio	berio	berio		
eaton	eaton	eaton	eaton	N	N;NOM;MASC;SG
lakes	jezer	lakes	jezero	N	N;GEN;NEUT;PL
lakes	jezera	lakes	jezero	N	N;NOM;NEUT;PL
suharto	suharto	suharto	suharta	N	N;NOM;FEM;SG
natalia	natalija	natalia	natalija	N	N;NOM;FEM;SG
natalia	natalia	natalia	natalia	N	N;NOM;FEM;SG
diocletianus	dioklecijan	diocletianus	dioklecijan	N	N;NOM;MASC;SG
abrams	abrams	abrams	abrams	N	N;NOM;MASC;SG
magister	magister	magister	magister	N	N;NOM;MASC;SG
warwick	warwick	warwick	warwick	N	N;NOM;MASC;SG
watford	watford	watford	watford	N	N;NOM;MASC;SG
indianapolis	indianapolis	indianapolis	indianapolis	N	N;NOM;MASC;SG
canavese	canavese	canavese	canaves	N	N;NOM;MASC;SG
caucasus	kavkazu	caucasus	kavkaz	N	N;DAT;MASC;SG
gillespie	gillespie	gillespie	gillespie	N	N;NOM;MASC;SG
ayuntamiento	ayuntamiento	ayuntamiento	ayuntamient	N	N;ACC;FEM;SG
app	app	app	app	N	N;NOM;MASC;SG
app	aplikacija	app	aplikacija	N	N;NOM;FEM;SG
app	aplikaciji	app	aplikacija	N	N;DAT;FEM;SG
app	aplikacijo	app	aplikacija	N	N;ACC;FEM;SG
presley	presley	presley	presley	N	N;NOM;MASC;SG
brook	potok	brook	potok	N	N;NOM;MASC;SG
brook	brook	brook	brook	N	N;NOM;MASC;SG
osiris	osiris	osiris	osiris	N	N;NOM;MASC;SG
cassius	cassius	cassius	cassius	N	N;NOM;MASC;SG
