natal	natal	natal	natal	N	N;MASC+FEM;SG
moses	moses	moses	mose	N	N;MASC+FEM;SG
moses	mozes	moses	moos	N	N;PL
apocynaceae	apocynaceae	apocynaceae	apocynaceae	N	N;MASC+FEM;SG
memphis	memphis	memphis	memphis	N	N;NEUT;SG
mas	mas	mas	mas	N	N;MASC+FEM;SG
cinnamomum	cinnamomum	cinnamomum	cinnamomum	N	N;MASC+FEM;SG
anthidium	anthidium	anthidium	anthidium	N	N;MASC+FEM;SG
alta	alta	alta	alta	N	N;MASC+FEM;SG
clo	clo	clo	clo	N	N;MASC+FEM;SG
clo	chloor	clo	chloor	N	N;NEUT;SG
adelaide	adelaide	adelaide	adelaid	N	N;MASC+FEM;SG
nile	nijl	nile	nijl	N	N;MASC+FEM;SG
metacritic	metacritic	metacritic	metacritic	N	N;MASC+FEM;SG
messier	messier	messier	messier	N	N;MASC+FEM;SG
dreams	dreams	dreams	dream	N	N;MASC+FEM;SG
sázavou	sázavou	sázavou	sázavou	N	N;MASC+FEM;SG
nôi	wieg	nôi	wiegen	N	N;MASC+FEM;SG
nôi	cradle	nôi	crad	N	N;MASC+FEM;SG
huesca	huesca	huesca	huesca	N	N;MASC+FEM;SG
ling	ling	ling	lingen	N	N;MASC+FEM;SG
ling	leng	ling	lengen	N	N;MASC+FEM;SG
kylie	kylie	kylie	kylie	N	N;MASC+FEM;SG
suez	suez	suez	suez	N	N;MASC+FEM;SG
yorktown	yorktown	yorktown	yorktown	N	N;MASC+FEM;SG
federer	federer	federer	federer	N	N;MASC+FEM;SG
bofors	bofors	bofors	bofor	N	N;PL
yunnanensis	yunnanensis	yunnanensis	yunnanensis	N	N;MASC+FEM;SG
vụng	onhandig	vụng	onhandig	ADJ	ADJ
vụng	onhandige	vụng	onhandig	ADJ	ADJ
dãi	kwijlen	dãi	kwijlen	V	V;NFIN
zombie	zombie	zombie	zombie	N	N;MASC+FEM;SG
ichigo	ichigo	ichigo	ichigo	N	N;MASC+FEM;SG
mẩu	ark	mẩu	ark	N	N;MASC+FEM;SG
mẩu	vel	mẩu	vel	N	N;NEUT;SG
mẩu	vellen	mẩu	vellen	N	N;PL
mẩu	lakens	mẩu	laken	N	N;PL
mẩu	bladen	mẩu	blad	N	N;PL
hwa	hwa	hwa	hwa	N	N;MASC+FEM;SG
cosmopterix	cosmopterix	cosmopterix	cosmopterix	N	N;MASC+FEM;SG
anglo	anglo	anglo	anglo	N	N;MASC+FEM;SG
palm	handpalm	palm	handpalm	N	N;MASC+FEM;SG
palm	palm	palm	palm	N	N;MASC+FEM;SG
montreal	montreal	montreal	montreal	N	N;NEUT;SG
fulham	fulham	fulham	fulham	N	N;NEUT;SG
auf	auf	auf	auf	N	N;MASC+FEM;SG
root	root	root	root	N	N;MASC+FEM;SG
root	wortel	root	wortel	N	N;MASC+FEM;SG
cinerea	cinerea	cinerea	cinerea	N	N;MASC+FEM;SG
nhổ	spuugt	nhổ	spuugen	V	V;SG;PRS;FIN
nhổ	spuwt	nhổ	spuwt	V	V;SG;PRS;FIN
nhổ	spuwen	nhổ	spuw	V	V;NFIN
nhổ	spugen	nhổ	spugen	V	V;NFIN
nhổ	spuwen	nhổ	spuw	V	V;NFIN
nhổ	spit	nhổ	spit	V	V;SG;PRS;FIN
nhổ	spugen	nhổ	spugen	V	V;NFIN
argiope	argiope	argiope	argiope	N	N;NEUT;SG
waterloo	waterloo	waterloo	waterloo	N	N;MASC+FEM;SG
citrus	citrus	citrus	citrus	N	N;MASC+FEM;SG
halifax	halifax	halifax	halifax	N	N;MASC+FEM;SG
mollis	mollis	mollis	mollis	N	N;MASC+FEM;SG
kazan	kazan	kazan	kazan	N	N;NEUT;SG
serra	serra	serra	serra	N	N;MASC+FEM;SG
archer	boogschutter	archer	boogschutter	N	N;MASC+FEM;SG
archer	archer	archer	archer	N	N;MASC+FEM;SG
brooks	brooks	brooks	brook	N	N;MASC+FEM;SG
ferry	ferry	ferry	ferry	N	N;MASC+FEM;SG
ferry	veerboot	ferry	veerboot	N	N;MASC+FEM;SG
minima	minima	minima	minima	N	N;PL
strauss	strauss	strauss	strauss	N	N;MASC+FEM;SG
lóc	zeuren	lóc	zeuren	V	V;NFIN
emmanuel	emmanuel	emmanuel	emmanuel	N	N;MASC+FEM;SG
allison	allison	allison	allison	N	N;MASC+FEM;SG
jäger	jäger	jäger	jäger	N	N;MASC+FEM;SG
lionel	lionel	lionel	lionel	N	N;MASC+FEM;SG
cuvier	cuvier	cuvier	cuvier	N	N;MASC+FEM;SG
mariah	mariah	mariah	mariah	N	N;MASC+FEM;SG
aster	aster	aster	aster	N	N;MASC+FEM;SG
oerlikon	oerlikon	oerlikon	oerlikon	N	N;NEUT;SG
curtiss	curtiss	curtiss	curtiss	N	N;MASC+FEM;SG
serrata	serrata	serrata	serrata	N	N;MASC+FEM;SG
tenerife	tenerife	tenerife	tenerife	N	N;MASC+FEM;SG
thani	thani	thani	thani	N	N;MASC+FEM;SG
machimus	machimus	machimus	machimus	N	N;MASC+FEM;SG
vữa	mortier	vữa	mortier	N	N;MASC+FEM;SG
vữa	mortieren	vữa	mortier	N	N;PL
giấm	azijn	giấm	azijn	N	N;MASC+FEM;SG
hua	hua	hua	huben	N	N;MASC+FEM;SG
hwang	hwang	hwang	hwang	N	N;MASC+FEM;SG
rpg	rpg	rpg	rpg	N	N;MASC+FEM;SG
proc	proc	proc	proc	N	N;MASC+FEM;SG
cheng	cheng	cheng	chengen	N	N;MASC+FEM;SG
cornell	cornell	cornell	cornell	N	N;MASC+FEM;SG
bandera	bandera	bandera	bandera	N	N;MASC+FEM;SG
andersen	andersen	andersen	anders	N	N;PL
darius	darius	darius	darius	N	N;MASC+FEM;SG
chiapas	chiapas	chiapas	chiapas	N	N;MASC+FEM;SG
benfica	benfica	benfica	benfica	N	N;MASC+FEM;SG
verhoeff	verhoeff	verhoeff	verhoevf	N	N;MASC+FEM;SG
penn	penn	penn	penn	N	N;MASC+FEM;SG
comarca	comarca	comarca	comarca	N	N;MASC+FEM;SG
abe	abe	abe	abe	N	N;MASC+FEM;SG
dolomedes	dolomedes	dolomedes	dolomede	N	N;MASC+FEM;SG
mọng	sappig	mọng	sappig	ADJ	ADJ
mọng	sappige	mọng	sappig	ADJ	ADJ
yan	yan	yan	yan	N	N;MASC+FEM;SG
glabra	glabra	glabra	glabra	N	N;MASC+FEM;SG
ramos	ramos	ramos	ramos	N	N;MASC+FEM;SG
polo	polo	polo	polo	N	N;MASC+FEM;SG
prairie	prairie	prairie	prairie	N	N;MASC+FEM;SG
timothy	timothy	timothy	timothy	N	N;MASC+FEM;SG
ieyasu	ieyasu	ieyasu	ieyasu	N	N;NEUT;SG
loét	maagzweer	loét	maagzweer	N	N;MASC+FEM;SG
bernardo	bernardo	bernardo	bernardo	N	N;MASC+FEM;SG
passiflora	passiflora	passiflora	passiflora	N	N;MASC+FEM;SG
siemens	siemens	siemens	siemens	N	N;PL
vừng	sesam	vừng	sesam	N	N;MASC+FEM;SG
kiel	kiel	kiel	kielen	N	N;NEUT;SG
eublemma	eublemma	eublemma	eublemma	N	N;MASC+FEM;SG
hikaru	hikaru	hikaru	hikaru	N	N;MASC+FEM;SG
třebíč	třebíč	třebíč	třebíč	N	N;MASC+FEM;SG
mcdonald	mcdonald	mcdonald	mcdonald	N	N;MASC+FEM;SG
eminem	eminem	eminem	eminem	N	N;MASC+FEM;SG
ferrara	ferrara	ferrara	ferrara	N	N;NEUT;SG
dido	dido	dido	dido	N	N;MASC+FEM;SG
mượt	soepel	mượt	soepel	ADJ	ADJ
mượt	gladde	mượt	glad	ADJ	ADJ
mượt	glad	mượt	glad	ADJ	ADJ
perth	perth	perth	perth	N	N;NEUT;SG
lev	lev	lev	lev	N	N;MASC+FEM;SG
dmitri	dmitri	dmitri	dmitri	N	N;MASC+FEM;SG
dmitri	dimitri	dmitri	dimitrin	N	N;MASC+FEM;SG
chad	chad	chad	chad	N	N;MASC+FEM;SG
chad	tsjaad	chad	tsjaad	N	N;NEUT;SG
satsuma	satsuma	satsuma	satsuma	N	N;MASC+FEM;SG
zagreb	zagreb	zagreb	zagreb	N	N;NEUT;SG
betula	betula	betula	betula	N	N;MASC+FEM;SG
mayenne	mayenne	mayenne	mayenne	N	N;MASC+FEM;SG
litsinger	litsinger	litsinger	litsinger	N	N;MASC+FEM;SG
fishbase	fishbase	fishbase	fishbase	N	N;MASC+FEM;SG
sấy	drogen	sấy	drigen	V	V;NFIN
pine	dennen	pine	dennen	N	N;PL
pine	pine	pine	pine	N	N;MASC+FEM;SG
mol	mol	mol	mol	N	N;MASC+FEM;SG
mol	mollen	mol	mollen	N	N;PL
mol	mol	mol	mol	N	N;MASC+FEM;SG
palpita	palpita	palpita	palpita	N	N;MASC+FEM;SG
barbus	barbus	barbus	barbus	N	N;MASC+FEM;SG
jičín	jičín	jičín	jičín	N	N;MASC+FEM;SG
trút	gieten	trút	gat	V	V;NFIN
anatolia	anatolië	anatolia	anatolië	N	N;NEUT;SG
purpurea	purpurea	purpurea	purpurea	N	N;MASC+FEM;SG
midlands	midlands	midlands	midland	N	N;PL
sterculia	sterculia	sterculia	sterculia	N	N;MASC+FEM;SG
cardiff	cardiff	cardiff	Cardiff	N	N;NEUT;SG
vaccinium	vaccinium	vaccinium	vaccinium	N	N;SG
indo	indo	indo	indo	N	N;MASC+FEM;SG
rubra	rubra	rubra	rubra	N	N;MASC+FEM;SG
chat	chat	chat	chat	N	N;MASC+FEM;SG
zen	zen	zen	zen	N	N;MASC+FEM;SG
derek	derek	derek	derek	N	N;MASC+FEM;SG
belgrade	volgograd	belgrade	volgograd	N	N;NEUT;SG
belgrade	belgrado	belgrade	belgrado	N	N;NEUT;SG
teresa	teresa	teresa	teresa	N	N;MASC+FEM;SG
teresa	theresia	teresa	theresia	N	N;MASC+FEM;SG
đuốc	fakkels	đuốc	fakkel	N	N;PL
đuốc	toorts	đuốc	toorts	N	N;MASC+FEM;SG
đuốc	zaklamp	đuốc	zaklamp	N	N;MASC+FEM;SG
đuốc	fakkel	đuốc	fakkel	N	N;MASC+FEM;SG
jeremy	jeremy	jeremy	jeremy	N	N;MASC+FEM;SG
nakamura	nakamura	nakamura	nakamura	N	N;MASC+FEM;SG
vision	visioen	vision	visioen	N	N;NEUT;SG
vision	visie	vision	visie	N	N;MASC+FEM;SG
vision	vision	vision	vision	N	N;MASC+FEM;SG
vision	zicht	vision	zicht	N	N;NEUT;SG
manning	manning	manning	manning	N	N;MASC+FEM;SG
mận	pruim	mận	pruim	N	N;MASC+FEM;SG
mận	plum	mận	plum	N	N;MASC+FEM;SG
mận	pruimen	mận	pruimen	N	N;PL
mận	pruimen	mận	pruimen	N	N;PL
nách	pits	nách	pits	N	N;MASC+FEM;SG
nách	oksel	nách	oksel	N	N;MASC+FEM;SG
nách	oksels	nách	oksel	N	N;PL
euphrasia	euphrasia	euphrasia	euphrasia	N	N;MASC+FEM;SG
firenze	firenze	firenze	firens	N	N;MASC+FEM;SG
elvis	elvis	elvis	elvis	N	N;MASC+FEM;SG
litoria	litoria	litoria	litoria	N	N;MASC+FEM;SG
xốp	schuim	xốp	schuim	N	N;NEUT;SG
ilyushin	iljoesjin	ilyushin	iljoesjin	N	N;MASC+FEM;SG
lisbon	lissabon	lisbon	lissabon	N	N;NEUT;SG
reggio	reggio	reggio	reggio	N	N;MASC+FEM;SG
hyderabad	hyderabad	hyderabad	hyderabad	N	N;MASC+FEM;SG
paramount	paramount	paramount	paramount	N	N;MASC+FEM;SG
benton	benton	benton	benton	N	N;MASC+FEM;SG
hít	ademhalen	hít	ademhaal	V	V;NFIN
hít	ademen	hít	ademen	V	V;NFIN
continental	continental	continental	continental	N	N;MASC+FEM;SG
rus	rus	rus	rus	N	N;MASC+FEM;SG
nexus	nexus	nexus	nexus	N	N;MASC+FEM;SG
magiê	magnesium	magiê	magnesium	N	N;NEUT;SG
kabul	kabul	kabul	kabul	N	N;MASC+FEM;SG
kabul	kaboel	kabul	kaboel	N	N;NEUT;SG
pre	pre	pre	pre	N	N;MASC+FEM;SG
preston	preston	preston	preston	N	N;MASC+FEM;SG
phraya	phraya	phraya	phraya	N	N;MASC+FEM;SG
luca	luca	luca	luca	N	N;MASC+FEM;SG
saitama	saitama	saitama	saitama	N	N;MASC+FEM;SG
brabant	brabant	brabant	brabant	N	N;MASC+FEM;SG
cave	grot	cave	grot	N	N;MASC+FEM;SG
lille	lille	lille	lille	N	N;MASC+FEM;SG
lille	rijsel	lille	rijsel	N	N;MASC+FEM;SG
splendens	splendens	splendens	splenden	N	N;PL
gustave	gustave	gustave	gustave	N	N;MASC+FEM;SG
wembley	wembley	wembley	wembley	N	N;NEUT;SG
vale	vale	vale	vaal	N	N;MASC+FEM;SG
mustang	mustang	mustang	mustang	N	N;MASC+FEM;SG
wwf	wwf	wwf	wwf	N	N;NEUT;SG
vulgaris	vulgaris	vulgaris	vulgaris	N	N;MASC+FEM;SG
ballet	ballet	ballet	ballet	N	N;NEUT;SG
bali	bali	bali	bali	N	N;MASC+FEM;SG
click	klik	click	klik	V	V;SG;PRS;FIN
click	klikken	click	klikken	V	V;NFIN
malay	maleis	malay	maleis	N	N;MASC+FEM;SG
habana	habana	habana	habana	N	N;MASC+FEM;SG
baldwin	boudewijn	baldwin	boudewijn	N	N;MASC+FEM;SG
baldwin	baldwin	baldwin	baldwin	N	N;MASC+FEM;SG
glauca	glauca	glauca	glauca	N	N;MASC+FEM;SG
gomez	gomez	gomez	gomez	N	N;MASC+FEM;SG
diva	diva	diva	diva	N	N;MASC+FEM;SG
vogel	vogel	vogel	vogel	N	N;MASC+FEM;SG
exo	exo	exo	exo	N	N;MASC+FEM;SG
aquila	aquila	aquila	aquila	N	N;MASC+FEM;SG
apache	apache	apache	apache	N	N;MASC+FEM;SG
apache	apaches	apache	apache	N	N;PL
swaziland	swaziland	swaziland	swaziland	N	N;NEUT;SG
ngất	flauwgevallen	ngất	flauwvallen	V	V;V.PTCP
thymus	thymus	thymus	thymus	N	N;MASC+FEM;SG
dem	dem	dem	dem	N	N;MASC+FEM;SG
angels	engeltjes	angels	engel	N	N;PL
angels	engelen	angels	engel	N	N;PL
angels	angels	angels	angel	N	N;PL
cincinnati	cincinnati	cincinnati	cincinnati	N	N;MASC+FEM;SG
jalisco	jalisco	jalisco	jalisco	N	N;MASC+FEM;SG
linden	linden	linden	linden	N	N;PL
linden	linde	linden	linde	N	N;MASC+FEM;SG
albion	albion	albion	albion	N	N;NEUT;SG
wade	wade	wade	wade	N	N;MASC+FEM;SG
pixar	pixar	pixar	pixar	N	N;MASC+FEM;SG
campos	campos	campos	campos	N	N;MASC+FEM;SG
kohl	kohl	kohl	kohlen	N	N;MASC+FEM;SG
quincy	quincy	quincy	quincy	N	N;MASC+FEM;SG
ornata	ornata	ornata	ornata	N	N;MASC+FEM;SG
mythimna	mythimna	mythimna	mythimna	N	N;MASC+FEM;SG
fury	fury	fury	fury	N	N;MASC+FEM;SG
fury	razernij	fury	razernij	N	N;MASC+FEM;SG
maculatus	maculatus	maculatus	maculatus	N	N;MASC+FEM;SG
oahu	oahu	oahu	oahu	N	N;MASC+FEM;SG
gil	gil	gil	gil	N	N;MASC+FEM;SG
cabo	cabo	cabo	cabo	N	N;PL
jolie	jolie	jolie	jolie	N	N;MASC+FEM;SG
kota	kota	kota	kota	N	N;MASC+FEM;SG
bauhinia	bauhinia	bauhinia	bauhinia	N	N;MASC+FEM;SG
alessandro	alessandro	alessandro	alessandro	N	N;MASC+FEM;SG
log	logboek	log	logboek	N	N;NEUT;SG
log	log	log	log	N	N;MASC+FEM;SG
springer	springer	springer	springer	N	N;MASC+FEM;SG
barnard	barnard	barnard	barnard	N	N;MASC+FEM;SG
sabre	sabel	sabre	sabel	N	N;NEUT;SG
sabre	sabre	sabre	sabre	N	N;MASC+FEM;SG
thebes	thebe	thebes	thebe	N	N;NEUT;SG
guillaumin	guillaumin	guillaumin	guillaumin	N	N;MASC+FEM;SG
plasma	plasma	plasma	plasma	N	N;MASC+FEM;SG
nathan	nathan	nathan	nathan	N	N;MASC+FEM;SG
avro	avro	avro	avro	N	N;MASC+FEM;SG
taekwondo	taekwondo	taekwondo	taekwondo	N	N;MASC+FEM;SG
shinsengumi	shinsengumi	shinsengumi	shinsengumi	N	N;MASC+FEM;SG
minutus	minutus	minutus	minutus	N	N;MASC+FEM;SG
yangon	yangon	yangon	yangon	N	N;MASC+FEM;SG
calamus	calamus	calamus	calamus	N	N;MASC+FEM;SG
strike	staking	strike	staking	N	N;MASC+FEM;SG
bucharest	boekarest	bucharest	boekarest	N	N;MASC+FEM;SG
konstantinos	constantijn	konstantinos	constantijn	N	N;MASC+FEM;SG
konstantinos	constantine	konstantinos	constantine	N	N;MASC+FEM;SG
int	int	int	inten	N	N;MASC+FEM;SG
lufthansa	lufthansa	lufthansa	lufthansa	N	N;MASC+FEM;SG
connor	conner	connor	conner	N	N;MASC+FEM;SG
connor	connor	connor	connor	N	N;MASC+FEM;SG
dynamo	dynamo	dynamo	dynamo	N	N;MASC+FEM;SG
harrier	harrier	harrier	harrier	N	N;MASC+FEM;SG
caudata	caudata	caudata	caudata	N	N;MASC+FEM;SG
ôliu	olive	ôliu	olive	N	N;MASC+FEM;SG
ôliu	olijf	ôliu	olijf	N	N;MASC+FEM;SG
ôliu	olijven	ôliu	olijven	N	N;PL
nola	nola	nola	nola	N	N;MASC+FEM;SG
shakira	shakira	shakira	shakira	N	N;MASC+FEM;SG
sứa	kwal	sứa	kwal	N	N;MASC+FEM;SG
sứa	kwallen	sứa	kwal	N	N;PL
benoit	benoit	benoit	benoit	N	N;MASC+FEM;SG
richland	richland	richland	richland	N	N;PL
atlantique	atlantique	atlantique	atlantique	N	N;MASC+FEM;SG
cromwell	cromwell	cromwell	cromwell	N	N;MASC+FEM;SG
queens	koninginnen	queens	koningin	N	N;PL
queens	queens	queens	queens	N	N;SG
cello	cello	cello	cello	N	N;MASC+FEM;SG
robertson	robertson	robertson	robertson	N	N;MASC+FEM;SG
ser	ser	ser	ser	N	N;MASC+FEM;SG
rán	fry	rán	fry	N	N;MASC+FEM;SG
quầy	chef	quầy	chef	N	N;MASC+FEM;SG
quầy	kok	quầy	kok	N	N;MASC+FEM;SG
chionaema	cyana	chionaema	cyana	N	N;MASC+FEM;SG
hae	hae	hae	hae	N	N;MASC+FEM;SG
dracula	dracula	dracula	dracula	N	N;MASC+FEM;SG
metropolitan	metropolitan	metropolitan	metropolitan	N	N;MASC+FEM;SG
vendée	vendée	vendée	vendee	N	N;MASC+FEM;SG
andaman	andaman	andaman	andaman	N	N;NEUT;SG
territoire	territoire	territoire	territoir	N	N;MASC+FEM;SG
pass	pass	pass	pass	N	N;MASC+FEM;SG
baja	baja	baja	baja	N	N;MASC+FEM;SG
dam	dam	dam	dam	N	N;MASC+FEM;SG
dam	stuwdam	dam	stuwdam	N	N;MASC+FEM;SG
canyon	canyon	canyon	canyon	N	N;MASC+FEM;SG
canyon	kloof	canyon	kliof	N	N;MASC+FEM;SG
canyon	ravijn	canyon	ravijn	N	N;NEUT;SG
malacca	malakka	malacca	malakka	N	N;MASC+FEM;SG
walther	walther	walther	walther	N	N;MASC+FEM;SG
christie	christie	christie	christie	N	N;MASC+FEM;SG
dieu	dieu	dieu	dieu	N	N;MASC+FEM;SG
chấu	sprinkhanen	chấu	sprinkhaan	N	N;PL
marlborough	marlborough	marlborough	marlborough	N	N;MASC+FEM;SG
fleet	vloot	fleet	vloot	N	N;MASC+FEM;SG
fleet	wagenpark	fleet	wagenpark	N	N;NEUT;SG
tours	rondreizen	tours	rondreizen	N	N;PL
tours	tours	tours	tours	N	N;PL
tours	excursie	tours	excursie	N	N;MASC+FEM;SG
macquart	macquart	macquart	macquart	N	N;MASC+FEM;SG
canadensis	canadensis	canadensis	canadensis	N	N;MASC+FEM;SG
maldives	malediven	maldives	malediv	N	N;PL
maldives	maldiven	maldives	maldiv	N	N;PL
castellón	castellón	castellón	castellen	N	N;MASC+FEM;SG
javier	javier	javier	javier	N	N;MASC+FEM;SG
rosea	rosea	rosea	rosea	N	N;MASC+FEM;SG
rollins	rollins	rollins	rollins	N	N;MASC+FEM;SG
rollins	rawlins	rollins	rawlins	N	N;PL
sevastopol	sebastopol	sevastopol	sebastopol	N	N;MASC+FEM;SG
jeju	jeju	jeju	jeju	N	N;MASC+FEM;SG
lesotho	lesotho	lesotho	lesotho	N	N;NEUT;SG
ultra	ultra	ultra	ultra	N	N;MASC+FEM;SG
arcade	speelhal	arcade	speelhal	N	N;MASC+FEM;SG
arcade	arcade	arcade	arcade	N	N;MASC+FEM;SG
reef	rif	reef	rif	N	N;NEUT;SG
wasp	wesp	wasp	wesp	N	N;MASC+FEM;SG
boong	dek	boong	dek	N	N;NEUT;SG
boong	deck	boong	decken	N	N;MASC+FEM;SG
pratt	pratt	pratt	praten	N	N;MASC+FEM;SG
lindau	lindau	lindau	lindau	N	N;MASC+FEM;SG
kawasaki	kawasaki	kawasaki	kawasaki	N	N;MASC+FEM;SG
amanda	amanda	amanda	amanda	N	N;MASC+FEM;SG
goethe	goethe	goethe	goethe	N	N;MASC+FEM;SG
cnn	cnn	cnn	cnn	N	N;MASC+FEM;SG
guillaume	guillaume	guillaume	guillaum	N	N;MASC+FEM;SG
cúi	buigen	cúi	buigen	V	V;NFIN
cúi	buig	cúi	buig	V	V;SG;PRS;FIN
kant	kant	kant	kant	N	N;MASC+FEM;SG
granit	granit	granit	granit	N	N;MASC+FEM;SG
nhấp	geklikt	nhấp	klikken	V	V;V.PTCP
nhấp	klikte	nhấp	klikken	V	V;SG;PST;FIN
nhấp	klik	nhấp	klik	V	V;SG;PRS;FIN
nhấp	klikken	nhấp	klikken	V	V;NFIN
birdlife	birdlife	birdlife	birdlife	N	N;MASC+FEM;SG
antilles	antillen	antilles	antillen	N	N;PL
seki	seki	seki	seki	N	N;MASC+FEM;SG
ekaterina	jekaterina	ekaterina	jekaterina	N	N;MASC+FEM;SG
populus	populus	populus	populus	N	N;MASC+FEM;SG
shark	haaien	shark	haai	N	N;PL
shark	shark	shark	shark	N	N;MASC+FEM;SG
shark	haai	shark	haai	N	N;MASC+FEM;SG
flagstaff	flagstaff	flagstaff	flagstaff	N	N;MASC+FEM;SG
ein	ein	ein	ein	N	N;MASC+FEM;SG
messina	messina	messina	messina	N	N;MASC+FEM;SG
sếu	kranen	sếu	kraan	N	N;PL
sếu	kraan	sếu	kraan	N	N;MASC+FEM;SG
sếu	crane	sếu	crane	N	N;MASC+FEM;SG
mandela	mandela	mandela	mandela	N	N;MASC+FEM;SG
metallica	metallica	metallica	metallica	N	N;MASC+FEM;SG
asm	asm	asm	asm	N	N;MASC+FEM;SG
xiếc	circus	xiếc	circus	N	N;NEUT;SG
gigas	gigas	gigas	gigas	N	N;MASC+FEM;SG
dae	dae	dae	dae	N	N;MASC+FEM;SG
erwin	erwin	erwin	erwin	N	N;MASC+FEM;SG
belfast	belfast	belfast	belfast	N	N;MASC+FEM;SG
linn	linn	linn	linn	N	N;MASC+FEM;SG
joy	joy	joy	joy	N	N;MASC+FEM;SG
joy	blijdschap	joy	blijdschap	N	N;MASC+FEM;SG
joy	vreugde	joy	vreugde	N	N;MASC+FEM;SG
macau	macao	macau	macao	N	N;MASC+FEM;SG
macau	macau	macau	macau	N	N;NEUT;SG
sint	sint	sint	sint	N	N;MASC+FEM;SG
bryansk	brjansk	bryansk	brjansk	N	N;NEUT;SG
columbellidae	columbellidae	columbellidae	columbellidae	N	N;MASC+FEM;SG
jasper	jasper	jasper	jasper	N	N;MASC+FEM;SG
plata	plata	plata	plata	N	N;MASC+FEM;SG
phở	pho	phở	pho	N	N;MASC+FEM;SG
trafford	trafford	trafford	trafford	N	N;NEUT;SG
affairs	affaires	affairs	affaires	N	N;PL
emirates	emiraten	emirates	emiraat	N	N;PL
terme	terme	terme	term	N	N;MASC+FEM;SG
swiss	zwitsers	swiss	zwitser	N	N;PL
chin	chin	chin	chin	N	N;MASC+FEM;SG
chin	kin	chin	kin	N	N;MASC+FEM;SG
clemson	clemson	clemson	clemson	N	N;MASC+FEM;SG
ahn	ivanov	ahn	ivanov	N	N;MASC+FEM;SG
dĩa	plaat	dĩa	plaat	N	N;MASC+FEM;SG
dĩa	bord	dĩa	bord	N	N;NEUT;SG
valenciennes	valenciennes	valenciennes	valencienne	N	N;PL
muang	muang	muang	muang	N	N;MASC+FEM;SG
rna	rna	rna	rna	N	N;NEUT;SG
khoe	shows	khoe	show	N	N;PL
maha	maha	maha	maha	N	N;MASC+FEM;SG
usda	usda	usda	usda	N	N;MASC+FEM;SG
tyson	tyson	tyson	tyson	N	N;MASC+FEM;SG
scotopteryx	scotopteryx	scotopteryx	scotopteryx	V	V;SG;PST;FIN
sonic	sonic	sonic	sonic	N	N;MASC+FEM;SG
dượng	vernon	dượng	vernon	N	N;NEUT;SG
dượng	stiefvader	dượng	stiefvader	N	N;MASC+FEM;SG
javascript	javascript	javascript	javascript	N	N;MASC+FEM;SG
rzhev	rzjev	rzhev	rzjeven	N	N;MASC+FEM;SG
mercedes	mercedes	mercedes	mercede	N	N;PL
sigma	sigma	sigma	sigma	N	N;MASC+FEM;SG
ubuntu	ubuntu	ubuntu	ubuntu	N	N;MASC+FEM;SG
tallinn	tallinn	tallinn	tallinn	N	N;NEUT;SG
sparrow	mus	sparrow	mus	N	N;MASC+FEM;SG
sparrow	sparrow	sparrow	sparrow	N	N;MASC+FEM;SG
banh	bal	banh	bal	N	N;MASC+FEM;SG
banh	ball	banh	ball	N	N;MASC+FEM;SG
yucatán	yucatan	yucatán	yucatan	N	N;MASC+FEM;SG
yucatán	yucatán	yucatán	yucatán	N	N;NEUT;SG
wakayama	wakayama	wakayama	wakayama	N	N;MASC+FEM;SG
wii	wii	wii	wii	N	N;MASC+FEM;SG
amazonas	amazonas	amazonas	amazonas	N	N;MASC+FEM;SG
almería	almería	almería	almería	N	N;MASC+FEM;SG
ponte	ponte	ponte	ponte	N	N;MASC+FEM;SG
martínez	martínez	martínez	martínez	N	N;MASC+FEM;SG
thames	theems	thames	theems	N	N;MASC+FEM;SG
thames	thames	thames	thames	N	N;MASC+FEM;SG
guadeloupe	guadeloupe	guadeloupe	guadeloupe	N	N;MASC+FEM;SG
cumberland	cumberland	cumberland	cumberland	N	N;MASC+FEM;SG
mụn	acne	mụn	acne	N	N;MASC+FEM;SG
catasetum	catasetum	catasetum	catasetum	N	N;MASC+FEM;SG
mustafa	mustafa	mustafa	mustafa	N	N;MASC+FEM;SG
romero	romero	romero	romero	N	N;MASC+FEM;SG
messerschmitt	messerschmitt	messerschmitt	messerschmitt	N	N;MASC+FEM;SG
cardamine	cardamine	cardamine	cardamine	N	N;MASC+FEM;SG
caradrina	caradrina	caradrina	caradrina	N	N;MASC+FEM;SG
saladin	saladin	saladin	saladin	N	N;MASC+FEM;SG
nigrescens	nigrescens	nigrescens	nigrescens	N	N;MASC+FEM;SG
weimar	weimar	weimar	weimar	N	N;NEUT;SG
seydlitz	seydlitz	seydlitz	seydlitz	N	N;MASC+FEM;SG
gauss	gauss	gauss	gaus	N	N;MASC+FEM;SG
sakhalin	sachalin	sakhalin	sachalin	N	N;NEUT;SG
banner	paden	banner	pad	N	N;PL
banner	banner	banner	banner	N	N;MASC+FEM;SG
banner	vaandel	banner	vaandel	N	N;NEUT;SG
banner	spandoek	banner	spandoek	N	N;NEUT;SG
pallas	pallas	pallas	pallas	N	N;MASC+FEM;SG
wikidata	wikidata	wikidata	wikidata	N	N;MASC+FEM;SG
pao	pao	pao	pao	N	N;MASC+FEM;SG
mindanao	mindanao	mindanao	mindanao	N	N;MASC+FEM;SG
maru	maru	maru	maru	N	N;MASC+FEM;SG
mallinella	mallinella	mallinella	mallinella	N	N;MASC+FEM;SG
africanus	africanus	africanus	africanus	N	N;MASC+FEM;SG
tango	tango	tango	tango	N	N;MASC+FEM;SG
empires	rijken	empires	rijken	N	N;PL
jesse	jesse	jesse	jesse	N	N;MASC+FEM;SG
walsh	walsh	walsh	walsh	N	N;MASC+FEM;SG
adrian	adrian	adrian	adrian	N	N;MASC+FEM;SG
indicus	indicus	indicus	indicus	N	N;MASC+FEM;SG
prescott	prescott	prescott	prescott	N	N;MASC+FEM;SG
albrecht	albrecht	albrecht	albrecht	N	N;MASC+FEM;SG
marsh	marsh	marsh	marsh	N	N;MASC+FEM;SG
marsh	moeras	marsh	moeras	N	N;NEUT;SG
suwon	suwon	suwon	suwon	N	N;MASC+FEM;SG
coldplay	coldplay	coldplay	coldplay	N	N;MASC+FEM;SG
kwon	kwon	kwon	kwin	N	N;MASC+FEM;SG
yamaguchi	yamaguchi	yamaguchi	yamaguchi	N	N;MASC+FEM;SG
brit	britt	brit	brit	N	N;MASC+FEM;SG
brit	brit	brit	brit	N	N;MASC+FEM;SG
pseudagrion	pseudagrion	pseudagrion	pseudagrion	N	N;MASC+FEM;SG
bờm	manen	bờm	manen	N	N;PL
phẩy	komma	phẩy	komma	N	N;MASC+FEM;SG
zeno	zeno	zeno	zeno	N	N;MASC+FEM;SG
mussolini	mussolini	mussolini	mussolini	N	N;MASC+FEM;SG
joshua	joshua	joshua	joshua	N	N;MASC+FEM;SG
demetrios	demetrius	demetrios	demetrius	N	N;MASC+FEM;SG
nhk	nhk	nhk	nhk	N	N;MASC+FEM;SG
montevideo	montevideo	montevideo	montevideo	N	N;MASC+FEM;SG
neon	neon	neon	neon	N	N;MASC+FEM;SG
hoon	hoon	hoon	hoon	N	N;MASC+FEM;SG
richter	richter	richter	richter	N	N;MASC+FEM;SG
gamble	gamble	gamble	gamble	N	N;MASC+FEM;SG
gamble	gok	gamble	gok	N	N;MASC+FEM;SG
gamble	gokje	gamble	gok	N	N;NEUT;SG
shiki	shiki	shiki	shiki	N	N;MASC+FEM;SG
kurd	kurd	kurd	kurd	N	N;MASC+FEM;SG
mercer	mercer	mercer	mercer	N	N;MASC+FEM;SG
bethlehem	bethlehem	bethlehem	bethlehem	N	N;NEUT;SG
bolt	bout	bolt	bout	N	N;MASC+FEM;SG
bolt	bolt	bolt	bolt	N	N;MASC+FEM;SG
sidi	sidi	sidi	sidi	N	N;MASC+FEM;SG
mainz	mainz	mainz	mainz	N	N;MASC+FEM;SG
imf	imf	imf	imf	N	N;NEUT;SG
lactuca	lactuca	lactuca	lactuca	N	N;MASC+FEM;SG
mickey	mickey	mickey	mickey	N	N;MASC+FEM;SG
natalensis	natalensis	natalensis	natalensis	N	N;MASC+FEM;SG
grenada	grenada	grenada	grenada	N	N;MASC+FEM;SG
antigua	antigua	antigua	antigua	N	N;PL
claudia	claudia	claudia	claudia	N	N;MASC+FEM;SG
aung	aung	aung	aung	N	N;MASC+FEM;SG
dynamics	dynamics	dynamics	dynamics	N	N;MASC+FEM;SG
dynamics	dynamiek	dynamics	dynamiek	N	N;MASC+FEM;SG
disa	disa	disa	disa	N	N;MASC+FEM;SG
sunda	sunda	sunda	sunda	N	N;MASC+FEM;SG
stoke	stoke	stoke	stoken	N	N;MASC+FEM;SG
prasinocyma	prasinocyma	prasinocyma	prasinocyma	N	N;MASC+FEM;SG
baku	baku	baku	baku	N	N;MASC+FEM;SG
eduardo	eduardo	eduardo	eduardo	N	N;MASC+FEM;SG
quăng	gooien	quăng	gooien	V	V;NFIN
quăng	gooi	quăng	gooi	V	V;SG;PRS;FIN
yen	yen	yen	yen	N	N;MASC+FEM;SG
sedis	sedis	sedis	sedis	N	N;MASC+FEM;SG
werder	werder	werder	werder	N	N;MASC+FEM;SG
seal	zegel	seal	zegel	N	N;NEUT;SG
seal	zeehond	seal	zeehond	N	N;MASC+FEM;SG
seal	verzegeling	seal	verzegeling	N	N;MASC+FEM;SG
albany	albany	albany	albany	N	N;MASC+FEM;SG
achaea	achaea	achaea	achaea	N	N;NEUT;SG
bloch	bloch	bloch	bloeh	N	N;MASC+FEM;SG
albacete	albacete	albacete	albacete	N	N;MASC+FEM;SG
blade	lemmet	blade	lemmet	N	N;NEUT;SG
blade	blade	blade	blaad	N	N;MASC+FEM;SG
blade	mes	blade	mes	N	N;NEUT;SG
blade	zwaard	blade	zwaard	N	N;NEUT;SG
gundam	gundam	gundam	gundam	N	N;MASC+FEM;SG
mat	levensmiddelen	mat	levensmiddelen	N	N;PL
mat	voedsel	mat	voedsel	N	N;NEUT;SG
mat	mat	mat	mat	N	N;MASC+FEM;SG
nuevo	nuevo	nuevo	nuevo	N	N;MASC+FEM;SG
disco	disco	disco	disco	N	N;MASC+FEM;SG
rufa	rufa	rufa	rufa	N	N;MASC+FEM;SG
heinkel	heinkel	heinkel	heinkel	N	N;MASC+FEM;SG
pounder	pounder	pounder	pounder	N	N;MASC+FEM;SG
penny	stuiver	penny	stuiver	N	N;MASC+FEM;SG
penny	penny	penny	penny	N	N;MASC+FEM;SG
quýt	mandarijn	quýt	mandarijn	N	N;MASC+FEM;SG
quýt	mandarijn	quýt	mandarijn	N	N;MASC+FEM;SG
minamoto	minamoto	minamoto	minamoto	N	N;MASC+FEM;SG
node	node	node	nood	N	N;MASC+FEM;SG
node	knooppunt	node	knooppunt	N	N;NEUT;SG
ming	ming	ming	mingen	N	N;MASC+FEM;SG
lynn	lynn	lynn	lynn	N	N;MASC+FEM;SG
chong	chong	chong	chong	N	N;MASC+FEM;SG
hót	gezang	hót	gezang	N	N;NEUT;SG
hót	zang	hót	zang	N	N;MASC+FEM;SG
coloma	coloma	coloma	coloma	N	N;MASC+FEM;SG
thor	thor	thor	thor	N	N;MASC+FEM;SG
sandbox	zandbak	sandbox	zandbak	N	N;MASC+FEM;SG
padova	padua	padova	padua	N	N;MASC+FEM;SG
padova	padova	padova	padova	N	N;MASC+FEM;SG
ovata	ovata	ovata	ovata	N	N;MASC+FEM;SG
incertae	incertae	incertae	incertae	N	N;MASC+FEM;SG
dwight	dwight	dwight	dwight	N	N;MASC+FEM;SG
comoros	comoren	comoros	comor	N	N;PL
palustris	palustris	palustris	palustris	N	N;MASC+FEM;SG
blücher	blücher	blücher	blücher	N	N;MASC+FEM;SG
pauly	pauly	pauly	pauly	N	N;MASC+FEM;SG
xòe	tutu	xòe	tutu	N	N;MASC+FEM;SG
vtc	vtc	vtc	vtc	N	N;MASC+FEM;SG
khuấy	geroerd	khuấy	roeren	V	V;V.PTCP
khuấy	roeren	khuấy	roeren	V	V;NFIN
klaus	klaus	klaus	klaus	N	N;MASC+FEM;SG
gorbachev	gorbatsjov	gorbachev	gorbatsjov	N	N;MASC+FEM;SG
resort	resort	resort	resort	N	N;NEUT;SG
resort	vakantieoord	resort	vakantieoord	N	N;NEUT;SG
corinna	corinna	corinna	corinna	N	N;MASC+FEM;SG
papilionidae	papilionidae	papilionidae	papilionidae	N	N;MASC+FEM;SG
samar	samar	samar	samar	N	N;MASC+FEM;SG
taira	taira	taira	taira	N	N;MASC+FEM;SG
castel	castel	castel	castel	N	N;MASC+FEM;SG
bmw	bmw	bmw	bmw	N	N;MASC+FEM;SG
vocals	zang	vocals	zang	N	N;MASC+FEM;SG
kahn	kahn	kahn	kahn	N	N;MASC+FEM;SG
toro	toro	toro	toro	N	N;MASC+FEM;SG
allmusic	allmusic	allmusic	allmusic	N	N;MASC+FEM;SG
chihuahua	chihuahua	chihuahua	chihuahua	N	N;MASC+FEM;SG
ancona	ancona	ancona	ancona	N	N;MASC+FEM;SG
descartes	descartes	descartes	descartes	N	N;PL
tran	tran	tran	tran	N	N;MASC+FEM;SG
madeira	madeira	madeira	madeira	N	N;MASC+FEM;SG
micro	micro	micro	micro	N	N;MASC+FEM;SG
micro	microfoon	micro	microfoon	N	N;MASC+FEM;SG
thìa	lepels	thìa	lepel	N	N;PL
thìa	lepel	thìa	lepel	N	N;MASC+FEM;SG
thìa	lepeltje	thìa	lepel	N	N;NEUT;SG
cristata	cristata	cristata	cristata	N	N;MASC+FEM;SG
blanc	blanc	blanc	blanc	N	N;MASC+FEM;SG
medici	medici	medici	medicus	N	N;PL
gien	genen	gien	gen	N	N;PL
gien	gene	gien	gene	N	N;MASC+FEM;SG
gien	gen	gien	gen	N	N;NEUT;SG
cornwall	cornwall	cornwall	cornwall	N	N;NEUT;SG
scharnhorst	scharnhorst	scharnhorst	scharnhorst	N	N;MASC+FEM;SG
bains	bains	bains	bain	N	N;PL
confusa	confusa	confusa	confusa	N	N;MASC+FEM;SG
marche	marche	marche	marche	N	N;MASC+FEM;SG
bremer	bremer	bremer	bremer	N	N;MASC+FEM;SG
hormone	hormoon	hormone	hormoon	N	N;NEUT;SG
hormone	hormonen	hormone	hormoon	N	N;PL
gập	vouwen	gập	vouw	V	V;NFIN
beirut	beiroet	beirut	beiroet	N	N;MASC+FEM;SG
hahn	hahn	hahn	hahn	N	N;MASC+FEM;SG
carabus	carabus	carabus	carabus	N	N;MASC+FEM;SG
dot	puntje	dot	punt	N	N;NEUT;SG
dot	dot	dot	dot	N	N;MASC+FEM;SG
dot	stip	dot	stip	N	N;MASC+FEM;SG
andersson	andersson	andersson	andersson	N	N;MASC+FEM;SG
elip	ellips	elip	ellips	N	N;MASC+FEM;SG
lafayette	lafayette	lafayette	lafayette	N	N;MASC+FEM;SG
willem	willem	willem	willem	N	N;MASC+FEM;SG
boom	knal	boom	knal	N	N;MASC+FEM;SG
boom	boem	boom	boem	N	N;MASC+FEM;SG
boom	boom	boom	boom	N	N;MASC+FEM;SG
dumbledore	perkamentus	dumbledore	perkamentus	N	N;MASC+FEM;SG
reo	belde	reo	bellen	V	V;SG;PST;FIN
reo	twijfelen	reo	twijfelen	V	V;NFIN
reo	rinkelen	reo	rinkelen	V	V;NFIN
khun	khun	khun	khun	N	N;MASC+FEM;SG
fiction	fictie	fiction	fictie	N	N;MASC+FEM;SG
zelotes	zelotes	zelotes	zelote	N	N;NEUT;SG
musashi	musashi	musashi	musashi	N	N;MASC+FEM;SG
bosmans	bosmans	bosmans	bosmans	N	N;MASC+FEM;SG
pluto	pluto	pluto	pluto	N	N;MASC+FEM;SG
adobe	adobe	adobe	adobe	N	N;MASC+FEM;SG
shizuka	shizuka	shizuka	shizuka	N	N;MASC+FEM;SG
vermont	vermont	vermont	vermonten	N	N;MASC+FEM;SG
sụn	kraakbeen	sụn	kraakbeen	N	N;NEUT;SG
kato	kato	kato	kato	N	N;MASC+FEM;SG
thrace	thracië	thrace	thracië	N	N;NEUT;SG
hypercompe	hypercompe	hypercompe	hypercompe	N	N;MASC+FEM;SG
bouchet	bouchet	bouchet	bouchet	N	N;MASC+FEM;SG
evarcha	evarcha	evarcha	evarcha	N	N;MASC+FEM;SG
dianthus	dianthus	dianthus	dianthus	N	N;MASC+FEM;SG
khalip	kalief	khalip	kalief	N	N;MASC+FEM;SG
antiochos	antiochus	antiochos	antiochus	N	N;MASC+FEM;SG
schalke	schalke	schalke	schalk	N	N;MASC+FEM;SG
kyushu	kyushu	kyushu	kyushu	N	N;NEUT;SG
cremona	cremona	cremona	cremona	N	N;MASC+FEM;SG
handel	händel	handel	händel	N	N;MASC+FEM;SG
piston	zuigers	piston	zuiger	N	N;PL
piston	zuiger	piston	zuiger	N	N;MASC+FEM;SG
liti	lithium	liti	lithium	N	N;MASC+FEM;SG
mehmed	mehmed	mehmed	mehmed	N	N;MASC+FEM;SG
cayman	calgary	cayman	calgary	N	N;NEUT;SG
cayman	kaaiman	cayman	kaaiman	N	N;MASC+FEM;SG
cayman	cayman	cayman	cayman	N	N;MASC+FEM;SG
summit	top	summit	top	N	N;MASC+FEM;SG
summit	topconferentie	summit	topconferentie	N	N;MASC+FEM;SG
martinique	martinique	martinique	martinique	N	N;MASC+FEM;SG
wanda	wanda	wanda	wanda	N	N;MASC+FEM;SG
saxophone	saxofoon	saxophone	saxofoon	N	N;MASC+FEM;SG
baghdad	bagdad	baghdad	bagdad	N	N;NEUT;SG
haas	haas	haas	haas	N	N;MASC+FEM;SG
para	para	para	para	N	N;MASC+FEM;SG
tolstoy	tolstoj	tolstoy	tolstoj	N	N;MASC+FEM;SG
palawan	palawan	palawan	palawan	N	N;MASC+FEM;SG
neptune	neptunus	neptune	neptunus	N	N;MASC+FEM;SG
neptune	neptune	neptune	neptune	N	N;MASC+FEM;SG
jupiter	jupiter	jupiter	jupiter	N	N;MASC+FEM;SG
alfonso	alfons	alfonso	alfons	N	N;MASC+FEM;SG
alfonso	alfonso	alfonso	alfonso	N	N;MASC+FEM;SG
proxy	volmacht	proxy	volmacht	N	N;MASC+FEM;SG
proxy	proxy	proxy	proxy	N	N;MASC+FEM;SG
djibouti	djibouti	djibouti	djibouti	N	N;NEUT;SG
hattori	hattori	hattori	hattori	N	N;MASC+FEM;SG
bromus	bromus	bromus	bromus	N	N;MASC+FEM;SG
acta	acta	acta	acta	N	N;MASC+FEM;SG
californica	californica	californica	californica	N	N;MASC+FEM;SG
marcello	marcello	marcello	marcello	N	N;MASC+FEM;SG
norodom	norodom	norodom	norodom	N	N;MASC+FEM;SG
funk	funk	funk	funk	N	N;MASC+FEM;SG
jharkhand	jharkhand	jharkhand	jharkhand	N	N;MASC+FEM;SG
zanzibar	zanzibar	zanzibar	zanzibar	N	N;NEUT;SG
dmitry	dmitry	dmitry	dmitry	N	N;MASC+FEM;SG
cowan	cowan	cowan	cowan	N	N;MASC+FEM;SG
