chrome	क्रोम	chrome	क्रोम	N	N;NOM;MASC;SG;3
chrome	chrome	chrome	chrome	N	N;NOM;MASC;SG;3
myspace	माईस्पेस	myspace	माईस्पेस	N	N;NOM;MASC;SG;3
hamburger	हैमबर्गर	hamburger	हैमबर्गर	N	N;NOM;MASC;SG;3
lift	लिफ़्ट	lift	लिफ़्ट		
inn	सराय	inn	सराय	N	N;NOM;MASC;SG;3
inn	inn	inn	inn	N	N;NOM;MASC;SG;3
gore	गोर	gore	गोर		
checkuser	checkuser	checkuser	checkuser	N	N;NOM;MASC;SG;3
viva	चिरायु	viva	चिरायु		
cafe	कॉफ़ी	cafe	कॉफ़ी	N	N;NOM;FEM;SG;3
cafe	कैफ़े	cafe	कैफ़े	N	N;NOM;FEM;SG;3
assassin	हत्यारे	assassin	हत्यारा	N	N;NOM;MASC;PL;3
farm	खेत	farm	खेत	N	N;NOM;MASC;SG;3
farm	फ़ार्म	farm	फाार्म	N	N;NOM;MASC;SG;3
farm	फार्म	farm	फार्म	N	N;NOM;MASC;SG;3
vanilla	गरज	vanilla	गरज		
société	société	société	société	N	N;NOM;MASC;SG;3
extreme	चरम	extreme	चरम		
bun	बूलियन	bun	बूलियन		
bun	बुलियन	bun	बुलियन		
auschwitz	auschwitz	auschwitz	auschwitz	N	N;NOM;MASC;SG;3
fat	वसा	fat	वसा	N	N;NOM;MASC;SG;3
corleone	कोरलियॉन	corleone	कोरलियॉन	N	N;NOM;MASC;SG;3
mẹo	युक्तियाँ	mẹo	युक्ति	N	N;NOM;FEM;PL;3
mẹo	सुझाव	mẹo	सुझाव	N	N;NOM;MASC;SG;3
mẹo	टिप्स	mẹo	टिप्स	N	N;NOM;MASC;SG;3
mẹo	नुस्ख़े	mẹo	नुस्खा	N	N;NOM;MASC;SG;3
mẹo	युक्ति	mẹo	युक्ति	N	N;NOM;FEM;SG;3
haw	haw	haw	haw		
glycine	glycine	glycine	glycine	N	N;NOM;MASC;SG;3
plato	प्लेटो	plato	प्लेटो	N	N;NOM;MASC;SG;3
herb	हर्ब	herb	हर्ब		
bleach	ब्लीच	bleach	ब्लीच		
stub	स्टब	stub	स्टब		
switch	स्विच	switch	स्विच	N	N;NOM;MASC;SG;3
muse	चिंतन	muse	चिंतन	N	N;NOM;MASC;SG;3
gala	गाला	gala	गाला		
pioneer	अग्रगामी	pioneer	अग्रगामी	N	N;NOM;MASC;SG;3
romano	romano	romano	romano		
wizard	विजार्ड	wizard	विजार्ड		
yom	योम	yom	योम		
bor	bor	bor	bor		
runner	धावक	runner	धावक	N	N;NOM;MASC;SG;3
hispaniola	हिस्पानिओला	hispaniola	हिस्पानिओला	N	N;NOM;MASC;SG;3
mask	मास्क	mask	मास्क		
mask	नकाब	mask	नकाब		
coa	किए	coa	कर	V	V;PFV;MASC;PL;V.PTCP;ACT
heathrow	हीथ्रो	heathrow	हीथ्रो	N	N;NOM;MASC;SG;3
shorea	shorea	shorea	shorea		
machado	machado	machado	machado	N	N;NOM;MASC;SG;3
lions	शेर	lions	शेर	N	N;NOM;MASC;SG;3
kitty	किटी	kitty	किटी		
kitty	किट्टी	kitty	किट्टी		
ost	ost	ost	ost		
coventry	coventry	coventry	coventry	N	N;NOM;MASC;SG;3
pbs	pbs	pbs	pbs		
ito	ito	ito	ito		
polymer	पॉलिमर	polymer	पॉलिमर	N	N;NOM;MASC;SG;3
nolan	नोलन	nolan	नोलन		
fitzgerald	fitzgerald	fitzgerald	fitzgerald	N	N;NOM;MASC;SG;3
mama	मामा	mama	मामा	N	N;NOM;MASC;SG;3
radiata	radiata	radiata	radiata	N	N;NOM;MASC;SG;3
revue	revue	revue	ओ		
messenger	messenger	messenger	messenger	N	N;NOM;MASC;SG;3
messenger	मैसेंजर	messenger	मैसेंजर	N	N;NOM;MASC;SG;3
messenger	मेसेंजर	messenger	मेसेंजर	N	N;NOM;MASC;SG;3
por	पोर	por	पोर		
sikorsky	sikorsky	sikorsky	sikorsky	N	N;NOM;MASC;SG;3
ensign	ensign	ensign	ओंखू		
ericsson	ericsson	ericsson	ओुओठु	N	N;NOM;MASC;SG;3
cast	कास्ट	cast	कास्ट	N	N;NOM;MASC;SG;3
nếm	चखना	nếm	चख	V	V;MASC;NFIN;ACT
ski	स्की	ski	स्की	N	N;NOM;FEM;SG;3
framework	फ्रेमवर्क	framework	फ्रेमवर्क	N	N;NOM;MASC;SG;3
amor	amor	amor	amor		
zara	ज़रा	zara	ज़रा		
guadalupe	guadalupe	guadalupe	guadalupe	N	N;NOM;MASC;SG;3
mendoza	मेंडोज़ा	mendoza	मेंडोज़ा	N	N;NOM;MASC;SG;3
survivor	उत्तरजीवी	survivor	उत्तरजीवी	N	N;NOM;MASC;SG;3
sikh	सिख	sikh	सिख	N	N;NOM;MASC;SG;3
sikh	सिखों	sikh	सिख	N	N;ACC;MASC;PL;3
sikh	पगड़ी	sikh	पगडी	N	N;NOM;FEM;SG;3
ivy	आइवी	ivy	आइवी		
penaltyscore	penaltyscore	penaltyscore	penaltyscore	V	V;IPFV;MASC;PL;V.PTCP;ACT
advance	एडवांस	advance	एडवांस	N	N;NOM;MASC;SG;3
pocket	जेब	pocket	जेब	N	N;NOM;FEM;SG;3
sandra	सैंड्रा	sandra	सैंड्रा		
buch	buch	buch	buch		
interwiki	interwiki	interwiki	interwiki	N	N;NOM;MASC;SG;3
angry	गुस्सा	angry	गुस्सा	N	N;NOM;MASC;SG;3
cotton	कपास	cotton	कपास	N	N;NOM;MASC;SG;3
stamford	stamford	stamford	stamford	N	N;NOM;MASC;SG;3
klm	klm	klm	klm		
mannheim	mannheim	mannheim	mannheim	N	N;NOM;MASC;SG;3
nationale	nationale	nationale	nationale	N	N;NOM;MASC;SG;3
atm	एटीएम	atm	एटीएम	N	N;NOM;MASC;SG;3
deutsch	deutsch	deutsch	deutsch	N	N;NOM;MASC;SG;3
cantor	cantor	cantor	cantor		
giỏ	जेब	giỏ	जेब	N	N;NOM;FEM;SG;3
giỏ	टोकरी	giỏ	टोकरी	N	N;NOM;FEM;SG;3
giỏ	बास्केट	giỏ	बास्केट	N	N;NOM;MASC;SG;3
tristan	ट्रिस्टन	tristan	ट्रिस्टन		
wyatt	व्याट	wyatt	व्याट		
tea	चाय	tea	चाय	N	N;NOM;FEM;SG;3
othername	othername	othername	othername	N	N;NOM;MASC;SG;3
alien	एलियन	alien	एलियन		
raja	राजा	raja	राजा	N	N;NOM;MASC;SG;3
lydia	लीडिया	lydia	लीडिया		
fun	मनोरंजक	fun	मनोरंजक	N	N;NOM;MASC;SG;3
fun	मस्ती	fun	मस्ती	N	N;NOM;FEM;SG;3
fun	मजा	fun	मजा	N	N;NOM;MASC;SG;3
jungle	जंगल	jungle	जंगल	N	N;NOM;MASC;SG;3
lorenz	एकम	lorenz	एकम		
wolfram	टंगस्टन	wolfram	टंगस्टन	N	N;NOM;MASC;SG;3
clermont	clermont	clermont	clermont	N	N;NOM;MASC;SG;3
dalton	डाल्टन	dalton	डाल्टन		
bluetooth	ब्लूटूथ	bluetooth	ब्लूटूथ	N	N;NOM;MASC;SG;3
compton	कॉम्पटन	compton	कॉम्पटन	N	N;NOM;MASC;SG;3
glucose	ग्लूकोज	glucose	ग्लूकोज	N	N;NOM;MASC;SG;3
carrie	कैरी	carrie	कैरी		
axel	एक्सेल	axel	एक्सेल	N	N;NOM;MASC;SG;3
utrecht	utrecht	utrecht	utrecht	N	N;NOM;MASC;SG;3
café	कैफ़े	café	कैफ़े	N	N;NOM;FEM;SG;3
freiburg	freiburg	freiburg	ओुुेग	N	N;NOM;MASC;SG;3
dudley	dudley	dudley	dudley		
điếc	बहरे	điếc	बहर	V	V;SG;FIN;ACT
concept	अवधारणा	concept	अवधारणा	N	N;NOM;FEM;SG;3
neu	neu	neu	neu		
casino	कैसीनो	casino	कैसीनो	N	N;NOM;MASC;SG;3
cabin	केबिन	cabin	केबिन	N	N;NOM;MASC;SG;3
khz	khz	khz	khz	N	N;NOM;MASC;SG;3
nal	nal	nal	nal		
watt	वॉट	watt	वॉट		
watt	वाट	watt	वाट		
yoko	योको	yoko	योको		
bomb	बम	bomb	बम	N	N;NOM;MASC;SG;3
bomb	बमों	bomb	बम	N	N;ACC;MASC;PL;3
bomb	बमबारी	bomb	बमबारी	N	N;NOM;FEM;SG;3
astronomy	खगोलशास्त्र	astronomy	खगोलशास्त्र	N	N;NOM;MASC;SG;3
mầu	रंग	mầu	रंग	N	N;NOM;MASC;SG;3
poker	पोकर	poker	पोकर	N	N;NOM;MASC;SG;3
aya	अया	aya	अया		
vẫy	हिलाता	vẫy	हिलाता	V	V;IPFV;MASC;SG;V.PTCP;ACT
meade	meade	meade	meade		
safari	सफारी	safari	सफारी	N	N;NOM;FEM;SG;3
safari	safari	safari	safari	N	N;NOM;MASC;SG;3
pictus	pictus	pictus	pictus		
guild	श्रेणियों	guild	श्रेणी	N	N;ACC;MASC;PL;3
guild	श्रेणियाँ	guild	श्रेणी	N	N;NOM;FEM;PL;3
guild	गिल्ड	guild	गिल्ड	N	N;NOM;MASC;SG;3
novo	नोवो	novo	नोवो		
champ	champ	champ	champ		
saints	संतों	saints	संत	N	N;ACC;MASC;PL;3
saints	संत	saints	संत	N	N;NOM;MASC;SG;3
aves	aves	aves	aves		
nomen	nomen	nomen	nomen		
als	als	als	als		
bart	बार्ट	bart	बार्ट		
suvarnabhumi	suvarnabhumi	suvarnabhumi	ओौओेरुआप्गो	N	N;NOM;MASC;SG;3
dakshina	दक्षिणा	dakshina	दक्षिणा	N	N;NOM;FEM;SG;3
carson	कार्सन	carson	कार्सन	N	N;NOM;MASC;SG;3
doug	डग	doug	डग		
amanita	amanita	amanita	amanita	N	N;NOM;MASC;SG;3
finn	फिन	finn	फिन		
laplace	लाप्लास	laplace	लाप्लास	N	N;NOM;MASC;SG;3
sprague	स्प्रेग	sprague	स्प्रेग		
platinum	प्लैटिनम	platinum	प्लैटिनम	N	N;NOM;MASC;SG;3
platinum	प्लेटिनम	platinum	प्लेटिनम	N	N;NOM;MASC;SG;3
gfdl	gfdl	gfdl	gfdl		
savoy	savoy	savoy	ओपुता	N	N;NOM;MASC;SG;3
trip	ट्रिप	trip	ट्रिप		
vít	पेंचकस	vít	पेंचकस	N	N;NOM;MASC;SG;3
shia	शिया	shia	शिया	N	N;NOM;MASC;SG;3
guthrie	गथरी	guthrie	गथरी		
penalty	पेनल्टी	penalty	पेनल्टी	N	N;NOM;MASC;SG;3
penalty	दंड	penalty	दंड	N	N;NOM;MASC;SG;3
sida	aids	sida	aids		
zoom	ज़ूम	zoom	ज़ूम	N	N;NOM;MASC;SG;3
flynn	flynn	flynn	ओुआआ		
dallwitz	dallwitz	dallwitz	dallwitz	N	N;NOM;MASC;SG;3
rụi	कुचल	rụi	कुचल	V	V;ACT
blyth	blyth	blyth	blyth		
lakes	झीलें	lakes	झील	N	N;NOM;FEM;PL;3
lakes	झीलों	lakes	झील	N	N;ACC;FEM;PL;3
suharto	सुहार्तो	suharto	सुहार्तो	N	N;NOM;MASC;SG;3
aspera	aspera	aspera	aspera		
ayuntamiento	ayuntamiento	ayuntamiento	ayuntamiento	N	N;NOM;MASC;SG;3
app	ऐप	app	ऐप	N	N;NOM;MASC;SG;3
app	एप्लिकेशन	app	एप्लिकेशन	N	N;NOM;MASC;SG;3
app	app	app	app	N	N;NOM;MASC;SG;3
troll	ट्रोल	troll	ट्रोल		
ethernet	ईथरनेट	ethernet	ईथरनेट	N	N;NOM;MASC;SG;3
peso	पेसोस	peso	पेसोस		
shock	शॉक	shock	शॉक		
nhử	लुभाने	nhử	लुभा	V	V;NFIN;ACT
xoang	साइनस	xoang	साइनस	N	N;NOM;MASC;SG;3
coffee	कॉफ़ी	coffee	कॉफ़ी	N	N;NOM;FEM;SG;3
task	कार्य	task	कार्य	N	N;NOM;MASC;SG;3
sulfat	सल्फेट	sulfat	सल्फेट	N	N;NOM;MASC;SG;3
ala	आला	ala	आला	N	N;NOM;MASC;PL;3
cctld	cctld	cctld	cctld		
pizza	पिज्जा	pizza	पिज्जा	N	N;NOM;MASC;SG;3
pizza	पिज़्ज़ा	pizza	पिज़्ज़ा	N	N;NOM;MASC;SG;3
unicef	यूनिसेफ	unicef	यूनिसेफ	N	N;NOM;MASC;SG;3
hockey	हॉकी	hockey	हॉकी	N	N;NOM;FEM;SG;3
nico	निको	nico	निको		
sherlock	शर्लक	sherlock	शर्लक		
avatar	अवतार	avatar	अवतार	N	N;NOM;MASC;SG;3
reader	पाठक	reader	पाठक		
fortune	भाग्य	fortune	भाग्य	N	N;NOM;MASC;SG;3
doo	डू	doo	डू	N	N;NOM;MASC;SG;3
faraday	फैराडे	faraday	फैराडा	N	N;NOM;MASC;SG;3
rand	रैंड	rand	रैंड		
rapid	द्रुत	rapid	द्रुत		
analog	एनालॉग	analog	एनालॉग	N	N;NOM;MASC;SG;3
pagan	काफिर	pagan	काफिर	N	N;NOM;MASC;SG;3
dodge	मोड	dodge	मोड	N	N;NOM;MASC;SG;3
cdma	cdma	cdma	cdma	N	N;NOM;MASC;SG;3
communis	communis	communis	communis	N	N;NOM;MASC;SG;3
olive	जैतून	olive	जैतून	N	N;NOM;MASC;SG;3
calgary	कैलगरी	calgary	कैलगरी	N	N;NOM;MASC;SG;3
malik	malik	malik	malik		
bikini	बिकिनी	bikini	बिकिनी	N	N;NOM;FEM;SG;3
siết	निचोड़	siết	निचोड़	V	V;MASC;SG;FIN;ACT
alger	शैवाल	alger	शैवाल	N	N;NOM;MASC;SG;3
subtemplates	subtemplates	subtemplates	subtemplates	V	V;IPFV;MASC;PL;V.PTCP;ACT
pet	पालतू	pet	पालतू	N	N;NOM;MASC;SG;3
pet	बुद्धि	pet	बुद्धि	N	N;NOM;FEM;SG;3
pet	इंटेलिजेंस	pet	इंटेलिजेंस	N	N;NOM;MASC;SG;3
pet	खुफिया	pet	खुफिया	N	N;NOM;MASC
pet	बुद्धिमत्ता	pet	बुद्धिमत्ता	N	N;NOM;FEM;SG;3
drum	ड्रम	drum	ड्रम	N	N;NOM;MASC;SG;3
drum	ढोल	drum	ढोल	N	N;NOM;MASC;SG;3
merino	मेरिनो	merino	मेरिनो		
martini	मार्टिनी	martini	मार्टिनी	N	N;NOM;FEM;SG;3
atra	अत्र	atra	अत्र		
trail	ट्रेल	trail	ट्रेल		
lipid	लिपिड	lipid	लिपिड	N	N;NOM;MASC;SG;3
chaos	अव्यवस्था	chaos	अव्यवस्था	N	N;NOM;FEM;SG;3
chaos	अराजकता	chaos	अराजकता	N	N;NOM;FEM;SG;3
candida	candida	candida	candida	N	N;NOM;MASC;SG;3
oskar	oskar	oskar	oskar		
spot	स्पॉट	spot	स्पॉट		
cctv	cctv	cctv	cctv	N	N;NOM;MASC;SG;3
vidal	विडाल	vidal	विडाल		
tar	tar	tar	tar		
erectus	इरेक्टस	erectus	इरेक्टस	N	N;NOM;MASC;SG;3
idf	idf	idf	idf		
palmyra	palmyra	palmyra	palmyra	N	N;NOM;MASC;SG;3
vogue	प्रचलन	vogue	प्रचलन	N	N;NOM;MASC;SG;3
dewey	डिवी	dewey	डिवी		
autobiography	आत्मकथा	autobiography	आत्मकथा	N	N;NOM;FEM;SG;3
mêtan	मिथेन	mêtan	मिथेन	N	N;NOM;MASC;SG;3
guru	गुरु	guru	गुरु	N	N;NOM;MASC;SG;3
sanders	सैंडर्स	sanders	सैंडर	N	N;NOM;MASC;SG;3
aztec	एज़टेक	aztec	एज़टेक	N	N;NOM;MASC;SG;3
spy	उल्टी	spy	उल्टी		
stereo	स्टीरियो	stereo	स्टीरियो	N	N;NOM;MASC;SG;3
lance	लांस	lance	लांस	N	N;NOM;MASC;SG;3
lance	तलवार	lance	तलवार	N	N;NOM;FEM;SG;3
benoy	बिनय	benoy	बिनय		
jatropha	जत्रोफा	jatropha	जत्रोफा	N	N;NOM;MASC;SG;3
vladivostok	व्लादिवोस्तोक	vladivostok	व्लादिवोस्तोक	N	N;NOM;MASC;SG;3
blogger	ब्लॉगर	blogger	ब्लॉगर	N	N;NOM;MASC;SG;3
blogger	ब्लॉग	blogger	ब्लॉग	N	N;NOM;MASC;SG;3
pires	पायर्स	pires	पायर्स	N	N;NOM;MASC;PL;3
octopus	अष्टभुज	octopus	अष्टभुज		
sink	जिंक	sink	जिंक		
harmony	सद्भाव	harmony	सद्भाव		
odyssey	भ्रमण	odyssey	भ्रमण	N	N;NOM;MASC;SG;3
hastings	हास्टिंग्स	hastings	हास्टिंग	N	N;NOM;FEM;PL;3
fairfield	फेयरफील्ड	fairfield	फेयरफील्ड	N	N;NOM;FEM;SG;3
ava	आवा	ava	आवा		
spa	स्पा	spa	स्पा	N	N;NOM;MASC;SG;3
spa	स्पा	spa	स्पा	N	N;NOM;MASC;SG;3
tornado	आंधी	tornado	आँधी	N	N;NOM;FEM;SG;3
tornado	बवंडर	tornado	बवंडर	N	N;NOM;MASC;SG;3
chorus	कोरस	chorus	कोरस		
rae	rae	rae	rae		
officinalis	officinalis	officinalis	officinalis	N	N;NOM;MASC;SG;3
destroyer	ध्वनिक	destroyer	ध्वनिक	N	N;NOM;MASC;SG;3
destroyer	विनाशक	destroyer	विनाशक	N	N;NOM;MASC;SG;3
collapsible	collapsible	collapsible	collapsible	N	N;NOM;MASC;SG;3
dolphin	डॉल्फ़िन	dolphin	डॉल्फ़िन		
buena	buena	buena	buena		
baikal	बैकाल	baikal	बैकाल		
oro	oro	oro	oro		
oro	ओरो	oro	ओरो		
steroid	स्टेरॉयड	steroid	स्टेरॉयड	N	N;NOM;MASC;SG;3
ipod	ipod	ipod	ipod	N	N;NOM;MASC;SG;3
atkinson	एटकिन्सन	atkinson	एटकिन्सन	N	N;NOM;MASC;SG;3
packard	पैकर्ड	packard	पैकर्ड		
arlington	आर्लिंगटन	arlington	आर्लिंगटन	N	N;NOM;FEM;SG;3
fax	फैक्स	fax	फैक्स	N	N;NOM;MASC;SG;3
brotherhood	भाईचारा	brotherhood	भाईचारा	N	N;NOM;MASC;SG;3
brotherhood	भाईचारे	brotherhood	भाईचारा	N	N;NOM;MASC;SG;3
vat	वट	vat	वट		
vat	vat	vat	vat		
vat	वेट	vat	वेट		
astoria	एस्टोरिया	astoria	एस्टोरिया		
satan	शैतानी	satan	शैतानी	N	N;NOM;FEM;SG;3
arch	चाप	arch	चाप	N	N;NOM;MASC;SG;3
arch	मेहराब	arch	मेहराब	N	N;NOM;FEM;SG;3
braga	ब्रागा	braga	ब्रागा	N	N;NOM;MASC;SG;3
mel	mel	mel	mel		
arabica	arabica	arabica	arabica	N	N;NOM;MASC;SG;3
reese	रीज़	reese	रीज़		
ribbon	फीता	ribbon	फुत	N	N;NOM;MASC;SG;3
ribbon	रिबन	ribbon	रिबन	N	N;NOM;MASC;SG;3
owl	उल्लू	owl	उल्लू	N	N;NOM;MASC;SG;3
molly	मोल	molly	मोल		
soprano	सोप्रानो	soprano	सोप्रानो		
crash	क्रेश	crash	क्रेश		
ulus	ulus	ulus	ulus		
aki	अकी	aki	अकी		
hardcover	सजिल्द	hardcover	सजिल्द		
ribosome	राइबोसोम	ribosome	राइबोसोम	N	N;NOM;MASC;SG;3
balboa	बाल्बोआ	balboa	बाल्बोआ		
helmuth	helmuth	helmuth	ओुओ	N	N;NOM;MASC;SG;3
duffy	डफी	duffy	डफी		
sulfuric	sulfuric	sulfuric	sulfuric	N	N;NOM;MASC;SG;3
clan	गोत्र	clan	गोत्र	N	N;NOM;MASC;SG;3
loop	लूप	loop	लूप	N	N;NOM;MASC;SG;3
mayo	मेयो	mayo	मेयो		
locke	locke	locke	locke		
maple	मेपल	maple	मेपल		
tau	ताऊ	tau	ताऊ	N	N;NOM;MASC;SG;3
miocene	miocene	miocene	miocene	N	N;NOM;MASC;SG;3
lure	लुभाने	lure	लुभा	V	V;NFIN;ACT
ipairs	ipairs	ipairs	ipairs		
gurion	गुरियन	gurion	गुरियन		
ami	अमी	ami	अमी		
zulu	ज़ुलू	zulu	ज़ुलू		
pub	पब	pub	पब		
platon	प्लेटो	platon	प्लेटो	N	N;NOM;MASC;SG;3
sal	सल	sal	सल		
sal	sal	sal	sal		
fin	जोडे	fin	जोडे	N	N;NOM;MASC;SG;3
ulmus	elm	ulmus	elm		
pyrenees	pyrenees	pyrenees	pyrenees	N	N;NOM;MASC;SG;3
pyrenees	pyrénées	pyrenees	pyrénées	N	N;NOM;MASC;SG;3
suisse	सुइस	suisse	सुइस	N	N;NOM;MASC;SG;3
firefly	जुगनू	firefly	जुगनू		
mcpherson	मैकफर्सन	mcpherson	मैकफर्सन	N	N;NOM;MASC;PL;3
ipad	ipad	ipad	ipad	N	N;NOM;MASC;SG;3
alamos	alamos	alamos	ओुुआता		
lodge	लॉज	lodge	लॉज	N	N;NOM;MASC;SG;3
lodge	आवास	lodge	आवास	N	N;NOM;MASC;SG;3
cocktail	कॉकटेल	cocktail	कॉकटेल	N	N;NOM;MASC;SG;3
badami	बादामी	badami	बादामी	N	N;NOM;MASC;SG;3
wta	पहियों	wta	पही	N	N;ACC;FEM;PL;3
brooke	ब्रुक	brooke	ब्रुक		
nitric	नाइट्रिक	nitric	नाइट्रिक	N	N;NOM;MASC;SG;3
byzantium	byzantium	byzantium	ओुुूआी	N	N;NOM;MASC;SG;3
surat	सूरत	surat	सूरत	N	N;NOM;FEM;SG;3
eddy	eddy	eddy	eddy		
magdeburg	मागदेबुर्ग	magdeburg	मागदेबुर्ग	N	N;NOM;MASC;SG;3
dinar	दिनार	dinar	दिनार		
tráp	फंदा	tráp	फंदा	N	N;NOM;MASC;SG;3
barber	नाई	barber	नाई		
meson	मेसॉन	meson	मेसॉन		
ferox	ferox	ferox	ओपुता		
mergedtoprow	mergedtoprow	mergedtoprow	mergedtoprow	V	V;IPFV;MASC;PL;V.PTCP;ACT
gmail	श्रेय	gmail	श्रेय	N	N;NOM;MASC;SG;3
gmail	क्रेडिट	gmail	क्रेडिट	N	N;NOM;MASC;SG;3
xyanua	साइनाइड	xyanua	साइनाइड	N	N;NOM;FEM;SG;3
cosmos	ब्रह्मांड	cosmos	ब्रह्मांड	N	N;NOM;MASC;SG;3
britannia	britannia	britannia	britannia	N	N;NOM;MASC;SG;3
plains	मैदान	plains	मैदान	N	N;NOM;MASC;SG;3
civic	नागरिक	civic	नागरिक	N	N;NOM;MASC;SG;3
fips	fips	fips	fips		
shuttle	शटल	shuttle	शटल	N	N;NOM;MASC;SG;3
stdinchikey	stdinchikey	stdinchikey	stdinchikey	V	V;IPFV;MASC;V.PTCP;ACT
selen	सेलेनियम	selen	सेलेनियम	N	N;NOM;MASC;SG;3
tome	टोम	tome	टोम		
cliff	चट्टान	cliff	चट्टान	N	N;NOM;FEM;SG;3
eagles	ईगल्स	eagles	ईगल्स	N	N;NOM;MASC;PL;3
lympho	lymphoma	lympho	lymphoma	N	N;NOM;MASC;SG;3
frey	फ्रे	frey	फ्रे		
duỗi	खींचें	duỗi	खींच	V	V;SBJV;PL;FIN;ACT
cory	कोरी	cory	कोरी		
beer	बीयर	beer	बीयर		
federico	federico	federico	federico	N	N;NOM;MASC;SG;3
boss	बॉस	boss	बॉस	N	N;NOM;MASC;SG;3
casno	casno	casno	casno		
sasaki	ससाकी	sasaki	ससाकी	N	N;NOM;MASC;SG;3
groove	नाली	groove	नाली	N	N;NOM;FEM;SG;3
avant	अवंत	avant	अवंत		
philips	फिलिप्स	philips	फिलिप्स	N	N;NOM;MASC;SG;3
gateway	गेटवे	gateway	गेटवा	N	N;NOM;MASC;SG;3
anastasia	अनास्तासिया	anastasia	अनास्तासिया	N	N;NOM;FEM;SG;3
avon	एवन	avon	एवन		
vincenzo	vincenzo	vincenzo	vincenzo	N	N;NOM;MASC;SG;3
tomb	मज़ार	tomb	मज़ार	N	N;NOM;FEM;SG;3
caltech	caltech	caltech	caltech		
sousa	सूज़ा	sousa	सूज़ा		
macro	मैक्रो	macro	मैक्रो	N	N;NOM;MASC;SG;3
romain	रोमेन	romain	रोमेन		
crop	क्रॉप	crop	क्रॉप		
nme	nme	nme	nme		
moody	moody	moody	moody		
isu	isu	isu	isu		
augustin	augustin	augustin	आ१ओषओत	N	N;NOM;MASC;SG;3
mitch	मिच	mitch	मिच		
directx	डाइरेक्टएक्स	directx	डाइरेक्टएक्स	N	N;NOM;MASC;SG;3
lago	lago	lago	lago		
amino	अमीनो	amino	अमीनो	N	N;NOM;MASC;SG;3
omsk	ओम्स्क	omsk	ओम्स्क		
edmonton	एडमॉन्टन	edmonton	एडमॉन्टन	N	N;NOM;MASC;SG;3
sởi	measles	sởi	measles	N	N;NOM;MASC;SG;3
panda	पांडा	panda	पांडा		
tribal	आदिवासी	tribal	आदिवासी	N	N;NOM;MASC;SG;3
parque	parque	parque	ठुआन्	N	N;NOM;MASC;SG;3
brighton	ब्राइटन	brighton	ब्राइटन	N	N;NOM;MASC;SG;3
sếp	सर	sếp	सर	N	N;NOM;MASC;SG;3
sếp	प्रधान	sếp	प्रधान	N	N;NOM;MASC;SG;3
sếp	प्रमुख	sếp	प्रमुख	N	N;NOM;MASC;SG;3
sếp	मुखिया	sếp	मुखिया	N	N;NOM;MASC;SG;3
sếp	बॉस	sếp	बॉस	N	N;NOM;MASC;SG;3
zacatecas	zacatecas	zacatecas	zacatecas	N	N;NOM;MASC;SG;3
giầy	जूते	giầy	जूता	N	N;NOM;MASC;PL;3
junction	जंक्शन	junction	जंक्शन	N	N;NOM;MASC;SG;3
mimi	मिमी	mimi	मिमी	N	N;NOM;MASC;SG;3
mor	मोर	mor	मोर		
plastic	प्लास्टिक	plastic	प्लास्टिक	N	N;NOM;MASC;SG;3
lies	झूठ	lies	झूठ		
sango	सांगो	sango	सांगो		
gallus	gallus	gallus	ओुुू		
travis	ट्रैविस	travis	ट्रैविस		
halogen	हैलोजन	halogen	हैलोजन	N	N;NOM;MASC;SG;3
imam	इमाम	imam	इमाम	N	N;NOM;MASC;SG;3
doom	अज़ाब	doom	अज़ाब	N	N;NOM;MASC;SG;3
doom	यातना	doom	यातना	N	N;NOM;FEM;SG;3
chôm	चोरी	chôm	चोरी	N	N;NOM;FEM;SG;3
deck	डेक	deck	डेक	N	N;NOM;MASC;SG;3
serial	धारावाहिक	serial	धारावाहिक	N	N;NOM;MASC;SG;3
serial	सीरियल	serial	सीरियल	N	N;NOM;MASC;SG;3
dms	dms	dms	dms		
mos	mos	mos	mos		
unity	एकता	unity	एकता	N	N;NOM;FEM;SG;3
rupee	रुपए	rupee	रुपया	N	N;NOM;MASC;SG;3
rupee	रुपए	rupee	रुपया	N	N;NOM;MASC;SG;3
rupee	रूपया	rupee	रूपया	N	N;NOM;MASC;SG;3
rupee	रुपया	rupee	रुपया	N	N;NOM;MASC;SG;3
enter	डालें	enter	डाल	V	V;SBJV;PL;FIN;ACT
survival	अस्तित्व	survival	अस्तित्व	N	N;NOM;MASC;SG;3
peck	पेक	peck	पेक		
sensei	सेंसेई	sensei	सेंसेई		
trend	रुझान	trend	रुझान	N	N;NOM;MASC;SG;3
trend	प्रवृत्ति	trend	प्रवृत्ति	N	N;NOM;FEM;SG;3
trend	ट्रेंड	trend	ट्रेंड	N	N;NOM;MASC;SG;3
ole	ओले	ole	ओला		
dane	डेन	dane	डेन		
gpcm	gpcm	gpcm	gpcm		
jacobi	jacobi	jacobi	jacobi	N	N;NOM;MASC;SG;3
mica	अभ्रक	mica	अभ्रक	N	N;NOM;MASC;SG;3
sale	काठी	sale	काठी		
vue	vue	vue	vue		
storia	storia	storia	storia		
khay	ट्रे	khay	ट्रे	N	N;NOM;FEM;SG;3
buzz	अफ़वाह	buzz	अफ़वाह		
buzz	बज़	buzz	बज़		
