radwańska	radwańska	radwański	radwańska	ADJ;NOM;FEM;SG	N
azotu	nitơ	azot	nitơ		N
azotu	nitrogen	azot	nitrogen		N
jeffrey	jeffrey	jeffrey	jeffrey	PROPN;NOM;MASC;SG	N
pradesh	pradesh	prades	pradesh		N
mylić	confuse	mylić	confuse	V;IPFV;NFIN;ACT	N
vicente	vicente	vicente	vicente	PROPN;NOM;MASC;SG	
robotnik	workman	robotnik	workman	N;NOM;MASC;SG	
pinyin	pinyin	pinyin	pinyin		N
base	base	bas	base		
gay	gay	gać	gay		N
rus	rus	rus	rus	PROPN;NOM;MASC;SG	N
intro	intro	intro	intro		N
isaac	isaac	isaac	isaac	PROPN;NOM;MASC;SG	
dortmund	dortmund	dortmund	dortmund	PROPN;NOM;MASC;SG	N
carol	carol	carol	carol	PROPN;NOM;FEM;SG	
boba	boba	boba	boba		N
malcolm	malcolm	malcol	malcolm	N;NOM;MASC;SG	
baba	baba	baba	baba	N;NOM;FEM;SG	
ivo	ivo	ivo	ivo	PROPN;NOM;MASC;SG	
lądowisko	helipad	lądowisko	helipad	N;NOM;NEUT;SG	
novak	novak	novak	novak	PROPN;NOM;MASC;SG	N
tomek	thomas	tomek	thomas	N;NOM;MASC;SG	
tajemnice	secrets	tajemnica	secrets	N;NOM;FEM;PL	
tajemnice	mystery	tajemnica	mystery	N;NOM;FEM;PL	
baseball	chày	baseball	chày		N
alba	alba	alba	alba		N
bałtyckiego	baltic	bałtycki	baltic	ADJ;ACC;MASC;SG	N
cywilny	civil	cywilny	civil	ADJ;NOM;MASC;SG	
jazzu	jazz	jazzen	jazz		N
statkiem	ship	statek	ship	N;INS;MASC;SG	V
składnik	constituent	składnik	constituent	N;NOM;MASC;SG	
standardowe	chuẩn	standardowy	chuẩn	ADJ;NOM;NEUT;SG	V
standardowe	standard	standardowy	standard	ADJ;NOM;NEUT;SG	
powell	powell	powell	powell	PROPN;NOM;MASC;SG	
hołd	homage	hołd	homage	N;NOM;MASC;SG	ADJ
iskry	spark	iskry	spark		N
iskry	bugi	iskry	bugi		N
kassel	kassel	kassel	kassel	PROPN;NOM;MASC;SG	
wsp	wsp	wspa	wsp		N
alpejskim	alpine	alpejski	alpine	ADJ;INS;MASC;SG	N
menu	menu	menu	menu		N
menu	menu	menu	menu		N
hal	hải	hala	hải		N
eagle	eagle	eagle	eagle		N
eagle	bàng	eagle	bàng		N
madame	madame	madama	madame		N
paz	paz	paz	paz	PROPN;NOM;MASC;SG	
zanurzenie	immersion	zanurzenie	immersion	N;NOM;NEUT;SG	ADJ
zanurzenie	lặn	zanurzenie	lặn	N;NOM;NEUT;SG	V
huber	huber	huber	huber	PROPN;NOM;MASC;SG	N
sad	saad	sad	saad	N;NOM;MASC;SG	
organicznych	organic	organiczny	organic	ADJ;GEN;MASC;PL	N
casey	casey	cas	casey	PROPN;NOM;MASC;SG	
remis	đính	remis	đính	N;NOM;MASC;SG	
remis	vẽ	remis	vẽ	N;NOM;MASC;SG	V
shadow	bóng	shadow	bóng		N
shadow	shadow	shadow	shadow		N
swift	yến	swift	yến		N
gang	đảng	ganga	đảng		N
gang	đám	ganga	đám		N
gang	lũ	ganga	lũ		N
lange	lange	lange	lange		N
bernhard	bernhard	bernhard	bernhard	PROPN;NOM;MASC;SG	N
leonid	leonid	leonid	leonid	PROPN;NOM;MASC;SG	N
wydłużone	elongated	wydłużyć	elongated	ADJ;PFV;NOM;NEUT;SG;POS;V.PTCP;PASS	
wieczne	mải	wieczny	mải	ADJ;NOM;NEUT;SG	V
weiss	weiss	weiss	weiss	PROPN;NOM;MASC;SG	N
ciężar	cân	ciężar	cân	N;NOM;MASC;SG	V
niezależna	lập	niezależny	lập	ADJ;NOM;FEM;SG	V
lidia	lidia	lidia	lidia	PROPN;NOM;FEM;SG	
gniezno	gniezno	gniezno	gniezno		V
rękopisy	manuscripts	rękopis	manuscripts	N;NOM;MASC;PL	ADJ
plaza	plaza	plaza	plaza		N
jabłoński	jablonski	jabłoński	jablonski	ADJ;NOM;MASC;SG	N
epizod	tập	epizod	tập	N;NOM;MASC;SG	
epizod	episode	epizod	episode	N;NOM;MASC;SG	
mleka	milk	mleko	milk	N;GEN;NEUT;SG	
floyd	floyd	floyd	floyd		N
anteny	antennas	antena	antennas	N;ACC;FEM;PL	
erwin	erwin	erwin	erwin	PROPN;NOM;MASC;SG	N
legnica	legnica	legnica	legnica	N;NOM;FEM;SG	V
nisko	low	nisko	low	ADV	
nisko	thấp	nisko	thấp	ADV	ADJ
bon	bon	bon	bon		N
szare	gray	szary	gray	ADJ;NOM;NEUT;SG	
szare	xám	szary	xám	ADJ;NOM;NEUT;SG	N
szare	xám	szary	xám	ADJ;NOM;NEUT;SG	N
grudziądz	grudziądz	grudziądz	grudziądz		N
komorowski	komorowski	komorowski	komorowski	ADJ;NOM;MASC;SG	V
podobieństwa	parallels	podobieństwo	parallels	N;NOM;NEUT;PL	
joey	joey	jóc	joey		N
modułu	đun	moduł	đun	N;GEN;MASC;SG	V
kyle	kyle	kyle	kyle	PROPN;NOM;MASC;SG	
ghost	ghost	ghost	ghost		V
ghost	ma	ghost	ma		N
jagiełły	jogaila	jagiełła	jogaila	V;IPFV;MASC;IND;SG;PST;FIN;ACT	N
brooke	brooke	brook	brooke	N;NOM;FEM;SG	
ville	ville	vill	ville		N
ozdobne	ornamental	ozdobny	ornamental	ADJ;NOM;NEUT;SG	
zheng	trịnh	zheng	trịnh	PROPN;NOM;MASC;SG	N
zheng	zheng	zheng	zheng	PROPN;NOM;MASC;SG	N
irak	iraq	irak	iraq	PROPN;NOM;MASC;SG	N
irak	iraq	irak	iraq	PROPN;NOM;MASC;SG	N
joy	joy	joy	joy		N
bowl	bát	bowl	bát		N
atmosferę	atmosphere	atmosfera	atmosphere	N;ACC;FEM;SG	
zamknięcie	đóng	zamknięcie	đóng	N;PFV;NOM;NEUT;SG;POS;V.MSDR	V
zamknięcie	cận	zamknięcie	cận	N;PFV;NOM;NEUT;SG;POS;V.MSDR	V
neustadt	neustadt	neustadt	neustadt	PROPN;NOM;MASC;SG	N
trans	trans	trans	trans		
sharon	sharon	sharon	sharon	PROPN;NOM;MASC;SG	
eden	eden	eden	eden		N
nagie	naked	nagi	naked		N
chopin	chopin	chopin	chopin		V
objąć	nhẩn	objąć	nhẩn	V;PFV;NFIN;ACT	ADJ
zmienna	biến	zmienny	biến	ADJ;NOM;FEM;SG	V
genealogia	genealogy	genealogia	genealogy	N;NOM;FEM;SG	
amanda	tô	amanda	tô	PROPN;NOM;FEM;SG	
amanda	amanda	amanda	amanda	PROPN;NOM;FEM;SG	N
newport	newport	newport	newport	V;IPFV;IND;SG;PRS;FIN;ACT	
stocznia	sân	stocznia	sân		N
kai	kai	kaić	kai	PROPN;NOM;MASC;SG	
perth	perth	perth	perth	PROPN;NOM;MASC;SG	N
zboża	lúa	zboże	lúa		N
zboża	hạt	zboże	hạt		N
yeung	dương	yeung	dương		N
mnicha	monk	mnichy	monk	N;ACC;MASC;SG	
kane	kane	kany	kane	PROPN;NOM;MASC;SG	N
ekranu	bày	ekran	bày	N;GEN;MASC;SG	V
obcy	alien	obcy	alien	N;NOM;MASC;SG	
trondheim	trondheim	trondheim	trondheim		N
gate	cổng	gatek	cổng		N
służąca	maid	służącać	maid	V;IPFV;IND;SG;PRS;FIN;ACT	N
włókien	tơ	włókien	tơ		N
włókien	tơ	włókien	tơ		N
andersen	andersen	andersen	andersen	PROPN;NOM;MASC;SG	N
meta	meta	meta	meta		N
bush	bush	bush	bush	PROPN;NOM;MASC;SG	N
zemsty	thù	zemsta	thù		N
szekspira	shakespeare	szekspira	shakespeare		N
odrębny	reel	odrębny	reel	ADJ;NOM;MASC;SG	N
fuji	fuji	fuja	fuji		N
przekazać	delegate	przekazać	delegate	V;PFV;NFIN;ACT	N
zapytanie	enquiry	zapytać	enquiry	N;PFV;NOM;NEUT;SG;POS;V.MSDR	
zapytanie	inquiry	zapytać	inquiry	N;PFV;NOM;NEUT;SG;POS;V.MSDR	
drive	chạy	driv	chạy		V
drive	cán	driv	cán		N
kontra	versus	kontry	versus		
mieszana	võ	mieszać	võ	ADJ;NOM;FEM;SG	N
mieszana	blended	mieszać	blended	ADJ;NOM;FEM;SG	N
domingo	domingo	domingo	domingo	PROPN;NOM;MASC;SG	N
itunes	itunes	itunes	itunes		N
stojący	đứng	stać	đứng	ADJ;IPFV;NOM;MASC;SG;POS;V.PTCP;ACT	V
jill	jill	jill	jill	PROPN;NOM;FEM;SG	
ujęcie	phát	ująć	phát	N;PFV;NOM;NEUT;SG;POS;V.MSDR	V
ujęcie	bắn	ująć	bắn	N;PFV;NOM;NEUT;SG;POS;V.MSDR	V
dziki	wild	dzik	wild	N;NOM;MASC;SG	
dziki	hoang	dzik	hoang	N;NOM;MASC;SG	ADJ
dziki	savage	dzik	savage	N;NOM;MASC;SG	
zebranie	gom	zebranie	gom	N;NOM;NEUT;SG	V
zebranie	họp	zebranie	họp	N;NOM;NEUT;SG	V
rosario	rosario	rosarić	rosario	PROPN;NOM;MASC;SG	
alternatywny	alternative	alternatywny	alternative	ADJ;NOM;MASC;SG	N
węgierskie	hung	węgierski	hung	ADJ;NOM;NEUT;SG	N
węgierskie	hungary	węgierski	hungary	ADJ;NOM;NEUT;SG	N
zewnętrzna	ngoài	zewnętrzny	ngoài	ADJ;NOM;FEM;SG	N
kołobrzeg	kołobrzeg	kołobrzeg	kołobrzeg		V
rich	vương	richy	vương		N
rich	giàu	richy	giàu		ADJ
strajk	đâm	strajk	đâm	N;NOM;MASC;SG	V
bramę	gate	brama	gate	N;ACC;FEM;SG	
turecka	turkish	turecka	turkish	ADJ;NOM;FEM;SG	
ahmad	ahmad	ahmad	ahmad	PROPN;NOM;MASC;SG	N
juana	juan	juany	juan		N
kan	kan	kan	kan		N
michele	michele	michel	michele	PROPN;NOM;MASC;SG	N
omar	omar	omar	omar	PROPN;NOM;MASC;SG	N
wizyta	thăm	wizyta	thăm	N;NOM;FEM;SG	V
percy	percy	perca	percy	PROPN;NOM;MASC;SG	N
reedycja	reissue	reedycja	reissue	N;NOM;FEM;SG	
rozebrany	stripped	rozebrać	stripped	ADJ;PFV;NOM;MASC;SG;POS;V.PTCP;PASS	
waffen	waffen	waffen	waffen		N
cincinnati	cincinnati	cincinnaty	cincinnati	PROPN;NOM;MASC;SG	N
japończycy	nhật	japończyk	nhật	ADJ;NOM;MASC;PL	
dziedzic	laird	dziedzica	laird	PROPN;NOM;MASC;SG	
dziedzic	ngai	dziedzica	ngai	PROPN;NOM;MASC;SG	N
energy	lượng	energy	lượng		N
rey	rey	rey	rey	V;IPFV;IND;SG;PRS;FIN;ACT	N
markus	markus	markus	markus	PROPN;NOM;MASC;SG	N
markus	marcus	markus	marcus	PROPN;NOM;MASC;SG	N
najbliżej	thiểu	blisko	thiểu	ADV;RL	N
dam	dam	dać	dam	V;PFV;IND;SG;1;FUT;FIN;ACT	N
pakistanu	pakistani	pakistan	pakistani	N;GEN;MASC;SG	
fan	quạt	fan	quạt		N
fan	fuck	fan	fuck		N
karlsruhe	karlsruhe	karlsruga	karlsruhe	PROPN;NOM;MASC;SG	N
rubli	rúp	ruble	rúp	N;GEN;MASC;SG	
osiągnięto	đa	osiągnąć	đa	V;PFV;IND;0;PST;FIN;ACT	
osiągnięto	hoài	osiągnąć	hoài	V;PFV;IND;0;PST;FIN;ACT	N
milton	milton	milton	milton	PROPN;NOM;MASC;SG	
stéphane	stéphane	sthphany	stéphane	N;NOM;MASC;SG	
stéphane	stephane	sthphany	stephane	N;NOM;MASC;SG	
lancaster	lancaster	lancaster	lancaster	N;NOM;MASC;SG	
kula	cầu	kula	cầu		N
kula	bóng	kula	bóng		N
kula	banh	kula	banh		N
kula	viên	kula	viên		N
tata	tata	tata	tata	N;NOM;MASC;SG	
trade	trade	trady	trade		N
janowski	janowski	janowski	janowski	ADJ;NOM;MASC;SG	N
cyfrowe	digital	cyfrowy	digital	ADJ;NOM;NEUT;SG	N
wygrać	thang	wygrać	thang	V;PFV;NFIN;ACT	N
wygrać	win	wygrać	win	V;PFV;NFIN;ACT	N
wygrać	thắng	wygrać	thắng	V;PFV;NFIN;ACT	N
klinice	clinic	klinika	clinic	N;DAT;FEM;SG	
graficzny	graphic	graficzny	graphic	ADJ;NOM;MASC;SG	
madonny	madonna	madonny	madonna		N
denver	denver	denver	denver	PROPN;NOM;MASC;SG	
graficzne	graphic	graficzny	graphic	ADJ;NOM;NEUT;SG	
uszkodzenie	hỏng	uszkodzić	hỏng	N;PFV;NOM;NEUT;SG;POS;V.MSDR	V
odessie	odessa	odessać	odessa	PROPN;NOM;MASC;SG	N
natalie	natalie	natalać	natalie	PROPN;NOM;FEM;SG	N
emmanuel	emmanuel	emmanuel	emmanuel	PROPN;NOM;MASC;SG	N
naprzeciwko	ngược	naprzeciwko	ngược		V
harvard	havard	harvard	havard		N
harvard	harvard	harvard	harvard		N
zum	zum	zum	zum		N
français	francais	français	francais		N
babcia	granny	babcia	granny	N;NOM;FEM;SG	ADJ
abrahama	abraham	abraham	abraham	N;ACC;MASC;SG	
pojedynczo	singly	pojedynczo	singly	ADV	
zmartwychwstania	resurrection	zmartwychwstanie	resurrection		N
netto	web	netto	web		N
netto	net	netto	net		N
fer	fer	fer	fer		NUM
karel	karel	karel	karel	PROPN;NOM;MASC;SG	
mare	mare	mare	mare		N
ida	lda	idać	lda	V;IPFV;IND;SG;PRS;FIN;ACT	
ida	ida	idać	ida	V;IPFV;IND;SG;PRS;FIN;ACT	
kaczyński	kaczyński	kaczyński	kaczyński	PROPN;NOM;MASC;SG	N
zapotrzebowanie	đòi	zapotrzebowanie	đòi	N;PFV;NOM;NEUT;SG;POS;V.MSDR	V
kristina	kristina	kristin	kristina	PROPN;NOM;FEM;SG	
skandynawii	scandinavia	skandynawia	scandinavia	N;GEN;FEM;SG	
msza	nhái	msza	nhái	N;NOM;FEM;SG	V
msza	mass	msza	mass	N;NOM;FEM;SG	
said	nói	said	nói	PROPN;NOM;MASC;SG	V
said	bảo	said	bảo	PROPN;NOM;MASC;SG	V
said	said	said	said	PROPN;NOM;MASC;SG	
ufc	ufc	ufczeć	ufc		N
bratysława	bratislava	bratysława	bratislava		N
rubens	rubens	rubens	rubens	PROPN;NOM;MASC;SG	N
angoli	angola	angolić	angola	PROPN;NOM;MASC;SG	N
tobias	tobias	tobias	tobias	PROPN;NOM;MASC;SG	
cox	cox	cox	cox	PROPN;NOM;MASC;SG	
ukryte	phone	ukryć	phone	ADJ;PFV;NOM;NEUT;SG;POS;V.PTCP;PASS	N
ukryte	ẩn	ukryć	ẩn	ADJ;PFV;NOM;NEUT;SG;POS;V.PTCP;PASS	N
tobago	tobago	tobago	tobago	PROPN;NOM;MASC;SG	NUM
mai	mai	ja	mai	PROPN;NOM;MASC;SG	
sącz	sącz	sączyć	sącz	N;NOM;MASC;SG	
lillehammer	lillehammer	lillehammer	lillehammer	N;INS;MASC;SG	V
umysł	óc	umysł	óc	N;NOM;MASC;SG	ADJ
umysł	phiền	umysł	phiền	N;NOM;MASC;SG	V
chester	chester	chester	chester	N;NOM;MASC;SG	
uprawa	cắt	uprawa	cắt		V
uprawa	xén	uprawa	xén		V
histoire	histoire	histoira	histoire		N
wiener	wiener	wiener	wiener	N;NOM;MASC;SG	
bergamo	bergamo	bergamo	bergamo	PROPN;NOM;MASC;SG	NUM
allmusic	allmusic	allmusic	allmusic	V;IPFV;IND;SG;2;PRS;FIN;ACT	N
rossi	rossi	ross	rossi		N
próg	ngưỡng	próg	ngưỡng	N;NOM;MASC;SG	V
lipa	môi	lipa	môi		N
lipa	lip	lipa	lip		N
césar	césar	césar	césar	PROPN;NOM;MASC;SG	N
dodawanie	thêm	dodawać	thêm	N;IPFV;NOM;NEUT;SG;POS;V.MSDR	V
adelaide	adelaide	adelaide	adelaide	PROPN;NOM;MASC;SG	N
este	este	esty	este		N
nottingham	nottingham	nottinghać	nottingham	V;IPFV;IND;SG;1;PRS;FIN;ACT	N
malinowski	malinowski	malinowski	malinowski	PROPN;NOM;MASC;SG	ADJ
memphis	memphis	memphis	memphis		N
joshua	joshua	joshua	joshua	PROPN;NOM;MASC;SG	N
grzyb	fungus	grzyb	fungus	N;NOM;MASC;SG	
obrót	xoay	obrót	xoay	N;NOM;MASC;SG	V
obrót	quay	obrót	quay	N;NOM;MASC;SG	V
obrót	xoay	obrót	xoay	N;NOM;MASC;SG	V
obrót	quay	obrót	quay	N;NOM;MASC;SG	V
gerald	gerald	gerald	gerald	N;NOM;MASC;SG	
rzecznik	spokesperson	rzecznik	spokesperson	N;NOM;MASC;SG	
rzecznik	spokesman	rzecznik	spokesman	N;NOM;MASC;SG	
kowalska	kowalska	kowalski	kowalska	ADJ;NOM;FEM;SG	
sanatorium	sanitarium	sanatorium	sanitarium	N;NOM;NEUT;SG	
miejscowa	localised	miejscowy	localised	ADJ;NOM;FEM;SG	
cryptocephalus	cryptocephalus	cryptocephalus	cryptocephalus		V
żywe	sống	żywy	sống		V
żywe	sống	żywy	sống		V
mirza	mirza	mirza	mirza	PROPN;NOM;MASC;SG	N
damaszku	damascus	damaszku	damascus	V;IPFV;IND;SG;2;PRS;FIN;ACT	N
zając	lepus	zając	lepus	N;NOM;MASC;SG	
zając	hare	zając	hare	N;NOM;MASC;SG	
technologie	technologies	technologia	technologies	N;NOM;FEM;PL	
witalij	vitaly	witalić	vitaly	N;NOM;MASC;SG	
witalij	vitaliy	witalić	vitaliy	N;NOM;MASC;SG	
touch	touch	tou	touch		N
touch	ống	tou	ống		N
touch	sờ	tou	sờ		V
touch	chạm	tou	chạm		V
małżeństw	marriages	małżeństwo	marriages	N;GEN;NEUT;PL	
zrealizowane	hoài	zrealizować	hoài	ADJ;PFV;NOM;NEUT;SG;POS;V.PTCP;PASS	N
stopa	foot	stopa	foot	N;NOM;FEM;SG	
formacje	formations	formacja	formations	N;NOM;FEM;PL	
chory	ill	chory	ill	V;IPFV;MASC;IND;SG;PST;FIN;ACT	
chory	bệnh	chory	bệnh	V;IPFV;MASC;IND;SG;PST;FIN;ACT	N
chory	cúm	chory	cúm	V;IPFV;MASC;IND;SG;PST;FIN;ACT	N
chessbase	chessbase	chessbas	chessbase		N
canterbury	canterbury	canterbura	canterbury	N;GEN;FEM;SG	
strzał	phát	strzał	phát	N;NOM;MASC;SG	V
strzał	bắn	strzał	bắn	N;NOM;MASC;SG	V
przyznane	điệm	przyznać	điệm	ADJ;PFV;NOM;NEUT;SG;POS;V.PTCP;PASS	
moszaw	moshav	moszawa	moshav	N;NOM;MASC;SG	
samoa	samoa	sam	samoa	PROPN;NOM;NEUT;SG	N
paraolimpijskich	paralympics	paraolimpijski	paralympics	ADJ;GEN;MASC;PL	N
paraolimpijskich	paralympic	paraolimpijski	paralympic	ADJ;GEN;MASC;PL	N
robot	robot	robot	robot		N
vladimir	vladimir	vladimir	vladimir	PROPN;NOM;MASC;SG	
zastąpiona	superseded	zastąpić	superseded	ADJ;PFV;NOM;FEM;SG;POS;V.PTCP;PASS	
bond	bond	bond	bond		N
guadalajara	guadalajara	guadalajar	guadalajara	PROPN;NOM;MASC;SG	N
ferrer	ferrer	ferrer	ferrer	PROPN;NOM;MASC;SG	N
pętla	lặp	pętlać	lặp	N;NOM;FEM;SG	V
pętla	lặp	pętlać	lặp	N;NOM;FEM;SG	V
tureckie	turkish	turecki	turkish	ADJ;NOM;NEUT;SG	
jakikolwiek	any	jakikolwiek	any	DET;NOM;MASC;SG	
galilei	galilee	galilei	galilee	N;ACC;MASC;SG	
aston	aston	aston	aston	V;IPFV;IND;SG;2;PRS;FIN;ACT	N
batman	batman	batman	batman		N
cukru	sugar	cukr	sugar	N;GEN;MASC;SG	
churchill	churchill	churchill	churchill	PROPN;NOM;MASC;SG	N
fly	ruồi	fleź	ruồi		N
cesarzowa	empress	cesarz	empress	ADJ;NOM;FEM;SG	N
serwer	phục	serwer	phục	N;NOM;MASC;SG	V
nośniki	media	nośnik	media	N;NOM;MASC;PL	
hero	hero	hero	hero		N
hero	hùng	hero	hùng		N
hero	hoàn	hero	hoàn		
strzelcy	shooters	strzelec	shooters	N;NOM;MASC;PL	V
shaw	shaw	shawa	shaw	PROPN;NOM;MASC;SG	
bauer	bauer	bauer	bauer		N
rtm	rtm	reki	rtm		N
myszy	chuột	mysieć	chuột		N
myszy	chuột	mysieć	chuột		N
nadzieja	mong	nadzieja	mong	N;NOM;FEM;SG	V
nadzieja	xoa	nadzieja	xoa	N;NOM;FEM;SG	
odporność	vây	odporność	vây	N;ACC;FEM;SG	V
genui	genoa	gen	genoa	PROPN;NOM;MASC;SG	N
genui	genova	gen	genova	PROPN;NOM;MASC;SG	N
nissan	nissan	nissany	nissan		N
low	low	low	low		
low	thấp	low	thấp		ADJ
marko	marko	marko	marko	PROPN;NOM;MASC;SG	NUM
doo	doo	doo	doo		N
manga	manga	manga	manga		N
paradise	thiên	paradisa	thiên	V;IPFV;IND;SG;PRS;FIN;ACT	N
męska	buồng	męski	buồng		N
męska	đực	męski	đực		N
męska	nam	męski	nam		N
spin	spin	spina	spin		N
spin	quay	spina	quay		V
niższa	hạ	nissza	hạ	ADJ;NOM;CMPR;FEM;SG	V
dostawy	supplies	dostawa	supplies	N;ACC;MASC;SG	
epoka	era	epoka	era	N;NOM;FEM;SG	
hesji	hessen	hesja	hessen	PROPN;NOM;FEM;SG	N
negatywne	âm	negatywny	âm	ADJ;NOM;NEUT;SG	N
negatywne	ám	negatywny	ám	ADJ;NOM;NEUT;SG	V
ustalone	quyết	ustalić	quyết	ADJ;PFV;NOM;NEUT;SG;POS;V.PTCP;PASS	N
moreno	moreno	moreno	moreno	PROPN;NOM;MASC;SG	
ikona	icon	ikona	icon		N
seksualne	sex	seksualny	sex	ADJ;NOM;NEUT;SG	N
edmonton	edmonton	edmonton	edmonton	PROPN;NOM;MASC;SG	N
blanc	blanc	blanc	blanc		N
eksperymentów	nghiệm	eksperyment	nghiệm	N;GEN;MASC;PL	V
kwartet	tấu	kwartet	tấu	N;NOM;MASC;SG	V
ridge	đèo	ridge	đèo		N
odbudowa	tái	odbudowy	tái		
liniowe	tuyến	liniowy	tuyến	ADJ;NOM;NEUT;SG	N
znalezione	finders	znaleźć	finders	ADJ;PFV;NOM;NEUT;SG;POS;V.PTCP;PASS	
carroll	carroll	carroll	carroll	PROPN;NOM;MASC;SG	N
ruchome	movable	ruchomy	movable	ADJ;NOM;NEUT;SG	
brooklyn	brooklyn	brooklyn	brooklyn		N
alfonsa	pimp	alfonsa	pimp	N;ACC;MASC;SG	
rod	rod	rod	rod	V;PFV;IND;SG;2;FIN;ACT	
przedmieścia	suburban	przedmieścia	suburban	N;NOM;NEUT;PL	
przedmieścia	suburb	przedmieścia	suburb	N;NOM;NEUT;PL	
witam	hello	witać	hello	V;IPFV;IND;SG;1;PRS;FIN;ACT	
nocne	mộng	nocny	mộng	ADJ;NOM;NEUT;SG	N
najmłodszych	út	mody	út	ADJ;ACC;CMPR;MASC;PL	N
christophe	christophe	christopha	christophe	PROPN;NOM;MASC;SG	
hiszpanie	hispanic	hiszpan	hispanic	N;NOM;MASC;PL	
iwanowicz	ivanovich	iwanowicz	ivanovich	N;NOM;MASC;SG	
zdolny	tài	zdolny	tài	ADJ;NOM;MASC;SG	N
tylna	rear	tylny	rear	ADJ;NOM;FEM;SG	N
biskupstwo	bishopric	biskupstwo	bishopric	N;NOM;NEUT;SG	V
fiodor	fedor	fiodor	fedor	PROPN;NOM;MASC;SG	
fiodor	fyodor	fiodor	fyodor	PROPN;NOM;MASC;SG	N
asyżu	assisi	asyż	assisi	PROPN;GEN;MASC;SG	N
morawski	morawski	morawski	morawski	PROPN;NOM;MASC;SG	V
scooby	scooby	scooby	scooby		N
iwanow	ivanov	iwanow	ivanov		N
iwanow	ahn	iwanow	ahn		N
clube	clube	cluć	clube	PROPN;NOM;MASC;SG	N
radek	radek	radek	radek	N;NOM;MASC;SG	V
białko	protein	białko	protein		N
otwory	lỗ	otwór	lỗ	N;NOM;MASC;PL	ADJ
lizbona	lisboa	lizbona	lisboa	PROPN;NOM;MASC;SG	
lizbona	lisbon	lizbona	lisbon	PROPN;NOM;MASC;SG	N
pawlak	pawlak	pawlak	pawlak	PROPN;NOM;MASC;SG	
konsorcjum	syndicate	konsorcjum	syndicate	N;NOM;NEUT;SG	
skórę	skin	skóra	skin	N;ACC;FEM;SG	
skórę	da	skóra	da	N;ACC;FEM;SG	
rezydencja	mansion	rezydencja	mansion	N;NOM;FEM;SG	
domenico	domenico	domenico	domenico	PROPN;NOM;MASC;SG	N
jens	jens	jens	jens	PROPN;NOM;MASC;SG	N
słoneczne	nắng	słoneczny	nắng	ADJ;NOM;NEUT;SG	N
słoneczne	sunny	słoneczny	sunny	ADJ;NOM;NEUT;SG	
słoneczne	solar	słoneczny	solar	ADJ;NOM;NEUT;SG	
vickers	vickers	vickers	vickers		N
lambert	lambert	lambert	lambert		N
duncan	duncan	duncan	duncan	PROPN;NOM;MASC;SG	
siódmej	seventh	siódmy	seventh	ADJ;GEN;FEM;SG	
rita	rita	rita	rita	PROPN;NOM;FEM;SG	
katherine	katherine	katherina	katherine	N;NOM;FEM;SG	
śmigłowiec	helicopter	śmigłowiec	helicopter	N;NOM;MASC;SG	
śmigłowiec	chopper	śmigłowiec	chopper	N;NOM;MASC;SG	
stalin	stalin	stalin	stalin	N;NOM;MASC;SG	
preston	preston	preston	preston	PROPN;NOM;MASC;SG	N
interfejs	giao	interfejs	giao	N;NOM;MASC;SG	V
lightgreen	lightgreen	lightgreen	lightgreen		V
petr	petr	petr	petr	PROPN;NOM;MASC;SG	N
suffolk	suffolk	suffolk	suffolk	V;IPFV;IND;SG;PRS;FIN;ACT	N
kliniki	clinic	klinika	clinic	N;GEN;FEM;SG	
ursus	ursus	ursus	ursus		N
dzikie	wild	dziki	wild	V;IPFV;IND;SG;3;PRS;FIN;ACT	
dzikie	hoang	dziki	hoang	V;IPFV;IND;SG;3;PRS;FIN;ACT	ADJ
dzikie	savage	dziki	savage	V;IPFV;IND;SG;3;PRS;FIN;ACT	
bagna	lầy	bagny	lầy		N
bagna	marsh	bagny	marsh		N
bogata	vương	bogat	vương	ADJ;NOM;FEM;SG	N
bogata	rich	bogat	rich	ADJ;NOM;FEM;SG	
biennale	biennale	biennale	biennale		N
zajęty	bận	zająć	bận		V
holstein	holstein	holstein	holstein		V
frankonia	franconia	frankonia	franconia	PROPN;NOM;FEM;SG	
emitowane	emitted	emitować	emitted	ADJ;IPFV;NOM;NEUT;SG;POS;V.PTCP;PASS	N
omega	omega	omeg	omega		N
dieter	dieter	dieter	dieter	PROPN;NOM;MASC;SG	N
mediawiki	mediawiki	mediawika	mediawiki		N
elliott	elliott	elliott	elliott	PROPN;NOM;MASC;SG	
uci	uci	ucieć	uci		
spider	nhện	spider	nhện		N
spider	spider	spider	spider		N
najmłodszy	út	młody	út	ADJ;NOM;CMPR;MASC;SG	N
partenkirchen	partenkirchen	partenkirchen	partenkirchen	N;ACC;MASC;SG	V
villeneuve	villeneuve	villeneuve	villeneuve		N
metropolitan	metropolitan	metropolitan	metropolitan		N
horn	sừng	horn	sừng		N
horn	kèn	horn	kèn		N
horn	horn	horn	horn		N
sosny	pine	sosna	pine		N
newman	newman	newman	newman	PROPN;NOM;MASC;SG	
atc	atc	atc	atc		
ignacio	ignacio	ignacio	ignacio	V;IPFV;IND;SG;PRS;FIN;ACT	
michalski	michalski	michalski	michalski	ADJ;NOM;MASC;SG	
ciągnie	pulls	ciągnąć	pulls	V;IPFV;IND;SG;3;PRS;FIN;ACT	
zemsta	thù	zemsta	thù		N
zawory	van	zawór	van	N;NOM;MASC;PL	V
wesele	cưới	wesele	cưới	N;NOM;NEUT;SG	V
miranda	miranda	miranda	miranda	PROPN;NOM;FEM;SG	
moi	moi	mój	moi	PRO;NOM;MASC;PL;1	
fauny	biota	fauny	biota	N;ACC;FEM;PL	
zamieszek	loạn	zamieszek	loạn		V
zamieszek	riot	zamieszek	riot		N
przeszłość	qua	przeszłość	qua	N;NOM;FEM;SG	V
przeszłość	past	przeszłość	past	N;NOM;FEM;SG	
liściastych	leafy	liściasty	leafy	ADJ;GEN;MASC;PL	
coventry	coventry	coventra	coventry		N
teleskop	telescope	teleskop	telescope	N;NOM;MASC;SG	V
peace	hòa	peaka	hòa		N
szacunek	bai	szacunek	bai	N;ACC;MASC;SG	
burns	cháy	burns	cháy	PROPN;NOM;MASC;SG	V
kształtowanie	shaping	kształtować	shaping	N;IPFV;NOM;NEUT;SG;POS;V.MSDR	
ostateczne	ultimate	ostateczny	ultimate	ADJ;NOM;NEUT;SG	
ostateczne	final	ostateczny	final	ADJ;NOM;NEUT;SG	N
ostateczne	bum	ostateczny	bum	ADJ;NOM;NEUT;SG	N
kochanka	mistress	kochanka	mistress	N;NOM;FEM;SG	
kochanka	lover	kochanka	lover	N;NOM;FEM;SG	
alegre	alegre	alegry	alegre	PROPN;NOM;MASC;SG	
noszenia	mặc	nosienie	mặc	N;IPFV;GEN;NEUT;SG;POS;V.MSDR	V
noszenia	đeo	nosienie	đeo	N;IPFV;GEN;NEUT;SG;POS;V.MSDR	V
mao	mậu	mao	mậu		N
mao	mao	mao	mao		N
pasek	strap	pask	strap	N;NOM;MASC;SG	
arsenal	arsenal	arsenal	arsenal		N
alfredo	alfredo	alfredo	alfredo	PROPN;NOM;MASC;SG	N
kawałek	piece	kawałek	piece	N;ACC;MASC;SG	
kawałek	lát	kawałek	lát	N;ACC;MASC;SG	
kawałek	slice	kawałek	slice	N;ACC;MASC;SG	
tucker	tucker	tucker	tucker		N
isère	isère	issry	isère	V;IPFV;IND;SG;PRS;FIN;ACT	N
judo	judo	judo	judo		N
samsung	samsung	samsung	samsung		N
łotwa	zimbabwe	łotwy	zimbabwe		N
łotwa	latvia	łotwy	latvia		N
julii	julia	julia	julia	V;IPFV;IND;SG;3;PRS;FIN;ACT	N
animacji	hoạt	animacja	hoạt	N;GEN;FEM;SG	V
haven	haven	haven	haven	V;IPFV;IND;SG;2;FIN;ACT	
nantes	nantes	nantes	nantes	PROPN;NOM;MASC;SG	N
wanna	bad	wanna	bad	N;NOM;FEM;SG	
wanna	bath	wanna	bath	N;NOM;FEM;SG	
wanna	tắm	wanna	tắm	N;NOM;FEM;SG	V
zróżnicowane	differentiated	zróżnicować	differentiated	ADJ;NOM;NEUT;SG	
gómez	gómez	góm	gómez	PROPN;NOM;MASC;SG	V
kosmiczna	cosmic	kosmiczny	cosmic	ADJ;NOM;FEM;SG	N
alfonso	alfonso	alfonso	alfonso	PROPN;NOM;MASC;SG	N
stephanie	stephanie	stephanie	stephanie	PROPN;NOM;FEM;SG	N
queensland	queensland	queensland	queensland		N
fbi	fbi	fba	fbi		N
wystawiony	lộ	wystawić	lộ	ADJ;PFV;NOM;MASC;SG;POS;V.PTCP;PASS	V
casa	casa	casa	casa		N
harper	harper	harper	harper	PROPN;NOM;MASC;SG	N
indianie	indians	indiana	indians	N;NOM;MASC;PL	
edyta	edyta	edytać	edyta	PROPN;NOM;FEM;SG	
edyta	edith	edytać	edith	PROPN;NOM;FEM;SG	N
filtr	lọc	filtr	lọc	N;NOM;MASC;SG	V
kin	rạp	kin	rạp		V
kin	kin	kin	kin		N
kin	rạp	kin	rạp		V
podpisanie	ký	podpisać	ký	N;PFV;NOM;NEUT;SG;POS;V.MSDR	V
today	nay	toda	nay		PROPN
bernardo	bernardo	bernardo	bernardo	V;IPFV;IND;SG;PRS;FIN;ACT	N
kruk	corvus	kruk	corvus	N;NOM;MASC;SG	
kruk	raven	kruk	raven	N;NOM;MASC;SG	
jaime	jaime	jaima	jaime	PROPN;NOM;MASC;SG	N
rywali	rivals	rywać	rivals	N;ACC;MASC;PL	V
oddzielne	skill	oddzielny	skill	ADJ;NOM;NEUT;SG	N
raju	raju	raj	raju	N;GEN;MASC;SG	V
burton	burton	burton	burton	V;IPFV;IND;SG;PRS;FIN;ACT	
schronienie	shelter	schronienie	shelter	N;NOM;NEUT;SG	
puste	rỗng	pusty	rỗng		V
puste	trống	pusty	trống		V
puste	trống	pusty	trống		V
puste	blank	pusty	blank		V
emocje	bênh	emocja	bênh	N;NOM;FEM;PL	V
iwano	ivano	iwać	ivano	V;IPFV;IND;0;PST;FIN;ACT	
hood	mui	hood	mui		N
hood	hood	hood	hood		N
shirley	shirley	shirley	shirley	N;NOM;FEM;SG	
odbicia	rebound	odbić	rebound	N;PFV;GEN;NEUT;SG;POS;V.MSDR	V
odbicia	reflections	odbić	reflections	N;PFV;GEN;NEUT;SG;POS;V.MSDR	
czoła	trán	czoło	trán		N
skóra	da	skóra	da	N;NOM;FEM;SG	
skóra	skin	skóra	skin	N;NOM;FEM;SG	
skóra	da	skóra	da	N;NOM;FEM;SG	
rosso	rosso	rosso	rosso		N
pada	mưa	padać	mưa	V;IPFV;IND;SG;3;PRS;FIN;ACT	N
kielich	tách	kielich	tách	N;NOM;MASC;SG	V
andrews	andrews	andrews	andrews	PROPN;NOM;MASC;SG	N
axel	axel	axel	axel	PROPN;NOM;MASC;SG	N
helmut	helmut	helmut	helmut	PROPN;NOM;MASC;SG	N
yan	yến	yan	yến	PROPN;NOM;MASC;SG	N
yan	yan	yan	yan	PROPN;NOM;MASC;SG	N
yan	nhan	yan	nhan	PROPN;NOM;MASC;SG	
dominique	dominique	dominiaru	dominique	PROPN;NOM;MASC;SG	
bahn	bahn	bahny	bahn	V;IPFV;IMP;SG;2;FIN;ACT	
woods	rừng	woods	rừng		N
turku	turku	turek	turku	PROPN;NOM;MASC;SG	NUM
eksperymenty	nghiệm	eksperyment	nghiệm	N;NOM;MASC;PL	V
stroje	costumes	strać	costumes	N;NOM;FEM;PL	
vasco	vasco	vasco	vasco		N
łyżwiarz	skater	łyżwiarz	skater	N;NOM;MASC;SG	
andersson	andersson	andersson	andersson	PROPN;NOM;MASC;SG	N
hmm	hmm	hm	hmm		PART
subsp	subsp	subsp	subsp		N
mathieu	mathieu	mathieu	mathieu	V;IPFV;IND;SG;PRS;FIN;ACT	N
matthias	matthias	matthias	matthias	PROPN;NOM;MASC;SG	N
płytki	ngói	płytka	ngói		N
manfred	manfred	manfred	manfred	PROPN;NOM;MASC;SG	N
zima	winter	zima	winter	N;NOM;FEM;SG	
chmury	sky	chmura	sky	N;ACC;FEM;PL	
chmury	cloud	chmura	cloud	N;ACC;FEM;PL	
wirus	virus	wirus	virus	N;NOM;MASC;SG	
nazistów	nazis	nazist	nazis	N;ACC;MASC;PL	
pierce	pierce	pierki	pierce	PROPN;NOM;MASC;SG	
filipiny	philippines	filipina	philippines		N
bayern	bayern	bayern	bayern		N
webber	webber	webber	webber	PROPN;NOM;MASC;SG	
wba	wba	wba	wba		N
hohenzollern	hohenzollern	hohenzollern	hohenzollern	N;NOM;MASC;SG	V
bernie	bernie	bernie	bernie		N
neue	neue	neu	neue	PROPN;NOM;MASC;SG	N
luisa	luisa	luisa	luisa	PROPN;ACC;MASC;SG	N
champion	cọc	champion	cọc		N
champion	champion	champion	champion		V
gwiezdne	stargate	gwiezdny	stargate		N
acta	acta	acto	acta		N
mad	giận	mad	giận		V
pakistan	pakistan	pakistan	pakistan		N
hardcore	hardcore	hardcor	hardcore		N
podkarpackie	podkarpackie	podkarpacki	podkarpackie	ADJ;NOM;NEUT;SG	
rom	rom	rom	rom		N
szach	shah	szach	shah		N
tłumaczyć	dịch	tłumaczyć	dịch	V;IPFV;NFIN;ACT	
leigh	leigh	lejś	leigh	PROPN;NOM;MASC;SG	
kasia	kasia	kasia	kasia	N;NOM;FEM;SG	
kasia	kate	kasia	kate	N;NOM;FEM;SG	
boks	giải	boks	giải	N;NOM;MASC;SG	V
boks	bốc	boks	bốc	N;NOM;MASC;SG	V
lucky	may	luck	may		ADJ
hammer	búa	hammer	búa		V
kora	sủa	kora	sủa		ADJ
harbor	cảng	harbor	cảng	PROPN;NOM;MASC;SG	N
kambodży	campuchia	kambodza	campuchia		N
kambodży	campuchia	kambodza	campuchia		N
solaris	solaris	solaris	solaris		
nicola	nicola	nicol	nicola	PROPN;NOM;MASC;SG	N
metalowy	co	metalowy	co	ADJ;NOM;MASC;SG	V
chevrolet	chevrolet	chevrolet	chevrolet		N
quo	quo	quo	quo		N
strzały	phát	strzał	phát	N;NOM;MASC;PL	V
rider	kỵ	rider	kỵ		N
stanford	stanford	stanford	stanford	PROPN;NOM;MASC;SG	N
lopez	lopez	lopez	lopez		N
sądowej	judicial	sądowy	judicial	ADJ;GEN;FEM;SG	
irc	irc	irc	irc		N
premierze	premier	premierz	premier		N
metalowe	co	metalowy	co	ADJ;NOM;NEUT;SG	V
szacunkiem	bai	szacunek	bai	N;INS;MASC;SG	
michal	michal	michal	michal	PROPN;NOM;MASC;SG	
grove	grove	grovy	grove	N;NOM;MASC;SG	
grove	thô	grovy	thô	N;NOM;MASC;SG	ADJ
nóg	chân	noga	chân		N
nóg	xương	noga	xương		N
opłaty	fee	opłata	fee	V;IPFV;IND;SG;1;FIN;ACT	N
opłaty	phí	opłata	phí	V;IPFV;IND;SG;1;FIN;ACT	N
opłaty	phí	opłata	phí	V;IPFV;IND;SG;1;FIN;ACT	N
fidżi	fiji	fidżić	fiji		N
kory	sủa	kora	sủa		ADJ
ghz	ghz	ghz	ghz		N
uzupełnione	supplemented	uzupełnić	supplemented	ADJ;PFV;NOM;NEUT;SG;POS;V.PTCP;PASS	V
podejrzanych	nghi	podejrzany	nghi	ADJ;GEN;MASC;PL	V
faso	faso	faso	faso	PROPN;NOM;MASC;SG	N
maski	mask	maska	mask	N;ACC;FEM;PL	
pokaz	xem	pokaz	xem	N;NOM;MASC;SG	V
pokaz	show	pokaz	show	N;NOM;MASC;SG	
miliardów	tỉ	miliard	tỉ	N;GEN;MASC;PL	NUM
essen	essen	essen	essen	PROPN;NOM;MASC;SG	
frances	frances	frances	frances	V;IPFV;IND;SG;1;PRS;FIN;ACT	
taras	taras	taras	taras	N;NOM;MASC;SG	
komórkowej	cellular	komórkowy	cellular	ADJ;GEN;FEM;SG	N
barrichello	barrichello	barrichello	barrichello	N;ACC;MASC;SG	
równi	bằng	równić	bằng		ADP
ninja	ninja	ninja	ninja		N
ninja	ninja	ninja	ninja		N
kairze	cairo	kaira	cairo	PROPN;NOM;MASC;SG	N
cytaty	quotes	cytat	quotes	N;NOM;MASC;PL	
trzynaście	thirteen	trzynaście	thirteen		V
plamy	stains	plać	stains	N;NOM;MASC;PL	
jaguar	jaguar	jaguar	jaguar		N
grenoble	grenoble	grenoble	grenoble	PROPN;NOM;MASC;SG	
queens	queens	queens	queens		N
polowanie	hunt	polować	hunt	N;NOM;NEUT;SG	
organista	organist	organista	organist	N;NOM;MASC;SG	
willy	willy	willa	willy	PROPN;NOM;MASC;SG	
willy	willie	willa	willie	PROPN;NOM;MASC;SG	
eve	eva	eve	eva	V;IPFV;IND;SG;1;PRS;FIN;ACT	
eve	eve	eve	eve	V;IPFV;IND;SG;1;PRS;FIN;ACT	
okrążeń	laps	okrążenie	laps	N;GEN;NEUT;PL	
jeździec	rider	jeździec	rider	N;NOM;MASC;SG	
doyle	doyle	dożeł	doyle	PROPN;NOM;MASC;SG	N
wesley	wesley	wesley	wesley	PROPN;NOM;MASC;SG	N
wątpliwość	reo	wątpliwość	reo	N;NOM;FEM;SG	V
claudio	claudio	claudio	claudio	PROPN;NOM;MASC;SG	N
patryk	patrick	patryk	patrick	PROPN;NOM;MASC;SG	
buty	ủng	but	ủng	N;NOM;MASC;PL	V
buty	boots	but	boots	N;NOM;MASC;PL	
tarnowski	tarnowski	tarnowski	tarnowski	ADJ;NOM;MASC;SG	
historiografii	historiography	historiografia	historiography	N;GEN;FEM;SG	
próbki	sample	próbki	sample	N;ACC;FEM;SG	
palm	palm	palm	palm		N
palm	sên	palm	sên		N
palm	cọ	palm	cọ		N
mineralnych	khoáng	mineralny	khoáng	ADJ;GEN;MASC;PL	N
stefania	stefania	stefania	stefania	PROPN;NOM;FEM;SG	
silna	strong	silny	strong	ADJ;NOM;FEM;SG	
prószyński	prószyński	prószyński	prószyński		ADJ
żółta	vàng	żółta	vàng	ADJ;NOM;FEM;SG	N
żółta	nhát	żółta	nhát	ADJ;NOM;FEM;SG	V
tabele	bảng	tabel	bảng	V;IPFV;IND;FIN;ACT	N
tabele	bàn	tabel	bàn	V;IPFV;IND;FIN;ACT	N
pratt	pratt	pratt	pratt		N
pieczęć	stamp	pieczęć	stamp	N;NOM;FEM;SG	
rzucił	thảy	rzucić	thảy	V;PFV;MASC;IND;SG;PST;FIN;ACT	
rzucił	vất	rzucić	vất	V;PFV;MASC;IND;SG;PST;FIN;ACT	ADJ
kacper	kasper	kacper	kasper	PROPN;NOM;MASC;SG	
kacper	casper	kacper	casper	PROPN;NOM;MASC;SG	
luc	luc	luc	luc	PROPN;NOM;MASC;SG	
szacunku	bai	szacunek	bai	N;GEN;MASC;SG	
leander	leander	leander	leander		N
upraw	cắt	uprawa	cắt		V
upraw	xén	uprawa	xén		V
vincenzo	vincenzo	vincenzo	vincenzo	PROPN;NOM;MASC;SG	N
szara	gray	szara	gray	ADJ;NOM;FEM;SG	
szara	xám	szara	xám	ADJ;NOM;FEM;SG	N
szara	xám	szara	xám	ADJ;NOM;FEM;SG	N
ever	từng	ever	từng		PROPN
campos	campos	campos	campos	PROPN;NOM;MASC;SG	N
wirusa	virut	wirus	virut		N
dziewczynę	girlfriend	dziewczyna	girlfriend	N;ACC;FEM;SG	
zimowy	winter	zimowy	winter	ADJ;NOM;MASC;SG	
darwin	darwin	darwin	darwin	PROPN;NOM;MASC;SG	N
doug	doug	doug	doug	PROPN;NOM;MASC;SG	
demon	ám	demon	ám	N;NOM;MASC;SG	V
lucia	lucia	lucia	lucia	V;IPFV;IND;SG;1;PRS;FIN;ACT	N
jaroslav	jaroslav	jaroslav	jaroslav	PROPN;NOM;MASC;SG	
geoffrey	geoffrey	geoffrea	geoffrey	N;NOM;MASC;SG	
theodore	theodore	theodory	theodore	PROPN;NOM;MASC;SG	V
karin	karin	karina	karin	PROPN;NOM;FEM;SG	
zaawansowanych	thiệp	zaawansowany	thiệp	ADJ;GEN;MASC;PL	V
dojazd	đến	dojazd	đến	N;NOM;MASC;SG	PART
reid	reid	reid	reid	PROPN;NOM;MASC;SG	N
jaworski	jaworski	jaworski	jaworski	ADJ;NOM;MASC;SG	N
server	phục	server	phục		V
server	server	server	server		N
czyny	deeds	czyn	deeds	N;NOM;MASC;PL	
glen	glen	glen	glen	PROPN;NOM;MASC;SG	
kształcenie	luyện	kształcenie	luyện	N;NOM;NEUT;SG	V
kształcenie	training	kształcenie	training	N;NOM;NEUT;SG	DET
andrij	andriy	andro	andriy	PROPN;NOM;MASC;SG	N
ostateczna	final	ostateczny	final	ADJ;NOM;FEM;SG	N
ostateczna	ultimate	ostateczny	ultimate	ADJ;NOM;FEM;SG	
krawędź	edge	krawędź	edge	N;NOM;FEM;SG	
krawędź	rìa	krawędź	rìa	N;NOM;FEM;SG	ADJ
katie	katie	kat	katie	N;NOM;FEM;SG	
okrągł	hiệp	okrągnąć	hiệp	V;PFV;MASC;IND;SG;PST;FIN;ACT	N
okrągł	vòng	okrągnąć	vòng	V;PFV;MASC;IND;SG;PST;FIN;ACT	N
jura	jura	jura	jura		NUM
opłat	phí	opłata	phí		N
joyce	joyce	joyca	joyce		N
robbie	robbie	robba	robbie	V;IPFV;IND;SG;PRS;FIN;ACT	N
roth	roth	róth	roth	PROPN;NOM;MASC;SG	
tanzanii	tanzania	tanzania	tanzania		N
sienkiewicz	sienkiewicz	sienkiewicz	sienkiewicz		V
katarina	katarina	katarin	katarina	PROPN;NOM;FEM;SG	N
spa	spa	spa	spa		N
spa	spa	spa	spa		N
pinus	pinus	pinus	pinus		N
pkb	gdp	pkb	gdp		N
pkb	gnp	pkb	gnp		V
ferguson	ferguson	ferguson	ferguson		N
koreański	hàn	koreański	hàn	ADJ;NOM;MASC;SG	N
shannon	shannon	shannon	shannon	PROPN;NOM;MASC;SG	
cieniu	râm	cień	râm	N;GEN;MASC;SG	ADJ
prado	prado	prado	prado	PROPN;NOM;MASC;SG	N
almagro	almagro	almagro	almagro	PROPN;NOM;MASC;SG	N
yale	yale	yale	yale		N
podlaska	podlaska	podlaski	podlaska	ADJ;NOM;FEM;SG	
olszewski	olszewski	olszewski	olszewski	PROPN;NOM;MASC;SG	V
ładnie	đẹp	ładnie	đẹp	ADV	ADJ
jet	jet	być	jet		N
matti	matti	matta	matti	PROPN;NOM;MASC;SG	
české	české	sesko	české	PROPN;NOM;MASC;SG	NUM
lockheed	lockheed	lockheed	lockheed		N
reims	reims	reims	reims	PROPN;NOM;MASC;SG	N
mądrości	wisdom	mądrość	wisdom	N;GEN;FEM;SG	ADJ
camille	camille	camille	camille	V;IPFV;IND;SG;PRS;FIN;ACT	N
windsor	windsor	windsor	windsor	V;IPFV;IND;SG;PRS;FIN;ACT	
massa	massa	massa	massa	V;IPFV;IND;SG;2;PRS;FIN;ACT	
strzałów	phát	strzał	phát	N;GEN;MASC;PL	V
zwolnienie	release	zwolnienie	release	N;NOM;NEUT;SG;V.MSDR	
zwolnienie	nhả	zwolnienie	nhả	N;NOM;NEUT;SG;V.MSDR	V
erica	erica	erica	erica	V;IPFV;IND;SG;3;PRS;FIN;ACT	
prawosławie	orthodoxy	prawosława	orthodoxy	N;NOM;MASC;SG	
rozkazy	lệnh	rozkaz	lệnh	N;NOM;MASC;PL	
niebieskich	celestial	niebieski	celestial	ADJ;GEN;MASC;PL	
ciecz	lỏng	ciecz	lỏng	N;NOM;FEM;SG	V
java	java	java	java		N
won	thắng	won	thắng		N
jun	tuấn	jun	tuấn		N
jun	jun	jun	jun		N
widmo	phantom	widmo	phantom		N
widmo	vỏ	widmo	vỏ		N
widmo	spectrum	widmo	spectrum		N
widmo	spectre	widmo	spectre		N
bin	bin	bin	bin		N
kapelusz	xịt	kapelusz	xịt	N;NOM;MASC;SG	V
pont	pont	pont	pont		N
pac	pac	pac	pac		N
brooks	brooks	brooks	brooks	PROPN;NOM;MASC;SG	N
wujek	bác	wujek	bác	N;NOM;MASC;SG	
hoffmann	hoffmann	hoffmanny	hoffmann	PROPN;NOM;MASC;SG	
hoffmann	hoffman	hoffmanny	hoffman	PROPN;NOM;MASC;SG	
nadieżda	nadezhda	nadieżdać	nadezhda	PROPN;NOM;FEM;SG	
trzynastu	thirteen	trzynaście	thirteen		V
neo	neo	neo	neo		N
cypr	síp	cypra	síp	PROPN;NOM;MASC;SG	N
określono	chất	określić	chất	V;PFV;IND;0;PST;FIN;ACT	N
przedsiębiorczości	entrepreneurship	przedsiębiorczość	entrepreneurship	N;GEN;FEM;SG	
ręka	tay	ręka	tay		N
ręka	tay	ręka	tay		N
janet	janet	janet	janet	V;IPFV;IND;SG;PRS;FIN;ACT	N
zdecydowana	quyết	zdecydowany	quyết	ADJ;NOM;FEM;SG	N
słoneczny	nắng	słoneczny	nắng	ADJ;NOM;MASC;SG	N
słoneczny	sunny	słoneczny	sunny	ADJ;NOM;MASC;SG	
słoneczny	solar	słoneczny	solar	ADJ;NOM;MASC;SG	
zamieszki	loạn	zamieszka	loạn	N;NOM;MASC;PL	V
chrześcijanie	christian	chrześcijanin	christian	N;NOM;MASC;PL	
simpson	simpsons	simpson	simpsons	PROPN;NOM;MASC;SG	N
simpson	simpson	simpson	simpson	PROPN;NOM;MASC;SG	N
horst	horst	horst	horst	PROPN;NOM;MASC;SG	N
walcząc	battling	walczyć	battling	V;IPFV;PRS;V.CVB;ACT	
rodrigo	rodrigo	rodriga	rodrigo	PROPN;NOM;MASC;SG	
clara	clara	clara	clara	PROPN;NOM;FEM;SG	
ace	ách	acen	ách		N
istota	gist	istota	gist	N;NOM;FEM;SG	
pusty	rỗng	pusty	rỗng	ADJ;NOM;MASC;SG	V
pusty	trống	pusty	trống	ADJ;NOM;MASC;SG	V
pusty	trống	pusty	trống	ADJ;NOM;MASC;SG	V
pusty	blank	pusty	blank	ADJ;NOM;MASC;SG	V
dominacji	domination	dominacja	domination	N;DAT;FEM;SG	
dominacji	dominance	dominacja	dominance	N;DAT;FEM;SG	
kongo	congo	kongo	congo		N
przykładowe	sample	przykładowy	sample	ADJ;NOM;NEUT;SG	
przykładowe	mẫu	przykładowy	mẫu	ADJ;NOM;NEUT;SG	N
przykładowe	dụ	przykładowy	dụ	ADJ;NOM;NEUT;SG	V
płatków	petals	płatek	petals	N;GEN;MASC;PL	
uniwersjadzie	universiade	uniwersjad	universiade	N;DAT;MASC;SG	ADJ
reynolds	reynolds	reynolds	reynolds	PROPN;NOM;MASC;SG	
stephan	stephan	stephan	stephan	PROPN;NOM;MASC;SG	
españa	españa	españa	españa	PROPN;NOM;MASC;SG	N
mięśnie	muscle	mięsień	muscle	N;NOM;MASC;PL	
banki	banks	bank	banks	N;NOM;MASC;PL	
oricon	oricon	oricon	oricon		N
platformie	nổi	platforma	nổi	N;ACC;MASC;SG	
centra	centres	centra	centres	N;NOM;NEUT;PL	
miłosz	miłosz	miłosz	miłosz	PROPN;NOM;MASC;SG	
olaf	olaf	olaf	olaf	PROPN;NOM;MASC;SG	N
melanie	melanie	melanie	melanie	N;NOM;FEM;SG	
przestrzenie	khoảng	przestrzenie	khoảng	N;NOM;NEUT;SG	ADJ
kioto	kyoto	kioto	kyoto		N
marsylii	marseille	marsylia	marseille	PROPN;GEN;FEM;SG	N
marsylii	marseilles	marsylia	marseilles	PROPN;GEN;FEM;SG	N
marsylii	marseille	marsylia	marseille	PROPN;GEN;FEM;SG	N
marsylii	marseilles	marsylia	marseilles	PROPN;GEN;FEM;SG	N
market	chợ	market	chợ		N
como	como	como	como		NUM
tomaszów	tomaszów	tomasz	tomaszów	N;ACC;MASC;SG	
larsson	larsson	larsson	larsson	PROPN;NOM;MASC;SG	N
posiedzenie	họp	posiedzenie	họp	N;NOM;NEUT;SG	V
peng	bành	peng	bành	PROPN;NOM;MASC;SG	V
peng	peng	peng	peng	PROPN;NOM;MASC;SG	N
centro	centro	centro	centro		N
jastrzębiec	hieracium	jastrzębiec	hieracium	N;NOM;MASC;SG	
wilsona	wilson	wilsina	wilson		N
diabeł	devil	diabeł	devil	N;NOM;MASC;SG	
heat	nhiệt	heat	nhiệt		N
blade	blade	blady	blade		N
luterański	lutheran	luterański	lutheran	ADJ;NOM;MASC;SG	N
donau	donau	dona	donau	V;IPFV;IND;SG;PRS;FIN;ACT	N
ramos	ramos	ramos	ramos	PROPN;NOM;MASC;SG	N
zło	xấu	zło	xấu		ADJ
zło	ác	zło	ác		N
niższy	hạ	nisszyć	hạ	ADJ;NOM;CMPR;MASC;SG	V
grube	dầy	gruby	dầy		ADJ
grube	dày	gruby	dày		ADJ
mieszkańca	capita	mieszkaniec	capita	N;ACC;MASC;SG	
aktualizacja	update	aktualizacja	update	N;NOM;FEM;SG	V
alpha	alpha	alpha	alpha		N
alpha	alfa	alpha	alfa		N
pacjent	nhân	pacjent	nhân	N;NOM;MASC;SG	
klęska	bại	klęski	bại	N;NOM;FEM;SG	V
mróz	cóng	mróz	cóng		V
winston	winston	winston	winston	V;IPFV;IND;SG;PRS;FIN;ACT	
opon	lốp	opon	lốp		N
podniesiony	vung	podnieść	vung	ADJ;PFV;NOM;MASC;SG;POS;V.PTCP;PASS	
kornwalii	cornwall	kornwalia	cornwall		N
krystian	nguyen	krystianin	nguyen	PROPN;NOM;MASC;SG	N
krystian	christian	krystianin	christian	PROPN;NOM;MASC;SG	
mariano	mariano	mariać	mariano		N
helu	heli	hel	heli		
bram	cổng	brama	cổng		N
tiger	tiger	tiger	tiger		N
tiger	cọp	tiger	cọp		N
tiger	hổ	tiger	hổ		N
emilio	emilio	emilio	emilio	PROPN;NOM;MASC;SG	NUM
christo	cristo	christo	cristo		N
travis	travis	travis	travis	PROPN;NOM;MASC;SG	
fitzgerald	fitzgerald	fitzgerald	fitzgerald	V;IPFV;IND;SG;PRS;FIN;ACT	N
rohan	rohan	rohanona	rohan		N
torre	torre	torre	torre		N
groß	groß	groß	groß	PROPN;NOM;MASC;SG	
donna	donna	donny	donna	N;NOM;FEM;SG	
wolski	wolski	wolski	wolski	PROPN;NOM;MASC;SG	
sarajewie	sarajevo	sarajewie	sarajevo	V;IPFV;IND;SG;1;PRS;FIN;ACT	N
przepis	thức	przepis	thức	N;NOM;MASC;SG	V
przepis	recipe	przepis	recipe	N;NOM;MASC;SG	
świeżo	tươi	świeżo	tươi	ADV	N
normalne	chuẩn	normalny	chuẩn	ADJ;NOM;NEUT;SG	V
normalne	thường	normalny	thường	ADJ;NOM;NEUT;SG	
tartu	tartu	tart	tartu	PROPN;NOM;MASC;SG	N
skopje	skopje	skopja	skopje	PROPN;NOM;MASC;SG	NUM
rum	rum	rum	rum		N
glory	vinh	glora	vinh		N
münster	münster	münster	münster	PROPN;NOM;MASC;SG	NUM
janković	janković	janković	janković	V;PFV;NFIN;ACT	N
konin	konin	konin	konin	PROPN;NOM;MASC;SG	
sylwia	sylvia	sylwia	sylvia	PROPN;NOM;FEM;SG	N
sylwia	silvia	sylwia	silvia	PROPN;NOM;FEM;SG	N
sylwia	sylwia	sylwia	sylwia	PROPN;NOM;FEM;SG	
cas	cas	cas	cas		N
końcówki	tips	końcówka	tips	N;ACC;FEM;PL	ADJ
alaska	alaska	alaska	alaska		N
enrico	enrico	enrico	enrico	PROPN;NOM;MASC;SG	N
zhou	chu	zhou	chu	PROPN;NOM;MASC;SG	
zakazane	cấm	zakazać	cấm	ADJ;PFV;NOM;NEUT;SG;POS;V.PTCP;PASS	V
zakazane	cấm	zakazać	cấm	ADJ;PFV;NOM;NEUT;SG;POS;V.PTCP;PASS	V
zakazane	cấm	zakazać	cấm	ADJ;PFV;NOM;NEUT;SG;POS;V.PTCP;PASS	V
proroka	tri	prorok	tri	N;ACC;MASC;SG	
wymowa	pronunciation	wymować	pronunciation		V
wywiady	phỏng	wywiad	phỏng	N;NOM;MASC;PL	V
orne	orne	orny	orne		N
cud	diệu	cud	diệu	N;NOM;MASC;SG	ADJ
ustawienie	setup	ustawić	setup	N;NOM;NEUT;SG	V
ujawnił	revealed	ujawnić	revealed	V;PFV;MASC;IND;SG;PST;FIN;ACT	
schleswig	schleswig	schleswig	schleswig		N
brzucha	abdominal	brzuch	abdominal	N;GEN;MASC;SG	
brzucha	bụng	brzuch	bụng	N;GEN;MASC;SG	ADJ
brzucha	bụng	brzuch	bụng	N;GEN;MASC;SG	ADJ
brzucha	bụng	brzuch	bụng	N;GEN;MASC;SG	ADJ
wozy	toa	wóz	toa	N;NOM;MASC;PL	V
zagrożone	endangered	zagrożyć	endangered	ADJ;PFV;NOM;NEUT;SG;POS;V.PTCP;PASS	V
zagrożone	tiềm	zagrożyć	tiềm	ADJ;PFV;NOM;NEUT;SG;POS;V.PTCP;PASS	N
hook	hook	hook	hook		N
hook	móc	hook	móc		N
mina	mina	mina	mina		N
pamiątki	memorabilia	pamiątka	memorabilia	N;NOM;FEM;PL	V
pamiątki	niệm	pamiątka	niệm	N;NOM;FEM;PL	V
spalony	táng	spalić	táng	ADJ;PFV;NOM;MASC;SG;POS;V.PTCP;PASS	N
spalony	scorched	spalić	scorched	ADJ;PFV;NOM;MASC;SG;POS;V.PTCP;PASS	
christie	christie	christa	christie		N
trevor	trevor	trevor	trevor	PROPN;NOM;MASC;SG	
niepożądane	adverse	niepożądany	adverse	ADJ;NOM;NEUT;SG	N
alexa	alex	alex	alex	V;IPFV;IND;SG;3;PRS;FIN;ACT	N
alexa	alexa	alex	alexa	V;IPFV;IND;SG;3;PRS;FIN;ACT	N
drew	lê	drwa	lê		N
statutu	statutes	statut	statutes	N;GEN;MASC;SG	
przeciwnicy	opponents	przeciwnik	opponents	N;NOM;MASC;PL	NUM
siarki	sulfur	siarka	sulfur		N
siarki	sulphur	siarka	sulphur		N
cerro	cerro	cerro	cerro	PROPN;NOM;MASC;SG	N
oskara	oscar	oskara	oscar		N
twojego	của	twój	của	DET;GEN;MASC;SG;1	ADP
fontanna	fountain	fontanny	fountain	ADJ;NOM;FEM;SG	N
opiekunem	guardian	opiekun	guardian	N;INS;MASC;SG	
emerytowany	hưu	emerytować	hưu	ADJ;IPFV;NOM;MASC;SG;POS;V.PTCP;PASS	N
racibórz	racibórz	racibórz	racibórz	N;ACC;MASC;SG	V
zone	múi	zon	múi		N
zone	vùng	zon	vùng		N
volvo	volvo	volvo	volvo		N
andrés	andres	andrés	andres	PROPN;NOM;MASC;SG	N
andrés	andrés	andrés	andrés	PROPN;NOM;MASC;SG	N
opiekun	guardian	opiekun	guardian	N;NOM;MASC;SG	
opiekun	caretaker	opiekun	caretaker	N;NOM;MASC;SG	
eure	eure	eury	eure	V;IPFV;IND;SG;2;PRS;FIN;ACT	N
adwentystów	adventist	adwentysta	adventist	N;ACC;MASC;PL	
baran	baran	baranin	baran	N;NOM;MASC;SG	
czyste	sạch	czysty	sạch	ADJ;NOM;NEUT;SG	V
czyste	cai	czysty	cai	ADJ;NOM;NEUT;SG	N
czyste	sạch	czysty	sạch	ADJ;NOM;NEUT;SG	V
żywy	sống	żywy	sống		V
schronienia	shelter	schronienie	shelter	N;GEN;NEUT;SG	
pereira	pereira	pereira	pereira	PROPN;NOM;MASC;SG	N
ciekawa	curious	ciekawy	curious		ADJ
ciekawa	mò	ciekawy	mò		V
warte	giá	warty	giá		N
transmisja	phát	transmisja	phát	N;NOM;FEM;SG	V
abel	abel	abel	abel	PROPN;NOM;MASC;SG	
abel	able	abel	able	PROPN;NOM;MASC;SG	
tłumaczeń	dịch	tłumaczenie	dịch	N;GEN;NEUT;PL	
rdzeń	nhân	rdzeń	nhân	N;NOM;MASC;SG	
powiązanych	related	powiązać	related	ADJ;PFV;GEN;MASC;PL;POS;V.PTCP;PASS	V
zabawa	vui	zabawa	vui	N;NOM;FEM;SG	
gia	gia	gia	gia	PROPN;NOM;FEM;SG	N
tomas	tomas	tomas	tomas	PROPN;NOM;MASC;SG	N
sabine	sabine	sabina	sabine	PROPN;NOM;FEM;SG	N
suwałki	suwałki	suwałka	suwałki	N;NOM;MASC;SG	
obserwatorów	observers	obserwator	observers	N;ACC;MASC;PL	
shin	shin	shina	shin		N
telekomunikacji	telecom	telekomunikacja	telecom	N;GEN;FEM;SG	V
torino	torino	torino	torino	PROPN;NOM;MASC;SG	NUM
zambii	zambia	zambić	zambia	PROPN;NOM;FEM;SG	N
dodge	dodge	dodgy	dodge		N
diesla	diesel	diesla	diesel		N
henrik	henrik	henrik	henrik	PROPN;NOM;MASC;SG	
franc	franc	franc	franc		N
mills	mills	mills	mills	V;IPFV;IND;SG;PRS;FIN;ACT	
odwagę	chống	odwaga	chống	N;ACC;FEM;SG	V
cher	cher	cher	cher		N
sum	catfish	suma	catfish		N
jasny	sáng	jasny	sáng	ADJ;NOM;MASC;SG	N
wzajemne	reciprocal	wzajemny	reciprocal	ADJ;NOM;NEUT;SG	V
brzuch	bụng	brzuch	bụng	N;NOM;MASC;SG	ADJ
brzuch	bụng	brzuch	bụng	N;NOM;MASC;SG	ADJ
brzuch	bụng	brzuch	bụng	N;NOM;MASC;SG	ADJ
nowi	newcomers	nowy	newcomers	ADJ;NOM;MASC;PL	V
łupków	slate	łupek	slate	N;GEN;MASC;PL	
przeglądarki	duyệt	przeglądarka	duyệt	N;GEN;FEM;SG	V
tina	tina	tin	tina	PROPN;NOM;FEM;SG	
klon	maple	klon	maple	N;NOM;MASC;SG	
standardowy	chuẩn	standardowy	chuẩn	ADJ;NOM;MASC;SG	V
standardowy	standard	standardowy	standard	ADJ;NOM;MASC;SG	
rocky	rocky	rock	rocky	N;NOM;MASC;SG	
shane	shane	shana	shane	N;NOM;MASC;SG	
słaba	yếu	słaby	yếu	ADJ;NOM;FEM;SG	N
słaba	nhược	słaby	nhược	ADJ;NOM;FEM;SG	N
bafta	bafta	bafta	bafta		N
ziarna	lúa	ziarny	lúa		N
ziarna	hạt	ziarny	hạt		N
chrl	prc	chrl	prc		N
whitney	whitney	whitny	whitney		V
montpellier	montpellier	montpellier	montpellier	PROPN;NOM;MASC;SG	N
donalda	donald	donalda	donald		N
shakespeare	shakespeare	shakespeare	shakespeare	V;IPFV;IND;SG;PRS;FIN;ACT	N
belize	be	beliz	be	PROPN;NOM;MASC;SG	N
belize	belize	beliz	belize	PROPN;NOM;MASC;SG	N
wygrywa	thắng	wygrywać	thắng	V;IPFV;IND;SG;3;PRS;FIN;ACT	N
wygrywa	winning	wygrywać	winning	V;IPFV;IND;SG;3;PRS;FIN;ACT	N
wygrywa	thắng	wygrywać	thắng	V;IPFV;IND;SG;3;PRS;FIN;ACT	N
bari	bari	bari	bari	PROPN;NOM;MASC;SG	
naga	naked	nagi	naked		N
naga	nude	nagi	nude		N
horse	ngựa	horse	ngựa		N
oświetlenia	lighting	oświetlenie	lighting	N;GEN;NEUT;SG	
miki	mickey	mikć	mickey		N
miki	mica	mikć	mica		N
halowe	iaaf	halowy	iaaf	ADJ;NOM;NEUT;SG	
męczeństwa	martyrdom	męczeństwo	martyrdom	N;GEN;NEUT;SG	
marketing	marketing	marketing	marketing		N
podkreślić	highlight	podkreślić	highlight	V;PFV;NFIN;ACT	N
bóle	đau	ból	đau	N;NOM;MASC;PL	ADJ
zastrzelony	phát	zastrzelić	phát	ADJ;PFV;NOM;MASC;SG;POS;V.PTCP;PASS	V
zastrzelony	bắn	zastrzelić	bắn	ADJ;PFV;NOM;MASC;SG;POS;V.PTCP;PASS	V
podmioty	entities	podmiot	entities	N;NOM;MASC;PL	
ołowiu	dẫn	ołowiek	dẫn		V
ołowiu	chì	ołowiek	chì		N
kocham	love	kochać	love	V;IPFV;IND;SG;1;PRS;FIN;ACT	
przystań	marina	przystać	marina		N
imperial	imperial	imperial	imperial		N
kosmiczne	cosmic	kosmiczny	cosmic	ADJ;NOM;NEUT;SG	N
bondarenko	bondarenko	bondarenko	bondarenko		N
aleppo	aleppo	aleppo	aleppo	PROPN;NOM;NEUT;SG	N
seryjny	serial	seryjny	serial	ADJ;NOM;MASC;SG	N
mykoła	mykola	mykono	mykola	PROPN;NOM;MASC;SG	N
syrena	siren	syrena	siren		N
dzika	hoang	dziki	hoang		ADJ
dzika	boar	dziki	boar		N
arystokracji	aristocracy	arystokracja	aristocracy	N;DAT;FEM;SG	
poważna	bách	poważny	bách	ADJ;NOM;FEM;SG	N
mózg	óc	mózg	óc	N;NOM;MASC;SG	ADJ
mózg	óc	mózg	óc	N;NOM;MASC;SG	ADJ
mózg	brain	mózg	brain	N;NOM;MASC;SG	V
zombie	zombie	zomba	zombie		N
zombie	zombies	zomba	zombies		N
thomson	thomson	thomson	thomson		N
fletcher	fletcher	fletcher	fletcher	N;NOM;MASC;SG	
whistler	whistler	whistler	whistler		N
whistler	pachycephala	whistler	pachycephala		V
atom	nguyên	atom	nguyên		N
chemins	chemins	chemins	chemins		V
burkina	burkina	burkina	burkina		N
kierowanie	lái	kierować	lái	N;IPFV;NOM;NEUT;SG;POS;V.MSDR	V
townsend	townsend	townsend	townsend	PROPN;NOM;MASC;SG	
crown	vương	crowny	vương		N
explorer	explorer	explorer	explorer		N
salomon	salomon	salomon	salomon	V;IPFV;IND;SG;2;PRS;FIN;ACT	
salomon	salomon	salomon	salomon	V;IPFV;IND;SG;2;PRS;FIN;ACT	
salomon	solomon	salomon	solomon	V;IPFV;IND;SG;2;PRS;FIN;ACT	N
flavia	flavia	flavia	flavia	PROPN;NOM;FEM;SG	
kasper	kasper	kasper	kasper	PROPN;NOM;MASC;SG	
nowogród	novgorod	nowogród	novgorod		N
odrodzenie	revival	odrodzić	revival	N;NOM;NEUT;SG;POS;V.MSDR	
obelisk	obelisk	obelisk	obelisk	N;ACC;MASC;SG	
deutschland	deutschland	deutschland	deutschland	PROPN;NOM;MASC;SG	N
krzywa	cong	krzywać	cong	N;NOM;FEM;SG	
bang	đục	bang	đục		V
bang	boom	bang	boom		N
cronquist	cronquist	cronquist	cronquist	PROPN;NOM;MASC;SG	N
horizonte	horizonte	horizonty	horizonte	PROPN;NOM;MASC;SG	N
marilyn	marilyn	marilyn	marilyn		N
matteo	matteo	matteo	matteo	PROPN;NOM;MASC;SG	
matteo	mateo	matteo	mateo	PROPN;NOM;MASC;SG	
shaun	shaun	shauna	shaun	PROPN;NOM;MASC;SG	N
skomplikowane	complex	skomplikować	complex	ADJ;NOM;NEUT;SG	N
ostra	viêm	ostry	viêm		N
ostra	cay	ostry	cay		N
ostra	sharp	ostry	sharp		N
ostra	nhọn	ostry	nhọn		V
gładkie	mịn	gładki	mịn	ADJ;NOM;NEUT;SG	N
gładkie	ẩm	gładki	ẩm	ADJ;NOM;NEUT;SG	N
zestawy	kitts	zestaw	kitts	N;NOM;MASC;PL	
zestawy	dong	zestaw	dong	N;NOM;MASC;PL	
gorączka	sốt	gorączka	sốt	N;NOM;FEM;SG	
rolf	rolf	rolf	rolf	PROPN;NOM;MASC;SG	N
wonder	wonder	wonder	wonder		N
wywołane	induced	wywołać	induced	ADJ;PFV;NOM;NEUT;SG;POS;V.PTCP;PASS	
antonia	antonia	antonia	antonia	V;IPFV;IND;SG;PRS;FIN;ACT	N
antonia	antonio	antonia	antonio	V;IPFV;IND;SG;PRS;FIN;ACT	
gubernia	dimashq	gubernia	dimashq		N
fałszywe	giả	fałszywy	giả	ADJ;NOM;NEUT;SG	
fałszywe	giả	fałszywy	giả	ADJ;NOM;NEUT;SG	
fałszywe	fake	fałszywy	fake	ADJ;NOM;NEUT;SG	N
dino	dino	dino	dino		N
latarni	toulouse	latarnia	toulouse	N;GEN;FEM;SG	NUM
komora	vẹn	komora	vẹn	N;NOM;FEM;SG	ADJ
wychował	vung	wychować	vung	V;PFV;MASC;IND;SG;PST;FIN;ACT	
h	habilitation	h	habilitation	INTJ	
miriam	miriam	miriać	miriam	N;NOM;FEM;SG	
oswald	oswald	oswald	oswald	PROPN;NOM;MASC;SG	
gregor	gregor	gregor	gregor	PROPN;NOM;MASC;SG	
standardowa	chuẩn	standardowy	chuẩn	ADJ;NOM;FEM;SG	V
standardowa	standard	standardowy	standard	ADJ;NOM;FEM;SG	
słowenia	slovenia	słowonie	slovenia	N;NOM;NEUT;SG	NUM
powódź	lụt	powódź	lụt	N;NOM;FEM;SG	V
powódź	gượng	powódź	gượng	N;NOM;FEM;SG	V
powódź	lụt	powódź	lụt	N;NOM;FEM;SG	V
dioecesis	dioecesis	dioecesis	dioecesis		N
serwera	phục	serwer	phục		V
serwera	server	serwer	server		N
wadi	wadi	wadić	wadi	V;IPFV;IND;SG;PRS;FIN;ACT	N
jerome	jerome	jeromy	jerome	PROPN;NOM;MASC;SG	N
cyfry	số	cyfra	số		N
lodowiec	glacier	lodowiec	glacier	N;NOM;MASC;SG	
moraw	moravia	móraw	moravia		N
koty	cats	kot	cats	N;NOM;MASC;PL	
chwały	vinh	chwały	vinh		N
togo	togo	to	togo		N
mozart	mozart	mozart	mozart		N
mozarta	mozart	mozarty	mozart		N
kasa	tien	kasa	tien	N;NOM;FEM;SG	
przyznany	điệm	przyznać	điệm	ADJ;PFV;NOM;MASC;SG;POS;V.PTCP;PASS	
kolumbijski	colombia	kolumbijski	colombia	ADJ;NOM;MASC;SG	N
rozważania	reflections	rozważać	reflections	N;NOM;NEUT;SG	
śruby	screws	śrub	screws	N;ACC;FEM;PL	
śruby	bolts	śrub	bolts	N;ACC;FEM;PL	
epitafium	epitaph	epitafium	epitaph	N;NOM;NEUT;SG	
patent	patent	patent	patent	N;NOM;MASC;SG	
kocioł	kettle	kocioł	kettle	N;NOM;MASC;SG	
kocioł	cauldron	kocioł	cauldron	N;NOM;MASC;SG	
tropikalnych	tropical	tropikalny	tropical	ADJ;GEN;MASC;PL	
gliny	cớm	glina	cớm		N
gliny	cớm	glina	cớm		N
gliny	cop	glina	cop		N
côte	côte	cót	côte		N
jonesa	jones	jones	jones		N
szkic	nháp	szkic	nháp	N;NOM;MASC;SG	V
siódma	seventh	siódmy	seventh	ADJ;NOM;FEM;SG	
kolonizacji	colonization	kolonizacja	colonization	N;GEN;FEM;SG	
sapieha	sapieha	sapieh	sapieha	N;NOM;MASC;SG	
pre	pre	pro	pre		N
mieszko	mieszko	mieszko	mieszko	PROPN;NOM;MASC;SG	N
château	château	châtea	château	V;IPFV;IND;SG;2;PRS;FIN;ACT	N
lalek	dolls	lalka	dolls		N
curlingu	curling	curling	curling	N;GEN;MASC;SG	
capital	vốn	capital	vốn		N
nawzajem	ditto	nawzaj	ditto	V;IPFV;IND;PL;2;PRS;FIN;ACT	
kwoty	sums	kwota	sums	N;ACC;FEM;PL	
räikkönen	räikkönen	räikkönen	räikkönen	ADJ;NOM;MASC;SG	V
freeman	freeman	freeman	freeman	N;NOM;MASC;SG	
ibf	ibf	ibf	ibf		N
oise	oise	ois	oise		N
stracone	mất	stracić	mất	ADJ;PFV;NOM;NEUT;SG;POS;V.PTCP;PASS	V
stracone	thua	stracić	thua	ADJ;PFV;NOM;NEUT;SG;POS;V.PTCP;PASS	V
martha	martha	martha	martha	PROPN;NOM;FEM;SG	
vernon	vernon	vernon	vernon	PROPN;NOM;MASC;SG	
vernon	dượng	vernon	dượng	PROPN;NOM;MASC;SG	N
ángel	angel	ángel	angel	PROPN;NOM;MASC;SG	
strome	dốc	stroma	dốc		N
zamówienia	lệnh	zamówienie	lệnh	N;NOM;NEUT;SG	
gould	gould	gould	gould	PROPN;NOM;MASC;SG	
eindhoven	eindhoven	eindhoven	eindhoven	PROPN;NOM;MASC;SG	N
dziury	lỗ	dziura	lỗ		ADJ
dziury	hố	dziura	hố		N
dziury	lỗ	dziura	lỗ		ADJ
barnes	barnes	barnes	barnes	PROPN;NOM;MASC;SG	
int	int	int	int		N
podbój	conquest	podbój	conquest	N;NOM;MASC;SG	
hadze	hague	haga	hague		N
hadze	hag	haga	hag		N
kimi	kimi	kto	kimi		N
maggie	maggie	maggia	maggie		N
brandon	brandon	brandon	brandon	PROPN;NOM;MASC;SG	
peterson	peterson	peterson	peterson	PROPN;NOM;MASC;SG	
tajemniczy	mystery	tajemniczy	mystery	ADJ;NOM;MASC;SG	
laguna	laguna	laguna	laguna		N
laguna	đầm	laguna	đầm		N
laguna	lagoon	laguna	lagoon		N
stosur	stosur	stosur	stosur	V;IPFV;IMP;SG;2;FIN;ACT	
alison	alison	alison	alison	PROPN;NOM;FEM;SG	
laurence	laurence	laurenka	laurence	V;IPFV;IND;SG;2;PRS;FIN;ACT	N
ruiz	ruiz	ruiz	ruiz	PROPN;NOM;MASC;SG	N
monaco	khảm	monaco	khảm		N
monaco	monaco	monaco	monaco		N
podaj	đèo	podać	đèo	V;PFV;IMP;SG;2;FIN;ACT	N
podaj	pass	podać	pass	V;PFV;IMP;SG;2;FIN;ACT	N
trinity	trinity	trinit	trinity		NUM
marcos	marcos	marcos	marcos	PROPN;NOM;MASC;SG	
inn	inn	inn	inn		N
savage	savage	savaga	savage		
centymetrów	centimet	centymetr	centimet	N;GEN;MASC;PL	
cecil	cecil	cecil	cecil	V;IPFV;IND;SG;PRS;FIN;ACT	
macdonald	macdonald	macdonald	macdonald		N
jeanne	jeanne	jeanny	jeanne	PROPN;NOM;FEM;SG	N
łodygi	cọng	łodyg	cọng	N;ACC;FEM;PL	
łodygi	stems	łodyg	stems	N;ACC;FEM;PL	
wehrmacht	wehrmacht	wehrmacht	wehrmacht		N
rna	rna	rnać	rna		N
rna	arn	rnać	arn		N
bertrand	bertrand	bertrand	bertrand	PROPN;NOM;MASC;SG	
metz	metz	metz	metz	PROPN;NOM;MASC;SG	NUM
głogów	głogów	głóg	głogów	N;ACC;MASC;SG	
centrów	centres	centrum	centres	N;GEN;NEUT;PL	
najbliższe	thiểu	bliski	thiểu	ADJ;NOM;CMPR;NEUT;SG	N
mcdonald	mcdonald	mcdonald	mcdonald		N
mcdonald	mcdonalds	mcdonald	mcdonalds		N
pentium	pentium	pentium	pentium		N
moneta	xấp	moneta	xấp	N;NOM;FEM;SG	
hbo	hbo	hbo	hbo		N
sss	sss	sss	sss		N
ernesto	ernesto	ernesto	ernesto	PROPN;NOM;MASC;SG	
wektor	vector	wektor	vector		N
zajęta	bận	zająć	bận	ADJ;NOM;FEM;SG	V
rebecca	rebecca	rebecca	rebecca	N;NOM;FEM;SG	
zimonjić	zimonjić	zimonjić	zimonjić	V;PFV;NFIN;ACT	N
giancarlo	giancarlo	giancarlo	giancarlo	N;NOM;MASC;SG	
rabina	rabbi	rabina	rabbi	N;ACC;MASC;SG	
xml	xml	0ml	xml		
xml	xm	0ml	xm		
fabian	fabian	fabiana	fabian	PROPN;NOM;MASC;SG	N
ciotka	dì	ciotka	dì	N;NOM;FEM;SG	
kontynent	liền	kontynent	liền	N;NOM;MASC;SG	
kostka	rubik	kostka	rubik		N
deutscher	deutscher	deutscher	deutscher		V
maxi	maxi	maxa	maxi		N
kroków	bước	krok	bước	N;GEN;MASC;PL	
trl	trl	trl	trl		N
niebieska	xanh	niebieski	xanh	ADJ;NOM;FEM;SG	N
ferenc	ferenc	ferenc	ferenc	PROPN;NOM;MASC;SG	N
kierownicy	lái	kierownik	lái		V
jenson	jenson	jenson	jenson	PROPN;NOM;MASC;SG	
springfield	springfield	springfield	springfield	V;IPFV;IND;SG;PRS;FIN;ACT	
civic	civic	civica	civic		N
średniowieczne	medieval	średniowieczny	medieval	ADJ;NOM;NEUT;SG	N
romero	romero	romero	romero	PROPN;NOM;MASC;SG	N
edith	edith	edith	edith	V;IPFV;IND;SG;PRS;FIN;ACT	N
boi	boi	bać	boi	V;IPFV;IND;SG;3;PRS;FIN;ACT	
jour	jour	jour	jour		NUM
boksie	giải	boks	giải	N;DAT;MASC;SG	V
boksie	bốc	boks	bốc	N;DAT;MASC;SG	V
holenderskie	bản	holenderski	bản	ADJ;NOM;NEUT;SG	N
holenderskie	hoà	holenderski	hoà	ADJ;NOM;NEUT;SG	
holenderskie	dutch	holenderski	dutch	ADJ;NOM;NEUT;SG	N
węzły	hải	wązła	hải	V;PFV;MASC;IND;PL;PST;FIN;ACT	N
teoretyczne	huấn	teoretyczny	huấn	ADJ;NOM;NEUT;SG	V
chrisa	chris	chrisa	chris	N;ACC;MASC;SG	
intencji	intentions	intencja	intentions	N;GEN;FEM;SG	
delaware	delaware	delawar	delaware		N
żart	joke	żart	joke		N
żart	đùa	żart	đùa		V
żart	đểu	żart	đểu		PART
independiente	independiente	independienty	independiente	N;NOM;MASC;SG	
cierpienia	khổ	cierpienie	khổ	N;NOM;NEUT;SG	ADJ
normalny	chuẩn	normalny	chuẩn	ADJ;NOM;MASC;SG	V
normalny	thường	normalny	thường	ADJ;NOM;MASC;SG	
mirny	mirny	mirny	mirny		ADJ
ramón	ramón	ramón	ramón	PROPN;NOM;MASC;SG	
ramón	ramon	ramón	ramon	PROPN;NOM;MASC;SG	N
pastwiska	grazing	pastwisko	grazing	N;NOM;NEUT;PL	
melo	melo	melo	melo		N
opony	tires	opona	tires	N;NOM;FEM;PL	
göteborgu	göteborg	gsteborg	göteborg	PROPN;NOM;MASC;SG	
göteborgu	gothenburg	gsteborg	gothenburg	PROPN;NOM;MASC;SG	
zyski	gains	zysk	gains	N;NOM;MASC;PL	
phylogeny	phylogeny	phylogen	phylogeny	N;GEN;MASC;SG	V
bahia	bahia	bahia	bahia		N
zaporoże	zaporozhye	zaporoże	zaporozhye		N
księżycu	nen	księżyc	nen	N;GEN;MASC;SG	
errani	errani	erran	errani	V;IPFV;IND;SG;2;FIN;ACT	
bramka	gate	bramka	gate	N;NOM;FEM;SG	
bramka	đo	bramka	đo	N;NOM;FEM;SG	V
strasburgu	strasbourg	strasburg	strasbourg	N;GEN;MASC;SG	
valencia	valencia	valencia	valencia		N
kawy	phê	kawa	phê	N;GEN;FEM;SG	
vermont	vermont	vermont	vermont	PROPN;NOM;MASC;SG	N
duchy	ghosts	duch	ghosts	N;NOM;MASC;PL	
johnsona	johnson	johnsona	johnson	ADJ;PFV;NOM;FEM;SG;POS;V.PTCP;PASS	N
nine	chín	niny	chín		ADJ
abdul	abdul	abdul	abdul	PROPN;NOM;MASC;SG	N
alexis	alexis	alexis	alexis		N
gemeinde	gemeinde	gemeinda	gemeinde		V
much	ruồi	much	ruồi		N
much	muỗi	much	muỗi		V
much	nhiều	much	nhiều		ADJ
aids	aids	aids	aids		N
soares	soares	soares	soares	PROPN;NOM;MASC;SG	
motywów	motifs	motyw	motifs	N;GEN;MASC;PL	
lotników	airmen	lotnik	airmen	N;ACC;MASC;PL	
thierry	thierry	thierry	thierry		N
beyoncé	beyoncé	beyonka	beyoncé		N
beyoncé	beyonce	beyonka	beyonce		N
wilka	soi	wilka	soi	N;ACC;MASC;SG	V
vale	vale	vale	vale		N
charente	charente	charenty	charente		N
uwolnienie	release	uwolnić	release	N;PFV;NOM;NEUT;SG;POS;V.MSDR	
uwolnienie	nhả	uwolnić	nhả	N;PFV;NOM;NEUT;SG;POS;V.MSDR	V
uwolnienie	deliverance	uwolnić	deliverance	N;PFV;NOM;NEUT;SG;POS;V.MSDR	
maska	mask	maska	mask	N;NOM;FEM;SG	
lincolnshire	lincolnshire	lincolnshiry	lincolnshire		N
eryk	eric	eryk	eric	PROPN;NOM;MASC;SG	
eryk	erik	eryk	erik	PROPN;NOM;MASC;SG	
przyrost	increment	przyrost	increment	N;NOM;MASC;SG	V
rycerze	kị	rycerz	kị	N;NOM;MASC;PL	V
norte	norte	norty	norte	V;IPFV;IND;SG;PRS;FIN;ACT	N
twarde	cứng	twardy	cứng		ADJ
twarde	khó	twardy	khó		ADJ
twarde	khổ	twardy	khổ		ADJ
twarde	đắng	twardy	đắng		ADJ
václav	václav	václav	václav	PROPN;NOM;MASC;SG	N
vfl	vfl	vfl	vfl	PROPN;NOM;MASC;SG	
romano	romano	romano	romano	N;NOM;NEUT;SG	
