late	sủa	late	sủa	N;MASC;SG	ADJ
late	barks	late	barks	N;MASC;SG	
furtado	furtado	furtar	furtado	V;MASC;SG;V.PTCP	N
bando	flock	bando	flock	N;MASC;SG	
bando	manh	bando	manh	N;MASC;SG	
bando	bunch	bando	bunch	N;MASC;SG	
leu	lêu	ler	lêu	V;IND;SG;3;PST;FIN	ADJ
leu	leu	ler	leu	V;IND;SG;3;PST;FIN	N
portela	portela	portela	portela	N;FEM;SG	
fino	thin	fino	thin	ADJ;MASC;SG	
lons	lons	lom	lons	N;MASC;SG	
olinda	olinda	olinda	olinda	N;MASC;SG	
apelidado	dubbed	apelidado	dubbed	V;MASC;SG;V.PTCP	
rotten	thúi	rotten	thúi	N;MASC;SG	PART
setentrional	bắc	setentrional	bắc	ADJ;MASC;SG	N
nuvem	sky	nuvem	sky	N;FEM;SG	
nuvem	cloud	nuvem	cloud	N;FEM;SG	
cinzas	tro	cinza	tro	N;FEM;PL	
cinzas	ash	cinza	ash	N;FEM;PL	
cinzas	tro	cinza	tro	N;FEM;PL	
medley	medley	medley	medley	N;MASC;SG	
estatutos	statutes	estatuto	statutes	N;MASC;PL	
diamond	zô	diamond	zô	N;MASC;SG	
diamond	diamond	diamond	diamond	N;MASC;SG	
ace	ace	ace	ace	N;MASC;SG	
armstrong	armstrong	armstrong	armstrong	N;MASC;SG	
far	xa	far	xa	N;MASC;SG	ADJ
recompensa	thưởng	recompensar	thưởng	N;FEM;SG	V
guido	guido	guido	guido	N;MASC;SG	
gana	ghanaian	gana	ghanaian	N;FEM;SG	
mia	mia	mia	mia	N;FEM;SG	
reed	reed	reed	reed	N;MASC;SG	
assentos	seating	assento	seating	N;MASC;PL	
sino	bell	sino	bell	N;MASC;SG	
enterprise	enterprise	enterprise	enterprise	N;MASC;SG	
delgado	delgado	delgado	delgado	N;MASC;SG	
pacotes	packs	pacote	packs	N;MASC;PL	
cold	lạnh	cold	lạnh	N;MASC;SG	ADJ
fly	fly	fly	fly	N;MASC;SG	
fly	bay	fly	bay	N;MASC;SG	
pdt	pdt	pdt	pdt	PROPN;MASC;SG	
antologia	anthology	antologia	anthology	N;FEM;SG	
etiqueta	tag	etiqueta	tag	N;FEM;SG	
amo	love	amo	love	V;IND;SG;1;PRS;FIN	
amo	amo	amo	amo	V;IND;SG;1;PRS;FIN	NUM
saudade	nhớ	saudade	nhớ	N;FEM;SG	V
ramalho	ramalho	ramalho	ramalho	N;MASC;SG	
wikipedistas	wikipedians	wikipedista	wikipedians	N;MASC;PL	
idem	ditto	idem	ditto	N;MASC;SG	
tina	tina	tina	tina	N;FEM;SG	
amanhã	mai	amanhã	mai	ADV	
coma	mê	coma	mê	N;MASC;SG	V
coma	ăn	coma	ăn	N;MASC;SG	V
sorteio	vẽ	sorteio	vẽ	N;MASC;SG	V
sorteio	xổ	sorteio	xổ	N;MASC;SG	
realismo	realism	realismo	realism	N;MASC;SG	V
bolas	balls	bola	balls	N;FEM;PL	
kirk	kirk	kirk	kirk	N;MASC;SG	
feriado	holiday	feriado	holiday	N;MASC;SG	
bares	thanh	bar	thanh	N;MASC;PL	
bibliográficas	bibliographical	bibliográfica	bibliographical	N;FEM;PL	V
saraiva	saraiva	saraiva	saraiva	N;FEM;SG	
figurino	costumes	figurino	costumes	N;MASC;SG	
ryu	ryū	ryu	ryū	N;MASC;SG	
séria	bách	sério	bách	ADJ;FEM;SG	N
caroline	caroline	caroline	caroline	N;FEM;SG	
estelar	stellar	estelar	stellar	N;MASC;SG	
erupção	eruption	erupção	eruption	N;FEM;SG	
erupção	rash	erupção	rash	N;FEM;SG	
receptores	receptors	receptor	receptors	N;MASC;PL	V
celebridades	celebrity	celebridade	celebrity	N;FEM;PL	
celebridades	nổi	celebridade	nổi	N;FEM;PL	
ruiz	ruiz	ruiz	ruiz	PROPN;MASC;SG	N
maravilha	marvel	maravilha	marvel	N;FEM;SG	
teatrais	theatrical	teatral	theatrical	N;MASC;PL	
cid	cid	cid	cid	N;MASC;SG	
negativos	ám	negativo	ám	N;MASC;PL	V
sobral	sobral	sobral	sobral	N;MASC;SG	
casais	couples	casal	couples	N;MASC;PL	ADJ
desvio	lệch	desvio	lệch	N;MASC;SG	ADJ
caindo	falling	cair	falling	V;V.MSDR	N
músculos	muscle	músculo	muscle	N;MASC;PL	
ringue	ring	ringue	ring	N;MASC;SG	
corta	cut	cortar	cut	V;IND;SG;3;PRS;FIN	N
ampliar	zoom	ampliar	zoom	V;NFIN	N
américo	américo	américo	américo	N;MASC;SG	
stan	stan	stan	stan	N;MASC;SG	
cravo	harpsichord	cravo	harpsichord	N;MASC;SG	V
campista	camper	campista	camper	N;MASC;SG	V
lex	lex	lex	lex	N;MASC;SG	
tower	tower	tower	tower	N;MASC;SG	
confundir	confuse	confundir	confuse	V;NFIN	N
weber	weber	weber	weber	N;MASC;SG	
juvenis	juveniles	juvenis	juveniles	N;MASC;PL	
observador	observer	observador	observer	N;MASC;SG	
cage	lồng	cage	lồng	N;MASC;SG	V
osvaldo	oswald	osvaldo	oswald	N;MASC;SG	
osvaldo	osvaldo	osvaldo	osvaldo	N;MASC;SG	
minor	nhỏ	minor	nhỏ	N;MASC;SG	ADJ
minor	minor	minor	minor	N;MASC;SG	NUM
escalada	escalation	escalada	escalation	N;FEM;SG	
herman	herman	herman	herman	N;MASC;SG	
alive	sống	alive	sống	N;MASC;SG	V
alive	live	alive	live	N;MASC;SG	
alive	alive	alive	alive	N;MASC;SG	
liturgia	liturgy	liturgia	liturgy	N;FEM;SG	
guardian	guardian	guardian	guardian	N;MASC;SG	
aclamado	acclaimed	aclamar	acclaimed	V;MASC;SG;V.PTCP	N
clique	ấn	clique	ấn	V;SBJV;SG;3;PRS;FIN	N
veterano	hanh	veterano	hanh	N;MASC;SG	
marcial	martial	marcial	martial	N;MASC;SG	
equatorial	equatorial	equatorial	equatorial	ADJ;MASC;SG	N
pirâmide	pyramid	pirâmide	pyramid	N;FEM;SG	
julian	julian	julian	julian	N;MASC;SG	
cerrado	cerrado	cerrado	cerrado	N;MASC;SG	
eterno	mải	eterno	mải	ADJ;MASC;SG	V
philips	phillips	philip	phillips	N;MASC;SG	
monster	monster	monster	monster	N;MASC;SG	
abr	apr	abr	apr	N;MASC;SG	
automático	auto	automático	auto	ADJ;MASC;SG	N
automático	động	automático	động	ADJ;MASC;SG	V
automático	tự	automático	tự	ADJ;MASC;SG	PROPN
hipóteses	hypotheses	hipótese	hypotheses	N;FEM;PL	V
aracaju	aracaju	aracajar	aracaju	N;MASC;SG	
hércules	hercules	hércules	hercules	N;MASC;SG	
castanho	brown	castanho	brown	N;MASC;SG	
ícone	iconic	ícone	iconic	N;MASC;SG	
empregos	jobs	emprego	jobs	N;MASC;PL	
elogios	khen	elogio	khen	N;MASC;PL	V
polonesa	polish	polonesa	polish	N;FEM;SG	NUM
nero	nero	nero	nero	N;MASC;SG	
core	nhân	core	nhân	N;MASC;SG	
ninho	nest	ninho	nest	N;MASC;SG	
alienígena	alien	alienígenal	alien	ADJ;MASC;SG	
humanista	humanistic	humanista	humanistic	ADJ;MASC;SG	N
complexas	complex	complexo	complex	ADJ;FEM;PL	N
incorporado	incorporated	incorporar	incorporated	V;MASC;SG;V.PTCP	
tijuca	tijuca	tijuca	tijuca	N;FEM;SG	
milagres	miracles	milagre	miracles	N;MASC;PL	
milagres	kì	milagre	kì	N;MASC;PL	
doentes	ốm	doente	ốm	N;MASC;PL	V
lógico	luận	lógico	luận	ADJ;MASC;SG	N
lógico	logic	lógico	logic	ADJ;MASC;SG	N
eugene	eugene	eugene	eugene	PROPN;MASC;SG	
traças	moths	traça	moths	N;FEM;PL	NUM
traças	nhậy	traça	nhậy	N;FEM;PL	V
cortar	cutting	cortar	cutting	V;NFIN	
cortar	cut	cortar	cut	V;NFIN	N
muscular	muscle	muscular	muscle	N;MASC;SG	
réis	réis	réi	réis	N;MASC;PL	
iberica	iberica	ibericar	iberica	N;FEM;SG	
helicóptero	helicopter	helicóptero	helicopter	N;MASC;SG	
helicóptero	chopper	helicóptero	chopper	N;MASC;SG	
gália	gaulois	gália	gaulois	N;FEM;SG	
intervalos	thoái	intervalo	thoái	N;MASC;PL	V
saxofone	sax	saxofone	sax	N;MASC;SG	
kepler	kepler	kepler	kepler	N;MASC;SG	
envio	gửi	envio	gửi	N;MASC;SG	V
envio	gửi	envio	gửi	N;MASC;SG	V
venha	đến	vir	đến	V;SBJV;SG;3;PRS;FIN	PART
playoffs	playoff	playofã	playoff	N;MASC;PL	
playoffs	playoffs	playofã	playoffs	N;MASC;PL	
distúrbios	xáo	distúrbio	xáo	N;MASC;PL	V
touch	sờ	touch	sờ	N;MASC;SG	V
touch	chạm	touch	chạm	N;MASC;SG	V
helder	helder	helder	helder	N;MASC;SG	
morrison	morrison	morrison	morrison	N;MASC;SG	
líquida	liquid	líquido	liquid	ADJ;FEM;SG	N
líquida	lỏng	líquido	lỏng	ADJ;FEM;SG	V
saco	bag	saco	bag	N;MASC;SG	
saco	pose	saco	pose	N;MASC;SG	V
saco	bao	saco	bao	N;MASC;SG	
pedaço	piece	pedaço	piece	N;MASC;SG	
marino	marino	marino	marino	N;MASC;SG	
yuri	yuri	yuri	yuri	N;MASC;SG	
challenge	thách	challenge	thách	N;MASC;SG	V
teórica	huấn	teórico	huấn	N;FEM;SG	V
linnaeus	linnaeus	linnaeu	linnaeus	N;MASC;SG	V
half	nửa	half	nửa	N;MASC;SG	NUM
lenta	phím	lento	phím	ADJ;FEM;SG	N
zone	zone	zone	zone	N;MASC;SG	
gouveia	gouveia	gouveia	gouveia	N;MASC;SG	
barcelos	barcelos	barcelo	barcelos	N;MASC;PL	
raquel	raquel	raquel	raquel	N;FEM;SG	
raquel	rachel	raquel	rachel	N;FEM;SG	
notória	notorious	notória	notorious	ADJ;FEM;SG	
morumbi	morumbi	morumbi	morumbi	N;MASC;SG	
stevens	stevens	stevem	stevens	N;MASC;SG	
telhado	mái	telhar	mái	N;MASC;SG	V
remixes	remixes	remixe	remixes	N;MASC;PL	
gatos	cats	gato	cats	N;MASC;PL	
ferraz	ferraz	ferraz	ferraz	N;MASC;SG	
demografia	demography	demografia	demography	N;FEM;SG	V
descobertos	uncovered	descobrir	uncovered	V;MASC;PL;V.PTCP	ADJ
basco	basque	basco	basque	N;MASC;SG	NUM
pesadas	nặng	pesar	nặng	V;FEM;PL;V.PTCP	ADJ
eye	eye	eye	eye	N;MASC;SG	
lennon	lennon	lennon	lennon	N;MASC;SG	
subordinado	subordinate	subordinar	subordinate	V;MASC;SG;V.PTCP	
pronúncia	pronunciation	pronúncia	pronunciation	N;FEM;SG	V
inquérito	enquiry	inquérito	enquiry	N;MASC;SG	
inquérito	inquiry	inquérito	inquiry	N;MASC;SG	
inquérito	survey	inquérito	survey	N;MASC;SG	
plus	cộng	plus	cộng	N;MASC;SG	
dormir	ngự	dormir	ngự	V;NFIN	N
christine	christine	christine	christine	N;FEM;SG	
binomial	binomial	binomial	binomial	N;MASC;SG	
shaw	shaw	shaw	shaw	N;MASC;SG	
viaja	du	viajar	du	V;IND;SG;3;PRS;FIN	N
sardenha	sassari	sardenha	sassari	N;FEM;SG	NUM
avenidas	avenues	avenida	avenues	N;FEM;PL	
silvestre	sylvester	silvestre	sylvester	N;MASC;SG	
cohen	cohen	cohen	cohen	N;MASC;SG	
pole	cực	pole	cực	N;MASC;SG	
paes	paes	pae	paes	N;MASC;SG	
milagre	diệu	milagre	diệu	N;MASC;SG	ADJ
músculo	muscle	músculo	muscle	N;MASC;SG	
repetição	replay	repetição	replay	N;FEM;SG	
manto	mantle	manto	mantle	N;MASC;SG	
verbandsgemeinde	verbandsgemeinde	verbandsgemeinde	verbandsgemeinde	N;MASC;SG	ADJ
restaurado	khôi	restaurar	khôi	V;MASC;SG;V.PTCP	N
fígado	gan	fígado	gan	N;MASC;SG	
fígado	chay	fígado	chay	N;MASC;SG	V
procissão	rước	procissão	rước	N;FEM;SG	V
tração	traction	tração	traction	N;FEM;SG	
triple	ba	triple	ba	N;MASC;SG	NUM
triple	triple	triple	triple	N;MASC;SG	NUM
turn	quay	turn	quay	N;MASC;SG	V
turn	lượt	turn	lượt	N;MASC;SG	
turn	cua	turn	cua	N;MASC;SG	
stalin	stalin	stalin	stalin	N;MASC;SG	
genérico	generic	genérico	generic	ADJ;MASC;SG	V
válidas	lệ	válido	lệ	ADJ;FEM;PL	N
biólogo	biologist	biólogo	biologist	N;MASC;SG	
apocalipse	apocalypse	apocalipsr	apocalypse	N;MASC;SG	
liz	liz	liz	liz	N;FEM;SG	
fidelidade	fidelity	fidelidade	fidelity	N;FEM;SG	
preocupado	lo	preocupado	lo	ADJ;MASC;SG	V
colombiano	colombia	colombiano	colombia	ADJ;MASC;SG	N
suspeito	nghi	suspeito	nghi	N;MASC;SG	V
periódicos	periodicals	periódico	periodicals	N;MASC;PL	
periódicos	periodical	periódico	periodical	N;MASC;PL	
unida	united	unida	united	V;FEM;SG;V.PTCP	N
unida	hoa	unida	hoa	V;FEM;SG;V.PTCP	N
socialistas	socialists	socialista	socialists	N;MASC;PL	
self	self	self	self	N;MASC;SG	
self	tự	self	tự	N;MASC;SG	PROPN
ivo	boi	ivo	boi	N;MASC;SG	
ivo	bồi	ivo	bồi	N;MASC;SG	V
ivo	ivo	ivo	ivo	N;MASC;SG	
levante	levante	levante	levante	V;SBJV;SG;3;PRS;FIN	N
levante	lift	levante	lift	V;SBJV;SG;3;PRS;FIN	
levante	nhôm	levante	nhôm	V;SBJV;SG;3;PRS;FIN	N
levante	levant	levante	levant	V;SBJV;SG;3;PRS;FIN	N
boom	hụt	boom	hụt	N;MASC;SG	ADJ
boom	bùm	boom	bùm	N;MASC;SG	
primos	primes	primo	primes	N;MASC;PL	
pasta	dán	pasta	dán	N;FEM;SG	V
sapo	dau	sapo	dau	N;MASC;SG	
sapo	cóc	sapo	cóc	N;MASC;SG	V
sapo	nhái	sapo	nhái	N;MASC;SG	V
sapo	cóc	sapo	cóc	N;MASC;SG	V
sapo	frog	sapo	frog	N;MASC;SG	
escondido	phone	esconder	phone	V;MASC;SG;V.PTCP	N
escondido	ẩn	esconder	ẩn	V;MASC;SG;V.PTCP	N
herdou	thừa	herdar	thừa	V;IND;SG;3;PST;FIN	ADJ
rivera	rivera	riverar	rivera	N;MASC;SG	
portais	gates	portal	gates	N;MASC;PL	
rise	rise	rise	rise	N;MASC;SG	
doces	candy	doce	candy	N;MASC;PL	
doces	sweet	doce	sweet	N;MASC;PL	
doces	ngọt	doce	ngọt	N;MASC;PL	ADJ
pétalas	petals	pétala	petals	N;FEM;PL	
nepal	nepal	nepal	nepal	N;MASC;SG	V
spring	spring	spring	spring	N;MASC;SG	
distinta	reel	distintar	reel	ADJ;FEM;SG	N
alone	độc	alone	độc	N;MASC;SG	ADJ
cobrir	bìa	cobrir	bìa	V;NFIN	
cobrir	cover	cobrir	cover	V;NFIN	
cobrir	che	cobrir	che	V;NFIN	N
íris	iris	íris	iris	N;FEM;SG	
conquistaram	lĩnh	conquistar	lĩnh	V;IND;PL;3;FIN	N
quatorze	fourteen	quatorze	fourteen	NUM	
justificação	justification	justificação	justification	N;FEM;SG	
willy	willy	willy	willy	N;MASC;SG	
willy	willie	willy	willie	N;MASC;SG	
valério	valerius	valério	valerius	N;MASC;SG	
finalista	sr	finalista	sr	N;MASC;SG	
finalista	senior	finalista	senior	N;MASC;SG	ADJ
comentar	luận	comentar	luận	V;NFIN	N
comentar	comments	comentar	comments	V;NFIN	N
circle	tròn	circle	tròn	N;MASC;SG	ADJ
saldanha	saldanha	saldanha	saldanha	N;MASC;SG	
bauru	bauru	bauru	bauru	N;MASC;SG	
espadas	kiếm	espada	kiếm	N;FEM;PL	V
montgomery	montgomery	montgomery	montgomery	N;MASC;SG	
malcolm	malcolm	malcolm	malcolm	N;MASC;SG	
vega	vega	vega	vega	N;MASC;SG	
queima	cháy	queima	cháy	N;FEM;SG	V
queima	đốt	queima	đốt	N;FEM;SG	V
queima	cháy	queima	cháy	N;FEM;SG	V
queima	cháy	queima	cháy	N;FEM;SG	V
said	nói	said	nói	N;MASC;SG	V
said	bảo	said	bảo	N;MASC;SG	V
said	said	said	said	N;MASC;SG	
interrupção	ngắt	interrupção	ngắt	N;FEM;SG	V
banks	banks	bank	banks	N;MASC;SG	
crash	crash	crash	crash	N;MASC;SG	
renata	renata	renatar	renata	N;FEM;SG	
truth	thật	truth	thật	N;MASC;SG	PART
reinaldo	renaud	reinaldo	renaud	N;MASC;SG	
reinaldo	reinaldo	reinaldo	reinaldo	N;MASC;SG	V
prometeu	prometheus	prometer	prometheus	V;IND;SG;3;PST;FIN	N
versus	versus	versus	versus	INTJ	
versus	vs	versus	vs	INTJ	
incomum	uncommon	incomum	uncommon	ADJ;MASC;SG	N
gangue	manh	gangue	manh	N;FEM;SG	
armamento	armament	armamento	armament	N;MASC;SG	
armamento	armaments	armamento	armaments	N;MASC;SG	
bitola	gauge	bitola	gauge	N;FEM;SG	
extremos	extremes	extremo	extremes	N;MASC;PL	V
extremos	extreme	extremo	extreme	N;MASC;PL	
homossexual	gay	homossexual	gay	ADJ;MASC;SG	N
kenny	kenny	kenny	kenny	N;MASC;SG	
ariel	ariel	ariel	ariel	N;FEM;SG	
espirituais	linh	espiritual	linh	ADJ;MASC;PL	N
gêmeos	twin	gêmeo	twin	N;MASC;PL	
gêmeos	song	gêmeo	song	N;MASC;PL	CONJ
gêmeos	gemini	gêmeo	gemini	N;MASC;PL	V
gêmeos	twins	gêmeo	twins	N;MASC;PL	
homossexualidade	lgbt	homossexualidade	lgbt	N;FEM;SG	
pittsburgh	pittsburgh	pittsburgh	pittsburgh	N;MASC;SG	
bat	bat	bat	bat	N;MASC;SG	
ángel	angel	ángel	angel	N;MASC;SG	
ángel	angel	ángel	angel	N;MASC;SG	
agradável	pleasant	agradável	pleasant	ADJ;MASC;SG	
emérito	emeritus	emérito	emeritus	ADJ;MASC;SG	N
matilde	maud	matilde	maud	N;FEM;SG	
matilde	matilda	matilde	matilda	N;FEM;SG	
foot	foot	foot	foot	N;MASC;SG	
nicarágua	nicaragua	nicarágua	nicaragua	V;IND;SG;3;FUT;FIN	N
small	nhỏ	small	nhỏ	N;MASC;SG	ADJ
kriegsmarine	kriegsmarine	kriegsmarine	kriegsmarine	N;FEM;SG	
tiradentes	tiradentes	tiradente	tiradentes	N;MASC;PL	
picardia	picardie	picardia	picardie	N;FEM;SG	NUM
ocultar	ẩn	ocultar	ẩn	V;NFIN	N
ortografia	orthography	ortografia	orthography	N;FEM;SG	
richards	richards	richard	richards	N;MASC;PL	
extreme	extreme	extremer	extreme	N;MASC;SG	
isolada	isolated	isolar	isolated	V;FEM;SG;V.PTCP	
fungo	fungus	fungo	fungus	N;MASC;SG	
adeus	bye	adeus	bye	INTJ	
astro	astro	astro	astro	N;MASC;SG	
pia	cạn	pia	cạn	N;FEM;SG	V
maya	maya	maya	maya	N;FEM;SG	
veneno	poison	veneno	poison	N;MASC;SG	
vidal	vidal	vidal	vidal	N;MASC;SG	
dee	dee	dee	dee	N;MASC;SG	
ulmer	ulmer	ulmer	ulmer	N;MASC;SG	
curvas	bends	curva	bends	N;FEM;PL	
rush	rush	rush	rush	N;MASC;SG	
tel	tel	tel	tel	N;MASC;SG	
utc+	utc+	utc+	utc+	N;MASC;SG	
garotos	boys	garoto	boys	N;MASC;PL	
noturno	mộng	noturno	mộng	ADJ;MASC;SG	N
making	making	making	making	N;MASC;SG	
ganhos	gains	ganho	gains	N;MASC;PL	
split	tách	split	tách	N;MASC;SG	V
split	chia	split	chia	N;MASC;SG	V
coritiba	coritiba	coritiba	coritiba	N;MASC;SG	
burton	burton	burton	burton	N;MASC;SG	
pombal	pombal	pombal	pombal	N;MASC;SG	
concert	concert	concert	concert	N;MASC;SG	
aquáticos	aquatic	aquático	aquatic	N;MASC;PL	
inteiros	hẹt	inteiro	hẹt	N;MASC;PL	
inteiros	whole	inteiro	whole	N;MASC;PL	
adão	adam	adão	adam	N;MASC;SG	
eterna	mải	eterno	mải	N;FEM;SG	V
versa	versa	versa	versa	N;MASC;SG	
mann	mann	mann	mann	PROPN;MASC;SG	N
dramático	kịch	dramático	kịch	ADJ;MASC;SG	N
mouros	moors	mouro	moors	N;MASC;PL	
czar	czar	czar	czar	N;MASC;SG	
titãs	titans	titã	titans	N;MASC;PL	
portaria	concierge	portaria	concierge	N;FEM;SG	
isolado	isolated	isolar	isolated	V;MASC;SG;V.PTCP	
atraso	hoãn	atraso	hoãn	N;MASC;SG	V
atraso	hoãn	atraso	hoãn	N;MASC;SG	V
atraso	trễ	atraso	trễ	N;MASC;SG	ADJ
emoção	thrill	emoção	thrill	N;FEM;SG	
newman	newman	newman	newman	N;MASC;SG	
amantes	lovers	amante	lovers	N;MASC;PL	
reabilitação	rehab	reabilitação	rehab	N;FEM;SG	
manchas	stains	mancha	stains	N;FEM;PL	
ídolos	idols	ídolo	idols	N;MASC;PL	
everything	hết	everything	hết	N;MASC;SG	V
capas	covers	capa	covers	N;FEM;PL	
assassinos	assassins	assassino	assassins	N;MASC;PL	
denise	denise	denise	denise	N;FEM;SG	
escada	stairway	escada	stairway	N;FEM;SG	
crioulo	creole	crioulo	creole	N;MASC;SG	
borboleta	butterfly	borboleta	butterfly	N;FEM;SG	
secções	chambers	secção	chambers	N;FEM;PL	
secções	vẹn	secção	vẹn	N;FEM;PL	ADJ
nativas	native	nativa	native	N;FEM;PL	
cavernas	hang	caverna	hang	N;FEM;PL	
pano	rag	pano	rag	N;MASC;SG	
giorgio	giorgio	giorgio	giorgio	N;MASC;SG	
ricas	vương	rico	vương	ADJ;FEM;PL	N
ricas	rich	rico	rich	ADJ;FEM;PL	
relançado	reissued	relançar	reissued	V;MASC;SG;V.PTCP	
leitão	piglet	leitão	piglet	N;MASC;SG	
tubos	tuber	tubo	tuber	N;MASC;PL	
primitivo	primal	primitivo	primal	ADJ;MASC;SG	
gala	gala	gala	gala	N;FEM;SG	
montar	núi	montar	núi	V;NFIN	N
montar	australia	montar	australia	V;NFIN	N
montar	úc	montar	úc	V;NFIN	N
roxo	purple	roxo	purple	N;MASC;SG	
paraense	paraense	paraense	paraense	N;MASC;SG	
camões	camões	camão	camões	N;MASC;PL	V
teatros	rạp	teatro	rạp	N;MASC;PL	V
reeder	reeder	reeder	reeder	N;MASC;SG	ADJ
duques	dukes	duque	dukes	N;MASC;PL	
dedicados	viet	dedicar	viet	V;MASC;PL;V.PTCP	N
beck	beck	beck	beck	N;MASC;SG	
pantanal	pantanal	pantanal	pantanal	N;MASC;SG	
emitido	emitted	emitir	emitted	V;MASC;SG;V.PTCP	N
chumbo	dẫn	chumbo	dẫn	N;MASC;SG	V
germânica	germanic	germânico	germanic	N;FEM;SG	V
anita	anita	anitar	anita	N;FEM;SG	
despertar	awakening	despertar	awakening	V;NFIN	N
laurent	laurent	laurent	laurent	N;MASC;SG	
coca	coke	coca	coke	N;FEM;SG	
mitos	myth	mito	myth	N;MASC;PL	
sinopse	synopsis	sinopse	synopsis	N;FEM;SG	V
liberty	liberty	liberty	liberty	N;MASC;SG	
terrorista	khủng	terrorista	khủng	N;MASC;SG	ADJ
latinos	latin	latino	latin	N;MASC;PL	
latinos	latino	latino	latino	N;MASC;PL	
trans	trans	trans	trans	N;MASC;SG	
aldo	aldo	aldo	aldo	N;MASC;SG	
maré	tidal	maré	tidal	N;FEM;SG	
bois	bois	bois	bois	N;MASC;PL	
georgia	georgia	georgia	georgia	N;FEM;SG	
snow	snow	snow	snow	N;MASC;SG	
freedom	do	freedom	do	N;MASC;SG	CONJ
low	low	low	low	N;MASC;SG	
low	thấp	low	thấp	N;MASC;SG	ADJ
eco	eco	eco	eco	N;MASC;SG	
espalhados	loãng	espalhar	loãng	V;MASC;PL;V.PTCP	ADJ
regatas	regatas	regata	regatas	N;MASC;PL	
vândalos	vandals	vândalo	vandals	N;MASC;PL	
consciente	aware	consciente	aware	ADJ;MASC;SG	
consciente	conscious	consciente	conscious	ADJ;MASC;SG	N
vita	vita	vita	vita	N;MASC;SG	
dezessete	seventeen	dezessete	seventeen	V;IND;SG;3;IPFV;FIN	
toscana	tuscan	toscana	tuscan	N;FEM;SG	
aus	aus	aus	aus	N;MASC;SG	
justiniano	justinianos	justiniano	justinianos	N;MASC;SG	
brilhantes	brilliant	brilhante	brilliant	N;MASC;PL	
brilhantes	mẻ	brilhante	mẻ	N;MASC;PL	ADJ
dale	dale	dale	dale	N;MASC;SG	
valentim	valentines	valentim	valentines	N;MASC;SG	
valentim	valentine	valentim	valentine	N;MASC;SG	
kai	kai	kai	kai	N;MASC;SG	
roubo	cướp	roubo	cướp	N;MASC;SG	V
roubo	trộm	roubo	trộm	N;MASC;SG	ADJ
bradley	bradley	bradley	bradley	N;MASC;SG	
parcela	parcel	parcela	parcel	N;FEM;SG	
pneus	tires	pneu	tires	N;MASC;PL	
tres	tre	tres	tre	NUM	N
fantasmas	ghost	fantasma	ghost	N;MASC;PL	V
fantasmas	ghosts	fantasma	ghosts	N;MASC;PL	
nacionalismo	nationalism	nacionalismo	nationalism	N;MASC;SG	
secos	lau	seco	lau	N;MASC;PL	V
secos	khô	seco	khô	N;MASC;PL	V
maçonaria	freemasonry	maçonaria	freemasonry	N;FEM;SG	
maçonaria	freemasons	maçonaria	freemasons	N;FEM;SG	V
bosque	grove	bosque	grove	N;MASC;SG	
bosque	thô	bosque	thô	N;MASC;SG	ADJ
emilio	emilio	emilio	emilio	N;MASC;SG	NUM
birmingham	birmingham	birminghar	birmingham	N;MASC;SG	
veteranos	hanh	veterano	hanh	N;MASC;PL	
antecedentes	nền	antecedentes	nền	N;MASC;PL	
antecedentes	background	antecedentes	background	N;MASC;PL	
havana	havana	haver	havana	N;FEM;SG	
cortado	xắt	cortar	xắt	V;MASC;SG;V.PTCP	N
cortado	chặt	cortar	chặt	V;MASC;SG;V.PTCP	ADJ
pintado	sơn	pintar	sơn	V;MASC;SG;V.PTCP	N
maldição	nguyền	maldição	nguyền	N;FEM;SG	V
vaca	kua	vaca	kua	N;FEM;SG	
vara	rod	varar	rod	N;FEM;SG	
wanna	muốn	wanno	muốn	N;MASC;SG	V
sólida	đặc	sólido	đặc	ADJ;FEM;SG	N
dorothy	dorothy	dorothy	dorothy	N;FEM;SG	
labelo	labellum	labelo	labellum	N;MASC;SG	
novidade	new	novidade	new	N;FEM;SG	
novidade	mới	novidade	mới	N;FEM;SG	
novidade	novelty	novidade	novelty	N;FEM;SG	
piada	đùa	piada	đùa	N;FEM;SG	V
piada	đểu	piada	đểu	N;FEM;SG	PART
despedida	thải	despedida	thải	N;FEM;SG	V
despedida	đuổi	despedida	đuổi	N;FEM;SG	V
ortiz	ortiz	ortiz	ortiz	N;MASC;SG	
dançar	điệu	dançar	điệu	V;NFIN	N
dançar	múa	dançar	múa	V;NFIN	N
copiar	copy	copiar	copy	V;NFIN	N
peste	pest	peste	pest	N;FEM;SG	
mera	mera	mero	mera	ADJ;FEM;SG	
mera	meera	mero	meera	ADJ;FEM;SG	
mera	mere	mero	mere	ADJ;FEM;SG	
sobrevivente	survivor	sobrevivente	survivor	ADJ;MASC;SG	N
vertente	strand	vertente	strand	N;MASC;SG	V
coburgo	coburg	coburgo	coburg	N;MASC;SG	
misto	võ	misto	võ	V;MASC;SG;V.PTCP	N
barata	cheap	barato	cheap	N;FEM;SG	
barata	rẻ	barato	rẻ	N;FEM;SG	
barata	gián	barato	gián	N;FEM;SG	V
doug	doug	doug	doug	N;MASC;SG	
articulação	tham	articulação	tham	N;FEM;SG	V
pamplona	pamplona	pamplona	pamplona	N;MASC;SG	NUM
visualização	xem	visualização	xem	N;FEM;SG	V
falls	rơi	fall	rơi	N;MASC;SG	V
falls	sút	fall	sút	N;MASC;SG	V
barriga	bụng	barriga	bụng	N;FEM;SG	ADJ
barriga	bụng	barriga	bụng	N;FEM;SG	ADJ
haute	haute	haute	haute	N;FEM;SG	
marne	marne	marne	marne	N;MASC;SG	NUM
blumenau	blumenau	blumenar	blumenau	N;MASC;SG	
periélio	perihelion	periélio	perihelion	N;MASC;SG	
word	từ	word	từ	N;MASC;SG	ADP
gulbenkian	gulbenkian	gulbenkian	gulbenkian	N;FEM;SG	
acontecem	muỗng	acontecer	muỗng	V;IND;PL;3;PRS;FIN	N
salles	salles	salle	salles	N;MASC;SG	
burns	cháy	burm	cháy	N;MASC;SG	V
conhecia	tú	conhecer	tú	V;IND;SG;3;IPFV;FIN	N
superficial	cạn	superficial	cạn	ADJ;MASC;SG	V
realista	tế	realista	tế	ADJ;MASC;SG	N
condutor	conductor	condutor	conductor	N;MASC;SG	
homenageado	vinh	homenageado	vinh	V;MASC;SG;V.PTCP	N
logan	logan	logan	logan	N;MASC;SG	
alicia	alicia	aliciar	alicia	N;FEM;SG	
osasco	osasco	osasco	osasco	N;MASC;SG	
beber	nhậu	beber	nhậu	V;NFIN	N
cego	mù	cego	mù	ADJ;MASC;SG	N
empreendimento	enterprise	empreendimento	enterprise	N;MASC;SG	
blu	blu	blu	blu	N;MASC;SG	
bossa	bossa	bossa	bossa	N;FEM;SG	
engano	deception	engano	deception	N;MASC;SG	V
prefácio	preface	prefácio	preface	N;MASC;SG	
kosovo	kosovo	kosovo	kosovo	N;MASC;SG	
marion	marion	marion	marion	N;MASC;SG	
wide	rộng	wide	rộng	N;MASC;SG	ADJ
wide	vid	wide	vid	N;MASC;SG	
fórmulas	formulae	fórmula	formulae	N;FEM;PL	
condenados	doomed	condenar	doomed	V;MASC;PL;V.PTCP	
wrestlemania	wrestlemania	wrestlemania	wrestlemania	N;FEM;SG	
escolhe	chồn	escolher	chồn	V;IND;SG;3;PRS;FIN	N
cox	cox	cox	cox	N;MASC;SG	
araguaia	araguaia	araguar	araguaia	N;MASC;SG	
belle	belle	belle	belle	N;MASC;SG	
toulouse	toulouse	toulouse	toulouse	N;MASC;SG	NUM
conrad	conrad	conrad	conrad	N;MASC;SG	
subordem	suborder	suborder	suborder	N;FEM;SG	
mystery	mystery	mystery	mystery	N;MASC;SG	
viçosa	viçosa	viçoso	viçosa	N;FEM;SG	
klein	klein	klein	klein	N;MASC;SG	
soja	soy	soja	soy	N;FEM;SG	
beethoven	beethoven	beethoven	beethoven	N;MASC;SG	V
loureiro	loureiro	loureiro	loureiro	N;MASC;SG	V
falsos	sai	falso	sai	N;MASC;PL	ADJ
falsos	giả	falso	giả	N;MASC;PL	
falsos	giả	falso	giả	N;MASC;PL	
monarcas	symposiachrus	monarca	symposiachrus	N;MASC;PL	V
falhou	mài	falhar	mài	V;IND;SG;3;PST;FIN	N
correa	correa	correr	correa	N;MASC;SG	
lendo	truyện	ler	truyện	V;V.MSDR	N
tietê	tietê	tietê	tietê	N;MASC;SG	
