ramírez	ramírez	ramírez	ramírez		N;NOM;FEM;SG
kanagawa	kanagawa	kanagawa	kanaga		N;NOM;FEM;SG
gigas	gigas	gigas	gigas	N	PROPN;ANIM;NOM;MASC;SG
dae	dae	dae	dae	N	PROPN;ANIM;NOM;MASC;SG
erwin	erwin	erwin	erwin	N	PROPN;ANIM;NOM;MASC;SG
belfast	belfast	belfast	belfast	N	PROPN;ANIM;NOM;MASC;SG
linn	linn	linn	linn	N	PROPN;ANIM;NOM;MASC;SG
joy	radost	joy	radost	N	INTJ
sint	sint	sint	sint	N	PROPN;ANIM;NOM;MASC;SG
hare	zajac	hare	zajac		N;ANIM;NOM;MASC;SG
hare	zajaca	hare	zajaca		N;ANIM;ACC;MASC;SG
hare	hare	hare	hare		PROPN;ANIM;NOM;MASC;SG
jasper	jasper	jasper	jasper	N	PROPN;ANIM;NOM;MASC;SG
nba	nba	nba	nba	N	
plata	plata	plata	plat	N	PROPN;ANIM;NOM;MASC;SG
sum	súčet	sum	súčet		N;INAN;NOM;MASC;SG
sum	suma	sum	suma		N;NOM;FEM;SG
swiss	švajčiarske	swiss	švajčiarsky	N	ADJ;NOM;NEUT;SG
swiss	švajčiarsky	swiss	švajčiarsky	N	ADJ;ANIM;NOM;MASC;SG
himmler	himmler	himmler	himmler		N;ANIM;NOM;MASC;SG
ahn	ivanov	ahn	ivan	N	PROPN;ANIM;NOM;MASC;SG
ahn	ahn	ahn	ahn	N	PROPN;ANIM;NOM;MASC;SG
valenciennes	valenciennes	valenciennes	valenciennes	N	ADV
muang	muang	muang	muang	N	INTJ
khoe	ukáže	khoe	ukázať	N	V;PFV;IND;SG;3;POS;PRS;FIN
khoe	ukazuje	khoe	ukazovať	N	V;IPFV;IND;SG;3;POS;PRS;FIN
khoe	zobrazí	khoe	zobraziť	N	V;PFV;IND;SG;3;POS;PRS;FIN
khoe	zobrazuje	khoe	zobrazovať	N	V;IPFV;IND;SG;3;POS;PRS;FIN
düsseldorf	düsseldorf	düsseldorf	düsseldorf	NUM	PROPN;INAN;NOM;MASC;SG
lives	žije	lives	žiť		V;IPFV;IND;SG;3;POS;PRS;FIN
lives	životy	lives	život		N;INAN;NOM;MASC;PL
lives	životov	lives	život		N;INAN;GEN;MASC;PL
tyson	tyson	tyson	tyson	N	PROPN;ANIM;NOM;MASC;SG
johor	johor	johor	johor	N	PROPN;ANIM;NOM;MASC;SG
agm	agm	agm	agm		N;INAN;NOM;MASC;SG
dượng	vernon	dượng	vernon	N	PROPN;ANIM;NOM;MASC;SG
cecil	cecil	cecil	ceciť		PROPN;ANIM;NOM;MASC;SG
larvae	larvy	larvae	larva	ADJ	N;INAN;NOM;MASC;PL
besançon	besançon	besançon	besançon		PROPN;ANIM;NOM;MASC;SG
rzhev	ržev	rzhev	ržev	N	PROPN;ANIM;NOM;MASC;SG
takeda	takeda	takeda	takeda		PROPN;ANIM;NOM;MASC;SG
sigma	sigma	sigma	sigma	N	
adventures	dobrodružstvá	adventures	dobrodružstvo		N;NOM;NEUT;PL
ryū	rjú	ryū	rjý		PROPN;NOM;MASC;SG
kagoshima	kagoshima	kagoshima	kagoshim		N;INAN;NOM;MASC;SG
tallinn	tallinne	tallinn	tallinne	N	ADV
vito	vito	vito	vito		PROPN;ANIM;NOM;MASC;SG
varese	varese	varese	variesť	NUM	N;INAN;NOM;MASC;SG
sparrow	sparrow	sparrow	sparrow	N	PROPN;ANIM;NOM;MASC;SG
origins	pôvod	origins	pôvod		N;INAN;NOM;MASC;SG
banh	ball	banh	ball	N	
heli	hélium	heli	hélium		N;NOM;NEUT;SG
orléans	orléans	orléans	orléans		PROPN;ANIM;NOM;MASC;SG
lutea	lutea	lutea	lutea		N;NOM;FEM;SG
ponte	ponte	ponte	pont	N	PROPN;ANIM;NOM;MASC;SG
agamidae	agamovité	agamidae	agamovitý		ADJ;NOM;NEUT;SG
kmh	kmh	kmh	kmh		PROPN;ANIM;NOM;MASC;SG
lamarck	lamarck	lamarck	lamarck		N;ANIM;NOM;MASC;SG
btr	btr	btr	btr		PROPN;ANIM;NOM;MASC;SG
leslie	leslie	leslie	leslieť		PROPN;ANIM;NOM;MASC;SG
mụn	akné	mụn	akný	N	ADJ;NOM;NEUT;PL
kirby	kirby	kirby	kirba		PROPN;ANIM;NOM;MASC;SG
romero	romero	romero	romero	N	PROPN;ANIM;NOM;MASC;SG
pittsburgh	pittsburghu	pittsburgh	pittsburgha		N;INAN;GEN;MASC;SG
weimar	weimar	weimar	weimar	N	PROPN;ANIM;NOM;MASC;SG
synonym	synonymum	synonym	synonsmum		N;INAN;NOM;MASC;SG
yoshida	yoshida	yoshida	yoshida		N;ANIM;NOM;MASC;SG
vaughan	vaughan	vaughan	vaughan		PROPN;ANIM;NOM;MASC;SG
gauss	gaussovej	gauss	gaussový	N	ADJ;GEN;FEM;SG
seth	seth	seth	seth		PROPN;ANIM;NOM;MASC;SG
regia	regia	regia	regia		N;INAN;NOM;MASC;SG
pao	pao	pao	pao	N	
mega	mega	mega	mega		INTJ
tơi	opravuje	tơi	opravovať	N	V;IPFV;IND;SG;3;POS;PRS;FIN
nigricans	nigricans	nigricans	nigricans		N;NOM;FEM;SG
claire	claire	claire	claire		PROPN;NOM;FEM;SG
meridionalis	meridionalis	meridionalis	meridionalis	ADJ	V;ANIM;IPFV;MASC;PL;POS;PST;V.PTCP
hessen	hesensko	hessen	hesensko	N	ADV
makoto	makoto	makoto	makoto		N;INAN;NOM;MASC;SG
dubia	dubia	dubia	dubieť		N;NOM;FEM;SG
jesse	jesse	jesse	jesso	N	PROPN;ANIM;NOM;MASC;SG
walsh	walsh	walsh	walsh	N	PROPN;ANIM;NOM;MASC;SG
hey	hej	hey	hej		INTJ
adrian	adrian	adrian	adrian	N	PROPN;ANIM;NOM;MASC;SG
prescott	prescott	prescott	prescott	N	PROPN;ANIM;NOM;MASC;SG
ark	arche	ark	arche		N;NOM;NEUT;SG
ark	archy	ark	archy		N;NOM;FEM;PL
marsh	marsh	marsh	marsh	N	PROPN;ANIM;NOM;MASC;SG
suwon	suwon	suwon	suwon	N	PROPN;ANIM;NOM;MASC;SG
gómez	gomez	gómez	gomez	V	PROPN;NOM;FEM;SG
leach	leach	leach	leach		N;ANIM;NOM;MASC;SG
višnjan	višnjan	višnjan	višnjan		N;NOM;MASC;SG
české	české	české	český	NUM	ADJ;NOM;NEUT;SG
olga	olga	olga	olga		PROPN;NOM;FEM;SG
carnegie	carnegie	carnegie	carnegia		N;NOM;FEM;SG
kwon	kwon	kwon	kwon	N	PROPN;ANIM;NOM;MASC;SG
brit	britt	brit	britt	N	PROPN;ANIM;NOM;MASC;SG
brit	brit	brit	brit	N	PROPN;ANIM;NOM;MASC;SG
rod	rod	rod	rod		N;ANIM;NOM;MASC;SG
hermione	hermiona	hermione	hermion		N;NOM;FEM;SG
zeno	zeno	zeno	zeno	N	PROPN;ANIM;NOM;MASC;SG
amazing	úžasne	amazing	úžasne	N	ADV
amazing	úžasné	amazing	úžasný	N	ADJ;NOM;NEUT;SG
amazing	úžasný	amazing	úžasný	N	ADJ;ANIM;NOM;MASC;SG
nhờn	olejovitá	nhờn	olejovitý	N	ADJ;NOM;FEM;SG
nhờn	mastné	nhờn	mastný	N	ADJ;NOM;NEUT;SG
earl	earl	earl	earl		PROPN;ANIM;NOM;MASC;SG
amber	amber	amber	amber		PROPN;NOM;FEM;SG
amber	oranžová	amber	oranžový		ADJ;NOM;FEM;SG
nhk	nhk	nhk	nhk	N	
neon	neón	neon	neón	N	
hoon	hoon	hoon	hoon	N	PROPN;ANIM;NOM;MASC;SG
kenny	kenny	kenny	kenny		PROPN;ANIM;NOM;MASC;SG
pallidus	pallidus	pallidus	pallidus		N;INAN;NOM;MASC;SG
hanoi	hanoji	hanoi	hanoj		N;NOM;FEM;SG
richter	richter	richter	richter	N	PROPN;ANIM;NOM;MASC;SG
kurd	kurdskej	kurd	kurdský	N	ADJ;GEN;FEM;SG
mercer	mercer	mercer	mercer	N	PROPN;ANIM;NOM;MASC;SG
invincible	neporaziteľný	invincible	neporaziteľný		ADJ;ANIM;NOM;MASC;SG
sidi	sidi	sidi	sidia	N	PROPN;ANIM;NOM;MASC;SG
mainz	mainz	mainz	mainz	N	PROPN;INAN;NOM;MASC;SG
tracy	tracy	tracy	triac		PROPN;NOM;FEM;SG
imf	mmf	imf	mmf	N	
blanchard	blanchard	blanchard	blanchard		N;ANIM;NOM;MASC;SG
uesac	uesac	uesac	uesac		PROPN;ANIM;NOM;MASC;SG
xml	xml	xml	xml		N;INAN;NOM;MASC;SG
shogun	šogúna	shogun	šogún		N;NOM;FEM;SG
stella	stella	stella	stell		PROPN;NOM;FEM;SG
stoke	stoke	stoke	stok	N	PROPN;ANIM;NOM;MASC;SG
car	auto	car	auto		N;NOM;NEUT;SG
car	auta	car	auto		N;NOM;NEUT;PL
car	car	car	car		PROPN;ANIM;NOM;MASC;SG
car	autom	car	auto		N;INS;NEUT;SG
eduardo	eduardo	eduardo	eduardo	N	PROPN;ANIM;NOM;MASC;SG
quăng	hod	quăng	hod	V	
yen	yen	yen	yen	N	PROPN;ANIM;NOM;MASC;SG
sedis	sedis	sedis	sedis	N	INTJ
seal	seal	seal	seať	N	PROPN;ANIM;NOM;MASC;SG
elliot	elliot	elliot	elliot		PROPN;ANIM;NOM;MASC;SG
pasteur	pasteur	pasteur	pasteur		N;ANIM;NOM;MASC;SG
bloch	bloch	bloch	byť	N	PROPN;ANIM;NOM;MASC;SG
yoga	joga	yoga	joga	V	N;NOM;FEM;SG
gundam	gundam	gundam	gundam	N	
mat	mat	mat	mat	N	
nuevo	nuevo	nuevo	nuevo	N	PROPN;ANIM;NOM;MASC;SG
gsub	gsub	gsub	gsub		PROPN;ANIM;NOM;MASC;SG
asp	asp	asp	asp		N;NOM;MASC;SG
yuki	yuki	yuki	yuk		
eve	predvečer	eve	predvečer		N;INAN;NOM;MASC;SG
eve	eve	eve	eva		PROPN;NOM;FEM;SG
hacker	hacker	hacker	hacker		N;ANIM;NOM;MASC;SG
sendai	sendai	sendai	sendai		PROPN;ANIM;NOM;MASC;SG
christophe	christophe	christophe	christop		PROPN;ANIM;NOM;MASC;SG
ming	ming	ming	ming	N	PROPN;ANIM;NOM;MASC;SG
engels	engels	engels	engels	N	PROPN;ANIM;NOM;MASC;SG
znojmo	znojmo	znojmo	znojmo	NUM	PROPN;INAN;NOM;MASC;SG
xúi	jinx	xúi	jinx	V	PROPN;ANIM;NOM;MASC;SG
lynn	lynn	lynn	lynn	N	PROPN;NOM;MASC;SG
olomouc	olomouc	olomouc	olomouc		PROPN;NOM;MASC;SG
durham	durham	durham	durha	N	PROPN;ANIM;NOM;MASC;SG
chong	chong	chong	chong	N	PROPN;ANIM;NOM;MASC;SG
hót	spieva	hót	spievať	N	V;IPFV;IND;SG;3;POS;PRS;FIN
thor	thor	thor	thor	N	PROPN;ANIM;NOM;MASC;SG
padova	padova	padova	padova	N	PROPN;ANIM;NOM;MASC;SG
ruby	ruby	ruby	ruba		N;ANIM;NOM;MASC;SG
dwight	dwight	dwight	dwight	N	PROPN;ANIM;NOM;MASC;SG
selena	salina	selena	salina		N;NOM;FEM;SG
selena	selena	selena	selena		N;NOM;FEM;SG
fulton	fulton	fulton	fulton		PROPN;ANIM;NOM;MASC;SG
xavier	xavier	xavier	xavier		PROPN;ANIM;NOM;MASC;SG
candy	sladkosť	candy	sladkosť		N;NOM;FEM;SG
candy	sladkosti	candy	sladkosť		N;NOM;FEM;PL
candy	cukrík	candy	cukrík		N;INAN;NOM;MASC;SG
candy	candy	candy	candy		N;VOC;FEM;SG
candy	cukríky	candy	cukrík		N;INAN;NOM;MASC;PL
sheridan	sheridan	sheridan	sheridan		PROPN;ANIM;NOM;MASC;SG
griffin	griffin	griffin	griffin		PROPN;ANIM;NOM;MASC;SG
fao	fao	fao	fao	N	
menzies	menzies	menzies	menzies		N;NOM;MASC;SG
konstantin	konstantin	konstantin	konstantin		N;ANIM;NOM;MASC;SG
boa	boa	boa	boa		PROPN;ANIM;NOM;MASC;SG
cube	kocka	cube	kocka		N;NOM;FEM;SG
r}}	r}}	r}}	r}}		PROPN;ANIM;NOM;MASC;SG
emil	emil	emil	emiť	N	PROPN;ANIM;NOM;MASC;SG
rahman	rahman	rahman	rahman	V	PROPN;ANIM;NOM;MASC;SG
glen	glen	glen	glen		PROPN;ANIM;NOM;MASC;SG
resort	uchýliť	resort	uchýliť	N	V;PFV;POS;NFIN
benz	benz	benz	bena		PROPN;ANIM;NOM;MASC;SG
hampton	hampton	hampton	hampton		N;ANIM;NOM;MASC;SG
chandler	chandler	chandler	chandler		N;ANIM;NOM;MASC;SG
williamson	williamson	williamson	williamson		N;ANIM;NOM;MASC;SG
göring	göring	göring	göring		PROPN;ANIM;NOM;MASC;SG
samar	samar	samar	samar	N	PROPN;NOM;FEM;SG
quinn	quinn	quinn	quinn		PROPN;ANIM;NOM;MASC;SG
castel	castel	castel	castieť	N	PROPN;INAN;NOM;MASC;SG
sumer	sumerských	sumer	sumerský	N	ADJ;GEN;MASC;PL
irene	irene	irene	irene		N;NOM;FEM;SG
cartoon	kreslené	cartoon	kreslený		ADJ;NOM;NEUT;PL;POS;V.PTCP;PASS
gớm	zápal	gớm	zápal	PART	N;INAN;NOM;MASC;SG
zeller	zeller	zeller	zeller		PROPN;ANIM;NOM;MASC;SG
oberösterreich	oberösterreich	oberösterreich	obermsterre		N;ANIM;NOM;MASC;PL
kahn	kahn	kahn	kahn	N	PROPN;ANIM;NOM;MASC;SG
toro	toro	toro	toro	N	PROPN;ANIM;NOM;MASC;SG
gaon	gaon	gaon	gaon	NUM	PROPN;INAN;NOM;MASC;SG
sủa	kôra	sủa	kôra	ADJ	N;NOM;FEM;SG
sủa	kôry	sủa	kôra	ADJ	N;NOM;FEM;PL
sủa	šteká	sủa	šteký	ADJ	V;IPFV;IND;SG;3;POS;PRS;FIN
carr	carr	carr	carr		PROPN;ANIM;NOM;MASC;SG
betty	betty	betty	bett		PROPN;NOM;FEM;SG
wilkinson	wilkinson	wilkinson	wilkinson		N;ANIM;NOM;MASC;SG
cholesterol	cholesterolu	cholesterol	cholesterol	V	N;INAN;GEN;MASC;SG
cholesterol	cholesterol	cholesterol	cholesternúť	V	N;INAN;NOM;MASC;SG
constantinople	konštantinopolu	constantinople	konštantinopol		N;INAN;ACC;MASC;SG
ancona	ancona	ancona	ancona	N	PROPN;INAN;NOM;MASC;SG
bath	kúpeľ	bath	kúpeľ		N;INAN;NOM;MASC;SG
bath	vaňa	bath	vaňa		N;NOM;FEM;SG
blanc	blanc	blanc	blanc	N	PROPN;ANIM;NOM;MASC;SG
gien	gene	gien	gena	N	PROPN;ANIM;NOM;MASC;SG
uae	sae	uae	sae	N	
scharnhorst	scharnhorst	scharnhorst	scharnhorst	N	ADV
bains	bains	bains	bains	N	PROPN;ANIM;NOM;MASC;SG
luzula	luzula	luzula	luzuť	N	V;IPFV;FEM;SG;POS;PST;V.PTCP
udine	udine	udine	udina	NUM	INTJ
kan	kan	kan	kan	N	
gập	skladanie	gập	skladanie	V	N;NOM;NEUT;SG
lens	šošovky	lens	šošovka		N;NOM;FEM;PL
lens	únik	lens	únik		N;INAN;NOM;MASC;SG
hahn	hahn	hahn	hahn	N	PROPN;ANIM;NOM;MASC;SG
yamada	yamada	yamada	yamada		PROPN;NOM;FEM;SG
dot	dot	dot	dot	N	
andersson	andersson	andersson	andersson	N	PROPN;ANIM;NOM;MASC;SG
boom	bang	boom	bang	N	PROPN;ANIM;NOM;MASC;SG
boom	bum	boom	bum	N	INTJ
luigi	luigi	luigi	luiga		PROPN;ANIM;NOM;MASC;SG
boone	boone	boone	bon		PROPN;ANIM;NOM;MASC;SG
reo	pochybnosť	reo	pochybnosť	V	N;NOM;FEM;SG
reo	pochybnosti	reo	pochybnosť	V	N;NOM;FEM;PL
reo	zvonenie	reo	zvonenie	V	N;NOM;NEUT;SG
garrison	garrison	garrison	garrison		PROPN;ANIM;NOM;MASC;SG
brunnea	brunnea	brunnea	brunnea		N;NOM;FEM;SG
sidney	sidney	sidney	sidney		PROPN;ANIM;NOM;MASC;SG
repens	repens	repens	repens	V	N;NOM;FEM;SG
lindsey	lindsey	lindsey	lindsey		PROPN;NOM;FEM;SG
hyundai	hyundai	hyundai	hyundai		N;INAN;NOM;MASC;SG
direct	priame	direct	priamy		ADJ;NOM;NEUT;SG
direct	priama	direct	priama		N;NOM;FEM;SG
direct	priamo	direct	priamo		ADV
direct	priamy	direct	priamy		ADJ;INAN;NOM;MASC;SG
direct	direct	direct	direct		
primula	prvosienka	primula	prvosienka		N;NOM;FEM;SG
craven	craven	craven	craven		PROPN;ANIM;NOM;MASC;SG
kato	kata	kato	kata	N	PROPN;ANIM;NOM;MASC;SG
nomura	nomura	nomura	nomura	V	PROPN;ANIM;NOM;MASC;SG
diane	diane	diane	diaň		PROPN;NOM;FEM;SG
rivière	rivière	rivière	rivicre		N;NOM;FEM;SG
borealis	borealis	borealis	borealis		N;ANIM;NOM;MASC;SG
anders	anders	anders	anders	N	PROPN;ANIM;NOM;MASC;SG
sugar	cukor	sugar	cukor		N;INAN;NOM;MASC;SG
sugar	cukru	sugar	cukor		N;INAN;GEN;MASC;SG
sugar	cukrová	sugar	cukrový		ADJ;NOM;FEM;SG
sugar	sugar	sugar	sugar		PROPN;NOM;FEM;SG
doc	doc	doc	doc		
budějovice	budějovice	budějovice	budějovica	NUM	N;NOM;FEM;PL
khalip	kalif	khalip	kalif	N	PROPN;ANIM;NOM;MASC;SG
cremona	cremona	cremona	cremon	N	PROPN;ANIM;NOM;MASC;SG
handel	handel	handel	handieť	N	PROPN;ANIM;NOM;MASC;SG
turing	turing	turing	turing		N;ANIM;NOM;MASC;SG
talbot	talbot	talbot	talbot		PROPN;ANIM;NOM;MASC;SG
piston	piestové	piston	piestový	N	ADJ;NOM;NEUT;SG
admiralty	admirality	admiralty	admiralita		N;NOM;FEM;PL
crambus	crambus	crambus	crambus	V	N;INAN;NOM;MASC;SG
kyle	kyle	kyle	kyla		PROPN;ANIM;NOM;MASC;SG
emerton	emerton	emerton	emerton	V	N;INAN;NOM;MASC;SG
dale	dale	dale	dale		PROPN;ANIM;NOM;MASC;SG
gloria	gloria	gloria	gloriť		PROPN;NOM;FEM;SG
lange	lange	lange	langa	N	PROPN;ANIM;NOM;MASC;SG
shannon	shannon	shannon	shannon		PROPN;NOM;FEM;SG
villiers	villiers	villiers	villiers		PROPN;ANIM;NOM;MASC;SG
gotha	gotha	gotha	gotha		PROPN;ANIM;NOM;MASC;SG
wanda	wanda	wanda	wanda	N	PROPN;NOM;FEM;SG
wilcox	wilcox	wilcox	wilcox		N;ANIM;NOM;MASC;SG
martino	martino	martino	martino		N;ANIM;NOM;MASC;SG
friedman	friedman	friedman	friedman		N;ANIM;NOM;MASC;SG
canescens	canescens	canescens	canescens	ADJ	N;ANIM;NOM;MASC;SG
vanessa	vanessa	vanessa	vanessa		PROPN;NOM;FEM;SG
haas	haas	haas	haas	N	PROPN;ANIM;NOM;MASC;SG
schwartz	schwartz	schwartz	schwartz		PROPN;ANIM;NOM;MASC;SG
hohenzollern	hohenzollernsko	hohenzollern	hohenzollernsko	V	ADV
howell	howell	howell	hohell		PROPN;ANIM;NOM;MASC;SG
velvet	velvet	velvet	velvet		N;INAN;NOM;MASC;SG
mia	mia	mia	mia		PROPN;NOM;FEM;SG
mia	mii	mia	ja		PROPN;NOM;FEM;SG
mia	miu	mia	mia		PROPN;NOM;FEM;SG
alfonso	alfonso	alfonso	alfonso	N	PROPN;ANIM;NOM;MASC;SG
lara	lara	lara	lara		PROPN;NOM;FEM;SG
bromley	bromley	bromley	bromley		N;NOM;FEM;PL
training	školenia	training	školenie	DET	N;NOM;NEUT;PL
training	výcvik	training	výcvik	DET	N;INAN;NOM;MASC;SG
training	tréning	training	tréning	DET	N;INAN;NOM;MASC;SG
training	školenie	training	školenie	DET	N;NOM;NEUT;SG
musa	musa	musa	mus	N	PROPN;ANIM;NOM;MASC;SG
akb	akb	akb	akb		PROPN;ANIM;NOM;MASC;SG
gilles	gilles	gilles	gilles		PROPN;ANIM;NOM;MASC;SG
shepard	shepard	shepard	shepard		N;ANIM;NOM;MASC;SG
lil	lil	lil	lil		PROPN;ANIM;NOM;MASC;SG
dmitry	dmitry	dmitry	dmiter	N	PROPN;ANIM;NOM;MASC;SG
boisduval	boisduval	boisduval	boisduvať		V;ANIM;IPFV;MASC;SG;POS;PST;V.PTCP
apiaceae	apiaceae	apiaceae	apiaceae	N	ADJ;ANIM;NOM;MASC;SG;POS;V.PTCP;ACT
cowan	cowan	cowan	cowan	N	PROPN;ANIM;NOM;MASC;SG
randolph	randolph	randolph	randol		PROPN;ANIM;NOM;MASC;SG
oakland	oakland	oakland	oakland	N	PROPN;INAN;NOM;MASC;SG
toscana	toskánsku	toscana	toskánsky	N	ADV
sheikh	sheikh	sheikh	sheika	N	PROPN;ANIM;NOM;MASC;SG
benedict	benedict	benedict	benedict	N	PROPN;ANIM;NOM;MASC;SG
irving	irving	irving	irving		PROPN;ANIM;NOM;MASC;SG
trau	unavený	trau	unavený	V	ADJ;ANIM;NOM;MASC;SG;POS;V.PTCP;PASS
trau	unavená	trau	unavený	V	ADJ;NOM;FEM;SG;POS
trau	unavené	trau	unavený	V	ADJ;NOM;NEUT;SG;POS;V.PTCP;PASS
trau	unavení	trau	unavený	V	ADJ;ANIM;NOM;MASC;PL
bison	bison	bison	bison		N;ANIM;NOM;MASC;SG
lat	lat	lat	lat	N	
lat	lenivý	lat	lenivý	N	ADJ;ANIM;NOM;MASC;SG
coruña	coruña	coruña	coruka		N;NOM;FEM;SG
wigan	wigan	wigan	wigan	N	PROPN;ANIM;NOM;MASC;SG
crane	crane	crane	crana		N;ANIM;NOM;MASC;SG
ôtô	cars	ôtô	cars	N	PROPN;ANIM;NOM;MASC;SG
clement	clement	clement	clement	N	PROPN;ANIM;NOM;MASC;SG
duméril	duméril	duméril	dumériť		V;ANIM;IPFV;MASC;SG;POS;PST;V.PTCP
beaver	bobor	beaver	bobor		N;ANIM;NOM;MASC;SG
chopin	chopin	chopin	chopin	V	N;ANIM;NOM;MASC;SG
canterbury	canterbury	canterbury	canterbur		N;ANIM;NOM;MASC;SG
gerhard	gerhard	gerhard	gerhard		N;ANIM;NOM;MASC;SG
ariel	ariel	ariel	ariel		PROPN;ANIM;NOM;MASC;SG
indie	indie	indie	india		N;NOM;MASC;SG
konrad	konrad	konrad	konrad		PROPN;ANIM;NOM;MASC;SG
castillo	castillo	castillo	castillo		
kung	kung	kung	kung	N	PROPN;ANIM;NOM;MASC;SG
martha	marta	martha	marta		N;NOM;FEM;SG
martha	martha	martha	martha		N;NOM;FEM;SG
bloom	bloom	bloom	blo		PROPN;ANIM;NOM;MASC;SG
marius	marius	marius	marius		N;ANIM;NOM;MASC;SG
espírito	espírito	espírito	espírito		N;NOM;NEUT;SG
helmut	helmut	helmut	helmut	N	PROPN;ANIM;NOM;MASC;SG
avril	avril	avril	avriť	N	PROPN;NOM;FEM;SG
khuya	neskorý	khuya	neskorý	N	ADJ;INAN;NOM;MASC;SG
khuya	neskoro	khuya	neskoro	N	ADV
khuya	oneskorené	khuya	oneskorený	N	ADJ;NOM;NEUT;SG;POS;V.PTCP;PASS
khuya	neskoré	khuya	neskorý	N	ADJ;NOM;NEUT;SG
liststyle	liststyle	liststyle	liststyl		N;INAN;NOM;MASC;PL
kimi	kimi	kimi	kim	N	PROPN;ANIM;NOM;MASC;SG
beaufort	beaufort	beaufort	beaufort	N	PROPN;ANIM;NOM;MASC;SG
maui	maui	maui	maui	N	PROPN;ANIM;NOM;MASC;SG
tone	tón	tone	tón		N;INAN;NOM;MASC;SG
tone	odtieň	tone	odtieň		N;INAN;NOM;MASC;SG
rue	rue	rue	rue	N	PROPN;INAN;NOM;MASC;SG
stan	stan	stan	stan		N;INAN;NOM;MASC;SG
stan	stana	stan	stať		N;ANIM;ACC;MASC;SG
rebel	rebel	rebel	rebieť		N;INAN;NOM;MASC;SG
loi	loi	loi	loi		
regina	regina	regina	regina		
cherry	cherry	cherry	cherry		N;NOM;FEM;PL
cherry	čerešne	cherry	čerešne		ADJ;NOM;NEUT;SG
scout	scout	scout	scout		N;INAN;NOM;MASC;SG
coburg	coburg	coburg	coburga		N;ANIM;NOM;MASC;SG
lozère	lozère	lozère	lozkr	N	PROPN;NOM;FEM;SG
interscope	interscope	interscope	interscop	V	N;INAN;NOM;MASC;SG
gaston	gaston	gaston	gaston		PROPN;ANIM;NOM;MASC;SG
clannad	clannad	clannad	clannad		PROPN;NOM;FEM;SG
citation	citácia	citation	citácia		N;NOM;FEM;SG
sakai	sakai	sakai	sakai		PROPN;ANIM;NOM;MASC;SG
chuck	chuck	chuck	chuck		PROPN;ANIM;NOM;MASC;SG
chuck	chucka	chuck	chucko		N;ANIM;ACC;MASC;SG
dora	dora	dora	dora	N	PROPN;ANIM;VOC;MASC;SG
aerospace	letecký	aerospace	letecký	N	ADJ;ANIM;NOM;MASC;SG
benn	benn	benn	benn		PROPN;ANIM;NOM;MASC;SG
donau	dunajská	donau	dunajský	N	ADJ;NOM;FEM;SG
donau	dunajskej	donau	dunajský	N	ADJ;GEN;FEM;SG
donau	donau	donau	dona	N	PROPN;INAN;NOM;MASC;SG
punctatus	punctatus	punctatus	punctatus		N;NOM;FEM;SG
romagna	romagna	romagna	romagno		N;NOM;FEM;SG
bergen	bergen	bergen	bergen	N	PROPN;ANIM;NOM;MASC;SG
hora	hora	hora	hora	NUM	N;NOM;FEM;SG
scottish	škótska	scottish	škótsky	NUM	N;NOM;FEM;SG
turkish	turecká	turkish	turecký		ADJ;NOM;FEM;SG
turkish	turecké	turkish	turecký		ADJ;NOM;NEUT;SG
turkish	turecký	turkish	turecký		ADJ;ANIM;NOM;MASC;SG
turkish	tureckých	turkish	turecký		ADJ;GEN;MASC;PL
trinity	trinity	trinity	trinita	NUM	N;INAN;NOM;MASC;SG
possible	čítaná	possible	čítaný	V	ADJ;NOM;FEM;SG;POS;V.PTCP;PASS
shop	shop	shop	shop	N	INTJ
shop	nakupovať	shop	nakupovať	N	V;IPFV;POS;NFIN
roche	roche	roche	rocha		PROPN;ANIM;NOM;MASC;SG
lamiaceae	lamiaceae	lamiaceae	lamiaceae	N	ADJ;INAN;NOM;MASC;SG;POS;V.PTCP;ACT
parva	parva	parva	parv		PROPN;ANIM;NOM;MASC;SG
gallo	gallo	gallo	gallo	N	PROPN;ANIM;NOM;MASC;SG
sonora	sonora	sonora	sonora		PROPN;NOM;FEM;SG
leiden	leiden	leiden	leiden	N	PROPN;ANIM;NOM;MASC;SG
hubert	hubert	hubert	hubert		N;ANIM;NOM;MASC;SG
bertrand	bertrand	bertrand	bertrand		PROPN;ANIM;NOM;MASC;SG
turin	turíne	turin	turína	NUM	N;INAN;NOM;MASC;SG
wikitext	wikitext	wikitext	wikitext		N;NOM;FEM;SG
valentin	valentin	valentin	valentin		PROPN;ANIM;NOM;MASC;SG
holly	holly	holly	holly		PROPN;NOM;FEM;SG
holly	holy	holly	hola		PROPN;ANIM;NOM;MASC;SG
fidel	fidel	fidel	fidieť		N;ANIM;NOM;MASC;SG
ivanovich	ivanovič	ivanovich	ivanovič		N;ANIM;NOM;MASC;SG
ash	popol	ash	popol		N;INAN;NOM;MASC;SG
ash	ash	ash	ash		PROPN;ANIM;NOM;MASC;SG
brittany	brittany	brittany	brittan		N;INAN;NOM;MASC;PL
ret	ret	ret	ret		
benoist	benoist	benoist	benoist		PROPN;ANIM;NOM;MASC;SG
pohl	pohl	pohl	pohnúť		N;INAN;NOM;MASC;SG
giặt	pranie	giặt	pranie	V	N;INAN;NOM;MASC;SG
giặt	prádlo	giặt	prádlo	V	N;NOM;NEUT;SG
giặt	bielizeň	giặt	bielizeň	V	N;NOM;FEM;SG
wrestlemania	wrestlemania	wrestlemania	wrestlemanie		N;NOM;NEUT;SG
barker	barker	barker	barker		N;NOM;FEM;PL
spitfire	spitfire	spitfire	spitfire		N;INAN;NOM;MASC;SG
gurevich	gurevič	gurevich	gurevič		N;NOM;MASC;SG
philipp	philipp	philipp	philipp		PROPN;ANIM;NOM;MASC;SG
andre	andre	andre	andre		PROPN;ANIM;NOM;MASC;SG
andre	andré	andre	andrý		PROPN;ANIM;NOM;MASC;SG
barton	barton	barton	barton		PROPN;ANIM;NOM;MASC;SG
pierce	pierce	pierce	pierec		PROPN;ANIM;NOM;MASC;SG
dactylorhiza	dactylorhiza	dactylorhiza	dactylorhiza		N;INAN;NOM;MASC;PL
canary	kanárskych	canary	kanársky	N	ADJ;GEN;MASC;PL
santana	santana	santana	santana		N;INAN;NOM;MASC;SG
logroño	logroño	logroño	logroño		
spotted	videli	spotted	vidieť		V;ANIM;IPFV;MASC;PL;POS;PST;V.PTCP
spotted	zachytené	spotted	zachytený		ADJ;NOM;NEUT;SG;POS;V.PTCP;PASS
uloborus	uloborus	uloborus	uloborus		N;INAN;NOM;MASC;SG
lars	lars	lars	lars	N	PROPN;ANIM;NOM;MASC;SG
jia	jia	jia	jia	N	PROPN;ANIM;NOM;MASC;SG
wikimapia	wikimapia	wikimapia	wikimapia		N;NOM;FEM;SG
chẻ	diery	chẻ	diera		N;NOM;FEM;PL
chẻ	diera	chẻ	diera		N;NOM;FEM;SG
chẻ	hole	chẻ	hole		PROPN;NOM;FEM;SG
vilnius	vilniuse	vilnius	vilnius	N	PROPN;NOM;MASC;SG
bèo	úbohé	bèo	úbohý	N	ADJ;NOM;NEUT;SG
leonid	leonid	leonid	leonid	N	PROPN;ANIM;NOM;MASC;SG
fuller	fuller	fuller	fuller	N	PROPN;ANIM;NOM;MASC;SG
kino	kino	kino	kino	V	N;NOM;NEUT;SG
boleslav	boleslav	boleslav	boleslav	N	PROPN;ANIM;NOM;MASC;SG
sec	sec	sec	sec	N	
halloween	halloween	halloween	halloween	V	N;INAN;NOM;MASC;SG
midland	midland	midland	midland	N	PROPN;ANIM;NOM;MASC;SG
angelica	angelika	angelica	angelika		N;NOM;FEM;SG
mono	mono	mono	mono	N	
charlton	charlton	charlton	charlton	N	PROPN;ANIM;NOM;MASC;SG
sites	lokality	sites	lokalita		N;NOM;FEM;PL
sites	stránky	sites	stránka		N;NOM;FEM;PL
sites	stránok	sites	stránka		N;GEN;FEM;PL
skin	koža	skin	koža		N;NOM;FEM;SG
skin	pleť	skin	pleť		N;NOM;FEM;SG
skin	kožu	skin	koža		N;ACC;FEM;SG
skin	kože	skin	koža		N;NOM;FEM;PL
skin	skin	skin	skin		N;INAN;NOM;MASC;SG
doyle	doyle	doyle	doyle	N	PROPN;ANIM;NOM;MASC;SG
cedar	cedar	cedar	cedar	N	PROPN;ANIM;NOM;MASC;SG
jihlava	jihlava	jihlava	jihlav	N	PROPN;NOM;FEM;SG
gamespot	gamespot	gamespot	gamespot		N;INAN;NOM;MASC;SG
tít	vypočuť	tít	vypočuť		V;PFV;POS;NFIN
tít	počuje	tít	počuť		V;IPFV;IND;SG;3;POS;PRS;FIN
tít	počuli	tít	počuť		V;ANIM;IPFV;MASC;PL;POS;PST;V.PTCP
tít	počuť	tít	počuť		V;IPFV;POS;NFIN
rising	stúpa	rising	stúpať		V;IPFV;IND;SG;3;POS;PRS;FIN
rising	rastie	rising	rásť		V;IPFV;IND;SG;3;POS;PRS;FIN
rising	rastúce	rising	rastúci		ADJ;NOM;NEUT;SG
eight	eight	eight	eight	NUM	PROPN;ANIM;NOM;MASC;SG
leigh	leigh	leigh	leigh		PROPN;NOM;FEM;SG
hogg	hogg	hogg	hogg		PROPN;ANIM;NOM;MASC;SG
massa	massa	massa	massa		PROPN;ANIM;NOM;MASC;SG
gmelin	gmelin	gmelin	gmelin		N;ANIM;NOM;MASC;SG
vesoul	vesoul	vesoul	vesoul		N;INAN;NOM;MASC;SG
vice	vice	vice	vica		N;NOM;MASC;SG
nymphalidae	babôčkovité	nymphalidae	babôčkovitý		ADJ;NOM;NEUT;SG
phillip	phillip	phillip	phillip		PROPN;ANIM;NOM;MASC;SG
surrey	surrey	surrey	surrey	NUM	N;NOM;FEM;SG
bolzano	bolzano	bolzano	bolzano	N	PROPN;ANIM;NOM;MASC;SG
teaser	teaser	teaser	teaser		N;INAN;NOM;MASC;SG
gill	gill	gill	gill		PROPN;ANIM;NOM;MASC;SG
hilaire	hilaire	hilaire	hilaire		N;NOM;FEM;SG
globe	glóbus	globe	glóbus		N;INAN;NOM;MASC;SG
edison	edison	edison	edison	N	PROPN;ANIM;NOM;MASC;SG
orton	orton	orton	orton	N	PROPN;ANIM;NOM;MASC;SG
chằng	väzivo	chằng	väzivo	V	N;NOM;MASC;SG
oppenheimer	oppenheimer	oppenheimer	oppenheimer		N;ANIM;NOM;MASC;PL
bravo	bravo	bravo	bravo		N;NOM;MASC;SG
bauer	bauer	bauer	bauer	N	PROPN;ANIM;NOM;MASC;SG
kalinin	kalinin	kalinin	kalinin	N	PROPN;ANIM;NOM;MASC;SG
lateralis	lateralis	lateralis	lateralis		N;INAN;NOM;MASC;SG
hopper	hopper	hopper	hopper	V	PROPN;ANIM;NOM;MASC;SG
goa	goa	goa	goa		PROPN;NOM;NEUT;SG
nicholson	nicholson	nicholson	nicholson		PROPN;ANIM;NOM;MASC;SG
dhabi	zabí	dhabi	zabiť	N	PROPN;ANIM;NOM;MASC;SG
smirnova	smirnovová	smirnova	smirnovový		N;NOM;FEM;SG
guderian	guderian	guderian	guderian		N;ANIM;NOM;MASC;SG
soft	jemné	soft	jemný		ADJ;NOM;NEUT;SG
soft	mäkká	soft	mäkký		ADJ;NOM;FEM;SG
soft	mäkké	soft	mäkký		ADJ;NOM;NEUT;SG
soft	mäkký	soft	mäkký		ADJ;ANIM;NOM;MASC;SG
engelm	engelm	engelm	engelm		N;INAN;NOM;MASC;SG
theodosius	theodosius	theodosius	theodosius	N	PROPN;ANIM;NOM;MASC;SG
ornatus	zdobenom	ornatus	zdobený		ADJ;INS;MASC;SG;POS;V.PTCP;PASS
ornatus	ornatus	ornatus	ornatus		N;INAN;NOM;MASC;SG
králové	králové	králové	králový	V	ADJ;NOM;NEUT;SG
estadio	estadio	estadio	estadio		N;NOM;NEUT;SG
brevis	brevis	brevis	brevis		N;NOM;FEM;SG
breed	plemeno	breed	plemeno		N;NOM;NEUT;SG
breed	plemena	breed	plemeno		N;NOM;NEUT;PL
philippi	filipp	philippi	filipp	V	PROPN;ANIM;NOM;MASC;SG
titlestyle	titlestyle	titlestyle	titlestyl	V	N;INAN;NOM;MASC;PL
lcd	lcd	lcd	lcd	N	
sphinx	sfingy	sphinx	sfinga		N;NOM;FEM;PL
crimea	krym	crimea	krym	V	N;INAN;NOM;MASC;SG
abkhazia	abcházska	abkhazia	abcházsky		ADJ;NOM;FEM;SG
pepper	korenie	pepper	korenie		N;NOM;NEUT;SG
baptist	baptist	baptist	baptist	N	PROPN;ANIM;NOM;MASC;SG
hrsg	hrsg	hrsg	hrsg		PROPN;ANIM;NOM;MASC;SG
eyed	eyed	eyed	eyed	N	PROPN;ANIM;NOM;MASC;SG
ramsey	ramsey	ramsey	ramsey		N;ANIM;NOM;MASC;SG
infinity	nekonečna	infinity	nekonečno	N	ADV
hayes	hayes	hayes	hayes	N	PROPN;ANIM;NOM;MASC;SG
waterhouse	waterhouse	waterhouse	waterhous		N;INS;FEM;SG
lombard	lombard	lombard	lombard	N	PROPN;ANIM;NOM;MASC;SG
molina	molina	molina	molina		PROPN;ANIM;NOM;MASC;SG
forrest	forrest	forrest	forrest	N	PROPN;ANIM;NOM;MASC;SG
composite	zložený	composite	zložený	N	ADJ;ANIM;NOM;MASC;SG;POS;V.PTCP;PASS
composite	kompozitné	composite	kompozitný	N	ADJ;NOM;NEUT;SG
composite	zložená	composite	zložený	N	ADJ;NOM;FEM;SG;POS;V.PTCP;PASS
composite	zložené	composite	zložený	N	ADJ;NOM;NEUT;SG;POS;V.PTCP;PASS
ciliata	ciliata	ciliata	ciliata		N;ANIM;NOM;MASC;SG
andrés	andrés	andrés	andrés	N	PROPN;ANIM;NOM;MASC;SG
medieval	stredoveké	medieval	stredoveký	N	ADJ;NOM;NEUT;SG
brie	brie	brie	bra		PROPN;NOM;FEM;SG
sally	sally	sally	sally		PROPN;NOM;FEM;SG
tolna	tolnianska	tolna	tolniansky	N	ADJ;NOM;FEM;SG
choáng	rozbití	choáng	rozbitie	V	N;NOM;NEUT;PL
jyp	jyp	jyp	jyp	N	PROPN;ANIM;NOM;MASC;SG
jaén	jaén	jaén	jaén	NUM	PROPN;ANIM;NOM;MASC;SG
mứt	jam	mứt	jam	N	PROPN;ANIM;NOM;MASC;SG
patton	patton	patton	patton		PROPN;ANIM;NOM;MASC;SG
drew	nakreslila	drew	nakresliť		V;PFV;FEM;SG;POS;PST;V.PTCP
drew	drew	drew	drew		PROPN;ANIM;NOM;MASC;SG
bernhard	bernhard	bernhard	bernhard	N	PROPN;ANIM;NOM;MASC;SG
hpa	hpa	hpa	hpa	N	
benny	benny	benny	benny	N	PROPN;ANIM;NOM;MASC;SG
cherokee	cherokee	cherokee	cheroke		N;INAN;NOM;MASC;SG
hindenburg	hindenburg	hindenburg	hindenburg		N;INAN;NOM;MASC;SG
smile	smile	smile	smila		N;NOM;FEM;SG
smile	úsmev	smile	úsmev		N;INAN;NOM;MASC;SG
attila	attila	attila	attiť	N	PROPN;ANIM;NOM;MASC;SG
vandel	vandel	vandel	vandel		PROPN;ANIM;NOM;MASC;SG
rochester	rochester	rochester	rochester		PROPN;ANIM;NOM;MASC;SG
kira	kira	kira	kira	N	PROPN;NOM;FEM;SG
marguerite	marguerite	marguerite	marguerita		N;NOM;FEM;SG
navbox	navbox	navbox	navbox		PROPN;ANIM;NOM;MASC;SG
laden	naložené	laden	naložený	N	ADJ;NOM;NEUT;SG;POS;V.PTCP;PASS
laden	zaťažené	laden	zaťažený	N	ADJ;NOM;NEUT;SG;POS;V.PTCP;PASS
laden	naložený	laden	naložený	N	ADJ;ANIM;NOM;MASC;SG;POS;V.PTCP;PASS
benito	benito	benito	benito	N	PROPN;ANIM;NOM;MASC;SG
aka	alias	aka	alias		N;ANIM;NOM;MASC;SG
aka	aka	aka	aka		N;NOM;FEM;SG
ngứa	svrbenie	ngứa	svrbenie	V	N;NOM;NEUT;SG
ngứa	svrbenie	ngứa	svrbenie	V	N;NOM;NEUT;SG
ngứa	pazúry	ngứa	pazúr	V	N;INAN;NOM;MASC;PL
rebecca	rebeka	rebecca	rebek		N;NOM;FEM;SG
rebecca	rebecca	rebecca	rebecec		N;NOM;FEM;SG
stones	kamene	stones	kameň		N;INAN;NOM;MASC;PL
schultz	schultz	schultz	schultz	N	PROPN;ANIM;NOM;MASC;SG
prop	prop	prop	prop		N;INAN;NOM;MASC;SG
desc	desc	desc	desc		PROPN;ANIM;NOM;MASC;SG
pot	pot	pot	pot		N;INAN;NOM;MASC;SG
pot	hrniec	pot	hrniec		N;INAN;NOM;MASC;SG
patterson	patterson	patterson	patterson		PROPN;ANIM;NOM;MASC;SG
obi	obi	obi	oba	N	PROPN;ANIM;NOM;MASC;SG
alma	alma	alma	alma	NUM	PROPN;NOM;FEM;SG
gsm	gsm	gsm	gs	N	
hwan	hwan	hwan	hwan	N	PROPN;ANIM;NOM;MASC;SG
pomorskie	pomorskie	pomorskie	pomorskie		N;NOM;NEUT;SG
homer	homer	homer	homer	N	PROPN;ANIM;NOM;MASC;SG
weasley	weasley	weasley	weaslo		N;NOM;FEM;SG
myers	myers	myers	myers		PROPN;ANIM;NOM;MASC;SG
allegheny	allegheny	allegheny	alleghena		N;NOM;FEM;PL
orchis	orchis	orchis	orchis		N;ANIM;NOM;MASC;SG
hub	hub	hub	hub	N	
tivi	tv	tivi	tv	ADJ	
tivi	televízie	tivi	televízia	ADJ	N;NOM;FEM;PL
tivi	televízia	tivi	televízia	ADJ	N;NOM;FEM;SG
tivi	televízor	tivi	televízor	ADJ	N;INAN;NOM;MASC;SG
tivi	televízory	tivi	televízor	ADJ	N;INAN;NOM;MASC;PL
prinz	prinz	prinz	prinz	N	PROPN;ANIM;NOM;MASC;SG
gifford	gifford	gifford	gifford		PROPN;ANIM;NOM;MASC;SG
argentine	argentínska	argentine	argentínsky	N	ADJ;NOM;FEM;SG
sar	sar	sar	sar	N	
intercontinental	intercontinental	intercontinental	intercontinentať		N;INAN;NOM;MASC;SG
aquino	aquino	aquino	aquino	N	PROPN;ANIM;NOM;MASC;SG
tina	tina	tina	tina		PROPN;NOM;FEM;SG
mystery	tajomný	mystery	tajomný		ADJ;ANIM;NOM;MASC;SG
mystery	záhadné	mystery	záhadný		ADJ;NOM;NEUT;SG
mystery	tajomstvo	mystery	tajomstvo		N;NOM;NEUT;SG
mystery	záhada	mystery	záhada		N;NOM;FEM;SG
mystery	záhady	mystery	záhada		N;NOM;FEM;PL
ruth	ruth	ruth	ruth		PROPN;NOM;FEM;SG
carolyn	carolyn	carolyn	carolyn		N;NOM;FEM;SG
stall	stánok	stall	stánok		N;INAN;NOM;MASC;SG
stall	zdržovať	stall	zdržovať		V;IPFV;POS;NFIN
monde	monde	monde	monde	N	
bien	viditeľný	bien	viditeľný	N	ADJ;ANIM;NOM;MASC;SG
bien	viditeľné	bien	viditeľný	N	ADJ;NOM;NEUT;SG
bien	viditeľná	bien	viditeľný	N	ADJ;NOM;FEM;SG
bien	bien	bien	biena	N	
hoffmann	hoffmann	hoffmann	hoffmanni		PROPN;ANIM;NOM;MASC;SG
heather	heather	heather	heather	N	PROPN;NOM;FEM;SG
geo	geo	geo	geo		
sussex	sussex	sussex	sussex	N	PROPN;INAN;NOM;MASC;SG
joey	joey	joey	joey	N	PROPN;ANIM;NOM;MASC;SG
isabel	isabel	isabel	isabel		N;NOM;FEM;SG
batista	batista	batista	batisto		N;ANIM;NOM;MASC;SG
pirata	pirata	pirata	pirata		N;NOM;FEM;SG
highland	highland	highland	highland		PROPN;ANIM;NOM;MASC;SG
olt	olt	olt	olt		PROPN;NOM;MASC;SG
avenue	avenue	avenue	avenue		N;INAN;NOM;MASC;SG
alegre	alegre	alegre	alegr		PROPN;ANIM;NOM;MASC;SG
paradoxa	paradoxa	paradoxa	paradoxa		N;INAN;NOM;MASC;SG
aspx	aspx	aspx	aspx	N	
toyotomi	hidejori	toyotomi	hidejor	PROPN	N;ANIM;NOM;MASC;SG
schwarzenegger	schwarzenegger	schwarzenegger	schwarzenegger		N;ANIM;NOM;MASC;SG
una	una	una	una	N	
niels	niels	niels	niels	N	PROPN;ANIM;NOM;MASC;SG
imp	imp	imp	imp		PROPN;INAN;NOM;MASC;SG
imp	škriatok	imp	škriatok		N;ANIM;NOM;MASC;SG
vaucluse	vaucluse	vaucluse	vauclus	N	ADV
smackdown	smackdown	smackdown	smackdown		PROPN;ANIM;NOM;MASC;SG
pelhřimov	pelhřimov	pelhřimov	pelhňim	N	PROPN;INAN;NOM;MASC;SG
albus	albus	albus	albus		N;ANIM;NOM;MASC;SG
pmid	pmid	pmid	pmid		PROPN;ANIM;NOM;MASC;SG
xuyến	torus	xuyến	torus	V	N;NOM;FEM;SG
reyes	reyes	reyes	reyes	N	PROPN;ANIM;NOM;MASC;SG
camille	camille	camille	camille	N	PROPN;NOM;FEM;SG
wendy	wendy	wendy	wendy		PROPN;NOM;FEM;SG
blackwell	blackwell	blackwell	blackdel		PROPN;ANIM;NOM;MASC;SG
phoiac	phoiac	phoiac	phovac	V	N;INAN;NOM;MASC;SG
eteeq	eteeq	eteeq	eteeq		N;NOM;MASC;SG
gneisenau	gneisenau	gneisenau	gneiseno		N;NOM;FEM;SG
tbs	tds	tbs	tds		
holiday	sviatky	holiday	sviatok		N;INAN;NOM;MASC;PL
holiday	dovolenka	holiday	dovolenka		N;NOM;FEM;SG
holiday	prázdniny	holiday	prázdniny		N;NOM;FEM;PL
holiday	dovolenku	holiday	dovolenka		N;ACC;FEM;SG
holiday	sviatok	holiday	sviatok		N;INAN;NOM;MASC;SG
ribera	ribera	ribera	riber	NUM	N;INAN;NOM;MASC;SG
dornier	dornier	dornier	dornier	N	
chocolate	čokoládová	chocolate	čokoládový	N	ADJ;NOM;FEM;SG
chocolate	čokoládový	chocolate	čokoládový	N	ADJ;ANIM;NOM;MASC;SG
timur	timur	timur	timur	N	PROPN;ANIM;NOM;MASC;SG
hemingway	hemingway	hemingway	hemingway		N;NOM;FEM;PL
psoe	psoe	psoe	psí		N;INAN;NOM;MASC;SG
viz	viz	viz	viz		
hybrid	hybridné	hybrid	hybridný	N	ADJ;NOM;NEUT;SG
gibbs	gibbsa	gibbs	gibbsa	CONJ	N;NOM;FEM;SG
gibbs	gibbs	gibbs	gibbs	CONJ	PROPN;ANIM;NOM;MASC;SG
elton	elton	elton	elton	N	PROPN;ANIM;NOM;MASC;SG
solidago	solidago	solidago	solidago		N;ANIM;NOM;MASC;SG
platanthera	platanthera	platanthera	platanther		N;NOM;FEM;SG
dawson	dawson	dawson	dawson	N	PROPN;ANIM;NOM;MASC;SG
stress	stres	stress	stres		N;INAN;NOM;MASC;SG
stress	zdôrazniť	stress	zdôrazniť		V;PFV;POS;NFIN
sei	zay	sei	zay		PROPN;ANIM;NOM;MASC;SG
pattern	vzor	pattern	vzor	V	N;INAN;NOM;MASC;SG
oliva	oliva	oliva	oliva		N;ANIM;NOM;MASC;SG
brain	mozog	brain	mozog	V	N;INAN;NOM;MASC;SG
brain	rozum	brain	rozum	V	N;INAN;NOM;MASC;SG
brain	mozgov	brain	mozog	V	N;INAN;GEN;MASC;PL
brain	mozgy	brain	mozog	V	N;INAN;NOM;MASC;PL
ferb	ferb	ferb	ferb		PROPN;ANIM;NOM;MASC;SG
benešov	benešov	benešov	beneš	N	PROPN;INAN;NOM;MASC;SG
fragilis	lámavý	fragilis	lámavý		ADJ;ANIM;NOM;MASC;SG
vila	vila	vila	vila		N;NOM;FEM;SG
sapporo	sapporo	sapporo	sapporo	N	INTJ
buchanan	buchanan	buchanan	buchanan		N;NOM;FEM;SG
alive	živá	alive	živý		ADJ;NOM;FEM;SG
alive	živí	alive	živý		V;IPFV;IND;SG;3;POS;PRS;FIN
alive	živý	alive	živý		ADJ;ANIM;NOM;MASC;SG
alive	nažive	alive	nažive		ADV
rodriguez	rodriguez	rodriguez	rodriguz		N;ANIM;NOM;MASC;SG
cent	cent	cent	cent		N;INAN;NOM;MASC;SG
sandy	sandy	sandy	sanda		N;NOM;FEM;PL
fra	fra	fra	fra		
cuốc	náhodne	cuốc	náhodne	N	ADV
cuốc	náhodný	cuốc	náhodný	N	ADJ;ANIM;NOM;MASC;SG
cuốc	náhodné	cuốc	náhodný	N	ADJ;NOM;NEUT;SG
desmond	desmond	desmond	desmond		PROPN;ANIM;NOM;MASC;SG
paranaense	paranaense	paranaense	paranaens		N;ANIM;NOM;MASC;SG
terra	terra	terra	tere		N;NOM;FEM;SG
wikisource	wikisource	wikisource	wikisourca	V	N;NOM;FEM;SG
neville	neville	neville	vilieť		PROPN;ANIM;NOM;MASC;SG
novara	novara	novara	novar	NUM	N;INAN;NOM;MASC;SG
pal	pal	pal	pať		
champs	champs	champs	champs		N;INAN;NOM;MASC;SG
charmed	charmed	charmed	charmed		N;ANIM;NOM;MASC;PL
kelvin	kelvin	kelvin	kelvin		N;NOM;FEM;SG
korlević	korlević	korlević	korlevika		N;NOM;MASC;SG
klug	klug	klug	klug		PROPN;ANIM;NOM;MASC;SG
sergio	sergio	sergio	sergio	N	PROPN;ANIM;NOM;MASC;SG
pitt	pitt	pitt	pitt	N	PROPN;ANIM;NOM;MASC;SG
orlicí	orlicí	orlicí	orlica		N;NOM;FEM;SG
trier	trier	trier	trier	N	PROPN;ANIM;NOM;MASC;SG
sistema	sistema	sistema	sistem	V	INTJ
nihon	nihon	nihon	nihon	N	PROPN;ANIM;NOM;MASC;SG
medium	stredne	medium	strednúť		ADV
medium	stredný	medium	stredný		ADJ;ANIM;NOM;MASC;SG
medium	stredná	medium	stredný		ADJ;NOM;FEM;SG
medium	stredné	medium	stredný		ADJ;NOM;NEUT;SG
medium	médium	medium	médium		N;NOM;NEUT;SG
jakob	jakob	jakob	jakob	N	PROPN;ANIM;NOM;MASC;SG
somali	somálska	somali	somálsky	N	ADJ;NOM;FEM;SG
somali	somálska	somali	somálsky	N	ADJ;NOM;FEM;SG
shane	shane	shane	shať		PROPN;ANIM;NOM;MASC;SG
cal	cal	cal	cať		INTJ
cool	pohode	cool	pohoda		ADV
cool	pecka	cool	pecko		N;NOM;FEM;SG
cool	super	cool	super		INTJ
cool	cool	cool	col		INTJ
lons	lons	lons	lons		PROPN;ANIM;NOM;MASC;SG
moreno	moreno	moreno	moreno		PROPN;ANIM;NOM;MASC;SG
telegraph	telegraph	telegraph	telegraph		N;INAN;NOM;MASC;SG
hcv	hcv	hcv	hcv	N	
milk	mlieka	milk	mlieko		N;NOM;NEUT;PL
milk	mlieko	milk	mlieko		N;NOM;NEUT;SG
stadion	stadion	stadion	stadion		N;INAN;NOM;MASC;SG
livingston	livingston	livingston	livingston		PROPN;ANIM;NOM;MASC;SG
eos	eos	eos	eos	N	
thierry	thierry	thierry	thierra	N	PROPN;ANIM;NOM;MASC;SG
graz	graz	graz	graz		PROPN;ANIM;NOM;MASC;SG
haleakala	haleakala	haleakala	haleakať		V;IPFV;FEM;SG;POS;PST;V.PTCP
flo	flo	flo	flo	N	
mons	mons	mons	mons	N	
cessna	cessna	cessna	cessno	N	
across	naprieč	across	naprieč		ADV
quest	quest	quest	quest	N	PROPN;ANIM;NOM;MASC;SG
zhuravleva	zhuravleva	zhuravleva	zhuravlev		N;INAN;NOM;MASC;SG
kangaroo	kengura	kangaroo	kengura		N;NOM;FEM;SG
kangaroo	kengury	kangaroo	kengura		N;NOM;FEM;PL
lucida	lucida	lucida	lucida		N;NOM;FEM;SG
ismail	ismail	ismail	ismail	N	PROPN;ANIM;NOM;MASC;SG
isla	isla	isla	isť	N	PROPN;NOM;FEM;SG
intermedius	intermedius	intermedius	intermedius		N;INAN;NOM;MASC;SG
alejandro	alejandro	alejandro	alejandro	N	PROPN;ANIM;NOM;MASC;SG
friuli	friuli	friuli	friúliť		PROPN;INAN;NOM;MASC;SG
albedo	albedo	albedo	albedo		N;NOM;FEM;SG
infinite	nekonečný	infinite	nekonečný	N	ADJ;ANIM;NOM;MASC;SG
infinite	nekonečné	infinite	konečný	N	ADJ;NOM;NEUT;SG
infinite	nekonečná	infinite	konečný	N	ADJ;NOM;FEM;SG
infinite	nekonečnej	infinite	konečný	N	ADJ;GEN;FEM;SG
infinite	nekonečne	infinite	nekonečne	N	ADV
buri	buri	buri	buri	N	PROPN;ANIM;NOM;MASC;SG
saab	saab	saab	saab	N	
gloucester	gloucester	gloucester	gloucester		N;INAN;NOM;MASC;SG
calamagrostis	calamagrostis	calamagrostis	calamagrostis		N;NOM;FEM;PL
puget	puget	puget	puget	N	PROPN;ANIM;NOM;MASC;SG
breda	breda	breda	breda	N	PROPN;ANIM;NOM;MASC;SG
res	res	res	res		
res	obnoviteľné	res	obnoviteľný		ADJ;NOM;NEUT;SG
marvin	marvin	marvin	marvin	N	PROPN;ANIM;NOM;MASC;SG
lift	zdvihnúť	lift	zdvihnúť		V;PFV;POS;NFIN
lift	výťah	lift	výťah		N;INAN;NOM;MASC;SG
sonny	sonny	sonny	sonna		PROPN;ANIM;NOM;MASC;SG
sonny	synček	sonny	synček		N;ANIM;NOM;MASC;SG
neill	neill	neill	illi	N	PROPN;ANIM;NOM;MASC;SG
esp	esp	esp	esp	N	
aguilar	aguilar	aguilar	aguilar		PROPN;ANIM;NOM;MASC;SG
gore	gore	gore	gore		PROPN;ANIM;NOM;MASC;SG
hayashi	hayashi	hayashi	hayashi		N;ANIM;NOM;MASC;SG
fuscus	fuscus	fuscus	fuscus		N;INAN;GEN;MASC;SG
sega	sega	sega	seg		PROPN;NOM;MASC;SG
kiskun	malokumánska	kiskun	malokumánsky		ADJ;NOM;FEM;SG
kapellen	kapellen	kapellen	kapellen	V	N;NOM;MASC;SG
donna	donna	donna	donna		PROPN;NOM;FEM;SG
halle	halle	halle	hallí	N	PROPN;ANIM;NOM;MASC;SG
blansko	blansko	blansko	blansko		ADV
ulrich	ulrich	ulrich	ulrich		PROPN;ANIM;NOM;MASC;SG
gap	medzeru	gap	medzer	V	N;ACC;FEM;SG
gap	medzera	gap	medzer	V	N;NOM;FEM;SG
beaumont	beaumont	beaumont	beaumont	N	PROPN;ANIM;NOM;MASC;SG
erie	erie	erie	eria	N	PROPN;ANIM;NOM;MASC;SG
ulsan	ulsan	ulsan	ulsan	N	PROPN;ANIM;NOM;MASC;SG
frances	frances	frances	frances		N;NOM;FEM;SG
adriatic	jadrane	adriatic	jadrana		N;NOM;FEM;SG
viva	viva	viva	viva		
cafe	café	cafe	cafý	N	
vanilla	hrom	vanilla	hrom		N;INAN;NOM;MASC;SG
vanilla	vanilka	vanilla	vanilka		N;NOM;FEM;SG
société	société	société	sociétý	N	
extreme	extrémne	extreme	extrémne		ADV
extreme	extrémny	extreme	extrémny		ADJ;ANIM;NOM;MASC;SG
extreme	extrémna	extreme	extrémny		ADJ;NOM;FEM;SG
bilbao	bilbao	bilbao	bilbao	N	PROPN;ANIM;NOM;MASC;SG
bun	bulharských	bun	bulharský		ADJ;GEN;MASC;PL
bun	bulharské	bun	bulharský		ADJ;NOM;NEUT;SG
bun	bulharská	bun	bulharský		ADJ;NOM;FEM;SG
bun	bulharskom	bun	bulharský		ADJ;INS;NEUT;SG
bun	boolean	bun	boolean		N;NOM;MASC;SG
bun	bun	bun	bun		
auschwitz	osvienčime	auschwitz	osvienčiť	N	V;PFV;IND;PL;1;POS;PRS;FIN
multi	multi	multi	mult	DET	N;NOM;MASC;SG
columbidae	holubovité	columbidae	holubovitý	N	ADJ;NOM;NEUT;SG
isidro	isidro	isidro	isidro	NUM	PROPN;INAN;NOM;MASC;SG
woody	woody	woody	wooda		N;ANIM;NOM;MASC;SG
fat	tučné	fat	tučný	N	ADJ;NOM;NEUT;SG
fat	fat	fat	fat	N	
andrey	andrej	andrey	andrej	N	PROPN;ANIM;NOM;MASC;SG
metropolitana	metropolitana	metropolitana	metropolitan		N;NOM;FEM;SG
pegasus	pegas	pegasus	pegas		N;ANIM;NOM;MASC;SG
seymour	seymour	seymour	seymour		N;INS;FEM;SG
haw	haw	haw	haw		PROPN;ANIM;NOM;MASC;SG
plato	plato	plato	plato	N	
lex	lex	lex	lex		PROPN;ANIM;NOM;MASC;SG
episodes	epizódy	episodes	epizóda		N;NOM;FEM;PL
herb	herb	herb	herb		PROPN;ANIM;NOM;MASC;SG
ringo	ringo	ringo	ringo		PROPN;ANIM;NOM;MASC;SG
nicola	nicola	nicola	nicnúť	N	PROPN;NOM;FEM;SG
renault	renault	renault	renault		N;INAN;NOM;MASC;SG
minami	minami	minami	mina		N;NOM;FEM;PL
avengers	avengers	avengers	avengers		N;ANIM;NOM;MASC;SG
weiss	weiss	weiss	weiss	N	PROPN;ANIM;NOM;MASC;SG
augsburg	augsburg	augsburg	augsburg	N	PROPN;INAN;NOM;MASC;SG
switch	prepnúť	switch	prepnúť	N	V;PFV;POS;NFIN
herald	herald	herald	herald		PROPN;ANIM;NOM;MASC;SG
fide	fide	fide	fid	N	
dickinson	dickinson	dickinson	dickinson		PROPN;ANIM;NOM;MASC;SG
melanie	melanie	melanie	melanie		N;NOM;NEUT;SG
holloway	holloway	holloway	hollona	V	N;NOM;FEM;SG
tama	tama	tama	tama	N	PROPN;ANIM;NOM;MASC;SG
ngơ	ignoruje	ngơ	ignorovať		V;IPFV;IND;SG;3;POS;PRS;FIN
chamberlain	kancelár	chamberlain	kancelár	V	N;ANIM;NOM;MASC;SG
chamberlain	chamberlain	chamberlain	chamberlain	V	N;ANIM;NOM;MASC;SG
bruch	bruch	bruch	bruch		N;ANIM;NOM;MASC;SG
gala	gala	gala	gať		N;NOM;FEM;SG
kazakh	kazašský	kazakh	kazašský	N	ADJ;ANIM;NOM;MASC;SG
bye	dovidenia	bye	dovidenie		N;NOM;NEUT;PL
paula	paula	paula	paul		PROPN;ANIM;ACC;MASC;SG
romano	romano	romano	romano		PROPN;ANIM;NOM;MASC;SG
wizard	čarodejníka	wizard	čarodejník		N;ANIM;ACC;MASC;SG
wizard	sprievodca	wizard	sprievodca		N;INAN;NOM;MASC;SG
wizard	čarodejník	wizard	čarodejník		N;ANIM;NOM;MASC;SG
bedford	bedford	bedford	bedford	N	PROPN;ANIM;NOM;MASC;SG
armavir	armavir	armavir	armavir		N;ANIM;NOM;MASC;SG
bor	bor	bor	bor		PROPN;ANIM;NOM;MASC;SG
cash	hotovosť	cash	hotovosť		N;NOM;FEM;SG
cash	cash	cash	cash		N;INAN;NOM;MASC;SG
lugo	lugo	lugo	lugo	NUM	PROPN;ANIM;NOM;MASC;SG
teo	teo	teo	teo	V	PROPN;ANIM;NOM;MASC;SG
kenji	kenji	kenji	keniej		N;NOM;NEUT;SG
dorsalis	dorsalis	dorsalis	dorsalis		N;INAN;NOM;MASC;PL
sardegna	sardegna	sardegna	sardegn	N	
nur	nur	nur	nur	N	PROPN;ANIM;NOM;MASC;SG
mask	masku	mask	maska		N;ACC;FEM;SG
mask	masky	mask	maska		N;NOM;FEM;PL
mask	maska	mask	maska		N;NOM;FEM;SG
merton	merton	merton	merton	N	PROPN;ANIM;NOM;MASC;SG
coa	coa	coa	coa	V	PROPN;ANIM;NOM;MASC;SG
cluj	cluj	cluj	cluj	NUM	PROPN;ANIM;NOM;MASC;SG
sinclair	sinclair	sinclair	sinclair		PROPN;ANIM;NOM;MASC;SG
rojas	rojas	rojas	rojas		N;ANIM;NOM;MASC;SG
dahl	dahl	dahl	dahnúť	N	PROPN;ANIM;NOM;MASC;SG
nhả	uvoľnenie	nhả	uvoľnenie	V	N;NOM;NEUT;SG
nhả	prepustenie	nhả	prepustenie	V	N;NOM;NEUT;SG
charlemagne	charlemagne	charlemagne	charlemagne		ADV
jenkins	jenkins	jenkins	jenkins		PROPN;ANIM;NOM;MASC;SG
minneapolis	minneapolisu	minneapolis	minneapolis		N;ACC;FEM;SG
pack	svorka	pack	svorka		N;NOM;FEM;SG
pack	zbaliť	pack	zbaliť		V;PFV;POS;NFIN
pack	balenia	pack	balenie		N;NOM;NEUT;PL
pack	balenie	pack	balenie		N;NOM;NEUT;SG
pack	zabaliť	pack	zabaliť		V;PFV;POS;NFIN
pack	pack	pack	pack		N;INAN;NOM;MASC;SG
tbd	tbd	tbd	tbd	N	PROPN;INAN;NOM;MASC;SG
modena	modena	modena	moden	NUM	N;ANIM;NOM;MASC;SG
buckingham	buckingham	buckingham	buckingha		N;NOM;FEM;SG
kitty	kitty	kitty	kitty		N;NOM;FEM;PL
omer	omer	omer	omer		PROPN;ANIM;NOM;MASC;SG
samara	samara	samara	samara	N	PROPN;NOM;FEM;SG
petersen	petersen	petersen	petersen	V	N;ANIM;NOM;MASC;SG
mona	mona	mona	mona	N	PROPN;NOM;FEM;SG
maritima	maritima	maritima	maritica		N;ANIM;NOM;MASC;SG
estados	estados	estados	estados		N;NOM;MASC;SG
baba	baba	baba	baba		N;NOM;FEM;SG
ost	ost	ost	ost		INTJ
backstreet	backstreet	backstreet	backstreet		N;NOM;MASC;SG
campagne	campagne	campagne	campagne	V	
nagano	nagano	nagano	nagano	N	PROPN;NOM;NEUT;SG
spielberg	spielberg	spielberg	spielberg		N;ANIM;NOM;MASC;SG
lathyrus	lathyrus	lathyrus	lathyrus	V	N;INAN;NOM;MASC;SG
pbs	pbs	pbs	pbs		N;INAN;NOM;MASC;SG
pau	pau	pau	pau	N	PROPN;ANIM;NOM;MASC;SG
svitavy	svitavy	svitavy	svitava		N;NOM;FEM;PL
ito	ito	ito	ito		PROPN;ANIM;NOM;MASC;SG
calvert	calvert	calvert	calvert		PROPN;ANIM;NOM;MASC;SG
nolan	nolan	nolan	nolan		PROPN;ANIM;NOM;MASC;SG
treviso	treviso	treviso	treviso	N	INTJ
linum	linum	linum	linum		N;NOM;NEUT;SG
didier	didier	didier	didier	N	PROPN;ANIM;NOM;MASC;SG
joyce	joyce	joyce	joyca	N	PROPN;ANIM;NOM;MASC;SG
wai	wai	wai	wai	N	
meet	stretnúť	meet	stretnúť	ADJ	V;PFV;POS;NFIN
meet	spoznať	meet	spoznať	ADJ	V;PFV;POS;NFIN
alexis	alexis	alexis	alexis	N	PROPN;ANIM;NOM;MASC;SG
espiritu	espiritu	espiritu	espirita		N;ACC;FEM;SG
kin	kin	kin	kin	N	INTJ
avenger	pomstiteľ	avenger	pomstiteľ		N;ANIM;NOM;MASC;SG
greenwich	greenwich	greenwich	greenwich	N	PROPN;ANIM;NOM;MASC;SG
revue	revue	revue	revu		N;NOM;FEM;SG
asen	asen	asen	asen	N	PROPN;ANIM;NOM;MASC;SG
titus	titus	titus	titus	N	PROPN;ANIM;NOM;MASC;SG
hayek	hayek	hayek	hayek	N	PROPN;NOM;FEM;SG
por	por	por	por		
lagos	lagos	lagos	lagos	N	PROPN;INAN;NOM;MASC;SG
stream	potok	stream	potok		N;INAN;NOM;MASC;SG
stream	prúd	stream	prúd		N;INAN;NOM;MASC;SG
stream	stream	stream	stream		N;INAN;NOM;MASC;SG
petra	petra	petra	petra	N	PROPN;ANIM;ACC;MASC;SG
palmas	palmas	palmas	palmas	N	PROPN;INAN;NOM;MASC;SG
gatwick	gatwick	gatwick	gatwick		N;NOM;FEM;SG
oldenburg	oldenburg	oldenburg	oldenburg		N;ANIM;NOM;MASC;SG
jacobs	jacobs	jacobs	jacobs	N	PROPN;ANIM;NOM;MASC;SG
sikorsky	sikorsky	sikorsky	sikorsky	N	ADJ;ANIM;NOM;MASC;SG
reims	reims	reims	reims	N	PROPN;ANIM;NOM;MASC;SG
ensign	ensign	ensign	ensign		N;NOM;FEM;SG
sio	sio	sio	sio	N	PROPN;ANIM;NOM;MASC;SG
ericsson	ericsson	ericsson	ericsson	N	PROPN;ANIM;NOM;MASC;SG
achilles	achille	achilles	achille	N	PROPN;ANIM;NOM;MASC;SG
gerard	gérard	gerard	gérard		N;ANIM;NOM;MASC;SG
gerard	gerrard	gerard	gerrard		N;ANIM;NOM;MASC;SG
gerard	gerard	gerard	gerard		N;ANIM;NOM;MASC;SG
bergman	bergman	bergman	bergman		N;ANIM;NOM;MASC;SG
oran	oran	oran	oran		PROPN;ANIM;NOM;MASC;SG
ortiz	ortiz	ortiz	ortiz		PROPN;ANIM;NOM;MASC;SG
focke	focke	focke	focka		N;ANIM;NOM;MASC;SG
nếm	chut	nếm	chut	V	N;NOM;FEM;SG
nếm	chuť	nếm	chuť	V	N;NOM;FEM;SG
nếm	chuti	nếm	chuť	V	N;GEN;FEM;SG
nếm	ochutnávka	nếm	ochutnávka	V	N;NOM;FEM;SG
ski	lyžovať	ski	lyžovať	N	V;IPFV;POS;NFIN
ski	lyžiarske	ski	lyžiarsky	N	ADJ;NOM;NEUT;PL
guetta	guetta	guetta	guetta		N;ANIM;NOM;MASC;SG
simoni	simoni	simoni	simoň		N;ANIM;NOM;MASC;SG
seem	sem	seem	sem	ADJ	ADV
amor	amor	amor	amor		PROPN;ANIM;NOM;MASC;SG
zara	zara	zara	zara		PROPN;NOM;FEM;SG
michele	michele	michele	michel	N	PROPN;ANIM;NOM;MASC;SG
españa	españa	españa	españa	N	PROPN;INAN;NOM;MASC;SG
mendoza	mendoza	mendoza	mendoz	N	PROPN;ANIM;NOM;MASC;SG
gmt+	gmt+	gmt+	gmt+		N;NOM;MASC;SG
nigel	nigel	nigel	niga	N	PROPN;ANIM;NOM;MASC;SG
sue	sue	sue	sua		PROPN;NOM;FEM;SG
garfield	garfield	garfield	garfield		N;ANIM;NOM;MASC;SG
tula	tula	tula	tuť	NUM	N;NOM;FEM;SG
aff	aff	aff	aff	N	
hermes	hermes	hermes	hermes	N	PROPN;ANIM;NOM;MASC;SG
alicia	alicia	alicia	alica		N;NOM;FEM;SG
registry	register	registry	register		N;INAN;NOM;MASC;SG
eindhoven	eindhoven	eindhoven	eindhoven	N	PROPN;ANIM;NOM;MASC;SG
archipelago	súostrovie	archipelago	súostrovie	V	N;NOM;NEUT;SG
gogh	gogh	gogh	gogh		PROPN;ANIM;NOM;MASC;SG
nirvana	nirvana	nirvana	nirvana		N;NOM;FEM;SG
wanted	chcelo	wanted	chcieť	N	V;IPFV;NEUT;SG;POS;PST;V.PTCP
wanted	chcela	wanted	chcieť	N	V;IPFV;FEM;SG;POS;PST;V.PTCP
wanted	chcel	wanted	chcieť	N	V;ANIM;IPFV;MASC;SG;POS;PST;V.PTCP
wanted	hľadaný	wanted	hľadaný	N	ADJ;ANIM;NOM;MASC;SG;POS;V.PTCP;PASS
survivor	prežila	survivor	prežiť	N	V;PFV;FEM;SG;POS;PST;V.PTCP
survivor	prežil	survivor	prežiť	N	V;ANIM;PFV;MASC;SG;POS;PST;V.PTCP
gauge	obrys	gauge	obrys		N;INAN;NOM;MASC;SG
gauge	rozchod	gauge	rozchod		N;INAN;NOM;MASC;SG
gauge	meradlo	gauge	meradlo		N;NOM;NEUT;SG
reno	reno	reno	reno	N	PROPN;ANIM;NOM;MASC;SG
nháp	návrh	nháp	návrh	V	N;INAN;NOM;MASC;SG
nháp	koncept	nháp	koncept	V	N;INAN;NOM;MASC;SG
roque	roque	roque	roj	N	PROPN;ANIM;NOM;MASC;SG
chát	chat	chát	chat	ADJ	N;INAN;NOM;MASC;SG
melody	melódiu	melody	melódia		N;ACC;FEM;SG
melody	melódia	melody	melódia		N;NOM;FEM;SG
beretta	beretta	beretta	berett		N;NOM;FEM;SG
comte	comte	comte	coma	N	PROPN;ANIM;NOM;MASC;SG
sterling	sterling	sterling	sterling	V	PROPN;ANIM;NOM;MASC;SG
chambers	komnaty	chambers	komnata		N;NOM;FEM;PL
chambers	komory	chambers	komora		N;NOM;FEM;PL
tullgren	tullgren	tullgren	tullgren		N;INAN;NOM;MASC;SG
mari	mari	mari	mari		PROPN;ANIM;NOM;MASC;SG
humbert	humbert	humbert	humbert		N;ANIM;NOM;MASC;SG
chevrolat	chevrolat	chevrolat	chevrolat		V;PFV;FEM;SG;POS;PST;V.PTCP
vaux	vaux	vaux	vaux	N	PROPN;ANIM;NOM;MASC;SG
ivy	ivy	ivy	iva		N;NOM;MASC;SG
northampton	northampton	northampton	northampton		N;NOM;FEM;SG
judith	judith	judith	judith	N	PROPN;NOM;FEM;SG
shirley	shirley	shirley	shirle		PROPN;NOM;FEM;SG
michelangelo	michelangelo	michelangelo	michelangieť		N;NOM;NEUT;SG
nairobi	nairobi	nairobi	nairobi	N	PROPN;NOM;MASC;SG
cate	caitlin	cate	caitlin	N	V;ANIM;PFV;MASC;PL;POS;PST;V.PTCP
xui	nešťastie	xui	nešťastie	ADJ	N;NOM;NEUT;SG
xui	smolu	xui	smol	ADJ	N;ACC;FEM;SG
lou	lou	lou	lou	N	PROPN;ANIM;NOM;MASC;SG
advance	dopredu	advance	dopredu	N	ADV
advance	vopred	advance	vopred	N	ADV
boulogne	boulogne	boulogne	boulogne	N	ADV
pocket	vreckové	pocket	vreckový	N	ADJ;NOM;NEUT;SG
sandra	sandra	sandra	sandra		N;NOM;FEM;SG
klatt	klatt	klatt	klatt		PROPN;ANIM;NOM;MASC;SG
krasnoyarsk	krasnojarsk	krasnoyarsk	krasnojarsk	N	ADV
elite	elite	elite	elita	N	
acad	acad	acad	acad	N	PROPN;ANIM;NOM;MASC;SG
mesnil	mesnil	mesnil	mesniť		V;ANIM;IPFV;MASC;SG;POS;PST;V.PTCP
angry	nahnevaní	angry	nahnevanie	N	ADJ;ANIM;NOM;MASC;PL;POS;V.PTCP;PASS
angry	nahnevaný	angry	nahnevaný	N	ADJ;ANIM;NOM;MASC;SG;POS;V.PTCP;PASS
angry	hnevať	angry	hnevať	N	V;IPFV;POS;NFIN
angry	nahnevaná	angry	nahnevaný	N	ADJ;NOM;FEM;SG;POS;V.PTCP;PASS
lisboa	lisabon	lisboa	lisabon		N;INAN;NOM;MASC;SG
lisboa	lisabonská	lisboa	lisabonský		ADJ;NOM;FEM;SG
lisboa	lisabonskej	lisboa	lisabonský		ADJ;GEN;FEM;SG
lisboa	lisabonu	lisboa	lisabon		N;INAN;GEN;MASC;SG
cotton	bavlnené	cotton	bavlnený	N	ADJ;NOM;NEUT;PL;POS;V.PTCP;PASS
dispar	dispar	dispar	dispar		N;NOM;MASC;SG
faust	faust	faust	faust	N	PROPN;ANIM;NOM;MASC;SG
klm	klm	klm	klm		
kansai	kansai	kansai	kansai		N;NOM;FEM;SG
oval	oválne	oval	oválny	N	ADJ;NOM;NEUT;SG
mannheim	mannheim	mannheim	mannhť	N	ADV
mannheim	manheim	mannheim	manhie	N	PROPN;ANIM;NOM;MASC;SG
nationale	nationale	nationale	nationale	N	PROPN;INAN;NOM;MASC;SG
mpeg	mpeg	mpeg	mpeg	N	
ida	idu	ida	ísť		PROPN;ANIM;NOM;MASC;SG
ida	ida	ida	ida		PROPN;NOM;FEM;SG
atm	atm	atm	atm	N	
deutsch	deutsch	deutsch	deutsch	N	
cantor	cantor	cantor	cantor		PROPN;ANIM;NOM;MASC;SG
dorset	dorset	dorset	dorset	N	PROPN;ANIM;NOM;MASC;SG
dover	dover	dover	dover	N	PROPN;ANIM;NOM;MASC;SG
avia	avia	avia	avi		INTJ
přerov	přerov	přerov	přer	NUM	PROPN;INAN;NOM;MASC;SG
noir	noir	noir	noir		PROPN;ANIM;NOM;MASC;SG
brezhnev	brežnev	brezhnev	brežnev	N	ADJ;ANIM;NOM;MASC;SG
bray	bray	bray	bray	NUM	PROPN;ANIM;NOM;MASC;SG
giỏ	vreckové	giỏ	vreckový	N	ADJ;NOM;NEUT;SG
sap	sap	sap	sap		
lauren	lauren	lauren	lauren		PROPN;NOM;FEM;SG
ruficollis	ruficollis	ruficollis	ruficollis		N;ANIM;NOM;MASC;SG
tạt	horčica	tạt	horčica	ADJ	N;NOM;FEM;SG
ars	nr	ars	nr		
ars	ars	ars	ars		INTJ
hana	hana	hana	hana	N	PROPN;NOM;FEM;SG
scipio	scipio	scipio	scipio	N	PROPN;ANIM;NOM;MASC;SG
tristan	tristan	tristan	tristan		PROPN;ANIM;NOM;MASC;SG
howe	howe	howe	howe	N	PROPN;ANIM;NOM;MASC;SG
wyatt	wyatt	wyatt	wyatt		PROPN;ANIM;NOM;MASC;SG
katherine	katherine	katherine	katherina		N;NOM;FEM;SG
ausf	ausf	ausf	ausf	N	
cật	obličky	cật	oblička	V	N;NOM;FEM;PL
cật	obličiek	cật	oblička	V	N;GEN;FEM;PL
eliot	eliot	eliot	eliot	N	PROPN;ANIM;NOM;MASC;SG
tea	caj	tea	caj	N	INTJ
stern	prísny	stern	prísny		ADJ;INAN;NOM;MASC;SG
stern	stern	stern	stern		PROPN;ANIM;NOM;MASC;SG
chrudim	chrudim	chrudim	chrudie	V	PROPN;ANIM;NOM;MASC;SG
teddy	teddy	teddy	teddy		N;ANIM;NOM;MASC;SG
marek	marek	marek	marek		N;ANIM;NOM;MASC;SG
alien	mimozemšťan	alien	mimozemšťan		N;ANIM;NOM;MASC;SG
alien	mimozemské	alien	mimozemský		ADJ;NOM;NEUT;SG
alien	votrelec	alien	votrelec		N;ANIM;NOM;MASC;SG
schindler	schindler	schindler	schindler		N;ANIM;NOM;MASC;SG
lydia	lydia	lydia	lydium		N;NOM;FEM;SG
fun	fun	fun	fun	N	
lorenz	lorenz	lorenz	lorenz		N;ANIM;NOM;MASC;SG
bouches	bouches	bouches	bouches		N;ANIM;NOM;MASC;SG
clermont	clermont	clermont	clermont	N	PROPN;ANIM;NOM;MASC;SG
dalton	dalton	dalton	dalton		PROPN;ANIM;NOM;MASC;SG
gottfried	gottfried	gottfried	gottfried		PROPN;ANIM;NOM;MASC;SG
stephens	stephens	stephens	stephens		PROPN;ANIM;NOM;MASC;SG
noctua	noctua	noctua	noctua		N;INAN;NOM;MASC;SG
byrne	byrne	byrne	byrne	N	PROPN;ANIM;NOM;MASC;SG
lesser	menšie	lesser	malý		ADV;CMPR
compton	compton	compton	compton	N	PROPN;ANIM;NOM;MASC;SG
mgm	mgm	mgm	mgm	N	PROPN;NOM;FEM;SG
brock	brock	brock	brock		PROPN;ANIM;NOM;MASC;SG
conway	conway	conway	conway	N	PROPN;ANIM;NOM;MASC;SG
msn	msn	msn	msn		N;NOM;NEUT;SG
schuster	schuster	schuster	schuster	N	PROPN;ANIM;NOM;MASC;SG
fleming	fleming	fleming	fleming	N	PROPN;ANIM;NOM;MASC;SG
rodrigues	rodrigues	rodrigues	rodrigues		N;ANIM;NOM;MASC;SG
snyder	snyder	snyder	snyder		N;ANIM;NOM;MASC;SG
credit	credit	credit	credit		N;INAN;NOM;MASC;SG
credit	kredit	credit	kredit		N;INAN;NOM;MASC;SG
credit	úvery	credit	úver		N;INAN;NOM;MASC;PL
credit	úverové	credit	úverový		ADJ;NOM;NEUT;SG
credit	úver	credit	úver		N;INAN;NOM;MASC;SG
carrie	carrie	carrie	carrie		N;NOM;FEM;SG
axel	axel	axel	axel	N	PROPN;ANIM;NOM;MASC;SG
corp	corp	corp	corp	N	PROPN;NOM;FEM;SG
molotov	molotov	molotov	molot		N;INAN;NOM;MASC;SG
vieux	vieux	vieux	vieux		N;NOM;MASC;SG
novosibirsk	novosibirsku	novosibirsk	novosibirsko		ADV
frost	frost	frost	frost		
frost	mráz	frost	mraza		N;ANIM;NOM;MASC;SG
utrecht	utrecht	utrecht	utrecht	N	PROPN;INAN;NOM;MASC;SG
bösenberg	bösenberg	bösenberg	bösenberg		N;NOM;MASC;SG
munro	munro	munro	munro		PROPN;ANIM;NOM;MASC;SG
endangered	ohrozený	endangered	ohrozený	V	ADJ;ANIM;NOM;MASC;SG;POS;V.PTCP;PASS
endangered	ohrozená	endangered	ohrozený	V	ADJ;NOM;FEM;SG;POS;V.PTCP;PASS
endangered	ohrozených	endangered	ohrozený	V	ADJ;ANIM;GEN;MASC;PL;POS;V.PTCP;PASS
endangered	ohrozené	endangered	ohrozený	V	ADJ;NOM;NEUT;SG;POS;V.PTCP;PASS
lausanne	lausanne	lausanne	lausanne	N	ADV
café	café	café	cafý	N	
café	café	café	cafý	N	
norris	norris	norris	norris		N;ANIM;NOM;MASC;SG
sui	sui	sui	sui	N	
litoměřice	litoměřice	litoměřice	litomchica	N	PROPN;NOM;FEM;SG
gekko	gekko	gekko	gekko	V	N;NOM;NEUT;SG
nikita	nikita	nikita	nikita		PROPN;NOM;FEM;SG
giacomo	giacomo	giacomo	giaco	N	PROPN;ANIM;NOM;MASC;SG
dudley	dudley	dudley	dudlo		PROPN;ANIM;NOM;MASC;SG
pleasant	príjemný	pleasant	príjemný		ADJ;INAN;NOM;MASC;SG
pleasant	príjemne	pleasant	príjemne		ADV
pleasant	príjemná	pleasant	príjemný		ADJ;NOM;FEM;SG
pleasant	príjemné	pleasant	príjemný		ADJ;NOM;NEUT;SG
arras	arras	arras	arras	N	PROPN;ANIM;NOM;MASC;SG
tot	tot	tot	tot	ADJ	INTJ
điếc	hluchý	điếc	hluchý	V	ADJ;ANIM;NOM;MASC;SG
occidental	occidental	occidental	occidentať	N	PROPN;ANIM;NOM;MASC;SG
wedding	pletie	wedding	plietiť		V;IPFV;IND;SG;3;POS;PRS;FIN
annona	annona	annona	annona		N;INAN;NOM;MASC;SG
sami	sami	sami	sám		DET;ANIM;NOM;MASC;PL
vincennes	vincennes	vincennes	vincennes		ADV
hyde	hyde	hyde	hyde	N	PROPN;ANIM;NOM;MASC;SG
geisei	geisei	geisei	geisei		N;NOM;FEM;SG
backeb	backeb	backeb	backeb		N;NOM;FEM;PL
fejér	stoličnobelehradská	fejér	stoličnobelehradský	N	ADJ;NOM;FEM;SG
simone	simone	simone	simon		PROPN;ANIM;NOM;MASC;SG
ulysses	ulysses	ulysses	ulysses	N	PROPN;ANIM;NOM;MASC;SG
bourg	bourg	bourg	bourg	N	PROPN;ANIM;NOM;MASC;SG
tanganyika	tanganiky	tanganyika	tanganika		N;NOM;FEM;PL
wallis	wallis	wallis	wallis	N	PROPN;NOM;FEM;SG
thatcher	thatcher	thatcher	thatcher	V	N;ANIM;NOM;MASC;SG
byron	byron	byron	byron		PROPN;ANIM;NOM;MASC;SG
faber	faber	faber	faber	N	PROPN;ANIM;NOM;MASC;SG
ying	ying	ying	ying	N	PROPN;ANIM;NOM;MASC;SG
bromwich	bromwich	bromwich	brom	N	PROPN;ANIM;NOM;MASC;SG
arthropoda	arthropoda	arthropoda	arthropod		N;INAN;NOM;MASC;SG
pallens	pallens	pallens	pallens		N;NOM;FEM;SG
toni	toni	toni	toni		PROPN;ANIM;NOM;MASC;SG
raoul	raoul	raoul	raoul		N;ANIM;NOM;MASC;SG
wiener	wiener	wiener	wiener		PROPN;ANIM;NOM;MASC;SG
colt	colt	colt	colt	N	PROPN;ANIM;NOM;MASC;SG
danzig	danzig	danzig	danzig	N	PROPN;ANIM;NOM;MASC;SG
clarence	clarence	clarence	clarenec		N;ANIM;NOM;MASC;SG
pitbull	pitbull	pitbull	pitbull		N;ANIM;NOM;MASC;SG
watt	watt	watt	watt		N;INAN;NOM;MASC;SG
watt	wattov	watt	watt		N;INAN;GEN;MASC;PL
yoko	yoko	yoko	yoko		PROPN;NOM;MASC;SG
livingstone	livingstone	livingstone	livingstone		N;ANIM;NOM;MASC;SG
ned	ned	ned	ned	N	INTJ
ned	neda	ned	neda	N	INTJ
jerzy	jerzy	jerzy	jerzy	N	PROPN;ANIM;NOM;MASC;SG
koi	koi	koi	koi	N	INTJ
gội	aglaia	gội	aglaia	V	N;NOM;FEM;SG
durand	durand	durand	durand		N;INAN;NOM;MASC;SG
judy	judy	judy	jud	N	PROPN;NOM;FEM;SG
neue	neue	neue	ona	N	
crassus	crassus	crassus	crassus	N	PROPN;ANIM;NOM;MASC;SG
pom	pom	pom	pom	N	
mầu	farebné	mầu	farebný	N	ADJ;NOM;NEUT;SG
mầu	farebne	mầu	farebne	N	ADV
mầu	farebný	mầu	farebný	N	ADJ;ANIM;NOM;MASC;SG
higgins	higgins	higgins	higgins		PROPN;ANIM;NOM;MASC;SG
tal	tal	tal	tať	N	
aya	aya	aya	aya		PROPN;ANIM;NOM;MASC;SG
nevis	nevis	nevis	nevis	N	PROPN;ANIM;NOM;MASC;SG
germania	germania	germania	germanie	V	N;NOM;NEUT;PL
alpheus	alfeios	alpheus	alfeios		N;INAN;NOM;MASC;SG
meade	meade	meade	meade		PROPN;ANIM;NOM;MASC;SG
dorothy	dorothy	dorothy	doroth		PROPN;NOM;FEM;SG
hartley	hartley	hartley	hartley		PROPN;ANIM;NOM;MASC;SG
epstein	epstein	epstein	epsteina		PROPN;ANIM;NOM;MASC;SG
atr	atr	atr	atr		PROPN;INAN;NOM;MASC;SG
bonnie	bonnie	bonnie	bonnie	N	PROPN;NOM;FEM;SG
pictus	pictus	pictus	pictus		N;INAN;NOM;MASC;SG
gnome	gnome	gnome	gnom		N;INAN;NOM;MASC;SG
gutenberg	gutenberg	gutenberg	gutenberg		N;ANIM;NOM;MASC;SG
terre	terre	terre	terra	N	
novo	novo	novo	novo		ADV
gloster	gloster	gloster	gloster		PROPN;ANIM;NOM;MASC;SG
vita	vita	vita	vita		N;NOM;MASC;SG
nantes	nantes	nantes	nantes	N	PROPN;INAN;NOM;MASC;SG
stay	zostať	stay	zostať	N	V;PFV;POS;NFIN
stay	ostať	stay	ostať	N	V;PFV;POS;NFIN
scarabaeus	skarabeus	scarabaeus	skarabeus		N;NOM;FEM;SG
worms	červy	worms	červ		N;INAN;NOM;MASC;PL
worms	červov	worms	červ		N;INAN;GEN;MASC;PL
stefano	stefano	stefano	stefano	N	PROPN;ANIM;NOM;MASC;SG
tripura	tripura	tripura	tripura	NUM	N;INAN;NOM;MASC;SG
enrico	enrico	enrico	enrico	N	PROPN;ANIM;NOM;MASC;SG
nháy	blesk	nháy	blesk	V	N;INAN;NOM;MASC;SG
nháy	flash	nháy	flash	V	N;INAN;NOM;MASC;SG
nháy	záblesk	nháy	záblesk	V	N;INAN;NOM;MASC;SG
nháy	odpaľovanie	nháy	odpaľovanie	V	N;NOM;NEUT;SG
église	église	église	úglis		N;NOM;FEM;SG
alfredo	alfredo	alfredo	alfredo	N	PROPN;ANIM;NOM;MASC;SG
meigen	meigen	meigen	meigen		N;NOM;FEM;SG
corbett	corbett	corbett	corbett		PROPN;ANIM;NOM;MASC;SG
champ	borec	champ	borec		N;ANIM;NOM;MASC;SG
champ	šampión	champ	šampión		N;ANIM;NOM;MASC;SG
pall	pall	pall	pall		N;ANIM;NOM;MASC;SG
aves	aves	aves	aves		
jerome	jerome	jerome	jer	N	PROPN;ANIM;NOM;MASC;SG
yucca	yucca	yucca	yucec	N	PROPN;NOM;FEM;SG
nomen	nomen	nomen	nomen		N;ANIM;NOM;MASC;SG
als	aú	als	aú		
als	als	als	als		PROPN;ANIM;NOM;MASC;SG
neal	neal	neal	alo		PROPN;ANIM;NOM;MASC;SG
sạc	poplatok	sạc	poplatok	V	N;INAN;NOM;MASC;SG
sạc	nabíjanie	sạc	nabíjanie	V	N;NOM;NEUT;SG
sạc	nabíjania	sạc	nabíjanie	V	N;NOM;NEUT;PL
fossil	fosílnych	fossil	fosílny	NUM	ADJ;GEN;MASC;PL
fossil	fosílne	fossil	fosílny	NUM	ADJ;NOM;NEUT;SG
bart	bart	bart	bart		PROPN;ANIM;NOM;MASC;SG
eniwetok	eniwetok	eniwetok	eniwetok		N;INAN;NOM;MASC;SG
bourne	bourne	bourne	bourne	N	PROPN;ANIM;NOM;MASC;SG
esther	ester	esther	ester	N	PROPN;NOM;FEM;SG
esther	esther	esther	esther	N	PROPN;NOM;FEM;SG
leroy	leroy	leroy	lero		N;ANIM;NOM;MASC;SG
cdp	cdp	cdp	cdp	N	
callas	callas	callas	callas	N	PROPN;NOM;FEM;SG
lester	lester	lester	lester		N;ANIM;NOM;MASC;SG
prostějov	prostějov	prostějov	prostějov		PROPN;INAN;NOM;MASC;SG
mérimée	mérimée	mérimée	mérimý		N;NOM;MASC;SG
carson	carson	carson	carson	N	PROPN;ANIM;NOM;MASC;SG
ichi	iči	ichi	iči	N	PROPN;ANIM;NOM;MASC;SG
mitterrand	mitterrand	mitterrand	mitterrand		N;ANIM;NOM;MASC;SG
doug	doug	doug	doug		PROPN;ANIM;NOM;MASC;SG
arroyo	arroyo	arroyo	arroyo	N	PROPN;INAN;NOM;MASC;SG
oss	oss	oss	oss		PROPN;ANIM;NOM;MASC;SG
alpine	alpskom	alpine	alpský	N	ADJ;INS;NEUT;SG
