parva	parva	parva	parva		
gallo	gallo	gallo	gallot	N	PROPN
sonora	sonora	sonora	sonora		PROPN;NOM;FEM;SG
hubert	hubert	hubert	hubert		
bertrand	bertrand	bertrand	bertrands		
turin	turīna	turin	turīna	NUM	N;NOM;FEM;SG
tibialis	tibialis	tibialis	tibialis		N;NOM;MASC;SG
wikitext	wikitext	wikitext	wikitext		
valentin	valentīns	valentin	valentīns		N;NOM;MASC;SG
thriller	thriller	thriller	thriller	N	PROPN;NOM;FEM;SG
fidel	fidel	fidel	fidel		
ash	pelni	ash	pelns		N;NOM;MASC;PL
ash	pelnu	ash	pelni		N;ACC;MASC
ash	pelnus	ash	pelns		N;ACC;MASC;PL
brittany	bretaņas	brittany	bretaņa		PROPN;NOM;FEM;SG
ret	ret	ret	ret		
giặt	veļas	giặt	veļa	V	N;NOM;FEM
giặt	veļa	giặt	veļa	V	N;NOM;FEM;SG
wrestlemania	wrestlemania	wrestlemania	wrestlemania		N;NOM;FEM;SG
spitfire	spitfire	spitfire	spitfire		N;NOM;FEM;SG
andre	andrē	andre	andre		PROPN
andre	andrē	andre	andre		PROPN
pierce	pīrss	pierce	pīrss		PROPN;NOM;MASC;SG
catania	catania	catania	catanis	N	
karst	karsta	karst	karsta	N	ADJ;NOM;FEM;SG
santana	santana	santana	santana		PROPN;NOM;FEM;SG
hilton	hilton	hilton	hilts	N	
smithii	smithii	smithii	smithi		N;NOM;MASC;SG
spotted	pamanīja	spotted	pamanīt		V;FH;IND;3;POS;PST;FIN;ACT
cược	derēt	cược	derēt	N	V;POS;NFIN
lars	lars	lars	lars	N	PROPN;NOM;MASC;SG
wikimapia	wikimapia	wikimapia	wikimapia		N;NOM;MASC;SG
chẻ	caurumu	chẻ	caurums		N;ACC;MASC;SG
chẻ	caurums	chẻ	caurums		N;NOM;MASC;SG
rainer	rainers	rainer	rainers	N	PROPN;NOM;MASC;SG
vilnius	viļņas	vilnius	vilna	N	PROPN;NOM;FEM;SG
vilnius	viļņā	vilnius	vilna	N	PROPN;ESS;MASC;SG
trieste	triestes	trieste	triesti	N	PROPN;NOM;FEM;SG
arafat	arafats	arafat	arafats	N	PROPN;NOM;MASC;SG
leonid	leonīds	leonid	leonīds	N	PROPN;NOM;MASC;SG
fuller	pilnīgāku	fuller	pilnīga	N	ADJ;ACC;CMPR;MASC;SG
phoebe	fēbe	phoebe	fēbe	N	PROPN;NOM;SG
concorde	concorde	concorde	concorde	N	
sec	sek	sec	sek	N	NUM
barca	barca	barca	barka	N	PROPN;NOM;FEM;SG
midland	midland	midland	midlandēt	N	
nottingham	nottingham	nottingham	not	N	PROPN;DAT;MASC;SG
mono	mono	mono	mono	N	
sites	vietnes	sites	vietne		N;NOM;FEM;PL
skin	ādas	skin	āda		N;NOM;FEM;PL
skin	ādu	skin	āda		N;ACC;FEM;SG
skin	āda	skin	āda		N;NOM;FEM;SG
doyle	doyle	doyle	doyle	N	
gamespot	gamespot	gamespot	gamespt		N;NOM;FEM;PL
tít	dzird	tít	dzirdēt		V;FH;IND;3;POS;PRS;FIN;ACT
tít	dzirdu	tít	dzirdēt		V;FH;IND;SG;1;POS;PRS;FIN;ACT
tít	dzirdēt	tít	dzirdēt		V;POS;NFIN
rising	aug	rising	augt		V;FH;IND;3;POS;PRS;FIN;ACT
rising	celšanās	rising	celšanās		N;NOM;FEM;SG
rising	pieaug	rising	pieaugt		V;FH;IND;3;POS;PRS;FIN;ACT
leigh	leigh	leigh	leigh		
núm	izspieda	núm	izspiest	N	V;FH;IND;3;POS;PST;FIN;ACT
massa	massa	massa	mass		
merlin	merlin	merlin	merlin	N	
gmelin	gmelin	gmelin	gmelin		
nymphalidae	nymphalidae	nymphalidae	nymphalidae		N;NOM;FEM;SG
surrey	surrey	surrey	surrey	NUM	
barset	barset	barset	barset		N;NOM;MASC;SG
bolzano	bolcāno	bolzano	bolcāns	N	PROPN
martinez	martinez	martinez	martine	N	
gill	žaunu	gill	žauna		N;NOM;MASC;SG
edison	edison	edison	edison	N	
cyanea	cyanea	cyanea	Cyane		N;NOM;FEM;SG
bravo	bravo	bravo	bravot		N
bauer	bauer	bauer	bauer	N	
lateralis	lateralis	lateralis	lateralis		N;NOM;MASC;SG
vittata	vittata	vittata	vittats		N;NOM;FEM;SG
hopper	bunkura	hopper	bunkurs	V	N;GEN;MASC;SG
goa	av	goa	av		
nicholson	nicholson	nicholson	nicholson		PROPN;NOM;MASC;SG
dhabi	dabī	dhabi	dabīt	N	
smirnova	smirnova	smirnova	smirnot		N;NOM;MASC;SG
guderian	guderians	guderian	guderians		PROPN;NOM;MASC;SG
mladá	mladá	mladá	mladá	NUM	
soft	mīksto	soft	mīksta		ADJ;ACC;MASC;SG
soft	mīksti	soft	mīksts		ADJ;NOM;MASC;PL
soft	maiga	soft	maiga		ADJ;NOM;FEM;SG
soft	mīkstie	soft	mīksts		ADJ;NOM;MASC;PL
soft	mīksta	soft	mīksta		ADJ;NOM;FEM;SG
soft	mīksts	soft	mīksts		ADJ;NOM;MASC;SG
ornatus	ornatus	ornatus	ornats		N;NOM;MASC;SG
estadio	estadio	estadio	estadio		
jörg	jörg	jörg	jörg	NUM	
brevis	brevis	brevis	brevis		N;NOM;MASC;SG
breed	šķirne	breed	šķirne		N;NOM;FEM;SG
sphinx	sfinksa	sphinx	sfinkss		N;NOM;FEM;SG
rogue	negodīgi	rogue	negodīgi	N	ADV
crimea	krimas	crimea	krima	V	PROPN;NOM;FEM;SG
abkhazia	abhāzijas	abkhazia	abhāzija		PROPN;NOM;FEM;SG
pepper	pipari	pepper	pipars		N;NOM;MASC;PL
hrsg	hrsg	hrsg	hrsg		
griff	grifs	griff	grifs		N;NOM;MASC;SG
koh	koh	koh	kah	N	
waterhouse	waterhouse	waterhouse	waterhouse		N;NOM;MASC;SG
molina	molina	molina	molināt		PROPN;NOM;FEM;SG
composite	salikta	composite	salikt	N	V;PFV;NOM;INDF;FEM;SG;PST;V.PTCP
andrés	andress	andrés	andress	N	PROPN;NOM;MASC;SG
tonumber	tonumber	tonumber	tonumbers		N;NOM;MASC;SG
robbie	robijs	robbie	robijs	N	PROPN;NOM;MASC;SG
sally	sallija	sally	sallija		PROPN;NOM;FEM;SG
pardubice	pardubice	pardubice	pardubice	N	
zurich	cīrihe	zurich	cīrihe	N	
choáng	sairšanas	choáng	sairšana	V	N;NOM;FEM;PL
mứt	jam	mứt	jam	N	
patton	patons	patton	patons		N;NOM;MASC;SG
longicornis	longicornis	longicornis	longicornis	ADJ	N;NOM;MASC;SG
drew	pievērsa	drew	pievērt		V;FH;IND;3;POS;PST;FIN;ACT
bernhard	bernhards	bernhard	bernhards	N	PROPN;NOM;MASC;SG
tna	tna	tna	tna	N	PROPN
hindenburg	hindenburgs	hindenburg	hindenburgs		N;NOM;MASC;SG
smile	smaidi	smile	smaids		N;NOM;MASC;PL
smile	smaids	smile	smaids		N;NOM;MASC;SG
tbilisi	tbilisi	tbilisi	tbilisis	N	
rochester	rochester	rochester	rochester		PROPN;NOM;FEM;SG
kira	kira	kira	kira	N	PROPN;NOM;MASC;SG
kaoru	wada	kaoru	vadīt	N	PROPN
marguerite	marguerite	marguerite	marguerite		N;NOM;MASC;SG
navbox	navbox	navbox	navbokt		
benito	benito	benito	benita	N	PROPN
ngứa	nieze	ngứa	nieze	V	N;NOM;FEM;SG
ngứa	niezi	ngứa	nieze	V	N;ACC;FEM;SG
ngứa	nagus	ngứa	nags	V	N;ACC;MASC;PL
ngứa	nagi	ngứa	nags	V	N;NOM;MASC;PL
rebecca	rebeka	rebecca	rebeks		PROPN;NOM;FEM;SG
satoshi	satoši	satoshi	satīt		PROPN;NOM;MASC;SG
stones	akmeņiem	stones	akmens		N;DAT;MASC;PL
stones	akmeņi	stones	akmens		N;NOM;MASC;PL
schultz	šulcs	schultz	šulcs	N	PROPN;NOM;MASC;SG
prop	balsts	prop	balsts		N;NOM;MASC;SG
desc	desc	desc	deskt		
martens	martens	martens	martens		PROPN;NOM;MASC;SG
pot	katlā	pot	katls		N;ESS;MASC;SG
striatus	striatus	striatus	striats		N;ACC;MASC;PL
obi	obi	obi	obi	N	
alma	alma	alma	alma	NUM	PROPN;NOM;FEM;SG
pomorskie	pomorske	pomorskie	pomorske		N;NOM;MASC;SG
weasley	vīzlijs	weasley	vīzlijs		N;NOM;MASC;SG
parvula	parvula	parvula	parvuls		N;NOM;MASC;SG
kombat	kombat	kombat	kombat	N	
hub	hub	hub	hub	N	
tivi	televizors	tivi	televizors	ADJ	N;NOM;MASC;SG
tivi	televīzijas	tivi	televīzija	ADJ	N;NOM;FEM;PL
tivi	televīzija	tivi	televīzija	ADJ	N;NOM;FEM;SG
argentine	argentīna	argentine	argentīns	N	PROPN;NOM;FEM;SG
argentine	argentīnas	argentine	argentīna	N	PROPN;NOM;FEM;SG
benin	beninas	benin	beninas	N	PROPN;NOM;FEM;SG
sar	sar	sar	sarēt	N	
intercontinental	starpkontinentu	intercontinental	starpkontinents		N;ACC;MASC;SG
aquino	akino	aquino	akinot	N	
tina	tīna	tina	tīna		PROPN;NOM;FEM;SG
rugosa	rugosa	rugosa	rugoss		N;ESS;MASC;SG
mystery	noslēpumainā	mystery	noslēpumains		ADJ;NOM;FEM;SG
ruth	ruta	ruth	ruts		PROPN;NOM;FEM;SG
ruth	rūta	ruth	rūts		N;NOM;FEM;SG
monde	monde	monde	monde	N	
picasso	pikaso	picasso	pikaso	N	PROPN
bien	redzams	bien	redzēt	N	V;NOM;INDF;MASC;SG;PRS;V.PTCP;PASS
bien	pamanāma	bien	pamanīt	N	V;NOM;INDF;FEM;SG;PRS;V.PTCP;PASS
bien	redzami	bien	redzēt	N	V;NOM;INDF;MASC;PL;PRS;V.PTCP;PASS
bien	redzamais	bien	redzēt	N	V;NOM;DEF;MASC;SG;PRS;V.PTCP;PASS
bien	redzama	bien	redzēt	N	V;NOM;INDF;FEM;SG;PRS;V.PTCP;PASS
hoffmann	hofmanis	hoffmann	hofmanis		N;NOM;MASC;SG
geo	geo	geo	geo		
sussex	sussex	sussex	sussey	N	
isabel	izabella	isabel	izabells		PROPN;NOM;FEM;SG
batista	batista	batista	batists		N;NOM;MASC;SG
highland	augstienes	highland	augstiene		N;NOM;FEM;PL
avenue	avenue	avenue	avenue		
aspx	aspx	aspx	aspl	N	
chatham	chatham	chatham	chaths	N	
una	una	una	una	N	PROPN;NOM;FEM;SG
niels	niels	niels	niels	N	
smackdown	smackdown	smackdown	smackdown		PROPN
albus	baltus	albus	balts		ADJ;ACC;MASC;PL
pmid	pmid	pmid	pmids		N
camille	kamila	camille	kamils	N	PROPN;NOM;FEM;SG
wendy	vendija	wendy	vendijs		N;NOM;FEM;SG
phoiac	phoiac	phoiac	phoiac	V	N;NOM;MASC;SG
eteeq	eteeq	eteeq	eteuzt		
echo	echo	echo	echo	N	
gneisenau	gneizenavs	gneisenau	gneizenavs		ADJ;NOM;MASC;SG
holiday	brīvdiena	holiday	brīvdiena		N;NOM;FEM;SG
holiday	brīvdienu	holiday	brīvdiena		N;ACC;FEM;SG
ribera	ribera	ribera	ribera	NUM	PROPN;NOM;FEM;SG
dornier	dornier	dornier	dornier	N	
timur	timurs	timur	timurs	N	PROPN;NOM;MASC;SG
hemingway	hemingvejs	hemingway	hemingvejs		N;NOM;MASC;SG
táp	bite	táp	bite	V	N;NOM;FEM;SG
psoe	psoe	psoe	psoe		PROPN
capcom	capcom	capcom	capcom	N	
viz	viz	viz	viz		INTJ
gibbs	gibbs	gibbs	gibbs	CONJ	N;NOM;MASC;SG
battlefield	battlefield	battlefield	battlefield	N	
fiat	fiat	fiat	fiat	N	
montpellier	monpeljē	montpellier	monpeljēt	N	PROPN;ESS;FEM;SG
atatürk	atatürk	atatürk	atatnrk	N	
ivoire	ivoire	ivoire	ivoire	N	
stress	stress	stress	stress		N;NOM;MASC;SG
sei	sei	sei	sei		
tak	tak	tak	tak	N	
pattern	raksts	pattern	raksts	V	N;NOM;MASC;SG
brain	smadzenes	brain	smadzenes	V	N;NOM;FEM
levant	levant	levant	levant	N	
fragilis	fragilis	fragilis	fragilis		N;NOM;MASC;SG
vila	vila	vila	vila		
sapporo	saporo	sapporo	saporot	N	PROPN
davao	davao	davao	dava	N	
alive	dzīvs	alive	dzīvs		ADJ;NOM;MASC;SG
alive	dzīva	alive	dzīva		ADJ;NOM;FEM;SG
cent	centu	cent	cents		N;ACC;MASC;SG
cent	centi	cent	cents		
sandy	sandija	sandy	sandija		N;NOM;FEM;SG
fra	fra	fra	fra		
cuốc	nejauši	cuốc	nejauši	N	ADV
cuốc	nejauša	cuốc	nejauša	N	ADJ;NOM;FEM;SG
desmond	dezmonds	desmond	dezmonds		N;NOM;MASC;SG
paranaense	paranaense	paranaense	paranaense		N;NOM;FEM;SG
terra	tera	terra	tera		
terra	terra	terra	terra		
tudor	tudor	tudor	tudor	N	
nigripes	nigripes	nigripes	nigripe		N;NOM;FEM;PL
wikisource	wikisource	wikisource	wikisource	V	N;NOM;MASC;SG
pal	pal	pal	pal		N
champs	champs	champs	champs		
menu	menu	menu	mens	N	
kelvin	kelvinos	kelvin	kelvināt		N;ESS;MASC;PL
klug	klugs	klug	klugs		N;NOM;MASC;SG
sergio	sergio	sergio	sergio	N	
pitt	pits	pitt	pits	N	PROPN;NOM;MASC;SG
orlicí	orlices	orlicí	orlice		N;NOM;MASC;SG
trier	trier	trier	trier	N	
sistema	sistema	sistema	sistema	V	N;NOM;FEM;SG
nihon	nihon	nihon	nihon	N	PROPN
medium	vidēja	medium	vidējs		ADJ;NOM;FEM;SG
medium	vidējs	medium	vidējs		ADJ;NOM;MASC;SG
jakob	jakobs	jakob	jakobs	N	PROPN;NOM;MASC;SG
cal	kal	cal	kal		
cool	forša	cool	forša		ADJ;NOM;FEM;SG
cool	forši	cool	forši		ADV
cool	cool	cool	cool		
lons	lons	lons	lons		N;NOM;MASC;SG
moreno	moreno	moreno	moreno		PROPN
telegraph	telegrāfa	telegraph	telegrāfa		N;GEN;MASC;SG
milk	piens	milk	piens		N;NOM;MASC
leucas	leucas	leucas	leukties		V;FH;IND;3;POS;REFL;PRS;FIN;ACT
daphne	daphne	daphne	daphne	N	
livingston	livingstona	livingston	livingstons		N;GEN;MASC;SG
wollaston	vulastona	wollaston	vulastons	V	N;NOM;FEM;SG
thierry	thierry	thierry	thierry	N	
rupestris	rupestris	rupestris	rupestris		N;NOM;MASC;SG
serena	serena	serena	serens	N	PROPN;NOM;FEM;SG
graz	grācas	graz	grācties		N;NOM;FEM;PL
flo	flo	flo	flo	N	
mons	monsa	mons	monsa	N	
kangaroo	ķengurs	kangaroo	ķengurs		N;NOM;MASC;SG
kangaroo	ķenguri	kangaroo	ķenguris		N;NOM;MASC;PL
lucida	lucida	lucida	lucidāt		N;NOM;FEM;SG
ismail	ismail	ismail	ismail	N	
siamensis	siamensis	siamensis	siamensis		N;NOM;MASC;SG
isla	isla	isla	isla	N	
intermedius	intermedius	intermedius	intermedis		N;ACC;MASC;PL
alejandro	alejandro	alejandro	alejandro	N	PROPN;NOM;FEM;SG
potamogeton	potamogeton	potamogeton	potamogeton		N;NOM
friuli	friuli	friuli	friuli		
muscicapidae	muscicapidae	muscicapidae	muscicapidae	N	PROPN;NOM;FEM;SG
albedo	albedo	albedo	albeda		N
infinite	bezgalīgu	infinite	bezgalīga	N	ADJ;ACC;MASC;SG
hale	heils	hale	heils	N	PROPN;NOM;MASC;SG
bács	bāčas	bács	bāča		N;NOM;FEM;PL
breda	breda	breda	bredīt	N	PROPN;NOM;FEM;SG
res	res	res	res		N
marvin	mārvins	marvin	mārvins	N	PROPN;NOM;MASC;SG
lift	pacelt	lift	pacelt		V;POS;NFIN
lift	lifts	lift	lifts		N;NOM;MASC;SG
inn	inn	inn	inn	N	
neill	nīls	neill	nīls	N	PROPN;NOM;MASC;SG
esp	esp	esp	būt	N	
encyclopædia	encyclopædia	encyclopædia	encyclopædia	V	
gore	gors	gore	gors		PROPN;NOM;MASC;SG
kiskun	kiškunas	kiskun	kiškuna		N;NOM;FEM;PL
donna	donna	donna	donna		
kauai	kauai	kauai	kaua		
blansko	blansko	blansko	blanska		N
ulrich	ulrich	ulrich	ulrich		
nitens	nitens	nitens	nitens		N;NOM;MASC;SG
gap	plaisu	gap	plaiss	V	N;ACC;FEM;SG
gap	llp	gap	llp	V	N
erie	erie	erie	erie	N	
ogg	ogg	ogg	ogg	N	
frances	frānsiss	frances	frānsiss		N;NOM;MASC;SG
adriatic	adrijas	adriatic	adrija		PROPN;NOM;FEM;SG
viva	viva	viva	viva		
vanilla	pērkons	vanilla	pērkons		N;NOM;MASC;SG
vanilla	vaniļas	vanilla	vaniļa		N;NOM;FEM;PL
société	société	société	société	N	
extreme	ārkārtīgi	extreme	ārkārtīgi		ADV
bilbao	bilbao	bilbao	bilbas	N	PROPN;NOM;FEM;SG
bun	bulgāru	bun	bulgārs		N;GEN;MASC;PL
bun	būla	bun	būt		N;NOM;FEM;SG
bun	bun	bun	bun		
isidro	isidro	isidro	isidrot	NUM	
andrey	andrejs	andrey	andrejs	N	PROPN;NOM;MASC;SG
mẹo	tip	mẹo	tipēt	N	
metropolitana	metropolitana	metropolitana	metropolitana		N;NOM;FEM;SG
pegasus	pegasus	pegasus	pegass		N;NOM;MASC;SG
seymour	sīmora	seymour	sīmors		N;NOM;MASC;SG
wilde	vailds	wilde	vailds	N	PROPN;NOM;MASC;SG
lex	lex	lex	lex		
magnifica	magnifica	magnifica	magnifics		N;NOM;FEM;SG
episodes	epizodes	episodes	epizode		N;NOM;FEM;PL
herb	augam	herb	augs		N;DAT;MASC;SG
herb	auga	herb	auga		N;NOM;FEM;SG
ringo	ringo	ringo	ringo		N
nicola	nicola	nicola	nicols	N	PROPN;NOM;FEM;SG
burgundy	bordo	burgundy	bords	N	PROPN
renault	renault	renault	renault		N
mew	mew	mew	mēt	N	
bleach	balinātāju	bleach	balinātājs		N;ACC;MASC;SG
stub	pusass	stub	pusass		N;NOM;FEM;SG
avengers	avengers	avengers	avengers		N;NOM;MASC;SG
weiss	weiss	weiss	weiss	N	
rousseau	ruso	rousseau	rusot	N	PROPN
switch	pārslēgties	switch	pārslēgties	N	V;POS;REFL;NFIN
switch	slēdzis	switch	slēgt	N	V;PFV;NOM;INDF;MASC;SG;PST;V.PTCP
switch	pārslēgt	switch	pārslēgt	N	V;POS;NFIN
herald	herald	herald	heralde		
fide	fide	fide	fide	N	PROPN
dickinson	dikinsons	dickinson	dikinsons		PROPN;NOM;MASC;SG
melanie	melānija	melanie	melānija		N;NOM;FEM;SG
ngơ	ignorējot	ngơ	ignorēt		V;V.CVB
ngơ	ignorē	ngơ	ignorēt		V;FH;IND;3;POS;PRS;FIN;ACT
chamberlain	čemberlens	chamberlain	čemberlens	V	N;NOM;MASC;SG
kazakh	kazahstānas	kazakh	kazahstāna	N	PROPN;NOM;FEM;SG
bye	bye	bye	bye		
bye	atā	bye	ats		INTJ
pioneer	pioneer	pioneer	pioneer	N	
paula	paula	paula	pauls		PROPN;NOM;FEM;SG
imdb	imdb	imdb	imdb		
romano	romano	romano	romano		
wizard	burvis	wizard	burvis		N;NOM;MASC;SG
zander	canders	zander	canders		N;NOM;MASC;SG
hokage	hokage	hokage	hokage	N	PROPN;NOM;FEM;SG
cash	nauda	cash	nauda		N;NOM;FEM;SG
lugo	lugo	lugo	lugs	NUM	PROPN
sardegna	sardīnijas	sardegna	sardīnija	N	PROPN;NOM;FEM;PL
nur	nur	nur	nurt	N	
mask	maska	mask	maska		N;NOM;FEM;SG
coa	coa	coa	coa	V	
cluj	cluj	cluj	clujēt	NUM	
sinclair	sinclair	sinclair	sinclair		
asparagus	sparģeļu	asparagus	sparģelis		N;GEN;MASC;PL
rojas	rojas	rojas	roja		PROPN;NOM;FEM;PL
salmon	laša	salmon	lasīt	N	ADJ;NOM;FEM;SG
rufipes	rufipes	rufipes	rufipe		N;NOM;FEM;SG
dahl	dahl	dahl	dahl	N	PROPN
nhả	izlaišana	nhả	izlaišana	V	N;NOM;FEM;SG
nhả	atbrīvošana	nhả	atbrīvošana	V	N;NOM;FEM;SG
charlemagne	charlemagne	charlemagne	charlemagne		PROPN;NOM;FEM;SG
jenkins	jenkins	jenkins	jenkins		
minneapolis	mineapolisā	minneapolis	mineapolisa		N;ESS;FEM;SG
pack	iepakojums	pack	iepakojums		N;NOM;MASC;SG
modena	modena	modena	modena	NUM	N;NOM;MASC;SG
buckingham	bekingemas	buckingham	bekingema		N;NOM;FEM;PL
kitty	kitija	kitty	kitija		PROPN;NOM;FEM;SG
sholokhov	šolohovs	sholokhov	šolohovs		N;NOM;MASC;SG
mona	mona	mona	mona	N	PROPN;NOM;FEM;SG
maritima	maritima	maritima	maritima		N;NOM;FEM;SG
baba	baba	baba	baba		
ost	ost	ost	ost		
backstreet	backstreet	backstreet	backstreet		
saunier	saunier	saunier	saunier		N;NOM;MASC;SG
nagano	nagano	nagano	naganot	N	PROPN
spielberg	spīlberga	spielberg	spīlberga		N;GEN;MASC;SG
coventry	coventry	coventry	coventry	N	
pbs	pbs	pbs	pbs		
pau	pau	pau	pau	N	
svitavy	svitavi	svitavy	svitavi		N;NOM;MASC;SG
ito	ito	ito	ito		
calvert	kalverts	calvert	kalverts		N;NOM;MASC;SG
nolan	nolans	nolan	nolans		N;NOM;MASC;SG
treviso	treviso	treviso	treviss	N	
linum	linum	linum	linus		N;NOM;MASC;SG
romeo	romeo	romeo	romeo	N	
didier	didjē	didier	didjē	N	PROPN
meet	satiekas	meet	satikties	ADJ	V;FH;IND;3;POS;REFL;PRS;FIN;ACT
meet	tiekas	meet	tikties	ADJ	V;FH;IND;3;POS;REFL;PRS;FIN;ACT
meet	sanāk	meet	sanākt	ADJ	V;FH;IND;3;POS;PRS;FIN;ACT
alexis	aleksis	alexis	aleksis	N	PROPN;NOM;MASC;SG
nigriceps	nigriceps	nigriceps	nigriceps	V	N;NOM;MASC;SG
titus	tits	titus	tits	N	PROPN;NOM;MASC;SG
hayek	hayek	hayek	hayek	N	
messenger	messenger	messenger	messenger	N	PROPN;NOM;FEM;SG
por	por	por	por		
stream	straumes	stream	straume		N;NOM;FEM;PL
stream	straume	stream	straume		N;NOM;FEM;SG
stream	stream	stream	stres		
petra	petra	petra	petra	N	PROPN;NOM;FEM;SG
gatwick	getvikas	gatwick	getvika		N;NOM;FEM;PL
oldenburg	oldenburgas	oldenburg	oldenburga		N;NOM;FEM;PL
ensign	ensign	ensign	ensign		
carlsen	kārlsens	carlsen	kārlsens	N	PROPN;NOM;MASC;SG
gerard	gérard	gerard	gérard		
gerard	džerards	gerard	džerards		N;NOM;MASC;SG
bergman	bergmane	bergman	bergmane		N;NOM;FEM;SG
cast	lietos	cast	lieti	N	V;FH;IND;3;POS;PRS;FIN;ACT
focke	focke	focke	focke		
boca	boca	boca	bocs	N	
nếm	garšu	nếm	garša	V	N;ACC;FEM;SG
nếm	gaume	nếm	gaume	V	N;NOM;FEM;SG
nếm	garša	nếm	garša	V	N;NOM;FEM;SG
nếm	garšas	nếm	garša	V	N;NOM;FEM;PL
pusillus	pusillus	pusillus	pusilss		N;NOM;MASC;SG
seem	sem	seem	sem	ADJ	
amour	amour	amour	amour	N	
amor	amor	amor	amor		
zara	zāra	zara	zārs		N;NOM;FEM;SG
richelieu	rišeljē	richelieu	rišelis	N	PROPN;ESS;FEM;SG
michele	michele	michele	michele	N	
swansea	swansea	swansea	swanses	N	
españa	españa	españa	espass	N	
mendoza	mendoza	mendoza	mendoza	N	PROPN;NOM;FEM;SG
gmt+	gmt	gmt+	gmt		N;NOM;MASC;SG
tunis	tunisa	tunis	tuniss	N	PROPN;NOM;FEM;SG
allard	allard	allard	allard		
lyudmila	ludmila	lyudmila	ludmila		N;NOM;FEM;SG
nigel	nigel	nigel	nigelt	N	
garfield	gārfīlds	garfield	gārfīlds		N;NOM;MASC;SG
tula	tulas	tula	tulēties	NUM	PROPN;NOM;FEM;SG
texte	texte	texte	texte		
aff	aff	aff	aff	N	
hermes	hermes	hermes	herme	N	
alicia	alīsija	alicia	alīsija		N;NOM;FEM;SG
registry	reģistrs	registry	reģistrs		N;NOM;MASC;SG
registry	kanceleja	registry	kanceleja		N;NOM;FEM;SG
eindhoven	eindhoven	eindhoven	eindhoven	N	PROPN;NOM;FEM;SG
seinen	seinen	seinen	seinen		
archipelago	arhipelāga	archipelago	arhipelāga	V	ADJ;NOM;FEM;SG
kakashi	kakaši	kakashi	kakaši		N;NOM;MASC;SG
gogh	goga	gogh	gogs		N;NOM;MASC;SG
nirvana	nirvana	nirvana	nirvana		PROPN;NOM;FEM;SG
harley	harley	harley	harley	N	
wanted	gribēju	wanted	gribēt	N	V;FH;IND;SG;1;POS;PST;FIN;ACT
wanted	gribēja	wanted	gribēt	N	V;FH;IND;3;POS;PST;FIN;ACT
wanted	vēlējās	wanted	vēlēties	N	V;FH;IND;3;POS;REFL;PST;FIN;ACT
reno	reno	reno	reno	N	PROPN
lagrange	lagrange	lagrange	lagrange	N	
chát	skarbi	chát	skarbe	ADJ	N;NOM;MASC;PL
chát	chat	chát	chat	ADJ	
melody	melodija	melody	melodija		N;NOM;FEM;SG
beretta	bereta	beretta	berets		N;NOM;MASC;SG
sterling	sterliņu	sterling	sterliņš	V	N;ACC;MASC;SG
chambers	kameras	chambers	kamera		N;NOM;FEM;PL
chambers	palātas	chambers	palāta		N;NOM;FEM;PL
mari	mari	mari	mars		PROPN;NOM;MASC;SG
chevrolat	chevrolat	chevrolat	chevrolat		N;NOM;MASC;SG
shirley	šērlija	shirley	šērlija		N;NOM;FEM;SG
michelangelo	mikelandželo	michelangelo	mikelandželo		N;NOM;MASC;SG
nairobi	nairobi	nairobi	nairobis	N	
xui	neveiksme	xui	neveiksme	ADJ	N;NOM;FEM;SG
lou	lū	lou	lū	N	
boulogne	buloņas	boulogne	buloņa	N	PROPN;NOM;FEM;PL
akbar	akbar	akbar	akbar	N	
sandra	sandra	sandra	sandra		PROPN;NOM;FEM;SG
buch	buch	buch	buch		
interwiki	interwiki	interwiki	interviks	N	
acad	acad	acad	acad	N	
angry	dusmīgs	angry	dusmīgs	N	ADJ;NOM;MASC;SG
angry	dusmīga	angry	dusmīga	N	ADJ;NOM;FEM;SG
lisboa	lisabona	lisboa	lisabons		PROPN;NOM;FEM;SG
lisboa	lisabonas	lisboa	lisabona		N;NOM;FEM;PL
lisboa	lisabonā	lisboa	lisabons		N;ESS;MASC;SG
dispar	mūķene	dispar	mūķene		N;NOM;FEM;SG
shevchenko	ševčenko	shevchenko	ševčenko	N	PROPN
klm	klm	klm	klm		
kansai	kansai	kansai	kansa		N;DAT;FEM;SG
oval	ovālas	oval	ovāla	N	ADJ;NOM;FEM;PL
lineatus	lineatus	lineatus	lineāts		N;ACC;MASC;PL
everest	everest	everest	everest	N	PROPN;NOM;FEM;SG
nationale	nationale	nationale	nationale	N	
ida	ida	ida	ida		PROPN;NOM;FEM;SG
atm	atm	atm	ats	N	
deutsch	deutsch	deutsch	deutsch	N	
cantor	kantors	cantor	kantors		N;NOM;MASC;SG
dover	dover	dover	dover	N	
avia	avia	avia	avi		N;NOM;MASC;SG
tarsus	pakaļkāju	tarsus	pakaļkāt		N;ACC;MASC;SG
noir	noir	noir	noirt		
sap	sap	sap	sapēt		
lauren	lorēna	lauren	lorēna		N;NOM;FEM;SG
ruficollis	ruficollis	ruficollis	ruficollis		N;NOM;MASC;SG
tạt	sinepes	tạt	sinepe	ADJ	N;NOM;FEM;PL
tạt	sinepju	tạt	sinepe	ADJ	N;ACC;FEM;SG
ars	ars	ars	ars		
iana	iana	iana	iana	N	
hana	hana	hana	hana	N	PROPN;NOM;FEM;SG
tristan	tristana	tristan	tristana		N;NOM;FEM;SG
howe	howe	howe	howe	N	
saunders	saunders	saunders	saunders		N;NOM;MASC;SG
manitoba	manitoba	manitoba	manitoba	N	PROPN;NOM;FEM;SG
ausf	ausf	ausf	ausf	N	
cật	nieres	cật	niere	V	N;NOM;FEM;PL
almeida	almeida	almeida	almeida	N	
stern	pakaļgala	stern	pakaļgals		N;GEN;MASC;SG
chrudim	hrudima	chrudim	hrudims	V	N;NOM;FEM;SG
teddy	tedijs	teddy	tedijs		N;NOM;MASC;SG
marek	mareks	marek	mareks		PROPN;NOM;MASC;SG
breaking	pārkāpj	breaking	pārkāpt		V;FH;IND;3;POS;PRS;FIN;ACT
alien	svešzemju	alien	svešzemes		N;GEN;FEM;PL
alien	sveša	alien	svešs		ADJ;NOM;FEM;SG
schindler	šindlera	schindler	šindlera		N;NOM;FEM;SG
lydia	lidija	lydia	lidija		N;NOM;FEM;SG
fun	jautri	fun	jautri	N	ADV
kumamoto	kumamoto	kumamoto	kumamot		
hillary	hilarija	hillary	hilarija	N	PROPN;NOM;FEM;SG
dalton	dalton	dalton	dalton		
gottfried	gotfrīds	gottfried	gotfrīds		N;NOM;MASC;SG
stephens	stephens	stephens	stephens		PROPN;NOM;MASC;SG
lesser	mazākā	lesser	mazs		ADJ;NOM;CMPR;FEM;SG
bluetooth	bluetooth	bluetooth	bluetooth	N	
conway	conway	conway	conway	N	
msn	msn	msn	ms		N
schuster	šusters	schuster	šusters	N	PROPN;NOM;MASC;SG
rodrigues	rodrigesa	rodrigues	rodrigess		N;GEN;MASC;SG
credit	kredīta	credit	kredīts		N;GEN;MASC;SG
credit	kredīts	credit	kredīts		N;NOM;MASC;SG
credit	credit	credit	credit		
carrie	kerija	carrie	kerija		N;NOM;FEM;SG
axel	aksels	axel	aksels	N	PROPN;NOM;MASC;SG
corp	corp	corp	corp	N	
molotov	molotova	molotov	molotovs		N;NOM;MASC;SG
vieux	vieux	vieux	vieuc		
novosibirsk	novosibirska	novosibirsk	novosibirska		N;NOM;FEM;SG
frost	sals	frost	sals		N;NOM;MASC;SG
herschel	heršels	herschel	heršels	N	PROPN;NOM;MASC;SG
obovata	obovata	obovata	obovata		N;NOM;MASC;SG
munro	manro	munro	manro		PROPN
lausanne	lozanna	lausanne	lozanna	N	PROPN;NOM;FEM;SG
alata	alata	alata	alata		N;NOM;FEM;SG
norris	norris	norris	norris		
sui	sun	sui	suns	N	
sui	sui	sui	su	N	
amadeus	amadeus	amadeus	amade	N	
nikita	ņikita	nikita	ņikita		PROPN;NOM;MASC;SG
giacomo	džakomo	giacomo	džakoms	N	PROPN
pleasant	patīkama	pleasant	patikt		V;NOM;INDF;FEM;SG;PRS;V.PTCP;PASS
pleasant	patīkami	pleasant	patīkami		ADV
pleasant	patīkamas	pleasant	patīkama		V;NOM;INDF;FEM;PL;PRS;V.PTCP;PASS
pleasant	patīkams	pleasant	patīkams		ADJ;NOM;MASC;SG
magdalena	magdalena	magdalena	magdalens	N	PROPN;NOM;FEM;SG
điếc	nedzirdīgo	điếc	nedzirdīga	V	ADJ;ACC;MASC;SG
fimbriata	fimbriata	fimbriata	fimbriats		N;GEN;MASC;SG
xxi	xxi	xxi	xxi	NUM	
archimedes	arhimēds	archimedes	arhimēds	N	PROPN;NOM;MASC;SG
neu	neu	neu	neu		
sami	sāmu	sami	sāma		N;NOM;MASC;PL
vincennes	vinsēnas	vincennes	vinsēna		N;NOM;FEM;PL
morebits	morebits	morebits	morebits		N;NOM;MASC;SG
lugubris	lugubris	lugubris	lugubris		N;NOM;MASC;SG
simone	simona	simone	simona		N;NOM;FEM;SG
lacertidae	lacertidae	lacertidae	lacertidae		N;NOM;FEM;SG
genji	gendži	genji	gendže		N;NOM;MASC;SG
lecco	leko	lecco	lekot	N	
wallis	wallis	wallis	wallis	N	PROPN;NOM;MASC;SG
jericho	jericho	jericho	jericho	N	
thatcher	thatcher	thatcher	thatcher	V	
byron	bairons	byron	bairons		PROPN;NOM;MASC;SG
faber	faber	faber	faber	N	
bromwich	bromwich	bromwich	bromwich	N	
arthropoda	arthropoda	arthropoda	arthropods		N;NOM;FEM;SG
toni	toni	toni	tonis		N;ACC;MASC;SG
wiener	wiener	wiener	wiener		
watt	vatu	watt	vata		N;ACC;MASC;SG
senegalensis	senegalensis	senegalensis	senegalensis	ADJ	N;NOM;MASC;SG
sarkozy	sarkozy	sarkozy	sarkozy	N	PROPN
jerzy	jerzy	jerzy	jerzy	N	PROPN
pole	polis	pole	polis	N	PROPN;NOM;MASC;SG
pole	pole	pole	pole	N	PROPN;NOM;FEM;SG
judy	džūdija	judy	džūdija	N	PROPN;NOM;FEM;SG
neue	neue	neue	neuet	N	
higgins	higgins	higgins	higgins		
humeralis	humeralis	humeralis	humeralis		N;NOM;MASC;SG
tal	tal	tal	tal	N	
aya	aya	aya	aya		
nevis	nevisa	nevis	nevist	N	
inermis	inermis	inermis	inerms		N;NOM;MASC;SG
internazionale	internazionale	internazionale	internazionale	N	
germania	germania	germania	germanis	V	PROPN;NOM;MASC;SG
dorothy	dorothy	dorothy	dorothy		
hartley	hārtlijs	hartley	hārtlijs		N;NOM;MASC;SG
epstein	epšteins	epstein	epšteins		PROPN;NOM;MASC;SG
jobs	darbi	jobs	darbs		N;NOM;MASC;PL
jobs	darbavietas	jobs	darbavieta		N;NOM;FEM;PL
safari	safari	safari	safars	N	
atr	atr	atr	atr		
som	som	som	som	N	
pictus	pictus	pictus	pict		N;NOM;MASC;SG
gnome	gnome	gnome	gnome		
gutenberg	gūtenberga	gutenberg	gūtenbergs		N;GEN;MASC;SG
terre	terre	terre	terre	N	
novo	novo	novo	novo		
gloster	gloster	gloster	gloster		N;NOM;FEM;SG
vita	vita	vita	vita		PROPN;NOM;FEM;SG
nantes	nante	nantes	nante	N	PROPN;NOM;FEM;SG
stay	uzturēties	stay	uzturēties	N	V;POS;REFL;NFIN
stay	paliec	stay	palikt	N	V;IMP;SG;2;POS;FIN;ACT
stay	palikt	stay	palikt	N	V;POS;NFIN
agard	agard	agard	agard		
worms	tārpu	worms	tārps		N;ACC;MASC;SG
stefano	stefano	stefano	stefans	N	PROPN
enrico	enrico	enrico	enrica	N	
nháy	flash	nháy	flash	V	
nháy	blink	nháy	blinkt	V	
église	église	église	église		N;NOM;FEM;SG
alfredo	alfredo	alfredo	alfredot	N	
castilla	kastīlija	castilla	kastīlija	N	PROPN;NOM;FEM;SG
angulata	angulata	angulata	angulats		N;GEN;MASC;SG
thun	thun	thun	thun	N	
hispida	hispida	hispida	hispidāt		N;NOM;FEM;SG
champ	čempions	champ	čempions		N;NOM;MASC;SG
aves	aves	aves	ave		
perez	peresa	perez	peresa	N	PROPN;NOM;MASC;SG
clemens	klemenss	clemens	klemenss	N	PROPN;NOM;MASC;SG
pacifica	pacifica	pacifica	pacifica	N	PROPN;NOM;FEM;SG
gupta	guptu	gupta	gupta		ADV
trọc	kailā	trọc	kaila	V	ADJ;NOM;FEM;SG
trọc	skūtgalvji	trọc	skūtgalvis	V	N;ACC;FEM;SG
als	rl	als	rl		
als	als	als	als		PROPN;NOM;MASC;SG
als	ils	als	ils		N;ESS;MASC;SG
neal	nīla	neal	nīlēt		N;NOM;FEM;SG
neal	nīls	neal	nīls		PROPN;NOM;MASC;SG
sạc	lādētājs	sạc	lādētājs	V	N;NOM;MASC;SG
sạc	uzlādes	sạc	uzlāde	V	N;NOM;FEM;PL
fossil	fosilo	fossil	fosilot	NUM	N
bart	bart	bart	bart		
rightarm	rightarm	rightarm	rightarm		N;NOM;MASC;SG
esther	estere	esther	estere	N	PROPN;NOM;FEM;SG
laurence	laurence	laurence	laurence	N	PROPN;NOM;FEM;SG
lester	lester	lester	lester		
mérimée	merimē	mérimée	merimēt		N;ESS;FEM;SG
carson	carson	carson	carson	N	
mitterrand	mitterrand	mitterrand	mitterrand		
doug	dags	doug	dags		PROPN;NOM;MASC;SG
oss	oss	oss	oss		N;NOM;MASC;SG
henrik	henrik	henrik	henrik		
geoffroy	geoffroy	geoffroy	geoffroy		
sicily	sicīlijas	sicily	sicīlija	N	PROPN;NOM;FEM;SG
sicily	sicīlijas	sicily	sicīlija	N	PROPN;NOM;FEM;SG
cream	krējums	cream	krējums		N;NOM;MASC;SG
grimm	grimmi	grimm	grimms		N;NOM;MASC;PL
finn	fin	finn	fin		
argentea	argentea	argentea	argente		N;NOM;FEM;SG
ufo	ufo	ufo	ufo	N	
mendes	mendes	mendes	mende	N	PROPN;NOM;FEM;SG
kladno	kladno	kladno	kladnot		N
wikitable	wikitable	wikitable	wikitable		PROPN;NOM;FEM;SG
castelnau	castelnau	castelnau	castelna		N;NOM;FEM;SG
gfdl	gfdl	gfdl	gfdl		N
savoy	savojas	savoy	savoties	N	ADJ;NOM;FEM;PL
deportivo	deportivo	deportivo	deportiva	N	PROPN
kleist	kleist	kleist	kleist	N	
bio	bio	bio	būt	N	
kuban	kubaņ	kuban	kuba	N	
electra	electra	electra	electra	N	PROPN;NOM;FEM;SG
nervosa	nervosa	nervosa	nervosa		N;NOM;FEM;SG
trip	brauciens	trip	brauciens		N;NOM;MASC;SG
trip	ceļojums	trip	ceļojums		N;NOM;MASC;SG
garde	garde	garde	garde		
trois	trois	trois	trois	NUM	
tara	tara	tara	tars		
guthrie	gatrijs	guthrie	gatrijs		PROPN;NOM;MASC;SG
eclipse	aptumsums	eclipse	aptumsums	V	N;NOM;MASC;SG
accipitridae	accipitridae	accipitridae	accipitrida	V	N;NOM;FEM;SG
tap	dalībniece	tap	dalībniece		N;NOM;FEM;SG
sts	sts	sts	sts		PROPN
brandon	brendons	brandon	brendons		PROPN;NOM;MASC;SG
hoover	hūvers	hoover	hūvers		N;NOM;MASC;SG
foo	foo	foo	foo	N	
sida	palīglīdzekļi	sida	palīglīdzeklis		N;NOM;MASC;PL
sida	aids	sida	aids		N
sida	atbalsti	sida	atbalsts		V;IMP;PL;2;POS;FIN;ACT
littoralis	littoralis	littoralis	littoralis		N;NOM;MASC;SG
zoom	zoom	zoom	zoom	N	
muelleri	muelleri	muelleri	muellere		N;NOM;MASC;SG
flynn	flynn	flynn	flynn		
frontalis	frontalis	frontalis	frontalis		N;NOM;MASC;SG
lover	mīļākais	lover	mīļš		ADJ;NOM;CMPR;MASC;SG
kirov	kirovas	kirov	kirova	N	PROPN;NOM;FEM;SG
superba	superba	superba	superbs		N;NOM;FEM;SG
tor	tpr	tor	tpr	V	PROPN
capo	capo	capo	caps	N	
orient	orient	orient	orient	N	
hebrides	hebridu	hebrides	hebridāt		N;ACC;MASC;SG
aspera	aspera	aspera	aspera		N;NOM;FEM;SG
salazar	salazars	salazar	salazars		N;NOM;MASC;SG
gmbh	gmbh	gmbh	gmbh		
abrams	abrams	abrams	abrams	N	PROPN;NOM;MASC;SG
giles	giles	giles	gile		PROPN;NOM;FEM;SG
watford	watford	watford	watford	N	
whole	vesels	whole	vesels		ADJ;NOM;MASC;SG
whole	veseli	whole	vesels		ADJ;NOM;MASC;PL
whole	veselas	whole	vesela		ADJ;NOM;FEM;PL
whole	vesela	whole	vesela		ADJ;NOM;FEM;SG
aid	palīdzība	aid	palīdzība		N;NOM;FEM;SG
aid	atbalsts	aid	atbalsts		N;NOM;MASC;SG
râm	ēnā	râm	ēna	ADJ	N;ESS;FEM;SG
milwaukee	milwaukee	milwaukee	milvauke		
indianapolis	indianapolisa	indianapolis	indianapolisa	N	PROPN;NOM;FEM;SG
noah	noā	noah	noa	N	
lynx	lūsis	lynx	lūsis		N;NOM;MASC;SG
presley	presley	presley	presley	N	
vhs	vhs	vhs	vhs		PROPN
troll	troļļu	troll	troļlis		N;GEN;MASC;PL
troll	troļļi	troll	troļlis		N;NOM;MASC;PL
calea	calea	calea	cale	N	
peso	peso	peso	peso		
fontainebleau	fontenblo	fontainebleau	fontenblo	N	PROPN
perugia	perudža	perugia	perudzis	NUM	N;NOM;FEM;SG
carvalho	carvalho	carvalho	carvalhot	N	
muon	gribu	muon	gribēt		V;FH;IND;SG;1;POS;PRS;FIN;ACT
muon	gribam	muon	gribēt		V;FH;IND;PL;1;POS;PRS;FIN;ACT
muon	gribi	muon	gribēt		V;IMP;SG;2;POS;FIN;ACT
muon	grib	muon	gribēt		V;FH;IND;3;POS;PRS;FIN;ACT
shock	šoks	shock	šoks		N;NOM;MASC;SG
tutu	tutu	tutu	tutu		
hirta	hirta	hirta	hirta		N;NOM;FEM;SG
fusion	kodolsintēzes	fusion	kodolsintēze		N;NOM;FEM;PL
fyodor	fjodors	fyodor	fjodors	N	PROPN;NOM;MASC;SG
kat	kat	kat	kat		
reiche	reiche	reiche	reiche		
ger	ger	ger	gerēt		
tobias	tobias	tobias	tobias		PROPN;NOM;MASC;SG
pla	pla	pla	pla	N	
rivers	upēm	rivers	upe		N;DAT;FEM;PL
rivers	upēs	rivers	upe		N;ESS;FEM;PL
rivers	upes	rivers	upe		N;NOM;FEM;SG
cctld	cctld	cctld	cctld		N;NOM;MASC;SG
itf	itf	itf	itf	N	
isis	isis	isis	ist		
trek	trek	trek	trekēt	N	
pizza	pizza	pizza	pizza	N	
ischnura	daiļspāres	ischnura	daiļspāre		N;NOM;FEM;PL
unicef	unicef	unicef	uniceft	N	PROPN
dee	dī	dee	dī		PROPN;NOM;MASC;SG
xỉn	piedzēries	xỉn	piedzērties	ADJ	V;PFV;NOM;INDF;MASC;SG;REFL;PST;V.PTCP
bow	tauriņi	bow	tauriņš		N;NOM;MASC;PL
sars	sars	sars	sars	N	
sars	sar	sars	sarēt	N	
vic	vic	vic	vicēt	N	
nico	nico	nico	nico		
fed	baro	fed	barot	N	V;FH;IMP;SG;2;POS;PRS;FIN;ACT
antoinette	antuanete	antoinette	antuanete		N;NOM;FEM;SG
jardin	jardin	jardin	jardin	N	
ramsay	remzijs	ramsay	remzijs		PROPN;NOM;MASC;SG
trevor	trevors	trevor	trevors		N;NOM;MASC;SG
sinatra	sinatra	sinatra	sinatra	N	PROPN;NOM;FEM;SG
ivanov	ivanovs	ivanov	ivanovs	N	PROPN;NOM;MASC;SG
chhattisgarh	čhatīsgarha	chhattisgarh	čhatīsgarhs		N;NOM;MASC;SG
julio	julio	julio	julio	N	
reader	lasītājs	reader	lasītājs		N;NOM;MASC;SG
harald	haralds	harald	haralds	N	PROPN;NOM;MASC;SG
tate	teita	tate	teita		PROPN;NOM;FEM;SG
baird	baird	baird	baird		
arborea	arborea	arborea	arbore		N;NOM;FEM;SG
cristóbal	cristóbal	cristóbal	cristóbal		N;NOM;FEM;SG
rubin	rubin	rubin	rubin		N;NOM;MASC;SG
cana	kānu	cana	kāna		N;NOM;MASC;SG
rowling	roulinga	rowling	roulinga		N;NOM;MASC;SG
rapid	ātra	rapid	ātra		ADJ;NOM;FEM;SG
rapid	ātrs	rapid	ātrs		ADJ;NOM;MASC;SG
rapid	straujš	rapid	straujš		ADJ;NOM;MASC;SG
potosí	potosi	potosí	potosi		
campestris	campestris	campestris	campestris	V	N;NOM;MASC;SG
kiribati	kiribati	kiribati	kiribats	N	
goodman	goodman	goodman	goodman	N	PROPN;NOM;FEM;SG
cowboy	kovbojs	cowboy	kovbojs		N;NOM;MASC;SG
samantha	samanta	samantha	samanta		PROPN;NOM;FEM;SG
analog	analogā	analog	analogs	N	ADJ;NOM;FEM;SG
takashi	takaši	takashi	takaši		N;NOM;MASC;PL
kerry	kerry	kerry	kerry		
muller	müller	muller	müller	N	
ramón	ramón	ramón	ramón		
ramón	ramon	ramón	ramon		
horst	horst	horst	horst	N	
merry	priecīgus	merry	priecīgs		ADJ;ACC;MASC;PL
mendelssohn	mendelsons	mendelssohn	mendelsons		PROPN;NOM;MASC;SG
perseus	persejs	perseus	persejs		N;NOM;MASC;SG
olivia	olīvija	olivia	olīvija	N	PROPN;NOM;FEM;SG
mem	mem	mem	mem	N	
dodge	dodge	dodge	dodge	N	
houghton	houghton	houghton	houghton	N	
matsumoto	macumoto	matsumoto	macumot		V;PFV;ACC;DEF;MASC;SG;PST;V.PTCP
gangnam	gangnam	gangnam	gangns	N	
chloris	chloris	chloris	chloris	ADJ	N;NOM;MASC;SG
aruba	aruba	aruba	aruba	N	PROPN;NOM;FEM;SG
bowman	boumens	bowman	boumens		N;NOM;MASC;SG
marginatus	marginatus	marginatus	marginats		N;ACC;MASC;PL
kitts	komplekti	kitts	komplekts		N;NOM;MASC;PL
magellan	magelāns	magellan	magelāns		N;NOM;MASC;SG
dốt	vienaldzīgi	dốt	vienaldzīgs	ADJ	ADV
calgary	kalgari	calgary	kalgars	N	
gol	gol	gol	gol	N	
tetra	tetra	tetra	tetra		N;NOM
juno	juno	juno	juns	N	PROPN
sumner	samners	sumner	samners		PROPN;NOM;MASC;SG
bock	bock	bock	bockt		
haydn	haidns	haydn	haidns	N	PROPN;NOM;MASC;SG
malik	malik	malik	malik		
escape	evakuācijas	escape	evakuācija		N;NOM;FEM;PL
escape	izbēgt	escape	izbēgt		V;POS;NFIN
escape	aizbēgt	escape	aizbēgt		V;POS;NFIN
salon	salonos	salon	salons		N;ESS;MASC;PL
salon	salons	salon	salons		N;NOM;MASC;SG
lama	lama	lama	lama		N;NOM;FEM;SG
squamata	zvīņrāpuļi	squamata	zvīņrāpulis		N;NOM;MASC;PL
oswald	osvalds	oswald	osvalds		N;NOM;MASC;SG
mara	mara	mara	mara	N	PROPN;NOM;FEM;SG
ita	ita	ita	ita	N	
mika	mika	mika	miks	N	PROPN;NOM;FEM;SG
lia	lia	lia	lia		
bua	bua	bua	bus	N	
jürgen	jirgens	jürgen	jirgens	N	PROPN;NOM;MASC;SG
visa	vīzas	visa	vīza	V	N;NOM;FEM;PL
visa	vīzu	visa	vīzs	V	N;ACC;MASC;SG
francois	francois	francois	francot	N	PROPN;NOM;MASC;SG
francois	françois	francois	franot	N	PROPN;NOM;MASC;SG
button	poga	button	pogs		N;NOM;FEM;SG
button	pogu	button	pogs		N;ACC;FEM;SG
duc	duc	duc	duk	N	
köhler	köhler	köhler	köhler	N	
rostrata	rostrata	rostrata	rostrast		N;NOM;FEM;SG
gerd	gerds	gerd	gerds		PROPN;NOM;MASC;SG
qantas	qantas	qantas	zanta	N	PROPN;NOM;FEM;SG
pet	pet	pet	pet	N	
pygmaeus	pygmaeus	pygmaeus	pygmaes	V	N;NOM;MASC;PL
merino	merino	merino	merināt		N
clarkson	clarkson	clarkson	clarkson	N	
manfred	manfred	manfred	manfred	N	
amman	ammāna	amman	ammāna	N	PROPN;NOM;FEM;SG
nazi	fašistu	nazi	fašists		N;ACC;MASC;SG
nazi	nacistu	nazi	nacist		N;ACC;MASC;SG
jiménez	jiménez	jiménez	jimsne		N;NOM;FEM;SG
brazilian	brazīlijas	brazilian	brazīlija	N	PROPN;NOM;FEM;SG
khabarovsk	habarovskas	khabarovsk	habarovska	N	PROPN;NOM;FEM;PL
creed	pārliecība	creed	pārliecība		N;NOM;FEM;SG
atra	atra	atra	atrs		
freiherr	freiherr	freiherr	freiherr		
technologies	tehnoloģijas	technologies	tehnoloģija		N;NOM;FEM;PL
malfoy	malfojs	malfoy	malfojs		N;NOM;MASC;SG
trail	taka	trail	taka		N;NOM;FEM;SG
trail	liecības	trail	liecība		N;NOM;FEM;PL
shore	krastā	shore	krasts		N;ESS;MASC;SG
shore	krasta	shore	krasts		N;GEN;MASC;SG
shore	krasts	shore	krasts		N;NOM;MASC;SG
shore	krastu	shore	krasts		N;ACC;MASC;SG
shore	piekraste	shore	piekraste		N;NOM;FEM;SG
umbrella	lietussargu	umbrella	lietussargs		N;ACC;MASC;SG
umbrella	jumta	umbrella	jumts		N;GEN;MASC;SG
oskar	oskars	oskar	oskars		N;NOM;MASC;SG
oskar	oskar	oskar	oskart		N;NOM;FEM;SG
takao	takao	takao	taka	N	
ebert	ebert	ebert	ebert	N	
textcolor	textcolor	textcolor	textcolor	V	N
aziz	aziz	aziz	aziz	N	
ping	ping	ping	pingt	N	
rostock	rostoka	rostock	rostoka	NUM	N;NOM;FEM;SG
plana	plana	plana	planīt		N;NOM;FEM;SG
keller	kellers	keller	kellers		PROPN;NOM;MASC;SG
boyle	boila	boyle	boils		N;NOM;MASC;SG
spot	vietas	spot	vieta		N;NOM;FEM;PL
dar	dar	dar	dar	N	
crataegus	crataegus	crataegus	crataegs	N	ADV
matter	paklāji	matter	paklājs		N;NOM;MASC;PL
herodotus	hērodots	herodotus	hērodot	N	V;PFV;NOM;INDF;MASC;SG;PST;V.PTCP
schumann	šūmanis	schumann	šūmanis		N;NOM;MASC;SG
kyu	kyu	kyu	kyu		
jaya	jaya	jaya	jaķis	N	
melissa	melisa	melissa	meliss	N	PROPN;NOM;FEM;SG
tar	darvas	tar	darva		N;NOM;FEM;PL
tar	darva	tar	darva		N;NOM;FEM;SG
tribune	tribīnes	tribune	tribīne		N;NOM;FEM;PL
elias	eliass	elias	eliass		N;NOM;MASC;SG
anfield	anfield	anfield	anfieldēt	N	
reinhard	reinhard	reinhard	reinhard		PROPN;NOM;FEM;SG
vfl	vfl	vfl	vfl		
chevalier	chevalier	chevalier	chevalieris		
systematics	sistemātika	systematics	sistemātika	V	N;NOM;FEM;SG
guillermo	guillermo	guillermo	guillerms	N	
merriam	merriam	merriam	merris		N;DAT;MASC;SG
schubert	šūberts	schubert	šūberts	N	PROPN;NOM;MASC;SG
huron	huron	huron	huron		
shawn	šons	shawn	šons		N;NOM;MASC;SG
berkshire	bērkšīrā	berkshire	bērkšīra	N	ADJ;ESS;FEM;SG
josephine	džozefīne	josephine	džozefīne		PROPN;NOM;FEM;SG
embraer	embraer	embraer	embraer		N;NOM;MASC;SG
xíu	sīkā	xíu	sīka		ADJ;NOM;FEM;SG
xíu	sīkās	xíu	sīka		ADJ;NOM;FEM;PL
xíu	sīka	xíu	sīka		ADJ;NOM;FEM;SG
centenario	centenario	centenario	centenario		N;NOM;MASC;PL
atlantis	atlantīda	atlantis	atlantīds		N;NOM;FEM;SG
dewey	djūija	dewey	djūija		N;NOM;FEM;SG
capra	capra	capra	capra	N	
akita	akita	akita	akits	N	PROPN;NOM;FEM;SG
zenit	zenit	zenit	zenit	N	PROPN
canariensis	canariensis	canariensis	canariensis	ADJ	N;NOM;MASC;SG
margarita	margarita	margarita	margarita		N;NOM;FEM;SG
soto	soto	soto	soto	N	PROPN
dreamworks	dreamworks	dreamworks	dreamworks		
charter	harta	charter	harta		N;NOM;FEM;SG
charter	hartu	charter	harts		N;ACC;FEM;SG
charter	hartas	charter	harta		N;NOM;FEM;PL
oliveira	oliveira	oliveira	oliveirs		
neustadt	neustadt	neustadt	neustadt	N	
polyommatus	zilenīši	polyommatus	zilenītis	V	N;NOM;MASC;PL
pamplona	pamplonas	pamplona	pamplona	NUM	N;NOM;FEM;PL
bark	mizu	bark	mizs		N;ACC;FEM;SG
bark	miza	bark	miza		N;NOM;FEM;SG
bark	mizas	bark	miza		N;NOM;FEM;PL
teleostei	teleostei	teleostei	teleoste	V	N;DAT;FEM;SG
sanders	sanders	sanders	sanders	N	PROPN;NOM;MASC;SG
cor	rk	cor	rk	N	PROPN
nikolay	nikolajs	nikolay	nikolajs		ADJ;NOM;MASC;SG
bengalensis	bengalensis	bengalensis	bengalensis		N;NOM;MASC;SG
murcia	mursijas	murcia	mursija	NUM	N;NOM;FEM;PL
georgetown	džordžtaunas	georgetown	džordžauna	ADJ	N;NOM;FEM;PL
fermi	fermi	fermi	ferme	N	PROPN
mcgraw	mcgraw	mcgraw	mcgraw		N;NOM;MASC;SG
falco	falco	falco	falko		N
lance	lens	lance	lens	N	
parlophone	parlophone	parlophone	parlophone		N;NOM;FEM;SG
perspective	perspektīvas	perspective	perspektīva	N	ADJ;NOM;FEM;PL
whois	whois	whois	whois	N	
marmorata	marmorata	marmorata	marmorats		N;GEN;MASC;SG
costata	costata	costata	costats		N;NOM;MASC;SG
vida	vida	vida	vidus		
nora	nora	nora	nora		PROPN;NOM;FEM;SG
dubius	dubius	dubius	dubius		N;NOM;MASC;SG
geum	geum	geum	geum	N	
bing	bings	bing	bings	N	PROPN;NOM;MASC;SG
aculeata	dzēlējlapsenes	aculeata	dzēlējlapsene		N;NOM;FEM;PL
kgb	vdk	kgb	vdk	N	PROPN
maison	maison	maison	maison	N	
spice	garšvielu	spice	garšviela		N;ACC;FEM;SG
spice	spice	spice	spice		PROPN;NOM;FEM;SG
radiohead	radiohead	radiohead	radiohead		N
guttata	guttata	guttata	guttats		N;NOM;MASC;SG
octopus	astoņkāji	octopus	astoņkājs		N;NOM;MASC;PL
vasilevsky	vasiļevskis	vasilevsky	vasiļevsks		N;NOM;MASC;SG
reprint	reprint	reprint	reprint	V	
sink	cinks	sink	cinks		N;NOM;MASC;SG
sink	cinka	sink	cinka		N;NOM;FEM;SG
saskatchewan	saskačevanas	saskatchewan	saskačevana		PROPN;NOM;FEM;PL
makarov	makarovs	makarov	makarovs		PROPN;NOM;MASC;SG
harmony	saskaņas	harmony	saskaņa		N;NOM;FEM;PL
diaz	diaz	diaz	diaz	N	PROPN
vầng	golden	vầng	golden	N	
tostring	tostring	tostring	tostringt		
gui	gui	gui	gut		
ngo	nvo	ngo	nvo	N	PROPN
kuiper	kuiper	kuiper	kuiper	N	
progressive	progresīvi	progressive	progresīvs	N	ADV
progressive	progresīva	progressive	progresīva	N	ADJ;NOM;FEM;SG
progressive	pakāpeniska	progressive	pakāpeniska	N	ADJ;NOM;FEM;SG
davidson	davidson	davidson	davidson	N	
chernobyl	černobiļas	chernobyl	černobiļa	V	N;NOM;FEM;PL
gaya	gaja	gaya	Gaja		PROPN;NOM;FEM;SG
olsen	olsen	olsen	olsen		
fairchild	fairchild	fairchild	fairchildēt		
champaign	šampaņā	champaign	šampaņa		N;ESS;FEM;SG
găm	dunci	găm	dunci	V	N;ACC;FEM;SG
ava	ava	ava	ava		
riyadh	rijāda	riyadh	rijāda		N;NOM;FEM;SG
booth	būts	booth	būts		ADJ;NOM;MASC;SG
demosthenes	dēmostens	demosthenes	dēmostens		N;NOM;MASC;SG
acuta	acuta	acuta	acust		PROPN;NOM;MASC;SG
vasco	vasko	vasco	vaska	N	PROPN
armée	armée	armée	armée	N	
assimilis	assimilis	assimilis	assimilis	ADJ	N;NOM;MASC;SG
paralympic	paraolimpiskās	paralympic	paraolimpiska	N	ADJ;NOM;FEM;PL
authorlink	authorlink	authorlink	authorlink	ADJ	N;NOM;MASC;SG
variegatus	variegatus	variegatus	variegats		N;ACC;MASC;PL
anthology	anthology	anthology	anthology		
pia	pia	pia	pia	N	
gorky	gorkijs	gorky	gorkijs		N;NOM;MASC;SG
steam	tvaika	steam	tvaika		N;NOM;MASC;SG
steam	tvaiku	steam	tvaika		N;ACC;MASC;SG
punta	punta	punta	punta	N	
belowstyle	belowstyle	belowstyle	belowstyle	V	N
styles	stili	styles	stils		N;NOM;MASC;PL
pool	pol	pool	pol	N	
boyd	boids	boyd	boids		PROPN;NOM;MASC;SG
vin	vin	vin	vin	V	
dmt	dmt	dmt	dmt		N
keane	kīns	keane	kīns	N	PROPN;NOM;MASC;SG
chorus	korī	chorus	koris		N;ESS;MASC;SG
lone	lone	lone	lone		
dolly	dollija	dolly	dolija		N;NOM;FEM;SG
kramer	krāmers	kramer	krāmers		N;NOM;MASC;SG
rae	rae	rae	rae		
genesis	ģenēzes	genesis	ģenēze		N;NOM;FEM;PL
nissan	nissan	nissan	nissan	N	
mir	mir	mir	mirt		PROPN
gabrielle	gabriela	gabrielle	gabrielis		N;NOM;FEM;SG
peterson	peterson	peterson	peterson		
garrett	garets	garrett	garets		PROPN;NOM;MASC;SG
vent	ventilācijas	vent	ventilācija		N;NOM;FEM;PL
reuters	reuters	reuters	reuters		N;NOM;MASC;SG
nilsson	nilsson	nilsson	nilsson		
novorossiysk	novorosijska	novorossiysk	novorosijska	N	V;FH;IND;3;POS;PST;FIN;ACT
nach	nach	nach	nach	N	
aix	aix	aix	aix		
gpl	gpl	gpl	gpl		N
hodgson	hodžsons	hodgson	hodžsons	V	PROPN;NOM;MASC;SG
josep	josep	josep	josept	N	
abruzzo	abruco	abruzzo	abrucot		PROPN
providence	providensa	providence	providens		N;NOM;MASC;SG
generic	vispārīgs	generic	vispārīgs	V	ADJ;NOM;MASC;SG
generic	vispārējs	generic	vispārējs	V	ADJ;NOM;MASC;SG
ploceus	audējputns	ploceus	audējputns	N	ADJ;NOM;MASC;SG
carlton	carlton	carlton	carlton	N	
malmö	malme	malmö	malme	NUM	PROPN;NOM;FEM;SG
daniels	daniels	daniels	daniels		N;NOM;MASC;SG
nymburk	nymburk	nymburk	nymburkt	V	N;NOM;MASC;SG
vitis	vitis	vitis	vitis		N;NOM;MASC;SG
sha	sha	sha	sha	N	
identity	personība	identity	personība		N;NOM;FEM;SG
identity	identitāti	identity	identitāte		N;ACC;FEM;SG
identity	identitāte	identity	identitāte		N;NOM;FEM;SG
identity	identitātes	identity	identitāte		N;NOM;FEM;PL
launch	palaist	launch	palaist		V;POS;NFIN
telescope	teleskops	telescope	teleskops	V	N;NOM;MASC;SG
vfb	vfb	vfb	vfb	N	
hradiště	hradište	hradiště	hradište	V	N;NOM;MASC;SG
rodgers	rodgers	rodgers	rodgers		N;NOM;MASC;SG
dolphin	delfīnu	dolphin	delfīns		N;ACC;MASC;SG
swing	sparā	swing	Spara		N;ESS;FEM;SG
inornata	inornata	inornata	inornats		N;NOM;MASC;SG
pavlov	pavlovs	pavlov	pavlovs		PROPN;NOM;MASC;SG
martins	martins	martins	martins	N	PROPN;NOM;MASC;SG
moritz	morics	moritz	morics	N	PROPN;NOM;MASC;SG
buena	buena	buena	buena		PROPN;NOM;FEM;SG
aleksey	aleksejs	aleksey	aleksejs	N	PROPN;NOM;MASC;SG
tvt	tvt	tvt	tvt	N	
squad	squad	squad	squad		
squad	vadu	squad	vads		N;ACC;MASC;SG
nanus	nanus	nanus	nans		N;ACC;MASC;PL
baikal	baikāla	baikal	baikāls		N;NOM;MASC;SG
oro	oro	oro	oro		
steiner	steiner	steiner	steiner	V	
regan	rīgens	regan	rīgens	V	N;NOM;MASC;SG
atkinson	atkinson	atkinson	atkinson	N	PROPN
abd	abd	abd	abd	V	
packard	packard	packard	packardēt		
exeter	ekseteras	exeter	eksetera	N	PROPN;NOM;FEM;SG
nitidus	nitidus	nitidus	nitids		N;ACC;MASC;PL
biếc	nil	biếc	nil	N	
tampa	tampa	tampa	tampa	N	
siegfried	zigfrīds	siegfried	zigfrīds		PROPN;NOM;MASC;SG
vat	pvn	vat	pvn		N
vat	slapjas	vat	slapja		ADJ;NOM;FEM;PL
vat	slapjš	vat	slapjš		ADJ;NOM;MASC;SG
vat	mitra	vat	mitra		ADJ;NOM;FEM;SG
poseidon	poseidon	poseidon	poseidon	N	PROPN
liberec	libereca	liberec	liberecis	NUM	N;NOM;FEM;SG
mateo	mateo	mateo	mateot		PROPN
sylvatica	sylvatica	sylvatica	sylvatica		N;NOM;FEM;SG
niño	ninjo	niño	ninja		N
chelyabinsk	čeļabinskas	chelyabinsk	čeļabinska		N;NOM;FEM;PL
pskov	pleskavas	pskov	pleskava	N	PROPN;NOM;FEM;SG
groupstyle	groupstyle	groupstyle	groupstyle		N;NOM;FEM;SG
lübeck	lībekas	lübeck	lībeka	N	PROPN;NOM;FEM;SG
śląskie	slonske	śląskie	slonske		N;NOM;FEM;SG
liam	liam	liam	lis	N	
sylvester	silvestrs	sylvester	silvestrs		N;NOM;MASC;SG
actinopterygii	starspures	actinopterygii	starspure		N;NOM;FEM;PL
braga	braga	braga	braga	N	PROPN;NOM;FEM;SG
horace	horācijs	horace	horācijs		N;NOM;MASC;SG
plutarch	plūtarhs	plutarch	plūtarhs		PROPN;NOM;MASC;SG
mathias	matiass	mathias	matiass	N	PROPN;NOM;MASC;SG
hilary	hilarija	hilary	hilarija		PROPN;NOM;FEM;SG
hilary	hilarija	hilary	hilarija		PROPN;NOM;FEM;SG
mel	mel	mel	mēlēt		
nest	ligzda	nest	ligzda		N;NOM;FEM;SG
nest	nest	nest	nest		V;POS;NFIN
dress	uzvalks	dress	uzvalks		N;NOM;MASC;SG
dress	uzvalku	dress	uzvalks		N;ACC;MASC;SG
guevara	gevara	guevara	gevars		PROPN;NOM;FEM;SG
laval	laval	laval	laval		PROPN;NOM;FEM;SG
saxicola	saxicola	saxicola	salicols		N;NOM;FEM;SG
rutenberg	rutenberg	rutenberg	rutenberg		N;NOM;FEM;SG
pinto	pinto	pinto	pinto		
claus	klauss	claus	klauss	N	PROPN;NOM;MASC;SG
universidad	universidad	universidad	universidads		PROPN;NOM;FEM;SG
beatrice	beatrise	beatrice	beatrise		N;NOM;FEM;SG
daisy	dēzija	daisy	dēzija		N;NOM;FEM;SG
katie	keitija	katie	keitija		N;NOM;FEM;SG
navarra	navarra	navarra	navarrs		PROPN;NOM;FEM;SG
entre	entre	entre	entre	N	
proxima	proxima	proxima	procima		N;NOM;MASC;SG
matthias	matiass	matthias	matiass	N	PROPN;NOM;MASC;SG
sergipe	seržipi	sergipe	seržips		N;NOM;MASC;PL
freshwater	saldūdens	freshwater	saldūdens		N;NOM;MASC;SG
natasha	nataša	natasha	natasa		PROPN;NOM;FEM;SG
pali	pali	pali	pals	N	
boer	boer	boer	boer	N	
nhọ	neveiksme	nhọ	neveiksme	V	N;NOM;FEM;SG
nhọ	kvēpu	nhọ	kvēps	V	N;ACC;MASC;SG
belgorod	belgoroda	belgorod	belgorods		N;NOM;MASC;SG
owl	pūce	owl	pūce	N	PROPN;NOM;FEM;SG
molly	moll	molly	moll		
bieber	bībera	bieber	bībers	N	PROPN;NOM;MASC;SG
wen	wen	wen	wen		
sassari	sardīnijas	sassari	sardīnija	NUM	PROPN;NOM;FEM;PL
soprano	soprāns	soprano	soprāns		N;NOM;MASC;SG
cdc	cdc	cdc	cdc	N	
bory	bory	bory	bory		
vát	galvas	vát	galva	V	N;NOM;FEM;PL
yao	jao	yao	jao	N	
crash	avāriju	crash	avārija		N;ACC;FEM;SG
crash	avārija	crash	avārija		N;NOM;FEM;SG
ulus	ulus	ulus	uli		
gaia	gaja	gaia	Gaja	N	PROPN;NOM;FEM;SG
aki	aki	aki	aks		
ganymede	ganimēds	ganymede	ganimēds		N;NOM;MASC;SG
hanna	hanna	hanna	hanna		N;NOM;FEM;SG
fragrans	fragrans	fragrans	fragrans		N;NOM;MASC;SG
cinerascens	cinerascens	cinerascens	cinerascens		N;NOM;FEM;PL
challenger	challenger	challenger	challengers		PROPN;NOM;FEM;SG
zheng	džens	zheng	džens	N	PROPN;NOM;MASC;SG
kanye	kanje	kanye	kanje	N	
balboa	balboa	balboa	balbot		N
laevigata	laevigata	laevigata	laevigats		N;NOM;MASC;SG
cinereus	cinereus	cinereus	cineres		N;NOM;MASC;SG
cska	cska	cska	cska	N	
bục	pjedestāla	bục	pjedestāla	V	N;GEN;MASC;SG
stirling	stirlinga	stirling	stirlings		N;NOM;MASC;SG
opava	opava	opava	opava		N;NOM;FEM;SG
duffy	duffy	duffy	duffy		
terrier	terjers	terrier	terjers		N;NOM;MASC;SG
esa	esa	esa	būt	N	
seasons	sezonas	seasons	sezona		N;NOM;FEM;PL
osman	osman	osman	osman	N	PROPN;NOM;FEM;SG
hasan	hasan	hasan	hasan	N	
karabakh	karabaha	karabakh	karabahs		N;NOM;FEM;SG
vẩn	muļķības	vẩn	muļķība	PART	N;NOM;FEM;PL
meshid	meshid	meshid	meshid	N	
dejean	dejean	dejean	dejean	N	
mangifera	mangifera	mangifera	mangifera		N;NOM;MASC;SG
femoralis	femoralis	femoralis	femoralis		N;NOM;MASC;SG
oecd	oecd	oecd	oecd	N	PROPN
oecd	esao	oecd	būt	N	
emilio	emilio	emilio	emilio	NUM	PROPN
suturalis	suturalis	suturalis	suturalis		N;NOM;MASC;SG
