pasha	pasha	pasha	pashar		N;MASC;SG
atriplex	atriplex	atriplex	atriplex		N;MASC;SG
cantabria	cantábria	cantabria	cantábria		N;FEM;SG
fast	presa	fast	presa		V;FEM;SG;V.PTCP
fast	preso	fast	prender		V;MASC;SG;V.PTCP
fast	presos	fast	preso		N;MASC;PL
lodovico	lodovico	lodovico	lodovico	V	N;MASC;SG
voldemort	voldemort	voldemort	voldemort		N;MASC;SG
parviflora	parviflora	parviflora	parviflora		N;FEM;SG
liège	liège	liège	liège	NUM	N;MASC;SG
popov	popov	popov	popov	N	PROPN;MASC;SG
concolor	concolor	concolor	concolor		N;MASC;SG
geoffrey	godofredo	geoffrey	godofredo		N;MASC;SG
geoffrey	geoffrey	geoffrey	geoffrey		N;MASC;SG
bosch	bosch	bosch	bosch		N;MASC;SG
namen	namen	namen	namen		N;MASC;SG
twinkle	brilha	twinkle	brilha	N	V;IND;SG;3;PRS;FIN
cohen	cohen	cohen	cohen		N;MASC;SG
fern	feto	fern	feto		N;MASC;SG
fern	fern	fern	fern		N;MASC;SG
chapman	chapman	chapman	chapman		N;MASC;SG
pulchella	pulchella	pulchella	pulchella		N;FEM;SG
thắn	maneirismos	thắn	maneirismo		N;MASC;PL
eulophia	eulophia	eulophia	eulophia		N;FEM;SG
delphinium	delphinium	delphinium	delphinium	V	N;MASC;SG
angelo	angelo	angelo	angelo		N;MASC;SG
angelo	ângelo	angelo	ângelo		N;MASC;SG
clapton	clapton	clapton	clapton		N;MASC;SG
dreams	sonha	dreams	sonhar	N	V;IND;SG;3;PRS;FIN
hector	hector	hector	hector		N;MASC;SG
hector	heitor	hector	heitor		N;MASC;SG
maguire	maguire	maguire	maguire		N;MASC;SG
vụng	desajeitada	vụng	desajeitar	ADJ	V;FEM;SG;V.PTCP
vụng	desastrado	vụng	desastrar	ADJ	N;MASC;SG
vụng	desastrada	vụng	desastrado	ADJ	N;FEM;SG
vụng	trapalhão	vụng	trapalhão	ADJ	N;MASC;SG
vụng	desajeitado	vụng	desajeitar	ADJ	V;MASC;SG;V.PTCP
dãi	baba	dãi	baba	V	N;FEM;SG
aphonopelma	aphonopelma	aphonopelma	aphonopelma	V	N;MASC;SG
brien	brien	brien	brien		N;MASC;SG
turn	ginástica	turn	ginástica		N;FEM;SG
hen	seriamente	hen	seriamente	V	ADV
hen	sério	hen	sério	V	ADJ;MASC;SG
hen	asma	hen	asma	V	N;FEM;SG
tun	estaleiro	tun	estaleiro		N;MASC;SG
tun	yard	tun	yard		N;MASC;SG
tun	quintal	tun	quintal		N;MASC;SG
tun	pátio	tun	pátio		N;MASC;SG
tun	tun	tun	tun		N;MASC;SG
plymouth	plymouth	plymouth	plymouth		N;MASC;SG
boheman	boheman	boheman	boheman	V	N;MASC;SG
žďár	žďár	žďár	žďár		N;MASC;SG
portugal	portugal	portugal	portugal	NUM	N;MASC;SG
rành	conhecedor	rành	conhecedor	V	ADJ;MASC;SG
germar	germar	germar	germar	V	N;MASC;SG
milton	milton	milton	milton		N;MASC;SG
serra	serra	serra	serra	N	PROPN;MASC;SG
cac	cac	cac	cac		N;MASC;SG
cac	tu	cac	tu		INTJ
cac	você	cac	você		PRO;NOM;SG;3
cac	vc	cac	vc		PRO;NOM;MASC;SG;3
noel	noel	noel	noel		N;MASC;SG
ritter	ritter	ritter	ritter		N;MASC;SG
naples	nápoles	naples	nápoles		N;MASC;SG
guérin	guérin	guérin	guérin		N;FEM;SG
orchidee	orchidee	orchidee	orchidee		N;FEM;SG
trick	truque	trick	truque		N;MASC;SG
trick	trick	trick	trick		N;MASC;SG
rivera	rivera	rivera	riverar		N;MASC;SG
borhidi	borhidi	borhidi	borhidi		N;MASC;SG
burton	burton	burton	burton		N;MASC;SG
rita	rita	rita	rita		N;FEM;SG
anobiidae	anobiidae	anobiidae	anobiidar		N;FEM;SG
latreille	latreille	latreille	latreille	V	N;MASC;SG
float	flutua	float	flutua	N	V;IND;SG;3;PRS;FIN
float	flutuar	float	flutuar	N	V;NFIN
compact	compacta	compact	compacto	N	ADJ;FEM;SG
ribes	ribes	ribes	ribes	ADJ	N;MASC;SG
heller	heller	heller	heller		N;MASC;SG
calyptranthes	calyptranthes	calyptranthes	calyptranthe	V	N;MASC;SG
motor	motor	motor	motor		N;MASC;SG
sat	sab	sat	sab	NUM	N;MASC;SG
sat	sentei	sat	sentar	NUM	V;IND;SG;1;PST;FIN
sat	sentado	sat	sentar	NUM	V;MASC;SG;V.PTCP
sat	sáb	sat	sábado	NUM	N;MASC;SG
sat	sat	sat	sat	NUM	N;MASC;SG
christoph	christoph	christoph	christoph		N;MASC;SG
elisabeth	elisabeth	elisabeth	elisabeth		N;FEM;SG
rouge	rouge	rouge	rouger		N;MASC;SG
saxon	saxão	saxon	saxão		N;MASC;SG
saxon	saxões	saxon	saxão		N;MASC;PL
saxon	saxon	saxon	saxon		N;MASC;SG
smithsonian	smithsonian	smithsonian	smithsonian		N;MASC;SG
penn	penn	penn	penn	N	PROPN;MASC;SG
primates	primatas	primates	primato		N;MASC;PL
variabilis	variabilis	variabilis	variabilil		N;MASC;SG
magnus	magno	magnus	magno		N;MASC;SG
magnus	magnus	magnus	magnu		N;MASC;SG
sục	potência	sục	potência	V	N;FEM;SG
sục	energia	sục	energia	V	N;FEM;SG
sục	poder	sục	poder	V	N;MASC;SG
sục	power	sục	power	V	N;MASC;SG
ita}}	ita}}	ita}}	itaar		N;MASC;SG
hòm	ark	hòm	ark	V	N;MASC;SG
hòm	arca	hòm	arcar	V	N;FEM;SG
freeman	freeman	freeman	freeman		N;MASC;SG
mọng	suculenta	mọng	suculento	ADJ	N;FEM;SG
mọng	suculento	mọng	suculento	ADJ	N;MASC;SG
kurz	kurz	kurz	kurz		N;MASC;SG
flores	flores	flores	flor		N;FEM;PL
cloud	nuvens	cloud	nuvem		N;FEM;PL
cloud	nuvem	cloud	nuvem		N;FEM;SG
cloud	cloud	cloud	cloud		N;MASC;SG
nbc	nbc	nbc	nbc		N;FEM;SG
tằng	zeng	tằng	zeng	NUM	N;MASC;SG
eublemma	eublemma	eublemma	eublemma	N	V;IND;PL;3;PRS;FIN
rim	jante	rim	jante		N;MASC;SG
rim	rim	rim	rim		N;MASC;SG
rim	orla	rim	orla		N;FEM;SG
rim	borda	rim	borda		N;FEM;SG
rim	aro	rim	aro		N;MASC;SG
rim	rima	rim	rima		N;FEM;SG
rim	rimas	rim	rima		N;FEM;PL
tryon	tryon	tryon	tryon		N;MASC;SG
mượt	liso	mượt	liso	ADJ	N;MASC;SG
lev	lev	lev	lev	N	PROPN;MASC;SG
tesla	tesla	tesla	tesla		N;MASC;SG
irish	irlandeses	irish	irlandês		N;MASC;PL
irish	irish	irish	irish		N;MASC;SG
irish	irlandesa	irish	irlandesa		N;FEM;SG
irish	irlandês	irish	irlandês		N;MASC;SG
sấy	anchovas	sấy	anchova	V	N;FEM;PL
sấy	secador	sấy	secador	V	N;MASC;SG
sấy	secagem	sấy	secagem	V	N;FEM;SG
teamb	teamb	teamb	teamb		N;MASC;SG
sitticus	sitticus	sitticus	sitticu		N;MASC;SG
giăng	teias	giăng	teia	V	N;FEM;PL
abel	abel	abel	abel		N;MASC;SG
spam	spam	spam	spam	V	N;MASC;SG
westwood	westwood	westwood	westwood		N;MASC;SG
barack	barack	barack	barack	V	N;MASC;SG
nitida	nitida	nitida	nitido		V;FEM;SG;V.PTCP
indo	indo	indo	ir	N	V;V.MSDR
videos	vídeos	videos	vídeo		N;MASC;PL
videos	videos	videos	video		N;MASC;PL
michener	michener	michener	michener		N;MASC;SG
chat	conversar	chat	conversar	N	V;NFIN
goth	gótica	goth	gótica		N;FEM;SG
goth	gótico	goth	gótico		ADJ;MASC;SG
goth	gótica	goth	gótica		N;FEM;SG
goth	gótico	goth	gótico		ADJ;MASC;SG
scarlett	scarlett	scarlett	scarlett		N;FEM;SG
bibliography	bibliografia	bibliography	bibliografia		N;FEM;SG
schaus	schaus	schaus	schau	V	N;MASC;PL
tru	uivar	tru	uivar		V;NFIN
tru	ameaçar	tru	ameaçar		V;NFIN
tru	ameace	tru	ameace		V;SBJV;SG;3;PRS;FIN
tru	sininho	tru	sininho		N;FEM;SG
katy	katy	katy	katy		N;FEM;SG
léon	léon	léon	léon		N;MASC;SG
veronica	veronica	veronica	veronicar		N;FEM;SG
veronica	verónica	veronica	verónico		N;FEM;SG
glenn	glenn	glenn	glenn		N;MASC;SG
szlach	szlach	szlach	szlach		N;MASC;SG
hartmann	hartmann	hartmann	hartmann		N;MASC;SG
agrostis	agrostis	agrostis	agrosti		N;MASC;SG
polish	polonês	polish	polonês	NUM	N;MASC;SG
polish	polaco	polish	polaco	NUM	N;MASC;SG
polish	polonesa	polish	polonesa	NUM	N;FEM;SG
tegenaria	tegenaria	tegenaria	tegenaria		V;COND;SG;3;FIN
benson	benson	benson	benson		N;MASC;SG
sting	ferrão	sting	ferrão		N;MASC;SG
sting	sting	sting	sting		N;MASC;SG
royce	royce	royce	royce		N;MASC;SG
mayer	mayer	mayer	mayer		N;MASC;SG
marcos	marcos	marcos	marco		N;MASC;PL
greenwood	greenwood	greenwood	greenwood		N;MASC;SG
parks	parques	parks	parque		N;MASC;PL
sưởi	aquecedores	sưởi	aquecedor	V	N;MASC;PL
fra}}	fra}}	fra}}	fra}}		N;MASC;SG
holocaust	holocausto	holocaust	holocausto		N;MASC;SG
lucien	luciano	lucien	luciano		N;MASC;SG
lucien	lucien	lucien	lucien		N;MASC;SG
opuntia	opuntia	opuntia	opuntia		N;FEM;SG
dion	dion	dion	dion		N;MASC;SG
kay	kay	kay	kay		N;FEM;SG
ellen	ellen	ellen	ellen		N;FEM;SG
baron	barão	baron	barão		N;MASC;SG
baron	baron	baron	baron		N;MASC;SG
sato	sato	sato	sato		N;MASC;SG
còi	assobio	còi	assobio	ADJ	N;MASC;SG
còi	assobiar	còi	assobiar	ADJ	V;NFIN
còi	apito	còi	apito	ADJ	N;MASC;SG
còi	apitos	còi	apito	ADJ	N;MASC;PL
emi	ime	emi	ime		N;MASC;SG
emi	emi	emi	eme		N;MASC;SG
aria	aria	aria	ar		N;FEM;SG
aria	ária	aria	ária		N;FEM;SG
jake	jake	jake	jake		N;MASC;SG
acanthodelta	acaia	acanthodelta	acaiar	V	N;FEM;SG
ferruginea	ferruginea	ferruginea	ferruginea		N;MASC;SG
brandt	brandt	brandt	brandt		N;MASC;SG
villosa	villosa	villosa	villoso		N;FEM;SG
jensen	jensen	jensen	jensen		N;MASC;SG
tito	tito	tito	tito		N;MASC;SG
herrera	herrera	herrera	herrera		N;MASC;SG
fairy	fada	fairy	fada		N;FEM;SG
vahl	vahl	vahl	vahl		N;MASC;SG
vale	vale	vale	valer	N	V;IND;SG;3;PRS;FIN
berger	berger	berger	berger		N;MASC;SG
click	click	click	click	V	N;MASC;SG
burke	burke	burke	burke		N;MASC;SG
gomez	gómez	gomez	gómez	N	PROPN;MASC;SG
mills	moinhos	mills	moinho		N;MASC;PL
mills	mills	mills	mill		N;MASC;SG
riley	riley	riley	riley		N;MASC;SG
prain	prain	prain	prain		N;MASC;SG
kirk	kirk	kirk	kirk		N;MASC;SG
villers	villers	villers	viller		N;MASC;SG
bissau	bissau	bissau	bissar		N;MASC;SG
humboldt	humboldt	humboldt	humboldt		N;MASC;SG
stein	stein	stein	stein		N;MASC;SG
ada	adda	ada	addar		N;FEM;SG
ada	ada	ada	ada		N;MASC;SG
strong	forte	strong	forte		ADJ;MASC;SG
strong	strong	strong	strong		N;MASC;SG
strong	fortes	strong	forte		ADJ;MASC;PL
wto	omc	wto	omc		N;FEM;SG
gould	gould	gould	gould		N;MASC;SG
morales	morais	morales	moral		N;MASC;PL
morales	morales	morales	morale		N;MASC;SG
gardens	jardins	gardens	jardin		N;MASC;PL
gardens	gardens	gardens	gardem		N;MASC;PL
shizuoka	shizuoka	shizuoka	shizuoka		N;MASC;SG
paz	paz	paz	paz		N;FEM;SG
dante	dante	dante	dante		N;MASC;SG
pilosa	pilosa	pilosa	pilosa		N;FEM;SG
gérard	gérard	gérard	gérard		N;MASC;SG
savage	selvagem	savage	selvagem		ADJ;MASC;SG
savage	savage	savage	savage		N;MASC;SG
savage	selvagens	savage	selvagem		N;MASC;PL
hogwarts	hogwarts	hogwarts	hogwarts	V	N;MASC;PL
moy	moy	moy	moy		N;MASC;SG
rolls	rolos	rolls	rolo		N;MASC;PL
rolls	rola	rolls	rola		N;FEM;SG
rolls	rolls	rolls	rolls		N;MASC;PL
lviv	lviv	lviv	lviv	NUM	N;MASC;SG
summerh	summerh	summerh	summerh		N;MASC;SG
rehder	rehder	rehder	rehder		N;MASC;SG
ekman	ekman	ekman	ekman		N;MASC;SG
parms	parms	parms	parms		N;MASC;SG
tricolor	tricolor	tricolor	tricolor		N;MASC;SG
schulz	schulz	schulz	schulz		N;MASC;SG
bari	bari	bari	bari		N;MASC;SG
versicolor	versicolor	versicolor	versicolor	ADJ	N;MASC;SG
sturm	sturm	sturm	sturm		N;MASC;SG
turk	turco	turk	turco		N;MASC;SG
turk	turk	turk	turk		N;MASC;SG
patricia	patrícia	patricia	patrícia		N;FEM;SG
patricia	patricia	patricia	patricia		N;FEM;SG
eduard	eduard	eduard	eduard		N;MASC;SG
bufonidae	bufonidae	bufonidae	bufonidae		N;FEM;SG
enrique	enrique	enrique	enrique		N;MASC;SG
asperula	asperula	asperula	asperular		N;FEM;SG
elymus	elymus	elymus	elymus	V	N;MASC;SG
ranger	ranger	ranger	ranger		N;FEM;SG
yard	estaleiro	yard	estaleiro		N;MASC;SG
yard	yard	yard	yard		N;MASC;SG
yard	quintal	yard	quintal		N;MASC;SG
yard	pátio	yard	pátio		N;MASC;SG
shelby	shelby	shelby	shelby		N;MASC;SG
eudonia	eudonia	eudonia	eudonia		N;FEM;SG
taken	tirada	taken	tirar		V;FEM;SG;V.PTCP
taken	tomado	taken	tomar		V;MASC;SG;V.PTCP
taken	levado	taken	levar		V;MASC;SG;V.PTCP
taken	tomadas	taken	tomar		V;FEM;PL;V.PTCP
taken	tiradas	taken	tirar		V;FEM;PL;V.PTCP
rufus	rufus	rufus	rufus		N;MASC;SG
hon	querido	hon	querer		V;MASC;SG;V.PTCP
hon	queridos	hon	querer		V;MASC;PL;V.PTCP
hon	querida	hon	querer		V;FEM;SG;V.PTCP
liechtenstein	liechtenstein	liechtenstein	liechtenstein		N;MASC;SG
liechtenstein	listenstaine	liechtenstein	listenstaine		N;MASC;SG
rabaul	rabaul	rabaul	rabaul		N;MASC;SG
plain	plain	plain	plain		N;MASC;SG
plain	planície	plain	planície		N;FEM;SG
plain	simples	plain	simples		ADJ;MASC;SG
ser	ser	ser	ser	N	V;NFIN
rán	fritar	rán	fritar	N	V;NFIN
rán	fritar	rán	fritar	N	V;NFIN
fungorum	fungorum	fungorum	fungorum	NUM	N;MASC;SG
maxon	maxon	maxon	maxon		ADJ;MASC;SG
endl	endl	endl	endl		N;MASC;SG
capparis	capparis	capparis	cappari		N;MASC;SG
pass	assista	pass	assistar	N	V;SBJV;SG;3;PRS;FIN
pass	assistir	pass	assistir	N	V;NFIN
pass	assistam	pass	assistir	N	V;SBJV;PL;3;PRS;FIN
pass	passe	pass	passar	N	V;SBJV;SG;3;PRS;FIN
pass	passar	pass	passar	N	V;NFIN
pass	passa	pass	passar	N	V;IND;SG;3;PRS;FIN
yeltsin	ieltsin	yeltsin	ieltsin		N;MASC;SG
lori	lori	lori	lori		N;FEM;SG
lineata	lineata	lineata	lineata		N;FEM;SG
oeste	oeste	oeste	oeste		N;MASC;SG
eremophila	eremophila	eremophila	eremophila	V	N;FEM;SG
dominique	dominique	dominique	dominicar		N;MASC;SG
garnier	garnier	garnier	garnier		N;MASC;SG
ultimate	derradeira	ultimate	derradeiro		ADJ;FEM;SG
ultimate	ultimate	ultimate	ultimate		N;MASC;SG
gleason	gleason	gleason	gleason		N;MASC;SG
crimean	crimeia	crimean	crimeio		N;FEM;SG
crimean	crimeia	crimean	crimeio		N;FEM;SG
quentin	quentin	quentin	quentin		N;MASC;SG
marlborough	marlborough	marlborough	marlborough	N	V;IND;SG;3;PST;FIN
uta	uta	uta	uta		N;FEM;SG
reeder	reeder	reeder	reeder	ADJ	N;MASC;SG
girona	girona	girona	girona	NUM	N;MASC;SG
hokkaido	hokkaido	hokkaido	hokkaido		N;MASC;SG
tales	contos	tales	conto		N;MASC;PL
tales	tales	tales	tale		N;MASC;SG
rennes	rennes	rennes	renne	NUM	N;MASC;SG
brod	brod	brod	brod	NUM	PROPN;MASC;SG
sharon	sharon	sharon	sharon		N;MASC;SG
rosario	rosário	rosario	rosário		N;MASC;SG
rosario	rosario	rosario	rosario		N;MASC;SG
suite	suite	suite	suite		N;MASC;SG
suite	suíte	suite	suíte		N;FEM;SG
clair	clair	clair	clair		N;MASC;SG
woodson	woodson	woodson	woodson		N;MASC;SG
aurea	aurea	aurea	aurear		N;FEM;SG
mirror	mirror	mirror	mirror		N;MASC;SG
mirror	espelho	mirror	espelho		N;MASC;SG
cyclophora	cyclophora	cyclophora	cyclophora	V	N;FEM;SG
macrophylla	macrophylla	macrophylla	macrophylla	V	N;FEM;SG
potentilla	potentilla	potentilla	potentilla	V	N;FEM;SG
aristotle	aristóteles	aristotle	aristótele		N;MASC;PL
maslin	maslin	maslin	maslin		N;MASC;SG
xxx	xxx	xxx	xxx		N;MASC;SG
ústí	ústí	ústí	ústir	NUM	N;MASC;SG
spectabilis	spectabilis	spectabilis	spectabilili		N;MASC;SG
furnariidae	furnariidae	furnariidae	furnariidar		N;FEM;SG
malcolm	malcolm	malcolm	malcolm		N;MASC;SG
malcolm	malcom	malcolm	malcom		N;MASC;SG
joker	joker	joker	joker		N;MASC;SG
joker	brincalhão	joker	brincalhão		N;MASC;SG
joker	coringa	joker	coringa		N;MASC;SG
yves	yves	yves	yve		N;MASC;SG
mrkos	mrkos	mrkos	mrkos		N;MASC;SG
winchester	winchester	winchester	winchester		N;MASC;SG
sericea	sericea	sericea	sericea		N;MASC;SG
cúi	bend	cúi	bend	V	N;MASC;SG
juss	juss	juss	jus		N;MASC;SG
thây	zumbis	thây	zumbi		N;MASC;PL
thây	zombies	thây	zombie		N;MASC;PL
trifolium	trifolium	trifolium	trifolium		N;MASC;SG
nhấp	click	nhấp	click	V	N;MASC;SG
fallax	fallax	fallax	fallax		N;MASC;SG
chronicle	crônica	chronicle	crônico		N;FEM;SG
chronicle	chronicle	chronicle	chronicle		N;MASC;SG
chronicle	crónica	chronicle	crónica		N;FEM;SG
pumila	pumila	pumila	pumilar		N;FEM;SG
turku	turku	turku	turku	NUM	N;MASC;SG
bradford	bradford	bradford	bradford		N;MASC;SG
shark	tubarão	shark	tubar	N	V;IND;PL;3;FUT;FIN
messina	messina	messina	messina	N	PROPN;MASC;SG
ramírez	ramírez	ramírez	ramírez		N;MASC;SG
kanagawa	kanagawa	kanagawa	kanagawa		N;MASC;SG
burret	burret	burret	burret		N;MASC;SG
scorea	scorea	scorea	scorear		N;FEM;SG
altlink	altlink	altlink	altlink		N;MASC;SG
picta	picta	picta	picta		N;MASC;SG
haplochromis	haplochromis	haplochromis	haplochromi	V	N;MASC;SG
erysimum	erysimum	erysimum	erysimum		N;MASC;SG
argia	argia	argia	argia		N;FEM;SG
hare	hare	hare	hare		N;MASC;SG
hare	lebre	hare	lebre		N;FEM;SG
tristis	tristis	tristis	tristi		N;MASC;PL
sum	soma	sum	soma		N;FEM;SG
sum	sum	sum	sum		N;MASC;SG
sum	somatório	sum	somatório		N;MASC;SG
swiss	suíço	swiss	suíço	N	ADJ;MASC;SG
aconitum	aconitum	aconitum	aconitum		N;MASC;SG
himmler	himmler	himmler	himmler		N;MASC;SG
khoe	mostra	khoe	mostrar	N	V;IND;SG;3;PRS;FIN
düsseldorf	düsseldorf	düsseldorf	düsseldorf	NUM	N;MASC;SG
düsseldorf	dusseldorf	düsseldorf	dusseldorf	NUM	N;MASC;SG
lives	lives	lives	live		N;MASC;SG
lives	mora	lives	morar		V;IND;SG;3;PRS;FIN
lives	vidas	lives	vida		N;FEM;PL
lives	vive	lives	viver		V;IND;SG;3;PRS;FIN
scotopteryx	scotopteryx	scotopteryx	scotopteryx	V	N;MASC;SG
agm	agm	agm	agm		N;MASC;SG
cecil	cecil	cecil	cecil		N;MASC;SG
larvae	larvas	larvae	larva	ADJ	N;FEM;PL
larvae	larva	larvae	larva	ADJ	N;FEM;SG
besançon	besançon	besançon	besançon		N;MASC;SG
takeda	takeda	takeda	takeda		N;MASC;SG
adventures	aventuras	adventures	aventura		N;FEM;PL
adventures	adventures	adventures	adventure		N;MASC;SG
licania	licania	licania	licania		N;FEM;SG
ryū	ryu	ryū	ryu		N;MASC;SG
ryū	ryū	ryū	ryū		N;MASC;SG
kagoshima	kagoshima	kagoshima	kagoshimo		N;MASC;SG
vito	vito	vito	vito		N;MASC;SG
peruviana	peruviana	peruviana	peruviano		ADJ;FEM;SG
varese	varese	varese	varese	NUM	N;MASC;SG
origins	origens	origins	origem		N;FEM;PL
heli	hélio	heli	hélio		N;MASC;SG
orléans	orléans	orléans	orléan		N;FEM;SG
orléans	orleães	orléans	orleão		N;FEM;SG
lutea	lutea	lutea	lutea		N;FEM;SG
