allocosa	allocosa	allocosa	allocosa		N;NOM;INDF;MASC+FEM;SG
northrop	northrop	northrop	northrop		PROPN;NOM
aurora	aurora	aurora	auror		N;NOM;INDF;NEUT;SG
pat	klapp	pat	klapp		N;NOM;INDF;MASC+FEM;SG
pat	pat	pat	pat		PROPN;NOM
pike	pike	pike	pike		PROPN;NOM
pike	gädda	pike	gädda		N;NOM;INDF;MASC+FEM;SG
voronezh	voronezj	voronezh	voronezj	N	PROPN;NOM
pasha	pasha	pasha	pasha		PROPN;NOM
ieee	ieee	ieee	ieee	N	PROPN;NOM
pearson	pearson	pearson	pearson	N	PROPN;NOM
atriplex	atriplex	atriplex	atriplex		N;NOM;INDF;MASC+FEM;SG
cantabria	kantabrien	cantabria	kantabrien		N;NOM;DEF;MASC+FEM;SG
moson	moson	moson	moson		N;NOM;INDF;MASC+FEM;SG
fast	fastnat	fast	fastna		ADJ;NOM;INDF;NEUT;SG;PST;V.PTCP
fast	fastnade	fast	fastna		ADJ;NOM;PL;PST;V.PTCP
fast	fast	fast	fast		ADV
lodovico	lodovico	lodovico	lodovico	V	N;NOM;INDF;MASC+FEM;SG
voldemort	voldemort	voldemort	voldemor		N;NOM;INDF;MASC+FEM;SG
parviflora	parviflora	parviflora	parviflora		N;NOM;INDF;MASC+FEM;SG
lipotriches	lipotriches	lipotriches	lipotriches	V	N;NOM;INDF;MASC+FEM;SG
liège	liège	liège	liège	NUM	PROPN;NOM
popov	popov	popov	popov	N	PROPN;NOM
concolor	concolor	concolor	concola		N;NOM;INDF;MASC+FEM;SG
geoffrey	geoffrey	geoffrey	geoffrey		PROPN;NOM
bosch	bosch	bosch	bosch		PROPN;NOM
twinkle	blinka	twinkle	blinka	N	V;IMP;FIN;ACT
natal	natal	natal	natal	N	PROPN;NOM
cohen	cohen	cohen	cohen		PROPN;NOM
fern	fern	fern	fern		N;NOM;INDF;MASC+FEM;SG
moses	mose	moses	mose	N	PROPN;NOM
moses	moses	moses	mose	N	PROPN;NOM
gasteracantha	gasteracantha	gasteracantha	gasteracantha		N;NOM;INDF;MASC+FEM;SG
memphis	memphis	memphis	memphis	N	PROPN;NOM
chapman	chapman	chapman	chapman		PROPN;NOM
pulchella	pulchella	pulchella	pulchell		N;NOM;INDF;MASC+FEM;SG
eulophia	eulophia	eulophia	eulophia		N;NOM;INDF;MASC+FEM;SG
norwich	norwich	norwich	norwich	N	PROPN;NOM
alta	alta	alta	alt	N	PROPN;NOM
adelaide	adelaide	adelaide	adelaide	N	PROPN;NOM
ovulidae	ovulidae	ovulidae	ovulid		N;NOM;INDF;NEUT;SG
delphinium	delphinium	delphinium	delphinium	V	N;NOM;INDF;MASC+FEM;SG
angelo	angelo	angelo	angelo		PROPN;NOM
clapton	clapton	clapton	clapton		PROPN;NOM
messier	messier	messier	messi	N	PROPN;NOM
huesca	huesca	huesca	huesca	N	PROPN;NOM
hector	hector	hector	hector		PROPN;NOM
ling	långa	ling	lång	N	ADJ;NOM;PL
fusca	fusca	fusca	fusca		N;NOM;INDF;MASC+FEM;SG
maguire	maguire	maguire	maguire		PROPN;NOM
kylie	kylie	kylie	kylie	N	PROPN;NOM
cưng	kära	cưng	kära	V	N;NOM;INDF;MASC+FEM;SG
yorktown	yorktown	yorktown	yorktown	N	PROPN;NOM
bofors	bofors	bofors	bofora	N	PROPN;NOM
aphonopelma	aphonopelma	aphonopelma	aphonopel	V	N;NOM;INDF;MASC+FEM;SG
ichigo	ichigo	ichigo	ichigo	N	PROPN;NOM
brien	brien	brien	brien		PROPN;NOM
turn	gymnastik	turn	gymnastik		N;NOM;INDF;MASC+FEM;SG
hen	seriöst	hen	seriös	V	ADJ;NOM;INDF;NEUT;SG
hen	allvarligt	hen	allvarlig	V	ADJ;NOM;INDF;NEUT;SG
hen	astma	hen	ast	V	N;NOM;INDF;MASC+FEM;SG
tun	yard	tun	yard		N;NOM;INDF;NEUT;SG
tun	tun	tun	tun		NUM;NOM
plymouth	plymouth	plymouth	plymouth		PROPN;NOM
anglo	anglo	anglo	anglo	N	PROPN;NOM
montreal	montreal	montreal	montreal	N	PROPN;NOM
fulham	fulham	fulham	fulham	N	PROPN;NOM
auf	auf	auf	auf	N	V;IMP;FIN;ACT
boheman	boheman	boheman	boheman	V	N;NOM;INDF;MASC+FEM;SG
žďár	žďár	žďár	žďár		N;NOM;INDF;MASC+FEM;SG
portugal	portugal	portugal	portugal	NUM	PROPN;NOM
waterloo	waterloo	waterloo	waterloo	N	PROPN;NOM
rành	kännare	rành	kännare	V	N;NOM;INDF;MASC+FEM;PL
halifax	halifax	halifax	halifax	N	PROPN;NOM
germar	germar	germar	germa	V	N;NOM;INDF;MASC+FEM;SG
milton	milton	milton	milton		PROPN;NOM
kazan	kazan	kazan	ka a	N	PROPN;NOM
cac	cac	cac	cac		PROPN;NOM
cac	ni	cac	ni		PRO;NOM;DEF;MASC+FEM;SG
cac	dig	cac	du		PRO;ACC;DEF;MASC+FEM;SG
cac	du	cac	du		PRO;NOM;DEF;MASC+FEM;SG
archer	archer	archer	archer	N	PROPN;NOM
noel	noel	noel	noel		N;NOM;INDF;MASC+FEM;SG
ritter	ritter	ritter	ritta		N;NOM;INDF;MASC+FEM;PL
brooks	brooks	brooks	brook	N	PROPN;NOM
strauss	strauss	strauss	strauss	N	PROPN;NOM
lóc	gnäll	lóc	gnäll	V	N;NOM;INDF;NEUT;SG
naples	neapel	naples	neapel		PROPN;NOM
emmanuel	emmanuel	emmanuel	emmanuel	N	PROPN;NOM
allison	allison	allison	allison	N	PROPN;NOM
guérin	guérin	guérin	guérin		PROPN;NOM
lionel	lionel	lionel	lionel	N	PROPN;NOM
trick	trick	trick	trick		N;NOM;INDF;NEUT;SG
trick	bus	trick	bus		N;NOM;INDF;MASC+FEM;SG
trick	tricket	trick	trick		N;NOM;DEF;NEUT;SG
mariah	mariah	mariah	mariah	N	PROPN;NOM
oerlikon	oerlikon	oerlikon	oerlikon	N	PROPN;NOM
rivera	rivera	rivera	rivera		PROPN;NOM
curtiss	curtiss	curtiss	curtiss	N	PROPN;NOM
serrata	serrata	serrata	serrat	N	ADJ;NOM;INDF;MASC+FEM;SG;PST;V.PTCP
borhidi	borhidi	borhidi	borhidi		N
burton	burton	burton	burton		PROPN;NOM
catalan	katalanska	catalan	katalansk	N	ADJ;NOM;PL
rita	rita	rita	rita		V;IMP;FIN;ACT
latreille	latreille	latreille	latreille	V	N;NOM;INDF;MASC+FEM;SG
float	flyter	float	flyta	N	V;IND;PRS;FIN;ACT
float	flyta	float	flyta	N	V;IMP;FIN;ACT
float	svävar	float	sväv	N	V;IND;PRS;FIN;ACT
hwang	hwang	hwang	hwang	N	PROPN;NOM
compact	kompakt	compact	kompakt	N	ADJ;NOM;INDF;MASC+FEM;SG
compact	komprimera	compact	komprimera	N	V;IMP;FIN;ACT
cheng	hopplöst	cheng	hopplös	N	ADJ;NOM;INDF;NEUT;SG;PST;V.PTCP
cheng	hopplös	cheng	hopplös	N	ADJ;NOM;INDF;MASC+FEM;SG
cheng	hopplösa	cheng	hopplös	N	ADJ;NOM;PL
cheng	cheng	cheng	cheng	N	PROPN;NOM
cornell	cornell	cornell	cornell	N	PROPN;NOM
ribes	ribes	ribes	ribes	ADJ	N;NOM;INDF;MASC+FEM;SG
heller	heller	heller	heller		ADV
calyptranthes	calyptranthes	calyptranthes	calyptranthes	V	N;NOM;INDF;MASC+FEM;SG
motor	motor	motor	motor		N;NOM;INDF;MASC+FEM;SG
sat	sat	sat	sit	NUM	V;IMP;FIN;ACT
sat	satt	sat	sitta	NUM	V;IMP;FIN;ACT
sat	suttit	sat	sutta	NUM	V;V.CVB;ACT
sat	lör	sat	löra	NUM	N
christoph	christoph	christoph	christoph		PROPN;NOM
elisabeth	elisabet	elisabeth	elisabet		PROPN;NOM
elisabeth	elisabeth	elisabeth	elisabeth		PROPN;NOM
rouge	rouge	rouge	rouge		PROPN;NOM
darius	darius	darius	darius	N	PROPN;NOM
chiapas	chiapas	chiapas	chiapa	N	PROPN;GEN
benfica	benfica	benfica	benfic	N	PROPN;NOM
saxon	saxon	saxon	saxon		PROPN;NOM
ngửa	ryggsim	ngửa	ryggsim	V	N;NOM;INDF;NEUT;SG
smithsonian	smithsonian	smithsonian	smithsonian		N
penn	penn	penn	penn	N	PROPN;NOM
primates	primater	primates	primat		N;NOM;INDF;MASC+FEM;PL
variabilis	variabilis	variabilis	variabilis		N;NOM;INDF;MASC+FEM;SG
magnus	magnus	magnus	magnus		PROPN;NOM
acontia	acontia	acontia	acontia		N;NOM;INDF;MASC+FEM;SG
sục	kraft	sục	kraft	V	N;NOM;INDF;MASC+FEM;SG
sục	makt	sục	makt	V	N;NOM;INDF;MASC+FEM;SG
sục	power	sục	power	V	N;NOM;INDF;MASC+FEM;SG
abe	abe	abe	abe	N	PROPN;NOM
ita}}	ita}	ita}}	ita}		V;IMP;FIN;ACT
hòm	ark	hòm	ark	V	N;NOM;INDF;NEUT;SG
hòm	arken	hòm	ark	V	N;NOM;DEF;MASC+FEM;SG
freeman	freeman	freeman	freman		PROPN;NOM
scleria	scleria	scleria	scleri		N;NOM;INDF;MASC+FEM;SG
kurz	kurz	kurz	kurz		PROPN;NOM
yan	yan	yan	yan	N	PROPN;NOM
ramos	ramos	ramos	ramos	N	PROPN;NOM
flores	flores	flores	flores		N;NOM;INDF;MASC+FEM;SG
timothy	timothy	timothy	timothy	N	PROPN;NOM
ieyasu	ieyasu	ieyasu	ieyasu	N	V;NFIN;PASS
cloud	cloud	cloud	cloud		N;NOM;INDF;MASC+FEM;SG
cloud	moln	cloud	moln		N;NOM;INDF;NEUT;SG
bernardo	bernardo	bernardo	bernardo	N	PROPN;NOM
nbc	nbc	nbc	nbc		PROPN;NOM
siemens	siemens	siemens	siem	N	PROPN;NOM
rotterdam	rotterdam	rotterdam	rotterdam	N	PROPN;NOM
tằng	zeng	tằng	zeng	NUM	PROPN;NOM
kiel	kiel	kiel	kiel	N	PROPN;NOM
lamprosema	lamprosema	lamprosema	lamprosem	V	N;NOM;INDF;MASC+FEM;SG
eminem	eminem	eminem	eminem	N	PROPN;NOM
rim	rim	rim	rim		N;NOM;INDF;NEUT;SG
rim	rim	rim	rim		N;NOM;INDF;NEUT;SG
ferrara	ferrara	ferrara	ferrara	N	PROPN;NOM
tryon	tryon	tryon	tryon		PROPN;NOM
dido	dido	dido	dido	N	PROPN;NOM
dmitri	dmitrij	dmitri	dmitrij	N	PROPN;NOM
dmitri	dmitri	dmitri	dmitri	N	PROPN;NOM
dmitri	dimitri	dmitri	dimitri	N	PROPN;NOM
ozyptila	ozyptila	ozyptila	ozyptil		N;NOM;INDF;MASC+FEM;SG
chad	tchad	chad	tchad	N	PROPN;NOM
chad	chad	chad	chad	N	PROPN;NOM
satsuma	satsuma	satsuma	satsum	N	PROPN;NOM
zagreb	zagreb	zagreb	zagreb	N	PROPN;NOM
habronattus	habronattus	habronattus	habronattus		N;NOM;INDF;MASC+FEM;SG
betula	betula	betula	betula	N	V;IMP;FIN;ACT
tesla	tesla	tesla	tesla		PROPN;NOM
irish	irländskt	irish	irländsk		ADJ;NOM;INDF;NEUT;SG
irish	iriska	irish	irisk		N;NOM;INDF;MASC+FEM;SG
irish	irländare	irish	irländare		N;NOM;INDF;MASC+FEM;PL
irish	irländsk	irish	irländsk		ADJ;NOM;INDF;MASC+FEM;SG
irish	irländska	irish	irländsk		ADJ;NOM;PL
mayenne	mayenne	mayenne	mayenne	N	PROPN;NOM
castilleja	castilleja	castilleja	castilleja	N	V;IMP;FIN;ACT
kun	kun	kun	kunna	N	V;IMP;FIN;ACT
sấy	ansjovis	sấy	ansjovis	V	N;NOM;INDF;MASC+FEM;SG
sấy	torkning	sấy	torkning	V	N;NOM;INDF;MASC+FEM;SG
teamb	teamb	teamb	teamb		N;NOM;INDF;MASC+FEM;SG
sitticus	sitticus	sitticus	sitticus		N;NOM;INDF;MASC+FEM;SG
abel	abel	abel	abel		PROPN;NOM
millidge	millidge	millidge	millidge		N;NOM;INDF;MASC+FEM;SG
midlands	midland	midlands	midland	N	PROPN;NOM
spam	spam	spam	spam	V	N;NOM;INDF;NEUT;SG
spam	skräppost	spam	skräppost	V	N;NOM;INDF;NEUT;SG
westwood	westwood	westwood	westwood		PROPN;NOM
barack	barack	barack	barack	V	N;NOM;INDF;MASC+FEM;SG
nitida	nitida	nitida	nitida		N;NOM;INDF;MASC+FEM;SG
cardiff	cardiff	cardiff	cardiff	N	PROPN;NOM
kerr	kerr	kerr	ke	N	PROPN;NOM
vaccinium	vaccinium	vaccinium	vaccinium	N	V;IMP;FIN;ACT
videos	filmklipp	videos	filmklipp		N;NOM;INDF;NEUT;SG
videos	videor	videos	videa		N;NOM;INDF;MASC+FEM;PL
videos	videos	videos	vidéa		N;NOM;INDF;MASC+FEM;PL
videos	videoklipp	videos	videoklipp		N;NOM;INDF;NEUT;SG
michener	michener	michener	michen		N;NOM;INDF;MASC+FEM;SG
chat	chatta	chat	chatta	N	V;IMP;FIN;ACT
goth	goth	goth	goth		N;NOM;INDF;MASC+FEM;SG
goth	gotiska	goth	gotisk		ADJ;NOM;PL
scarlett	scarlett	scarlett	scarlett		N;NOM;DEF;NEUT;SG
derek	derek	derek	derek	N	PROPN;NOM
belgrade	volgograd	belgrade	volgograd	N	PROPN;NOM
teresa	teresa	teresa	teresa	N	PROPN;NOM
bibliography	bibliografi	bibliography	bibliografi		N;NOM;INDF;MASC+FEM;SG
schaus	schaus	schaus	schaus	V	N;NOM;INDF;MASC+FEM;SG
tru	hotar	tru	hota		V;IND;PRS;FIN;ACT
tru	hota	tru	hota		V;IMP;FIN;ACT
tru	tingeling	tru	tingeling		N;NOM;INDF;MASC+FEM;SG
katy	katy	katy	katy		PROPN;NOM
jeremy	jeremy	jeremy	jeremy	N	PROPN;NOM
léon	léon	léon	léon		PROPN;NOM
nakamura	nakamura	nakamura	nakamur	N	PROPN;NOM
veronica	veronica	veronica	veronic		PROPN;NOM
glenn	glenn	glenn	glen		PROPN;NOM
manning	manning	manning	manning	N	PROPN;NOM
hartmann	hartmann	hartmann	hartmann		PROPN;NOM
agrostis	agrostis	agrostis	agrostis		N;NOM;INDF;MASC+FEM;SG
firenze	firenze	firenze	firenze	N	PROPN;NOM
polish	polskt	polish	polsk	NUM	ADJ;NOM;INDF;NEUT;SG
polish	polsk	polish	polsk	NUM	ADJ;NOM;INDF;MASC+FEM;SG
polish	polska	polish	polsk	NUM	N;NOM;INDF;MASC+FEM;SG
tegenaria	tegenaria	tegenaria	tegenari		N;NOM;INDF;MASC+FEM;SG
benson	benson	benson	benson		PROPN;NOM
sting	sting	sting	sting		N;NOM;INDF;MASC+FEM;SG
royce	royce	royce	royce		N;NOM;INDF;MASC+FEM;SG
hesse	hessen	hesse	hess	N	PROPN;NOM
mayer	mayer	mayer	maye		PROPN;NOM
marcos	marcos	marcos	marcos		PROPN;NOM
greenwood	greenwood	greenwood	greenwood		PROPN;NOM
parks	parker	parks	park		N;NOM;INDF;MASC+FEM;PL
parks	parks	parks	park		N;NOM;INDF;MASC+FEM;SG
fra}}	fra}	fra}}	fra}		N;NOM;INDF;MASC+FEM;SG
holocaust	förintelse	holocaust	förintelse		N;NOM;INDF;MASC+FEM;SG
holocaust	förintelsen	holocaust	förintelse		N;NOM;DEF;MASC+FEM;SG
lucien	lucien	lucien	lucien		N;NOM;DEF;MASC+FEM;SG
lisbon	lissabon	lisbon	lissabon	N	PROPN;NOM
lisbon	lisbon	lisbon	lisbon	N	PROPN;NOM
hyderabad	hyderabad	hyderabad	hyderabad	N	PROPN;NOM
opuntia	opuntia	opuntia	opunti		N;NOM;INDF;MASC+FEM;SG
dion	dion	dion	dunna		PROPN;NOM
kay	kay	kay	kay		PROPN;NOM
paramount	paramount	paramount	paramount	N	PROPN;NOM
ellen	ellen	ellen	ellen		PROPN;NOM
benton	benton	benton	benton	N	PROPN;NOM
baron	baron	baron	baron		N;NOM;INDF;MASC+FEM;SG
baron	baronen	baron	baron		N;NOM;DEF;MASC+FEM;SG
continental	kontinentala	continental	kontinental	N	ADJ;NOM;PL
sato	sato	sato	sato		PROPN;NOM
canaria	canaria	canaria	canaria	N	PROPN;NOM
còi	vissla	còi	vissla	ADJ	V;IMP;FIN;ACT
preston	preston	preston	preston	N	PROPN;NOM
emi	emi	emi	emi		N;NOM;INDF;NEUT;SG
luca	luca	luca	luca	N	PROPN;NOM
aria	aria	aria	aria		N;NOM;INDF;NEUT;SG
saitama	saitama	saitama	saitam	N	PROPN;NOM
jake	jake	jake	jake		PROPN;NOM
acanthodelta	acanthodelta	acanthodelta	acanthodelt	V	N;NOM;INDF;MASC+FEM;SG
ferruginea	ferruginea	ferruginea	ferruginea		N;NOM;INDF;MASC+FEM;SG
brandt	brandt	brandt	brand		PROPN;NOM
villosa	villosa	villosa	villos		N;NOM;INDF;MASC+FEM;SG
jensen	jensen	jensen	jens		PROPN;NOM
tito	tito	tito	tito		PROPN;NOM
londt	londt	londt	londt		N;NOM;INDF;MASC+FEM;SG
herrera	herrera	herrera	herrera		N;NOM;INDF;MASC+FEM;SG
fairy	fe	fairy	fe		N;NOM;INDF;MASC+FEM;SG
fairy	älva	fairy	älva		N;NOM;INDF;MASC+FEM;SG
vahl	vahl	vahl	vahl		N;NOM;INDF;MASC+FEM;SG
gustave	gustave	gustave	gustav	N	PROPN;NOM
wembley	wembley	wembley	wembley	N	PROPN;NOM
wwf	wwf	wwf	wwf	N	PROPN;NOM
berger	berger	berger	berger		PROPN;NOM
bali	bali	bali	bali	N	PROPN;NOM
click	klick	click	klick	V	N;NOM;INDF;NEUT;SG
malay	malaysiska	malay	malaysisk	N	ADJ;NOM;PL
burke	burke	burke	burke		PROPN;NOM
sophronica	sophronica	sophronica	sophronic		N;NOM;INDF;MASC+FEM;SG
baldwin	baldwin	baldwin	baldöi	N	PROPN;NOM
gomez	gomez	gomez	gom	N	PROPN;NOM
mills	mills	mills	mills		PROPN;NOM
mills	fabriker	mills	fabrik		N;NOM;INDF;MASC+FEM;PL
riley	riley	riley	riley		PROPN;NOM
prain	prain	prain	prain		N;NOM;INDF;MASC+FEM;SG
aubl	aubl	aubl	aubl		N;NOM;INDF;MASC+FEM;SG
swaziland	swaziland	swaziland	swaziland	N	PROPN;NOM
thymus	thymus	thymus	thymus	N	PROPN;NOM
kirk	kirk	kirk	kirk		PROPN;NOM
villers	villers	villers	vill		V;IMP;FIN;ACT
bissau	bissau	bissau	bissau		N;NOM;INDF;MASC+FEM;SG
warncke	warncke	warncke	warncke		N;NOM;INDF;MASC+FEM;SG
cfg	cfg	cfg	cfg		N;NOM;INDF;MASC+FEM;SG
humboldt	humboldt	humboldt	humbold		PROPN;NOM
cincinnati	cincinnati	cincinnati	cincinnati	N	PROPN;NOM
stein	stein	stein	stein		PROPN;NOM
jalisco	jalisco	jalisco	jalisco	N	PROPN;NOM
linden	linden	linden	lind	N	PROPN;NOM
ada	adda	ada	adda		V;IMP;FIN;ACT
ada	ada	ada	ada		PROPN;NOM
albion	albion	albion	albion	N	PROPN;NOM
wade	wade	wade	öade	N	PROPN;NOM
strong	starkt	strong	stark		ADV
strong	strong	strong	strong		N;NOM;INDF;MASC+FEM;SG
strong	starka	strong	stark		ADJ;NOM;PL
strong	stark	strong	stark		ADJ;NOM;INDF;MASC+FEM;SG
wto	världshandelsorganisationen	wto	världshandelsorganisation		N;NOM;INDF;MASC+FEM;SG
wto	wto	wto	wto		PROPN;NOM
gould	gould	gould	gould		PROPN;NOM
morales	morales	morales	morales		PROPN;NOM
campos	campos	campos	campos	N	PROPN;NOM
kohl	kohl	kohl	kohl	N	PROPN;NOM
gardens	trädgårdarna	gardens	trädgård		N;NOM;DEF;MASC+FEM;PL
gardens	trädgårdar	gardens	trädgård		N;NOM;INDF;MASC+FEM;PL
gardens	gardens	gardens	gard		N;GEN;DEF;MASC+FEM;SG
quincy	quincy	quincy	quincy	N	PROPN;NOM
shizuoka	shizuoka	shizuoka	shizuoka		PROPN;NOM
paz	paz	paz	paz		PROPN;NOM
dante	dante	dante	dant		PROPN;NOM
pilosa	pilosa	pilosa	pilos		N;NOM;INDF;MASC+FEM;SG
gérard	gérard	gérard	gérard		PROPN;NOM
savage	savage	savage	savag		PROPN;NOM
savage	vilda	savage	vilja		ADJ;NOM;PL
savage	vilde	savage	vilja		N;NOM;INDF;MASC+FEM;SG
hogwarts	hogwarts	hogwarts	hogCart	V	N;GEN;INDF;MASC+FEM;SG
oahu	oahu	oahu	oahu	N	PROPN;NOM
acalolepta	acalolepta	acalolepta	acalolept		N;NOM;INDF;MASC+FEM;SG
moy	moy	moy	moy		N;NOM;INDF;MASC+FEM;SG
gil	gil	gil	gil	N	PROPN;NOM
cabo	cabo	cabo	cabo	N	PROPN;NOM
tmesisternus	tmesisternus	tmesisternus	tmesisternus		N;NOM;DEF;MASC+FEM;SG
jolie	jolie	jolie	jolie	N	PROPN;NOM
rolls	rullar	rolls	rulla		V;IND;PRS;FIN;ACT
rolls	rolls	rolls	rolls		N;NOM;INDF;MASC+FEM;SG
lviv	lviv	lviv	lviv	NUM	PROPN;NOM
rehder	rehder	rehder	rehd		N;NOM;INDF;MASC+FEM;SG
bauhinia	bauhinia	bauhinia	bauhini	N	V;IMP;FIN;ACT
alessandro	alessandro	alessandro	alessandro	N	PROPN;NOM
ekman	ekman	ekman	ekman		PROPN;NOM
log	logga	log	logga	N	V;IMP;FIN;ACT
springer	springer	springer	spring	N	V;IND;PRS;FIN;ACT
thebes	thebe	thebes	thebe	N	PROPN;NOM
claudius	claudius	claudius	claudius	N	PROPN;NOM
tricolor	tricolor	tricolor	tricolo		N;NOM;INDF;MASC+FEM;PL
schulz	schulz	schulz	schulz		PROPN;NOM
bari	bari	bari	bari		PROPN;NOM
versicolor	versicolor	versicolor	versicolo	ADJ	N;NOM;INDF;MASC+FEM;PL
sturm	sturm	sturm	sturm		PROPN;NOM
nathan	nathan	nathan	nathan	N	PROPN;NOM
turk	turk	turk	turk		N;NOM;INDF;MASC+FEM;SG
patricia	patricia	patricia	patricia		PROPN;NOM
eduard	eduard	eduard	eduard		PROPN;NOM
enrique	enrique	enrique	enrique		PROPN;NOM
asperula	asperula	asperula	asperul		N;NOM;INDF;MASC+FEM;SG
ranger	ranger	ranger	rang		N;NOM;INDF;MASC+FEM;SG
yard	yard	yard	yard		N;NOM;INDF;NEUT;SG
konstantinos	konstantin	konstantinos	konstanti	N	PROPN;NOM
konstantinos	constantine	konstantinos	constantine	N	PROPN;NOM
int	int	int	int	N	INTJ
shelby	shelby	shelby	shelby		PROPN;NOM
eudonia	eudonia	eudonia	eudoni		N;NOM;INDF;MASC+FEM;SG
taken	tagit	taken	ta		V;V.CVB;ACT
taken	tagen	taken	tagen		ADJ;NOM;INDF;MASC+FEM;SG;PST;V.PTCP
taken	togs	taken	ta		V;IND;PST;FIN;PASS
taken	tagna	taken	ta		ADJ;NOM;PL;PST;V.PTCP
rufus	rufus	rufus	rufus		PROPN;NOM
connor	connor	connor	conna	N	PROPN;NOM
dynamo	dynamo	dynamo	dynamu	N	PROPN;NOM
hon	kära	hon	kära		N;NOM;INDF;MASC+FEM;SG
ôliu	olive	ôliu	oli	N	PROPN;NOM
nola	nola	nola	nola	N	PROPN;NOM
liechtenstein	liechtenstein	liechtenstein	liechtenstein		PROPN;NOM
benoit	benoit	benoit	benoit	N	PROPN;NOM
rabaul	rabaul	rabaul	rabaul		N;NOM;INDF;MASC+FEM;SG
richland	richland	richland	richland	N	PROPN;NOM
cromwell	cromwell	cromwell	cromwell	N	PROPN;NOM
queens	queens	queens	Pueens	N	PROPN;NOM
plain	plain	plain	plain		N;NOM;INDF;MASC+FEM;SG
plain	slätt	plain	slätta		ADJ;NOM;INDF;MASC+FEM;SG
robertson	robertson	robertson	robertson	N	PROPN;NOM
ser	ser	ser	se	N	V;IND;PRS;FIN;ACT
rán	fry	rán	fry	N	PROPN;NOM
fungorum	fungorum	fungorum	fungorum	NUM	ADJ;NOM;PL
maxon	maxon	maxon	maxon		N;NOM;INDF;MASC+FEM;SG
endl	endl	endl	endl		N;NOM;INDF;MASC+FEM;SG
capparis	capparis	capparis	capparis		N;NOM;INDF;MASC+FEM;SG
marginellidae	marginellidae	marginellidae	marginellida		N;NOM;INDF;MASC+FEM;SG
pass	titta	pass	titta	N	V;IMP;FIN;ACT
pass	passera	pass	passera	N	V;IMP;FIN;ACT
baja	baja	baja	baja	N	PROPN;NOM
yeltsin	jeltsin	yeltsin	jeltsin		PROPN;NOM
lori	lori	lori	lori		PROPN;NOM
lineata	lineata	lineata	lineat		N;NOM;INDF;MASC+FEM;SG
walther	walther	walther	walther	N	PROPN;NOM
christie	christie	christie	christie	N	PROPN;NOM
oeste	oeste	oeste	oeste		N;NOM;INDF;MASC+FEM;SG
eremophila	eremophila	eremophila	eremophil	V	N;NOM;INDF;MASC+FEM;SG
dominique	dominique	dominique	dominique		PROPN;NOM
garnier	garnier	garnier	garni		PROPN;NOM
ultimate	ultimata	ultimate	ultimat		V;FIN;ACT
gleason	gleason	gleason	gleason		N;NOM;INDF;MASC+FEM;SG
crimean	krim	crimean	krim		PROPN;NOM
crimean	krim	crimean	krim		PROPN;NOM
quentin	quentin	quentin	quentin		PROPN;NOM
marlborough	marlborough	marlborough	marlborough	N	PROPN;NOM
uta	uta	uta	uta		N;NOM;INDF;MASC+FEM;SG
calanthe	calanthe	calanthe	calanthe		N;NOM;INDF;MASC+FEM;SG
hokkaido	hokkaido	hokkaido	hokkaido		PROPN;NOM
tales	sagor	tales	saga		N;NOM;INDF;MASC+FEM;PL
rennes	rennes	rennes	ren	NUM	PROPN;NOM
javier	javier	javier	javi	N	PROPN;NOM
brod	brod	brod	brod	NUM	N;NOM;INDF;MASC+FEM;SG
sharon	sharon	sharon	sharo		PROPN;NOM
rosario	rosario	rosario	rosario		PROPN;NOM
suite	suite	suite	suite		N;NOM;INDF;NEUT;SG
suite	svit	suite	svit		N;NOM;INDF;MASC+FEM;SG
suite	sviten	suite	svit		N;NOM;DEF;MASC+FEM;SG
erigone	erigone	erigone	erigone		N
rollins	rollins	rollins	rollin	N	PROPN;NOM
rollins	rawlins	rollins	raPlin	N	PROPN;NOM
clair	clair	clair	clair		N;NOM;INDF;MASC+FEM;SG
woodson	woodson	woodson	woodson		PROPN;NOM
antwerp	antwerpen	antwerp	antwerp	N	PROPN;NOM
sevastopol	sevastopol	sevastopol	sevastopol	N	PROPN;NOM
aurea	aurea	aurea	auren		N;NOM;INDF;MASC+FEM;SG
pseudopoda	pseudopoda	pseudopoda	pseudopoda	V	N;NOM;INDF;MASC+FEM;SG
jeju	jeju	jeju	jeju	N	PROPN;NOM
mirror	spegel	mirror	spegel		N;NOM;INDF;MASC+FEM;SG
mirror	spegla	mirror	spegel		V;IMP;FIN;ACT
cyclophora	cyclophora	cyclophora	cyclophor	V	N;NOM;INDF;MASC+FEM;SG
macrophylla	macrophylla	macrophylla	macrophylla	V	N;NOM;INDF;MASC+FEM;SG
potentilla	potentilla	potentilla	potentill	V	N;NOM;INDF;MASC+FEM;SG
lesotho	lesotho	lesotho	lesotho	N	PROPN;NOM
aristotle	aristoteles	aristotle	aristoteles		PROPN;NOM
xxx	xxx	xxx	xxx		NUM;NOM
ústí	úst	ústí	úst	NUM	ADJ;NOM;INDF;MASC+FEM;SG
reef	rev	reef	rev	N	V;IMP;FIN;ACT
spectabilis	spectabilis	spectabilis	spectabilis		N;NOM;INDF;MASC+FEM;SG
pratt	pratt	pratt	pratt	N	PROPN;NOM
lindau	lindau	lindau	lindau	N	PROPN;NOM
malcolm	malcolm	malcolm	malcolm		PROPN;NOM
joker	joker	joker	jok		N;NOM;INDF;MASC+FEM;SG
joker	jokern	joker	jok		N;NOM;DEF;MASC+FEM;SG
yves	yves	yves	yves		PROPN;NOM
goethe	goethe	goethe	goethe	N	PROPN;NOM
winchester	winchester	winchester	pinchest		PROPN;NOM
cnn	cnn	cnn	cnn	N	PROPN;NOM
guillaume	guillaume	guillaume	guillaume	N	PROPN;NOM
sericea	sericea	sericea	serice		N;NOM;INDF;MASC+FEM;SG
juss	juss	juss	juss		N;NOM;INDF;MASC+FEM;SG
thây	zombies	thây	zombies		N;NOM;INDF;NEUT;SG
thây	zombier	thây	zombi		N;NOM;INDF;MASC+FEM;PL
trifolium	trifolium	trifolium	trifolium		N;NOM;INDF;MASC+FEM;SG
tanikawa	tanikawa	tanikawa	tanikaw		N;NOM;INDF;MASC+FEM;SG
nhấp	klickat	nhấp	klicka	V	ADJ;NOM;INDF;NEUT;SG;PST;V.PTCP
nhấp	klick	nhấp	klick	V	N;NOM;INDF;NEUT;SG
fallax	fallax	fallax	fallax		N;NOM;INDF;MASC+FEM;SG
chronicle	chronicle	chronicle	chronicle		N;NOM;INDF;MASC+FEM;SG
chronicle	krönika	chronicle	krönik		N;NOM;INDF;MASC+FEM;SG
pumila	pumila	pumila	pumil		N;NOM;INDF;MASC+FEM;SG
turku	åbo	turku	åbo	NUM	PROPN;NOM
bradford	bradford	bradford	bradford		PROPN;NOM
gaius	gaius	gaius	gaius	N	PROPN;NOM
ein	ein	ein	ei	N	V;IMP;FIN;ACT
gymnopilus	gymnopilus	gymnopilus	gymnopilus	V	N;NOM;INDF;MASC+FEM;SG
messina	messina	messina	messina	N	PROPN;NOM
sếu	crane	sếu	crane	N	PROPN;NOM
ramírez	ramírez	ramírez	ramírez		PROPN;NOM
kanagawa	kanagawa	kanagawa	kanagan		PROPN;NOM
burret	burret	burret	burret		N;NOM;INDF;MASC+FEM;SG
scorea	scorea	scorea	scor		N;NOM;INDF;MASC+FEM;SG
dom	dom	dom	de	N	PRO;NOM;DEF;PL
dae	dae	dae	da	N	PROPN;NOM
altlink	altlink	altlink	altlink		N;NOM;INDF;MASC+FEM;SG
erwin	erwin	erwin	erwin	N	PROPN;NOM
belfast	belfast	belfast	belfast	N	PROPN;NOM
brandegee	brandegee	brandegee	brandegee	N	PROPN;NOM
linn	linn	linn	linn	N	PROPN;NOM
picta	picta	picta	picta		N;NOM;INDF;MASC+FEM;SG
haplochromis	haplochromis	haplochromis	haplochromis	V	N;NOM;INDF;MASC+FEM;SG
verdun	verdun	verdun	verdun	N	PROPN;NOM
sint	sint	sint	sig	N	V;IMP;FIN;ACT
erysimum	erysimum	erysimum	erysimum		N;NOM;INDF;MASC+FEM;SG
argia	argia	argia	argia		N;NOM;INDF;MASC+FEM;SG
hare	hare	hare	hare		N;NOM;INDF;MASC+FEM;SG
jasper	jasper	jasper	jasp	N	PROPN;NOM
nba	nba	nba	nba	N	PROPN;NOM
tristis	tristis	tristis	tristis		N;NOM;INDF;MASC+FEM;SG
plata	plata	plata	plata	N	PROPN;NOM
trafford	trafford	trafford	trafford	N	PROPN;NOM
emirates	emirates	emirates	emirates	N	PROPN;NOM
terme	terme	terme	terme	N	PROPN;NOM
sum	summan	sum	summan		N;NOM;DEF;MASC+FEM;SG
sum	sum	sum	sum		N;NOM;INDF;NEUT;SG
sum	summa	sum	summa		N;NOM;INDF;MASC+FEM;SG
swiss	schweiziska	swiss	schweizisk	N	ADJ;NOM;PL
swiss	schweizisk	swiss	schweizisk	N	ADJ;NOM;INDF;MASC+FEM;SG
aconitum	aconitum	aconitum	aconitum		N;NOM;INDF;MASC+FEM;SG
chin	haka	chin	haka	N	V;IMP;FIN;ACT
himmler	himmler	himmler	himmel		PROPN;NOM
ahn	ivanov	ahn	ivanov	N	PROPN;NOM
ahn	ahn	ahn	ahn	N	PROPN;NOM
khoe	visar	khoe	visa	N	V;IND;PRS;FIN;ACT
düsseldorf	düsseldorf	düsseldorf	düsseldorf	NUM	PROPN;NOM
düsseldorf	düsseldorf	düsseldorf	düsseldorf	NUM	PROPN;NOM
usda	usda	usda	usd	N	PROPN;NOM
tyson	tyson	tyson	tyson	N	PROPN;NOM
scotopteryx	scotopteryx	scotopteryx	scotopteryx	V	N;NOM;INDF;MASC+FEM;SG
sonic	sonic	sonic	sonic	N	PROPN;NOM
johor	johor	johor	joha	N	PROPN;NOM
agm	agm	agm	agm		N;NOM;INDF;NEUT;SG
dượng	vernon	dượng	vernon	N	PROPN;NOM
cecil	cecil	cecil	cecil		PROPN;NOM
larvae	yngel	larvae	yngel	ADJ	N;NOM;INDF;NEUT;PL
larvae	larver	larvae	larv	ADJ	N;NOM;INDF;MASC+FEM;PL
besançon	besançon	besançon	besançon		PROPN;NOM
takeda	takeda	takeda	takeda		N;NOM;INDF;MASC+FEM;PL
mercedes	mercedes	mercedes	mercedes	N	PROPN;NOM
adventures	äventyr	adventures	äventyr		N;NOM;INDF;NEUT;SG
licania	licania	licania	licani		N;NOM;INDF;MASC+FEM;SG
ubuntu	ubuntu	ubuntu	ubuntu	N	PROPN;NOM
kagoshima	kagoshima	kagoshima	kagoshim		PROPN;NOM
tallinn	tallinn	tallinn	tallinn	N	PROPN;NOM
vito	vito	vito	vito		PROPN;NOM
peruviana	peruviana	peruviana	peruvian		N;NOM;INDF;MASC+FEM;SG
varese	varese	varese	varese	NUM	PROPN;NOM
origins	ursprung	origins	ursprung		N;NOM;INDF;NEUT;SG
heli	helium	heli	helium		N;NOM;INDF;NEUT;SG
orléans	orléans	orléans	orléans		PROPN;GEN
lutea	lutea	lutea	lutea		N;NOM;INDF;MASC+FEM;SG
agamidae	agamer	agamidae	agam		N;NOM;INDF;MASC+FEM;SG
martínez	martinez	martínez	martinez	N	PROPN;NOM
martínez	martínez	martínez	martínez	N	PROPN;NOM
kmh	kmh	kmh	kmh		N;NOM;INDF;MASC+FEM;SG
thames	thames	thames	thames	N	PROPN;NOM
guadeloupe	guadeloupe	guadeloupe	guadeloupe	N	PROPN;NOM
cumberland	cumberland	cumberland	cumberland	N	PROPN;NOM
lamarck	lamarck	lamarck	lamarck		N;NOM;INDF;MASC+FEM;SG
craugastor	craugastor	craugastor	craugastor		N;NOM;INDF;MASC+FEM;SG
btr	btr	btr	btra		PROPN;NOM
leslie	leslie	leslie	leslie		PROPN;NOM
kirby	kirby	kirby	kirby		PROPN;NOM
mustafa	mustafa	mustafa	mustafa	N	PROPN;NOM
romero	romero	romero	romero	N	PROPN;NOM
caradrina	caradrina	caradrina	caradrina	N	ADJ;NOM;INDF;MASC+FEM;SG;PST;V.PTCP
pittsburgh	pittsburgh	pittsburgh	pittsburgh		PROPN;NOM
saladin	saladin	saladin	saladi	N	PROPN;NOM
asturias	asturien	asturias	asturien	N	PROPN;NOM
weimar	weimar	weimar	weimar	N	PROPN;NOM
synonym	synonym	synonym	synonym		ADJ;NOM;INDF;MASC+FEM;SG
yoshida	yoshida	yoshida	yoshida		N;NOM;INDF;MASC+FEM;SG
vaughan	vaughan	vaughan	vaughan		PROPN;NOM
gauss	gauss	gauss	gauss	N	PROPN;NOM
sakhalin	sachalin	sakhalin	sachalin	N	PROPN;NOM
esp}}	esp}	esp}}	esp}		V;IMP;FIN;ACT
pallas	pallas	pallas	palla	N	PROPN;NOM
seth	seth	seth	seth		PROPN;NOM
regia	regia	regia	regia		N;NOM;INDF;MASC+FEM;SG
mega	mega	mega	myge		N;NOM;INDF;MASC+FEM;SG
tơi	fastställs	tơi	fastställa	N	V;IND;PRS;FIN;PASS
tơi	rättar	tơi	rätta	N	V;IND;PRS;FIN;ACT
tơi	rättelser	tơi	rättelse	N	V;IND;PRS;FIN;ACT
tơi	fixar	tơi	fixa	N	V;IND;PRS;FIN;ACT
tơi	korrigerar	tơi	korrigera	N	V;IND;PRS;FIN;ACT
nigricans	nigricans	nigricans	nigrica		N;NOM;INDF;MASC+FEM;SG
claire	claire	claire	claire		PROPN;NOM
meridionalis	meridionalis	meridionalis	meridionalis	ADJ	N;NOM;INDF;MASC+FEM;SG
hessen	hessen	hessen	hess	N	PROPN;NOM
africanus	africanus	africanus	africanus	N	PROPN;NOM
heliconia	heliconia	heliconia	heliconi		N;NOM;INDF;MASC+FEM;SG
tribus	tribus	tribus	tribus		N;NOM;INDF;MASC+FEM;SG
montréal	montreal	montréal	montreal		PROPN;NOM
makoto	makoto	makoto	makoto		PROPN;NOM
dubia	dubia	dubia	dubia		N;NOM;INDF;MASC+FEM;SG
thank	tacka	thank	tacka		V;IMP;FIN;ACT
jesse	jesse	jesse	jesa	N	PROPN;NOM
walsh	walsh	walsh	walsh	N	PROPN;NOM
hey	tjena	hey	tjena		V;IMP;FIN;ACT
hey	hej	hey	hej		N;NOM;INDF;MASC+FEM;SG
adrian	adrian	adrian	adrian	N	PROPN;NOM
xylocopa	xylocopa	xylocopa	xylocopa	V	N;NOM;INDF;MASC+FEM;SG
prescott	prescott	prescott	prescott	N	PROPN;NOM
ark	ark	ark	ark		N;NOM;INDF;NEUT;SG
ark	arken	ark	ark		N;NOM;DEF;MASC+FEM;SG
albrecht	albrecht	albrecht	albrecht	N	PROPN;NOM
govaerts	govaerts	govaerts	govaert		N;NOM;INDF;MASC+FEM;SG
suwon	suwon	suwon	suno	N	PROPN;NOM
gómez	gomez	gómez	gom	V	PROPN;NOM
gómez	gómez	gómez	gemez	V	PROPN;NOM
leach	leach	leach	leach		PROPN;NOM
české	české	české	české	NUM	PROPN;NOM
olga	olga	olga	olg		PROPN;NOM
carnegie	carnegie	carnegie	carnegie		PROPN;NOM
kwon	kwon	kwon	kwon	N	PROPN;NOM
dyar	dyar	dyar	dy		N;NOM;INDF;MASC+FEM;SG
yamaguchi	yamaguchi	yamaguchi	yamaguchi	N	PROPN;NOM
brit	britt	brit	bri	N	PROPN;NOM
rod	stång	rod	stång		N;NOM;INDF;MASC+FEM;SG
rod	rod	rod	rod		N;NOM;INDF;MASC+FEM;SG
rod	spö	rod	spö		N;NOM;INDF;NEUT;SG
hermione	hermione	hermione	hermione		N;NOM;DEF;MASC+FEM;SG
phẩy	komma	phẩy	komma	N	V;IMP;FIN;ACT
zeno	zeno	zeno	zeno	N	PROPN;NOM
mussolini	mussolini	mussolini	mussolini	N	PROPN;NOM
amazing	otroligt	amazing	otrolig	N	ADJ;NOM;INDF;NEUT;SG
amazing	fantastiskt	amazing	fantastisk	N	ADJ;NOM;INDF;NEUT;SG
amazing	fantastiska	amazing	fantastisk	N	ADJ;NOM;PL
amazing	fantastisk	amazing	fantastisk	N	ADJ;NOM;INDF;MASC+FEM;SG
joshua	joshua	joshua	joshua	N	PROPN;NOM
joshua	josua	joshua	josua	N	PROPN;NOM
earl	earl	earl	earl		PROPN;NOM
demetrios	demetrius	demetrios	demetrius	N	PROPN;NOM
amber	amber	amber	amber		PROPN;NOM
montevideo	montevideo	montevideo	montevideo	N	PROPN;NOM
kenny	kenny	kenny	kenny		PROPN;NOM
pallidus	pallidus	pallidus	pallidus		N;NOM;INDF;MASC+FEM;SG
hanoi	hanoi	hanoi	hanoi		N;NOM;INDF;NEUT;SG
richter	richter	richter	richt	N	PROPN;NOM
shiki	shiki	shiki	shiki	N	V;IMP;FIN;ACT
kurd	kurdiska	kurd	kurdisk	N	ADJ;NOM;PL
mercer	mercer	mercer	merc	N	PROPN;NOM
bethlehem	betlehem	bethlehem	betlehem	N	PROPN;NOM
bolt	bolt	bolt	bolt	N	PROPN;NOM
mainz	mainz	mainz	mainz	N	PROPN;NOM
pygmaea	pygmaea	pygmaea	pygmae		N;NOM;INDF;MASC+FEM;SG
moure	moure	moure	moure		PROPN;NOM
tracy	tracy	tracy	tracy		PROPN;NOM
imf	imf	imf	imf	N	PROPN;NOM
lacon	lacon	lacon	lacon		N;NOM;INDF;MASC+FEM;SG
blanchard	blanchard	blanchard	blanchard		N;NOM;INDF;MASC+FEM;SG
mickey	musse	mickey	musse	N	PROPN;NOM
grenada	grenada	grenada	grenad	N	ADJ;NOM;PL;PST;V.PTCP
uesac	uesac	uesac	uesac		N;NOM;INDF;MASC+FEM;SG
xml	xml	xml	xml		N;NOM;INDF;NEUT;SG
shogun	shogun	shogun	shogun		N;NOM;INDF;MASC+FEM;SG
aung	aung	aung	aung	N	PROPN;NOM
toei	toei	toei	toei		PROPN;NOM
disa	disa	disa	disa	N	PROPN;NOM
stella	stella	stella	stella		PROPN;NOM
stoke	stoke	stoke	ståk	N	PROPN;NOM
baku	baku	baku	baku	N	PROPN;NOM
car	bil	car	bil		N;NOM;INDF;MASC+FEM;SG
eduardo	eduardo	eduardo	eduardo	N	PROPN;NOM
quăng	kast	quăng	kast	V	N;NOM;INDF;NEUT;SG
werder	werder	werder	werder	N	PROPN;NOM
elliot	elliot	elliot	elliot		PROPN;NOM
pasteur	pasteur	pasteur	pasteur		PROPN;NOM
albany	albany	albany	albany	N	PROPN;NOM
nesom	nesom	nesom	nesom		PROPN;NOM
decipiens	decipiens	decipiens	decipien	V	N;NOM;INDF;MASC+FEM;SG
bloch	bloch	bloch	bloch	N	PROPN;NOM
yoga	yoga	yoga	yog	V	N;NOM;INDF;MASC+FEM;SG
albacete	albacete	albacete	albacete	N	PROPN;NOM
blade	klinga	blade	klinga	N	V;IMP;FIN;ACT
ectropis	ectropis	ectropis	ectropis	V	N;NOM;INDF;MASC+FEM;SG
heinkel	heinkel	heinkel	heinkel	N	PROPN;NOM
gsub	gsub	gsub	gsub		N;NOM;INDF;MASC+FEM;SG
asp	asp	asp	asp		N;NOM;INDF;MASC+FEM;SG
penny	penny	penny	penny	N	PROPN;NOM
agrochola	agrochola	agrochola	agrochola		N;NOM;INDF;MASC+FEM;SG
yuki	yuki	yuki	yuki		PROPN;NOM
blackwall	blackwall	blackwall	blackwall		N;NOM;INDF;MASC+FEM;SG
eve	eva	eve	eva		PROPN;NOM
eve	eve	eve	eve		N;NOM;INDF;MASC+FEM;SG
hacker	hacker	hacker	hacka		N;NOM;INDF;MASC+FEM;SG
hacker	hackare	hacker	hackare		N;NOM;INDF;MASC+FEM;PL
hacker	hackare	hacker	hackare		N;NOM;INDF;MASC+FEM;PL
hacker	hacka	hacker	hacka		V;IMP;FIN;ACT
hacker	hack	hacker	hack		N;NOM;INDF;NEUT;SG
sendai	sendai	sendai	sendai		PROPN;NOM
tiberius	tiberius	tiberius	tiberius	N	PROPN;NOM
christophe	christophe	christophe	christophe		PROPN;NOM
engels	engels	engels	engel	N	PROPN;NOM
znojmo	znojmo	znojmo	znojmo	NUM	PROPN;NOM
xúi	jinx	xúi	jinx	V	N;NOM;INDF;MASC+FEM;SG
lynn	lynn	lynn	lynn	N	PROPN;NOM
olomouc	olomouc	olomouc	olomouc		PROPN;NOM
durham	durham	durham	durham	N	PROPN;NOM
anomis	anomis	anomis	anomis		N;NOM;INDF;MASC+FEM;SG
chong	chong	chong	chong	N	PROPN;NOM
hót	sjungande	hót	sjunga	N	ADJ;NOM;PRS;V.PTCP
hót	sjunga	hót	sjung	N	V;IMP;FIN;ACT
hót	sjungit	hót	sjunga	N	V;V.CVB;ACT
hót	sjunger	hót	sjunga	N	V;IND;PRS;FIN;ACT
hót	sjunger	hót	sjunga	N	V;IND;PRS;FIN;ACT
thor	tor	thor	tor	N	PROPN;NOM
thor	thor	thor	thor	N	PROPN;NOM
padova	padua	padova	padua	N	PROPN;NOM
padova	padova	padova	padova	N	PROPN;NOM
ruby	ruby	ruby	ruby		N;NOM;INDF;NEUT;SG
dwight	dwight	dwight	döight	N	PROPN;NOM
selena	salina	selena	salin		N;NOM;INDF;MASC+FEM;SG
selena	selena	selena	selen		PROPN;NOM
fulton	fulton	fulton	fulton		PROPN;NOM
xavier	xavier	xavier	xavi		PROPN;NOM
blücher	blücher	blücher	blach	N	PROPN;NOM
candy	godis	candy	godis		N;NOM;INDF;NEUT;SG
candy	candy	candy	candy		N;NOM;INDF;MASC+FEM;SG
sheridan	sheridan	sheridan	sherida		PROPN;NOM
xòe	tutu	xòe	tutu	N	PROPN;NOM
broun	broun	broun	broun		N;NOM;INDF;MASC+FEM;SG
griffin	griffin	griffin	griffin		PROPN;NOM
fao	fao	fao	fao	N	PROPN;NOM
menzies	menzies	menzies	menzies		PROPN;NOM
konstantin	konstantin	konstantin	konstanti		PROPN;NOM
boa	boa	boa	boa		N;NOM;INDF;NEUT;SG
cube	kub	cube	kub		N;NOM;INDF;MASC+FEM;SG
cube	kuben	cube	kub		N;NOM;DEF;MASC+FEM;SG
r}}	r}}	r}}	rnt		N;NOM;INDF;MASC+FEM;SG
emil	emil	emil	emil	N	PROPN;NOM
rahman	rahman	rahman	rahman	V	PROPN;NOM
glen	glen	glen	gl		PROPN;NOM
klaus	klaus	klaus	klaus	N	PROPN;NOM
gorbachev	gorbatjov	gorbachev	gorbatjov	N	PROPN;NOM
benz	benz	benz	benz		PROPN;NOM
hampton	hampton	hampton	hampton		N;NOM;INDF;MASC+FEM;SG
chandler	chandler	chandler	chandl		PROPN;NOM
williamson	williamson	williamson	williamson		PROPN;NOM
göring	göring	göring	göring		PROPN;NOM
göring	göring	göring	göring		PROPN;NOM
nordrhein	nordrhein	nordrhein	nordrhein	V	N;NOM;INDF;MASC+FEM;SG
quinn	quinn	quinn	quinn		PROPN;NOM
sumer	sumeriska	sumer	sumerisk	N	ADJ;NOM;PL
irene	irene	irene	irene		PROPN;NOM
cartoon	tecknad	cartoon	tecknad		N;NOM;INDF;MASC+FEM;SG
cartoon	tecknade	cartoon	teckna		ADJ;NOM;PL;PST;V.PTCP
cartoon	tecknat	cartoon	teckna		ADJ;NOM;INDF;NEUT;SG;PST;V.PTCP
penang	penang	penang	penang		PROPN;NOM
gớm	inflammation	gớm	inflammation	PART	N;NOM;INDF;MASC+FEM;SG
zeller	zeller	zeller	zell		PROPN;NOM
scheer	scheer	scheer	scheer		PROPN;NOM
oberösterreich	oberösterreich	oberösterreich	oberösterreich		N;NOM;INDF;MASC+FEM;SG
kahn	kahn	kahn	kahn	N	PROPN;NOM
gaon	gaon	gaon	gaon	NUM	PROPN;NOM
sủa	skälla	sủa	skälla	ADJ	V;IMP;FIN;ACT
sủa	bark	sủa	bark	ADJ	N;NOM;INDF;MASC+FEM;SG
sủa	barken	sủa	bark	ADJ	N;NOM;DEF;MASC+FEM;SG
sủa	skäller	sủa	skälla	ADJ	V;IND;PRS;FIN;ACT
sủa	skälla	sủa	skälla	ADJ	V;IMP;FIN;ACT
sủa	skäller	sủa	skälla	ADJ	V;IND;PRS;FIN;ACT
carr	carr	carr	carr		PROPN;NOM
betty	betty	betty	betty		PROPN;NOM
wilkinson	wilkinson	wilkinson	wilkinson		PROPN;NOM
cholesterol	kolesterol	cholesterol	kolesterol	V	N;NOM;INDF;NEUT;SG
constantinople	konstantinopel	constantinople	konstantinopel		PROPN;NOM
allmusic	allmusic	allmusic	allmusic	N	PROPN;NOM
ancona	ancona	ancona	ancon	N	PROPN;NOM
descartes	descartes	descartes	descart	N	PROPN;NOM
bath	bad	bath	be		V;IMP;FIN;ACT
bath	bath	bath	bath		PROPN;NOM
bath	badkar	bath	badka		N;NOM;INDF;MASC+FEM;PL
medici	medici	medici	medici	N	PROPN;NOM
gien	gene	gien	gene	N	PROPN;NOM
cornwall	cornwall	cornwall	cornwall	N	PROPN;NOM
bains	bains	bains	bains	N	V;IMP;FIN;ACT
androsace	androsace	androsace	androsace		N;NOM;INDF;MASC+FEM;SG
bremer	bremer	bremer	brem	N	PROPN;NOM
udine	udine	udine	udine	NUM	PROPN;NOM
lens	lins	lens	lins		N;NOM;INDF;MASC+FEM;SG
lens	objektiv	lens	objektiv		N;NOM;INDF;MASC+FEM;SG
lens	läcka	lens	läcka		V;IMP;FIN;ACT
lens	läckage	lens	läckage		N;NOM;INDF;NEUT;SG
beirut	beirut	beirut	beirut	N	PROPN;NOM
hahn	hahn	hahn	hahn	N	PROPN;NOM
yamada	yamada	yamada	yamad		PROPN;NOM
linearis	linearis	linearis	linearis		N;NOM;INDF;MASC+FEM;SG
dot	dot	dot	dot	N	NUM;NOM
andersson	andersson	andersson	andersson	N	PROPN;NOM
willem	willem	willem	willem	N	PROPN;NOM
boom	bom	boom	bom	N	PROPN;NOM
luigi	luigi	luigi	luigi		PROPN;NOM
polygonum	polygonum	polygonum	polygonum		N;NOM;INDF;MASC+FEM;SG
boone	boone	boone	boone		PROPN;NOM
tetramorium	tetramorium	tetramorium	tetramorium	V	N;NOM;INDF;MASC+FEM;SG
reo	tvekan	reo	tvekan	V	N;NOM;INDF;MASC+FEM;SG
reo	tvivel	reo	tvivel	V	N;NOM;INDF;NEUT;SG
garrison	garrison	garrison	garrison		PROPN;NOM
garrison	garnisonen	garrison	garnison		N;NOM;DEF;MASC+FEM;SG
brunnea	brunnea	brunnea	brunne		N;NOM;INDF;MASC+FEM;SG
sidney	sidney	sidney	sidney		PROPN;NOM
repens	repens	repens	repens	V	N;NOM;INDF;MASC+FEM;SG
pluto	pluto	pluto	pluto	N	PROPN;NOM
adobe	adobe	adobe	adobe	N	PROPN;NOM
lindsey	lindsey	lindsey	lindsey		PROPN;NOM
hyundai	hyundai	hyundai	hyundai		N;NOM;INDF;MASC+FEM;SG
direct	direkta	direct	direkt		ADJ;NOM;PL
direct	regissera	direct	regissera		V;IMP;FIN;ACT
direct	direkt	direct	direkt		ADV
direct	direct	direct	direct		N;NOM;INDF;MASC+FEM;SG
primula	primula	primula	primul		N;NOM;INDF;MASC+FEM;SG
vermont	vermont	vermont	vermont	N	PROPN;NOM
craven	craven	craven	crav		PROPN;NOM
gymnoscelis	gymnoscelis	gymnoscelis	gymnoscelis	V	N;NOM;INDF;MASC+FEM;SG
kato	kato	kato	kato	N	PROPN;NOM
nomura	nomura	nomura	nomur	V	PROPN;NOM
diane	diane	diane	diana		PROPN;NOM
rivière	rivière	rivière	rivière		N;NOM;INDF;NEUT;SG
borealis	borealis	borealis	borealis		N;NOM;INDF;MASC+FEM;SG
anders	anders	anders	ander	N	PROPN;NOM
sugar	socker	sugar	socker		N;NOM;INDF;NEUT;SG
doc	doc	doc	doc		N;NOM;INDF;NEUT;SG
doc	dok	doc	dok		N;NOM;INDF;NEUT;SG
budějovice	budějovice	budějovice	budějovice	NUM	N;NOM;INDF;MASC+FEM;SG
antiochos	antiochos	antiochos	antiochos	N	PROPN;NOM
schalke	schalke	schalke	schalke	N	PROPN;NOM
kyushu	kyushu	kyushu	kyushu	N	PROPN;NOM
phidippus	phidippus	phidippus	phidippus	V	N;NOM;INDF;MASC+FEM;SG
cremona	cremona	cremona	cremon	N	PROPN;NOM
handel	händel	handel	händel	N	PROPN;NOM
turing	turing	turing	turing		N;NOM;INDF;MASC+FEM;SG
talbot	talbot	talbot	talbot		PROPN;NOM
admiralty	amiralitetet	admiralty	amiralitet		N;NOM;DEF;NEUT;SG
crambus	crambus	crambus	crambus	V	N;NOM;INDF;MASC+FEM;SG
kyle	kyle	kyle	kyle		PROPN;NOM
emerton	emerton	emerton	emerton	V	N
dale	dale	dale	dal		PROPN;NOM
gloria	gloria	gloria	glorium		N;NOM;INDF;MASC+FEM;SG
oder	oder	oder	od	V	N;NOM;INDF;NEUT;SG
lange	lange	lange	lange	N	PROPN;NOM
shannon	shannon	shannon	shannon		PROPN;NOM
cayman	calgary	cayman	calgary	N	PROPN;NOM
villiers	villiers	villiers	villiuma		PROPN;NOM
gotha	gotha	gotha	gotha		PROPN;NOM
wilcox	wilcox	wilcox	wilcox		PROPN;NOM
martino	martino	martino	martino		PROPN;NOM
obscurus	obscurus	obscurus	obscurus		N;NOM;INDF;MASC+FEM;SG
budde	budde	budde	bud		ADJ;NOM;INDF;MASC+FEM;SG;PST;V.PTCP
friedman	friedman	friedman	friedman		N;NOM;DEF;MASC+FEM;SG
canescens	canescens	canescens	canescen	ADJ	PROPN;NOM
vanessa	vanessa	vanessa	vaness		PROPN;NOM
haas	haas	haas	haa	N	PROPN;NOM
schwartz	schwartz	schwartz	schwartz		N;NOM;INDF;MASC+FEM;SG
hohenzollern	hohenzollern	hohenzollern	hohenzoller	V	N;NOM;DEF;MASC+FEM;SG
para	para	para	para	N	V;IMP;FIN;ACT
howell	howell	howell	howell		PROPN;NOM
tolstoy	tolstoj	tolstoy	tolstoj	N	PROPN;NOM
neptune	neptune	neptune	neptune	N	PROPN;NOM
velvet	sammet	velvet	samm		N;NOM;INDF;MASC+FEM;SG
violacea	violacea	violacea	violace		N;NOM;INDF;MASC+FEM;SG
mia	mia	mia	ja		PROPN;NOM
alfonso	alfonso	alfonso	alfonso	N	PROPN;NOM
lara	lara	lara	lara		N;NOM;INDF;MASC+FEM;SG
bromley	bromley	bromley	bromley		PROPN;NOM
hattori	hattori	hattori	hattori	N	PROPN;NOM
training	utbildning	training	utbildning	DET	N;NOM;INDF;MASC+FEM;SG
training	träning	training	träning	DET	N;NOM;INDF;MASC+FEM;SG
glyphodes	glyphodes	glyphodes	glyphod	V	N;MASC+FEM
marcello	marcello	marcello	marcello	N	PROPN;NOM
gilles	gilles	gilles	gilla		PROPN;NOM
norodom	norodom	norodom	norodom	N	PROPN;NOM
robustus	robustus	robustus	robustus		N;NOM;INDF;MASC+FEM;SG
shepard	shepard	shepard	shepard		N;NOM;INDF;MASC+FEM;SG
microphylla	microphylla	microphylla	microphylla	V	N;NOM;INDF;MASC+FEM;SG
lil	lil	lil	lil		PROPN;NOM
dmitry	dmitrij	dmitry	dmitrij	N	PROPN;NOM
boisduval	boisduval	boisduval	boisduval		N;NOM;INDF;MASC+FEM;SG
sporobolus	sporobolus	sporobolus	sporobolus		N;NOM;INDF;MASC+FEM;SG
cowan	cowan	cowan	cowan	N	PROPN;NOM
randolph	randolph	randolph	randolph		PROPN;NOM
