cohen	cohen	cohen	cohen		N;MASC+FEM;SG
fern	fern	fern	fern		N;MASC+FEM;SG
gasteracantha	gasteracantha	gasteracantha	gasteracantha		N;MASC+FEM;SG
chapman	chapman	chapman	chapman		N;MASC+FEM;SG
pulchella	pulchella	pulchella	pulchella		N;MASC+FEM;SG
norwich	norwich	norwich	norwich	N	PROPN;NEUT;SG
delphinium	delphinium	delphinium	delphinium	V	N;MASC+FEM;SG
angelo	angelo	angelo	angelo		N;MASC+FEM;SG
clapton	clapton	clapton	clapton		N;MASC+FEM;SG
dreams	dromen	dreams	dromen	N	V;NFIN
hector	hector	hector	hector		N;MASC+FEM;SG
fusca	fusca	fusca	fusca		N;MASC+FEM;SG
maguire	maguire	maguire	maguire		N;MASC+FEM;SG
cưng	lieve	cưng	lief	V	ADJ
cưng	dear	cưng	dear	V	N;MASC+FEM;SG
cưng	liefste	cưng	liefst	V	ADJ;RL
aphonopelma	aphonopelma	aphonopelma	aphonopelma	V	N;MASC+FEM;SG
mẩu	laken	mẩu	laak	N	V;NFIN
brien	brien	brien	brien		N;MASC+FEM;SG
turn	gymnastiek	turn	gymnastiek		N;MASC+FEM;SG
turn	turnen	turn	turnen		V;NFIN
hen	serieus	hen	serieus	V	ADJ
hen	astma	hen	astma	V	N;MASC+FEM;SG
tun	tun	tun	tun		N;MASC+FEM;SG
plymouth	plymouth	plymouth	plymouth		N;NEUT;SG
žďár	žďár	žďár	žďár		PROPN;MASC+FEM;SG
portugal	portugal	portugal	portugal	NUM	PROPN;NEUT;SG
rành	kenner	rành	kenner	V	N;MASC+FEM;SG
milton	milton	milton	milton		N;MASC+FEM;SG
cac	cac	cac	cac		N;MASC+FEM;SG
cac	jij	cac	jij		PRO;NOM;2
cac	jou	cac	jou		PRO;ACC;2
noel	noël	noel	noël		N;MASC+FEM;SG
noel	noel	noel	noel		N;MASC+FEM;SG
ritter	ritter	ritter	ritter		N;MASC+FEM;SG
naples	napels	naples	napel		N;PL
guérin	guérin	guérin	guérin		N;MASC+FEM;SG
trick	trick	trick	trick		N;MASC+FEM;SG
trick	truc	trick	truc		N;MASC+FEM;SG
trick	truuk	trick	truuk		N;MASC+FEM;SG
dizionario	dizionario	dizionario	dizionario		N;MASC+FEM;SG
rivera	rivera	rivera	rivera		N;MASC+FEM;SG
burton	burton	burton	burton		N;MASC+FEM;SG
catalan	catalaanse	catalan	catalaans	N	ADJ
catalan	catalaans	catalan	catalaans	N	ADJ
rita	rita	rita	rita		N;MASC+FEM;SG
jtwc	jmi	jtwc	jmi	N	
float	drijven	float	drijf	N	V;NFIN
float	zweven	float	zweven	N	V;NFIN
float	zwevend	float	zwevend	N	V;V.PTCP
float	zweef	float	zweef	N	V;SG;PRS;FIN
khong	khong	khong	kongen	ADJ	N;MASC+FEM;SG
sành	kenners	sành	kenner	V	N;PL
compact	compact	compact	compact	N	ADJ
compact	compacte	compact	compact	N	ADJ
cheng	hopeloze	cheng	hopeloos	N	ADJ
cheng	hopeloos	cheng	hopeloos	N	ADJ
ribes	ribes	ribes	rib	ADJ	N;PL
heller	heller	heller	hel		N;MASC+FEM;SG
motor	motorische	motor	motorisch		ADJ
motor	motor	motor	motor		N;MASC+FEM;SG
sat	zat	sat	zitten	NUM	V;SG;PST;FIN
sat	sat	sat	sat	NUM	N;MASC+FEM;SG
christoph	christoph	christoph	christoph		N;MASC+FEM;SG
elisabeth	elisabeth	elisabeth	elisabeth		N;MASC+FEM;SG
rouge	rouge	rouge	rouge		N;MASC+FEM;SG
saxon	saksen	saxon	saksen		N;PL
saxon	saxon	saxon	saxon		N;MASC+FEM;SG
ngửa	rugslag	ngửa	rugslag	V	ADJ
smithsonian	smithsonian	smithsonian	smithsonian		N;NEUT;SG
nhọc	ontberingen	nhọc	ontbering	V	N;PL
nhọc	ontberingen	nhọc	ontbering	V	N;PL
primates	primaten	primates	primaat		N;PL
variabilis	variabilis	variabilis	variabilis		N;MASC+FEM;SG
magnus	magnus	magnus	magnus		N;MASC+FEM;SG
acontia	acontia	acontia	acontia		N;MASC+FEM;SG
gyretes	gyretes	gyretes	gyrete		N;MASC+FEM;SG
sục	macht	sục	macht	V	N;MASC+FEM;SG
sục	kracht	sục	kracht	V	N;MASC+FEM;SG
sục	power	sục	power	V	N;MASC+FEM;SG
sục	vermogen	sục	vermogen	V	N;NEUT;SG
hòm	ark	hòm	ark	V	N;MASC+FEM;SG
freeman	freeman	freeman	freeman		N;MASC+FEM;SG
kurz	kurz	kurz	kurz		N;MASC+FEM;SG
flores	flores	flores	flores		N;PL
cloud	wolk	cloud	wolk		N;MASC+FEM;SG
cloud	cloud	cloud	cloud		N;MASC+FEM;SG
cloud	wolken	cloud	wolk		N;PL
loét	zweren	loét	zwer	N	V;NFIN
loét	zweren	loét	zwer	N	V;NFIN
nbc	nbc	nbc	nbc		PROPN;NEUT;SG
rotterdam	rotterdam	rotterdam	rotterdam	N	PROPN;NEUT;SG
tằng	zeng	tằng	zengen	NUM	N;MASC+FEM;SG
lamprosema	lamprosema	lamprosema	lamprosema	V	N;MASC+FEM;SG
mcdonald	mcdonalds	mcdonald	mcdonald	N	ADJ
rim	velg	rim	velg		N;MASC+FEM;SG
rim	rand	rim	rand		N;MASC+FEM;SG
rim	rijm	rim	rijm		N;NEUT;SG
rim	rijmen	rim	rijmen		V;NFIN
tryon	tryon	tryon	tryon		N;MASC+FEM;SG
ozyptila	ozyptila	ozyptila	ozyptila		N;MASC+FEM;SG
habronattus	habronattus	habronattus	habronattus		N;MASC+FEM;SG
tesla	tesla	tesla	tesla		N;MASC+FEM;SG
irish	ierse	irish	iers		ADJ
irish	ieren	irish	ieren		N;PL
irish	iers	irish	iers		ADJ
kun	kun	kun	kunnen	N	V;SG;PRS;FIN
sấy	ansjovis	sấy	ansjovis	V	N;MASC+FEM;SG
sấy	droger	sấy	droog	V	N;MASC+FEM;SG
teamb	teamb	teamb	teamb		N;MASC+FEM;SG
sitticus	sitticus	sitticus	sitticus		N;MASC+FEM;SG
giăng	webben	giăng	webben	V	N;PL
abel	abel	abel	abel		N;MASC+FEM;SG
millidge	millidge	millidge	millidg		N;MASC+FEM;SG
spam	spam	spam	spam	V	N;NEUT;SG
westwood	westwood	westwood	westwood		N;MASC+FEM;SG
barack	barack	barack	barack	V	N;MASC+FEM;SG
nitida	nitida	nitida	nitida		N;MASC+FEM;SG
kerr	kerr	kerr	kerr	N	PRO;NOM;3
videos	filmpjes	videos	filmp		N;PL
videos	videos	videos	videos		N;PL
michener	michener	michener	michener		N;MASC+FEM;SG
chat	chatten	chat	chat	N	V;NFIN
goth	goth	goth	goth		N;MASC+FEM;SG
goth	gothic	goth	gothic		N;MASC+FEM;SG
goth	gotische	goth	gotisch		ADJ
scarlett	scarlett	scarlett	scarlett		N;MASC+FEM;SG
bibliography	bibliografie	bibliography	bibliografie		N;MASC+FEM;SG
schaus	schaus	schaus	schaus	V	N;MASC+FEM;SG
tru	dreig	tru	dreig		ADJ
tru	dreigen	tru	dreigen		V;NFIN
tru	bedreigen	tru	bedreigen		V;NFIN
katy	katy	katy	katy		N;MASC+FEM;SG
léon	léon	léon	léon		N;MASC+FEM;SG
veronica	veronica	veronica	veronicaan		N;MASC+FEM;SG
glenn	glenn	glenn	glen		N;MASC+FEM;SG
szlach	szlach	szlach	szlach		N;MASC+FEM;SG
hartmann	hartmann	hartmann	hartmann		N;MASC+FEM;SG
agrostis	agrostis	agrostis	agrostis		N;MASC+FEM;SG
polish	pools	polish	pools	NUM	ADJ
polish	poolse	polish	pools	NUM	ADJ
tegenaria	tegenaria	tegenaria	tegenaria		N;MASC+FEM;SG
benson	benson	benson	bensin		N;MASC+FEM;SG
sting	prikken	sting	prikken		V;NFIN
sting	sting	sting	sting		N;NEUT;SG
sting	steek	sting	steek		V;SG;PRS;FIN
royce	royce	royce	royce		N;MASC+FEM;SG
hesse	hessen	hesse	hessen	N	PROPN;NEUT;SG
mayer	mayer	mayer	mayer		N;MASC+FEM;SG
marcos	marcos	marcos	marcos		N;MASC+FEM;SG
française	française	française	français	N	ADJ
kırklareli	kırklareli	kırklareli	kırklareli		N;MASC+FEM;SG
greenwood	greenwood	greenwood	greenwood		N;MASC+FEM;SG
parks	parken	parks	park		N;PL
sưởi	schoorsteenmantel	sưởi	schoorsteenmantel	V	N;MASC+FEM;SG
sưởi	mantel	sưởi	mantel	V	N;MASC+FEM;SG
sưởi	schouw	sưởi	schouw	V	N;MASC+FEM;SG
holocaust	holocaust	holocaust	holocaust		N;MASC+FEM;SG
lucien	lucien	lucien	lucien		N;MASC+FEM;SG
opuntia	opuntia	opuntia	opuntia		N;MASC+FEM;SG
dion	dion	dion	dion		N;MASC+FEM;SG
kay	kay	kay	kay		N;MASC+FEM;SG
ellen	ellen	ellen	el		N;MASC+FEM;SG
baron	baron	baron	baron		N;MASC+FEM;SG
hít	adem	hít	adem	V	N;MASC+FEM;SG
continental	continentale	continental	continentaal	N	ADJ
continental	continentaal	continental	continentaal	N	ADJ
sato	sato	sato	sato		N;MASC+FEM;SG
còi	zoemer	còi	zoemer	ADJ	N;MASC+FEM;SG
còi	fluitje	còi	fluit	ADJ	N;NEUT;SG
còi	fluit	còi	fluit	ADJ	N;MASC+FEM;SG
còi	fluiten	còi	fluiten	ADJ	V;NFIN
còi	fluitjes	còi	fluit	ADJ	N;PL
emi	emi	emi	emi		N;MASC+FEM;SG
aria	aria	aria	aria		N;MASC+FEM;SG
jake	jake	jake	jake		N;MASC+FEM;SG
acanthodelta	achaea	acanthodelta	achaea	V	N;NEUT;SG
ferruginea	ferruginea	ferruginea	ferruginea		N;MASC+FEM;SG
bel	bel	bel	bellen	N	V;SG;PRS;FIN
brandt	brandt	brandt	branden		V;SG;PRS;FIN
villosa	villosa	villosa	villosa		N;MASC+FEM;SG
jensen	jensen	jensen	jens		N;PL
tito	tito	tito	tito		N;MASC+FEM;SG
londt	londt	londt	londen		V;SG;PRS;FIN
herrera	herrera	herrera	herrera		N;MASC+FEM;SG
fairy	feeën	fairy	feeën		N;PL
fairy	fee	fairy	fee		N;MASC+FEM;SG
fairy	elfje	fairy	elfje		N;NEUT;SG
vahl	vahl	vahl	vahl		N;MASC+FEM;SG
berger	berger	berger	berger		N;MASC+FEM;SG
bali	balinese	bali	balinees	N	ADJ
burke	burke	burke	burk		N;MASC+FEM;SG
sophronica	sophronica	sophronica	sophronica		N;MASC+FEM;SG
mills	molens	mills	molen		N;PL
mills	mills	mills	mill		N;SG
riley	riley	riley	riley		N;MASC+FEM;SG
apache	apachen	apache	apach	N	V;NFIN
kirk	kirk	kirk	kirk		N;MASC+FEM;SG
villers	villers	villers	viller		N;PL
bissau	bissau	bissau	bissau		N;MASC+FEM;SG
warncke	warncke	warncke	warnck		N;MASC+FEM;SG
humboldt	humboldt	humboldt	humbolden		N;MASC+FEM;SG
stein	stein	stein	stein		N;MASC+FEM;SG
ada	adda	ada	adda		N;MASC+FEM;SG
ada	ada	ada	ada		N;MASC+FEM;SG
strong	sterk	strong	sterk		ADJ
strong	sterke	strong	sterk		ADJ
strong	sterken	strong	sterken		V;NFIN
wto	wereldhandelsorganisatie	wto	wereldhandelsorganisatie		N;MASC+FEM;SG
wto	wto	wto	wienen		N;MASC+FEM;SG
gould	gould	gould	gouden		N;MASC+FEM;SG
morales	morales	morales	morale		N;PL
gardens	tuinen	gardens	tuin		N;PL
shizuoka	shizuoka	shizuoka	shizuoka		N;NEUT;SG
paz	paz	paz	paz		N;MASC+FEM;SG
dante	dante	dante	dante		N;MASC+FEM;SG
pilosa	pilosa	pilosa	pilosa		N;MASC+FEM;SG
gérard	gérard	gérard	gérard		N;MASC+FEM;SG
savage	savage	savage	savage		N;MASC+FEM;SG
savage	barbaars	savage	barbaar		ADJ
savage	woeste	savage	woeten		ADJ
hogwarts	zweinstein	hogwarts	zweinstein	V	N;MASC+FEM;SG
acalolepta	acalolepta	acalolepta	acalolepta		N;MASC+FEM;SG
moy	moy	moy	moy		N;MASC+FEM;SG
tmesisternus	tmesisternus	tmesisternus	tmesisternus		N;MASC+FEM;SG
rolls	rollen	rolls	rol		N;PL
rolls	rolls	rolls	rolls		N;PL
lviv	lviv	lviv	lviv	NUM	PROPN;NEUT;SG
summerh	summerh	summerh	summerh		N;MASC+FEM;SG
rehder	rehder	rehder	rehder		N;MASC+FEM;SG
ekman	ekman	ekman	ekman		N;MASC+FEM;SG
claudius	claudius	claudius	claudius	N	PRO;ACC;3
tricolor	tricolor	tricolor	tricolor		N;MASC+FEM;SG
schulz	schulz	schulz	schulz		N;MASC+FEM;SG
bari	bari	bari	bari		PROPN;NEUT;SG
versicolor	versicolor	versicolor	versicolor	ADJ	N;MASC+FEM;SG
sturm	sturm	sturm	sturm		N;MASC+FEM;SG
turk	turk	turk	turk		N;MASC+FEM;SG
turk	turken	turk	turken		N;PL
patricia	patricia	patricia	patricia		N;MASC+FEM;SG
eduard	eduard	eduard	eduard		PROPN;MASC+FEM;SG
enrique	enrique	enrique	enrique		N;MASC+FEM;SG
strike	strike	strike	strik	N	
asperula	asperula	asperula	asperula		N;MASC+FEM;SG
elymus	elymus	elymus	elymus	V	N;MASC+FEM;SG
ranger	ranger	ranger	ranger		N;MASC+FEM;SG
ranger	boswachter	ranger	boswachter		N;MASC+FEM;SG
shelby	shelby	shelby	shelby		N;MASC+FEM;SG
eudonia	eudonia	eudonia	eudonia		N;MASC+FEM;SG
taken	genomen	taken	nemen		V;V.PTCP
taken	meegenomen	taken	meenemen		V;V.PTCP
rufus	rufus	rufus	rufus		N;MASC+FEM;SG
hon	lieve	hon	lief		ADJ
hon	dear	hon	dear		N;MASC+FEM;SG
hon	liefste	hon	liefst		ADJ;RL
liechtenstein	liechtenstein	liechtenstein	liechtenstein		N;NEUT;SG
rabaul	rabaul	rabaul	rabaul		N;MASC+FEM;SG
plain	plain	plain	plain		ADJ
plain	vlakte	plain	vlakken		N;MASC+FEM;SG
plain	effen	plain	effen		N;NEUT;SG
rán	bakken	rán	bakken	N	V;NFIN
fungorum	fungorum	fungorum	fungorum	NUM	N;MASC+FEM;SG
maxon	maxon	maxon	maxon		N;MASC+FEM;SG
tonga	tonga	tonga	tonga	N	PROPN;NEUT;SG
marginellidae	marginellidae	marginellidae	marginellidae		N;MASC+FEM;SG
pass	kijk	pass	kijken	N	V;SG;PRS;FIN
pass	kijken	pass	kijken	N	V;NFIN
pass	passeren	pass	passeren	N	V;NFIN
yeltsin	jeltsin	yeltsin	jeltsin		N;MASC+FEM;SG
lori	lori	lori	lori		N;MASC+FEM;SG
lineata	lineata	lineata	lineata		
oeste	oeste	oeste	oest		N;MASC+FEM;SG
dominique	dominique	dominique	dominique		N;MASC+FEM;SG
garnier	garnier	garnier	garnier		N;MASC+FEM;SG
ultimate	ultieme	ultimate	ultiem		ADJ
ultimate	ultimate	ultimate	ultimate		N;MASC+FEM;SG
gleason	gleason	gleason	gliason		N;MASC+FEM;SG
crimean	krim	crimean	krim		N;MASC+FEM;SG
crimean	krim	crimean	krim		N;MASC+FEM;SG
quentin	quentin	quentin	quentin		N;MASC+FEM;SG
uta	uta	uta	uta		N;MASC+FEM;SG
reeder	reeder	reeder	reeder	ADJ	N;MASC+FEM;SG
calanthe	calanthe	calanthe	calanth		N;MASC+FEM;SG
girona	girona	girona	girona	NUM	N;MASC+FEM;SG
hokkaido	hokkaido	hokkaido	hokkaido		N;NEUT;SG
tales	verhalen	tales	verhaal		N;PL
rennes	rennes	rennes	renne	NUM	N;SG
brod	brod	brod	brod	NUM	N;MASC+FEM;SG
sharon	sharon	sharon	sharon		N;MASC+FEM;SG
rosario	rosario	rosario	rosario		N;MASC+FEM;SG
suite	suite	suite	suite		N;MASC+FEM;SG
erigone	erigone	erigone	erigone		N;MASC+FEM;SG
clair	clair	clair	clair		N;MASC+FEM;SG
woodson	woodson	woodson	woodson		N;MASC+FEM;SG
antwerp	antwerpen	antwerp	antwerpen	N	PROPN;NEUT;SG
aurea	aurea	aurea	aurea		N;MASC+FEM;SG
pseudopoda	pseudopoda	pseudopoda	pseudopoda	V	N;MASC+FEM;SG
mirror	spiegeltje	mirror	spiegel		N;NEUT;SG
mirror	spiegelen	mirror	spiegelen		V;NFIN
mirror	spiegel	mirror	spiegel		N;MASC+FEM;SG
mirror	mirror	mirror	mirror		N;MASC+FEM;SG
diếp	sla	diếp	slaan	N	V;SG;PRS;FIN
cyclophora	cyclophora	cyclophora	cyclophora	V	N;MASC+FEM;SG
aristotle	aristoteles	aristotle	aristoteles		N;PL
xxx	xxx	xxx	xxx		N;MASC+FEM;SG
ústí	ústí	ústí	ústí	NUM	N;MASC+FEM;SG
boong	dekken	boong	dekken	N	V;NFIN
spectabilis	spectabilis	spectabilis	spectabilis		N;MASC+FEM;SG
malcolm	malcolm	malcolm	malcolm		N;MASC+FEM;SG
joker	joker	joker	joker		N;MASC+FEM;SG
joker	grappenmaker	joker	grappenmaker		N;MASC+FEM;SG
joker	grapjas	joker	grapjas		N;MASC+FEM;SG
yves	yves	yves	yves		N;MASC+FEM;SG
winchester	winchester	winchester	winchester		N;MASC+FEM;SG
sericea	sericea	sericea	sericea		N;MASC+FEM;SG
cúi	bend	cúi	bend	V	N;MASC+FEM;SG
thây	zombies	thây	zombies		N;PL
japonicus	japonicus	japonicus	japonicus	N	
trifolium	trifolium	trifolium	trifolium		N;MASC+FEM;SG
tanikawa	tanikawa	tanikawa	tanikawa		N;MASC+FEM;SG
fallax	fallax	fallax	fallax		N;MASC+FEM;SG
chronicle	kroniek	chronicle	kroniek		N;MASC+FEM;SG
chronicle	chronicle	chronicle	chronicle		
pumila	pumila	pumila	pumila		N;MASC+FEM;SG
turku	turku	turku	turku	NUM	N;MASC+FEM;SG
bradford	bradford	bradford	bradford		N;MASC+FEM;SG
gaius	gaius	gaius	gaiu	N	PRO;ACC;3
ramírez	ramírez	ramírez	ramírez		N;MASC+FEM;SG
kanagawa	kanagawa	kanagawa	kanagawa		N;MASC+FEM;SG
scorea	scorea	scorea	scorea		N;MASC+FEM;SG
dom	dom	dom	dom	N	ADJ
picta	picta	picta	picta		N;MASC+FEM;SG
haplochromis	haplochromis	haplochromis	haplochromis	V	N;MASC+FEM;SG
verdun	verdun	verdun	verdun	N	ADJ
argia	argia	argia	argia		N;MASC+FEM;SG
hare	haas	hare	haas		N;MASC+FEM;SG
hare	hare	hare	hare		PRO;GEN;3
nba	nba	nba	nba	N	PROPN;NEUT;SG
tristis	tristis	tristis	tristis		N;MASC+FEM;SG
sum	sum	sum	sum		N;MASC+FEM;SG
sum	som	sum	som		N;MASC+FEM;SG
swiss	zwitserse	swiss	zwitsers	N	ADJ
aconitum	aconitum	aconitum	aconitum		N;MASC+FEM;SG
himmler	himmler	himmler	himmler		N;MASC+FEM;SG
ahn	ahn	ahn	ahn	N	PROPN;NEUT;SG
khoe	toont	khoe	tonen	N	V;SG;PRS;FIN
düsseldorf	düsseldorf	düsseldorf	düsseldorf	NUM	N;NEUT;SG
düsseldorf	düsseldorf	düsseldorf	düsseldorf	NUM	N;NEUT;SG
düsseldorf	dusseldorf	düsseldorf	dusseldorf	NUM	N;MASC+FEM;SG
lives	leeft	lives	leven		V;SG;PRS;FIN
lives	levens	lives	levens		N;PL
lives	woont	lives	wonen		V;SG;PRS;FIN
sonic	sonische	sonic	sonisch	N	ADJ
johor	johor	johor	johor	N	PROPN;NEUT;SG
agm	agm	agm	agm		N;MASC+FEM;SG
cecil	cecil	cecil	cecil		N;MASC+FEM;SG
larvae	larven	larvae	larven	ADJ	N;PL
larvae	larve	larvae	larve	ADJ	N;MASC+FEM;SG
besançon	besançon	besançon	besanfon		N;MASC+FEM;SG
takeda	takeda	takeda	takeda		N;MASC+FEM;SG
adventures	avonturen	adventures	avontuur		N;PL
kagoshima	kagoshima	kagoshima	kagoshima		N;NEUT;SG
vito	vito	vito	vito		N;MASC+FEM;SG
peruviana	peruviana	peruviana	peruviana		N;MASC+FEM;SG
origins	herkomst	origins	herkomst		N;MASC+FEM;SG
origins	oorsprong	origins	oorsprong		N;MASC+FEM;SG
heli	helium	heli	helium		N;NEUT;SG
orléans	orléans	orléans	orléans		N;MASC+FEM;SG
lutea	lutea	lutea	lutea		N;MASC+FEM;SG
jma	jma	jma	jma		N;MASC+FEM;SG
lamarck	lamarck	lamarck	lamarck		N;MASC+FEM;SG
craugastor	craugastor	craugastor	craugastor		N;MASC+FEM;SG
serv	serv	serv	serv		N;MASC+FEM;SG
leslie	leslie	leslie	leslie		N;MASC+FEM;SG
kirby	kirby	kirby	kirby		N;MASC+FEM;SG
pittsburgh	pittsburgh	pittsburgh	pittsburgh		N;MASC+FEM;SG
synonym	synoniem	synonym	synoniem		N;NEUT;SG
synonym	synoniemen	synonym	synoniem		N;PL
yoshida	yoshida	yoshida	yoshida		N;MASC+FEM;SG
vaughan	vaughan	vaughan	vaughan		N;MASC+FEM;SG
gauss	gaussiaanse	gauss	gaussiaans	N	ADJ
seth	seth	seth	seth		N;MASC+FEM;SG
regia	regia	regia	regia		N;MASC+FEM;SG
mega	mega	mega	mega		N;MASC+FEM;SG
nigricans	nigricans	nigricans	nigricans		N;MASC+FEM;SG
claire	claire	claire	clair		ADJ
trias	trias	trias	trias		NUM
meridionalis	meridionalis	meridionalis	meridionalis	ADJ	N;MASC+FEM;SG
hessen	hessen	hessen	hessen	N	PROPN;NEUT;SG
heliconia	heliconia	heliconia	heliconia		N;MASC+FEM;SG
hindi	hindi	hindi	hindi	N	ADJ
tribus	tribus	tribus	tribus		N;MASC+FEM;SG
montréal	montreal	montréal	montreal		N;NEUT;SG
makoto	makoto	makoto	makoto		N;MASC+FEM;SG
dubia	dubia	dubia	dubia		N;MASC+FEM;SG
thank	dank	thank	danken		V;SG;PRS;FIN
hey	hé	hey	hé		INTJ
hey	hey	hey	hey		INTJ
hey	he	hey	he		INTJ
xylocopa	xylocopa	xylocopa	xylocopa	V	N;MASC+FEM;SG
ark	ark	ark	ark		N;MASC+FEM;SG
govaerts	govaerts	govaerts	govaerts		V;SG;PRS;FIN
gómez	gomez	gómez	gomez	V	N;MASC+FEM;SG
gómez	gómez	gómez	gómez	V	N;MASC+FEM;SG
leach	leach	leach	leach		N;MASC+FEM;SG
višnjan	višnjan	višnjan	višnjan		N;MASC+FEM;SG
české	české	české	české	NUM	PROPN;MASC+FEM;SG
olga	olga	olga	olga		N;MASC+FEM;SG
carnegie	carnegie	carnegie	carnegie		N;MASC+FEM;SG
rod	hengel	rod	hengel		N;MASC+FEM;SG
rod	idd	rod	idd		INTJ
rod	rod	rod	rod		N;MASC+FEM;SG
hermione	hermelien	hermione	hermelien		N;MASC+FEM;SG
amazing	wonderbaarlijk	amazing	wonderbaarlijk	N	ADJ
amazing	amazing	amazing	amazing	N	
amazing	geweldig	amazing	geweldig	N	ADJ
amazing	verbazingwekkend	amazing	verbazingwekkend	N	ADJ
nhờn	vettig	nhờn	vettig	N	ADJ
nhờn	olieachtige	nhờn	olieachtig	N	ADJ
nhờn	vettige	nhờn	vettigen	N	ADJ
nhờn	vettig	nhờn	vettig	N	ADJ
nhờn	vette	nhờn	vet	N	ADJ
earl	earl	earl	earl		N;MASC+FEM;SG
earl	graaf	earl	graaf		N;MASC+FEM;SG
amber	amber	amber	amber		N;MASC+FEM;SG
kenny	kenny	kenny	kenny		N;MASC+FEM;SG
pallidus	pallidus	pallidus	pallidus		N;MASC+FEM;SG
hanoi	hanoi	hanoi	hanoi		N;NEUT;SG
gamble	gokken	gamble	gok	N	V;NFIN
kurd	koerdische	kurd	koerdisch	N	ADJ
kurd	koerdisch	kurd	koerdisch	N	ADJ
invincible	onoverwinnelijk	invincible	onoverwinnelijk		ADJ
invincible	onverslaanbaar	invincible	onverslaanbaar		ADJ
invincible	onoverwinnelijke	invincible	onoverwinnelijk		ADJ
pygmaea	pygmaea	pygmaea	pygmaea		N;MASC+FEM;SG
moure	moure	moure	moure		N;MASC+FEM;SG
tracy	tracy	tracy	tracy		N;MASC+FEM;SG
lacon	lacon	lacon	lacon		N;MASC+FEM;SG
blanchard	blanchard	blanchard	blanchard		N;MASC+FEM;SG
xml	xml	xml	xml		N;MASC+FEM;SG
shogun	shogun	shogun	shogun		N;MASC+FEM;SG
toei	toei	toei	toei		N;MASC+FEM;SG
stella	stella	stella	stella		N;MASC+FEM;SG
car	auto	car	auto		N;MASC+FEM;SG
car	wagen	car	wagen		N;MASC+FEM;SG
seal	verzegelen	seal	verzegelen	N	V;NFIN
elliot	elliot	elliot	elliot		N;MASC+FEM;SG
pasteur	pasteur	pasteur	pasteur		N;MASC+FEM;SG
albany	albanië	albany	albanië	N	PROPN;NEUT;SG
decipiens	decipiens	decipiens	decipien	V	N;SG
yoga	yoga	yoga	yoga	V	N;MASC+FEM;SG
mat	eten	mat	eten	N	V;NFIN
ectropis	ectropis	ectropis	ectropis	V	N;MASC+FEM;SG
prószyński	prószyński	prószyński	prószyński	ADJ	N;MASC+FEM;SG
gsub	gsub	gsub	gsub		N;MASC+FEM;SG
asp	asp	asp	asp		N;MASC+FEM;SG
agrochola	agrochola	agrochola	agrochola		N;MASC+FEM;SG
shadab	shadab	shadab	shadab	N	
yuki	yuki	yuki	yuki		N;MASC+FEM;SG
blackwall	blackwall	blackwall	blackwall		N;MASC+FEM;SG
sunni	soennitische	sunni	soennitisch	N	ADJ
eve	eva	eve	eva		N;MASC+FEM;SG
eve	eve	eve	even		N;MASC+FEM;SG
hacker	hacker	hacker	hacker		N;MASC+FEM;SG
hacker	hackers	hacker	hacker		N;PL
hacker	hackers	hacker	hacker		N;PL
hacker	hacken	hacker	hacken		V;NFIN
hacker	prutser	hacker	prutser		N;MASC+FEM;SG
hacker	hack	hacker	hack		N;MASC+FEM;SG
sendai	sendai	sendai	sendai		N;NEUT;SG
tiberius	tiberius	tiberius	tiberius	N	PRO;ACC;3
christophe	christophe	christophe	christophe		N;MASC+FEM;SG
znojmo	znojmo	znojmo	znojmo	NUM	N;MASC+FEM;SG
xúi	jinx	xúi	jinx	V	N;MASC+FEM;SG
olomouc	olomouc	olomouc	olomouc		N;NEUT;SG
durham	durham	durham	durham	N	PROPN;NEUT;SG
anomis	anomis	anomis	anomis		N;MASC+FEM;SG
hót	zingen	hót	zingen	N	V;NFIN
hót	zingt	hót	zingen	N	V;SG;PRS;FIN
ruby	ruby	ruby	ruby		N;MASC+FEM;SG
ruby	robijn	ruby	robijn		N;MASC+FEM;SG
selena	salina	selena	salina		N;MASC+FEM;SG
selena	selena	selena	selena		N;MASC+FEM;SG
fulton	fulton	fulton	fulton		N;MASC+FEM;SG
xavier	xavier	xavier	xavier		N;MASC+FEM;SG
candy	snoepje	candy	snoep		N;NEUT;SG
candy	snoepgoed	candy	snoepgoed		N;NEUT;SG
candy	snoep	candy	snoep		N;MASC+FEM;SG
candy	candy	candy	candy		N;MASC+FEM;SG
sheridan	sheridan	sheridan	sheridan		N;MASC+FEM;SG
broun	broun	broun	broun		N;MASC+FEM;SG
griffin	griffin	griffin	griffin		N;MASC+FEM;SG
fao	fao	fao	fao	N	PROPN;NEUT;SG
iğdır	iğdır	iğdır	iğdır		N;MASC+FEM;SG
menzies	menzies	menzies	menzie		N;PL
khuấy	roer	khuấy	roer	V	N;NEUT;SG
konstantin	konstantin	konstantin	konstantin		N;MASC+FEM;SG
boa	boa	boa	boa		N;MASC+FEM;SG
cube	cube	cube	cube		N;MASC+FEM;SG
cube	kubus	cube	kubus		N;MASC+FEM;SG
emil	emil	emil	emil	N	PROPN;MASC+FEM;SG
rahman	rahman	rahman	rahman	V	N;MASC+FEM;SG
glen	glen	glen	glen		N;MASC+FEM;SG
benz	benz	benz	benz		N;MASC+FEM;SG
hampton	hampton	hampton	hampton		N;MASC+FEM;SG
chandler	chandler	chandler	chandler		N;MASC+FEM;SG
williamson	williamson	williamson	williamson		N;MASC+FEM;SG
göring	göring	göring	göring		N;MASC+FEM;SG
quinn	quinn	quinn	quinn		N;MASC+FEM;SG
sumer	soemerische	sumer	soemerisch	N	ADJ
irene	irene	irene	ireen		N;MASC+FEM;SG
cartoon	cartoon	cartoon	cartoon		N;MASC+FEM;SG
cartoon	tekenfilm	cartoon	tekenfilm		N;MASC+FEM;SG
penang	penang	penang	penang		N;MASC+FEM;SG
gớm	ontsteking	gớm	ontsteking	PART	N;MASC+FEM;SG
zeller	zeller	zeller	zel		N;MASC+FEM;SG
oberösterreich	oberösterreich	oberösterreich	oberösterreich		N;NEUT;SG
gaon	gaon	gaon	gaon	NUM	V;NFIN
sủa	blaffen	sủa	blaf	ADJ	V;NFIN
sủa	schors	sủa	schor	ADJ	N;MASC+FEM;SG
sủa	bast	sủa	bast	ADJ	N;MASC+FEM;SG
sủa	blaft	sủa	blaffen	ADJ	V;SG;PRS;FIN
sủa	blaffen	sủa	blaf	ADJ	V;NFIN
carr	carr	carr	carr		N;MASC+FEM;SG
betty	betty	betty	betty		N;MASC+FEM;SG
wilkinson	wilkinson	wilkinson	wilkinson		N;MASC+FEM;SG
cholesterol	cholesterol	cholesterol	cholesterol	V	N;MASC+FEM;SG
constantinople	constantinopel	constantinople	constantinopel		N;MASC+FEM;SG
bath	bad	bath	bad		N;NEUT;SG
uae	vae	uae	vae	N	PROPN;NEUT;SG
kan	kan	kan	kunnen	N	V;SG;PRS;FIN
lens	lens	lens	lens		N;MASC+FEM;SG
lens	objectief	lens	objectief		ADJ
lens	lek	lens	lek		ADJ
lens	lekken	lens	lekken		V;NFIN
yamada	yamada	yamada	yamada		N;MASC+FEM;SG
linearis	linearis	linearis	linearis		N;MASC+FEM;SG
tatar	tataars	tatar	tataar	N	ADJ
boom	bang	boom	bang	N	ADJ
luigi	luigi	luigi	luigi		N;MASC+FEM;SG
polygonum	polygonum	polygonum	polygonum		N;MASC+FEM;SG
boone	boone	boone	boone		N;MASC+FEM;SG
tetramorium	tetramorium	tetramorium	tetramorium	V	N;MASC+FEM;SG
reo	twijfel	reo	twijfel	V	N;MASC+FEM;SG
garrison	garnizoen	garrison	garnizoen		N;NEUT;SG
garrison	garrison	garrison	garrison		N;MASC+FEM;SG
brunnea	brunnea	brunnea	brunnea		N;MASC+FEM;SG
sidney	sidney	sidney	sidney		N;MASC+FEM;SG
repens	repens	repens	repens	V	N;MASC+FEM;SG
lexikon	lexikon	lexikon	lexikon		N;MASC+FEM;SG
lindsey	lindsey	lindsey	lindsey		N;MASC+FEM;SG
hyundai	hyundai	hyundai	hyundai		N;MASC+FEM;SG
direct	rechtstreeks	direct	rechtstreeks		ADJ
direct	directe	direct	direct		ADJ
direct	direct	direct	direct		ADJ
direct	rechtstreekse	direct	rechtstreeks		ADJ
primula	primula	primula	primula		N;MASC+FEM;SG
craven	craven	craven	craven		V;NFIN
gymnoscelis	gymnoscelis	gymnoscelis	gymnoscelis	V	N;MASC+FEM;SG
nomura	nomura	nomura	nomura	V	N;MASC+FEM;SG
diane	diane	diane	diaan		N;MASC+FEM;SG
rivière	rivière	rivière	rivièr		N;MASC+FEM;SG
borealis	borealis	borealis	borealis		N;MASC+FEM;SG
anders	anders	anders	anders	N	ADV
sugar	suikers	sugar	suiker		N;PL
sugar	suiker	sugar	suiker		N;MASC+FEM;SG
doc	doc	doc	doc		N;MASC+FEM;SG
doc	dok	doc	dok		N;NEUT;SG
budějovice	budějovice	budějovice	budějovice	NUM	N;NEUT;SG
phidippus	phidippus	phidippus	phidippus	V	N;MASC+FEM;SG
turing	turing	turing	turing		N;MASC+FEM;SG
talbot	talbot	talbot	talbot		N;MASC+FEM;SG
admiralty	admiraliteit	admiralty	admiraliteit		N;MASC+FEM;SG
crambus	crambus	crambus	crambus	V	N;MASC+FEM;SG
kyle	kyle	kyle	kyle		N;MASC+FEM;SG
emerton	emerton	emerton	emerton	V	N;MASC+FEM;SG
dale	dale	dale	daal		N;MASC+FEM;SG
gloria	gloria	gloria	gloria		N;MASC+FEM;SG
oder	oder	oder	oder	V	N;MASC+FEM;SG
lange	lange	lange	lang	N	ADJ
shannon	shannon	shannon	shannon		N;MASC+FEM;SG
villiers	villiers	villiers	villier		N;MASC+FEM;SG
gotha	gotha	gotha	gotha		PROPN;MASC+FEM;SG
wilcox	wilcox	wilcox	wilcox		N;MASC+FEM;SG
martino	martino	martino	martino		N;MASC+FEM;SG
obscurus	obscurus	obscurus	obscurus		N;MASC+FEM;SG
budde	budde	budde	bud		N;MASC+FEM;SG
friedman	friedman	friedman	friedman		N;MASC+FEM;SG
canescens	canescens	canescens	canescens	ADJ	N;MASC+FEM;SG
vanessa	vanessa	vanessa	vanessa		N;MASC+FEM;SG
schwartz	schwartz	schwartz	schwartz		N;MASC+FEM;SG
hohenzollern	hohenzollern	hohenzollern	hohenzollern	V	N;MASC+FEM;SG
howell	howell	howell	howell		N;MASC+FEM;SG
velvet	fluwelen	velvet	fluwelen		ADJ
velvet	velvet	velvet	velvet		N;MASC+FEM;SG
velvet	fluweel	velvet	fluweel		N;NEUT;SG
violacea	violacea	violacea	violacea		N;MASC+FEM;SG
mia	mia	mia	mia		N;MASC+FEM;SG
lara	lara	lara	lara		N;MASC+FEM;SG
bromley	bromley	bromley	bromley		N;NEUT;SG
proxy	gevolmachtigde	proxy	volmachtigen	N	V;SG;FIN
training	trainen	training	trainen	DET	V;NFIN
training	training	training	training	DET	N;MASC+FEM;SG
training	opleiding	training	opleiding	DET	N;MASC+FEM;SG
melanoxanthus	melanoxanthus	melanoxanthus	melanoxanthus		N;MASC+FEM;SG
glyphodes	glyphodes	glyphodes	glyphode	V	N;PL
akb	akb	akb	akb		N;MASC+FEM;SG
kırıkkale	kırıkkale	kırıkkale	krrikkaal		N;MASC+FEM;SG
gilles	gilles	gilles	gilles		N;MASC+FEM;SG
robustus	robustus	robustus	robustus		N;MASC+FEM;SG
shepard	shepard	shepard	shepard		N;MASC+FEM;SG
microphylla	microphylla	microphylla	microphylla	V	N;MASC+FEM;SG
lil	lil	lil	lillen		N;MASC+FEM;SG
boisduval	boisduval	boisduval	boisduval		N;MASC+FEM;SG
randolph	randolph	randolph	randolph		N;MASC+FEM;SG
