minima	minimi	minima	minimo	N	ADJ;MASC;PL
naples	napoli	naples	napola		N;MASC;SG
guérin	guérin	guérin	guérin		
trick	trick	trick	trick		N
trick	trucco	trick	trucco		N;MASC;SG
rivera	rivera	rivera	riverare		N;FEM;SG
burton	burton	burton	burton		N;MASC;SG
catalan	catalana	catalan	catalana	N	ADJ;FEM;SG
catalan	catalano	catalan	catalano	N	ADJ;MASC;SG
rita	rita	rita	rita		N;FEM;SG
latreille	latreille	latreille	latreilla	V	N
float	fluttuare	float	fluttuare	N	V;NFIN
hwang	hwang	hwang	hwang	N	
sành	intenditori	sành	intenditore	V	N;MASC;PL
compact	compatta	compact	compatto	N	ADJ;FEM;SG
compact	compatto	compact	compatto	N	ADJ;MASC;SG
compact	compatti	compact	compatto	N	ADJ;MASC;PL
heller	heller	heller	heller		N;MASC
motor	motore	motor	motore		N;MASC;SG
sat	sat	sat	sat	NUM	N
christoph	christoph	christoph	christoph		N;MASC;SG
elisabeth	elisabeth	elisabeth	elisabeth		N;FEM;SG
elisabeth	elisabetta	elisabeth	elisabetta		N;FEM;SG
rouge	rouge	rouge	rouga		N
saxon	sassoni	saxon	sassono		N;MASC;PL
saxon	sassone	saxon	sassone		ADJ;MASC;SG
saxon	saxon	saxon	saxon		N;MASC
ngửa	dorso	ngửa	dorso	V	N;MASC;SG
smithsonian	smithsonian	smithsonian	smithsonian		N;FEM;SG
nhọc	avversità	nhọc	avversità	V	N;FEM
nhọc	avversità	nhọc	avversità	V	N;FEM
primates	primati	primates	primato		N;MASC;PL
magnus	magno	magnus	magno		N;MASC;SG
magnus	magnus	magnus	magnus		N;MASC;SG
sục	potere	sục	potere	V	N;MASC;SG
sục	potenza	sục	potenza	V	N;FEM;SG
sục	power	sục	power	V	N
ita}}	ita}}	ita}}	ita}}		ADJ;SG
hòm	ark	hòm	ark	V	N;MASC
hòm	arca	hòm	arca	V	N;FEM;SG
freeman	freeman	freeman	freeman		N;FEM;SG
kurz	kurz	kurz	kurz		N
glabra	glabra	glabra	glabra	N	ADJ;FEM;SG
flores	flores	flores	flores		N;MASC;SG
belur	belur	belur	belur		ADJ;SG
cloud	nubi	cloud	nubo		ADJ;FEM;PL
cloud	nuvole	cloud	nuvola		N;FEM;PL
cloud	nube	cloud	nube		N;FEM;SG
cloud	nuvola	cloud	nuvolare		N;FEM;SG
cloud	cloud	cloud	cloud		N
nbc	nbc	nbc	nbc		N;FEM;SG
tằng	zeng	tằng	zeng	NUM	N;MASC;SG
rim	cerchio	rim	cerchio		N;MASC;SG
rim	bordo	rim	bordo		N;MASC;SG
rim	rime	rim	rime		N;FEM;PL
rim	rima	rim	rima		N;FEM;SG
tryon	tryon	tryon	tryon		N;MASC;SG
mượt	lisci	mượt	liscio	ADJ	N;MASC;PL
lev	lev	lev	le	N	PROPN
ozyptila	ozyptila	ozyptila	ozyptila		
habronattus	habronattus	habronattus	habronattus		
tesla	tesla	tesla	tesla		N;FEM;SG
irish	irlandese	irish	irlandese		ADJ;SG
irish	irish	irish	irish		N
irish	irlandesi	irish	irlandese		N;PL
kun	kun	kun	kun	N	
sấy	acciughe	sấy	acciuga	V	N;FEM;PL
sấy	essiccazione	sấy	essiccazione	V	N;FEM;SG
sấy	essiccamento	sấy	essiccamento	V	N;MASC;SG
sấy	asciugatura	sấy	asciugatura	V	N;FEM;SG
mol	mol	mol	mol	N	
saussurea	saussurea	saussurea	saussureo		N;FEM;SG
giăng	ragnatele	giăng	ragnatele	V	N;FEM;PL
abel	abel	abel	abel		N;MASC
millidge	millidge	millidge	millidgio		N;MASC
spam	spam	spam	spam	V	N
westwood	westwood	westwood	westwood		N
barack	barack	barack	barack	V	N;MASC
videos	video	videos	video		N;MASC
videos	filmati	videos	filmato		N;MASC;PL
michener	michener	michener	michenere		N;MASC;SG
rubra	rubra	rubra	rubra	N	ADJ;FEM;SG
chat	chattare	chat	chattare	N	V;NFIN
goth	dark	goth	dark		N
goth	goth	goth	goth		N
goth	gotico	goth	gotico		ADJ;MASC;SG
goth	gothic	goth	gothic		N;MASC
goth	gotica	goth	gotica		ADJ;FEM;SG
scarlett	rossella	scarlett	rossellare		N;FEM;SG
bibliography	bibliografia	bibliography	bibliografia		N;FEM;SG
schaus	schaus	schaus	schaus	V	ADJ;SG
tru	minacciare	tru	minacciare		V;NFIN
tru	trilli	tru	trillo		N;FEM;PL
katy	katy	katy	katy		N;FEM;SG
léon	léon	léon	léon		
veronica	veronica	veronica	veronico		ADJ;FEM;SG
glenn	glenn	glenn	glenn		N;MASC
szlach	szlach	szlach	szlach		ADJ;SG
hartmann	hartmann	hartmann	hartmann		N
euphrasia	euphrasia	euphrasia	euphrasia	N	ADJ;FEM;SG
agrostis	agrostis	agrostis	agrostis		ADJ;MASC;PL
polish	polacca	polish	polacco	NUM	ADJ;FEM;SG
polish	polacco	polish	polacco	NUM	ADJ;MASC;SG
polish	polacchi	polish	polacco	NUM	N;MASC;PL
tegenaria	tegenaria	tegenaria	tegenario		ADJ;FEM;SG
benson	benson	benson	benson		N;MASC;SG
sting	puntura	sting	puntura		N;FEM;SG
sting	sting	sting	sting		N;MASC
royce	royce	royce	royce		N
mayer	mayer	mayer	mayer		N;MASC;SG
marcos	marcos	marcos	marcos		N;MASC;SG
française	française	française	française	N	ADJ;SG
greenwood	greenwood	greenwood	greenwood		N
parks	parchi	parks	parco		N;MASC;PL
sưởi	mantel	sưởi	mantel	V	N;MASC
holocaust	olocausto	holocaust	olocausto		N;MASC;SG
lucien	lucien	lucien	lucien		N;MASC;SG
opuntia	opuntia	opuntia	opuntia		N;FEM;SG
dion	dion	dion	dion		N;SG
kay	kay	kay	kay		N
ellen	ellen	ellen	ellen		N;FEM;SG
baron	barone	baron	barone		N;MASC;SG
baron	baron	baron	baron		N;MASC;SG
hít	respiri	hít	respiro	V	N;MASC;PL
continental	continentale	continental	continentale	N	ADJ;SG
sato	sato	sato	sato		N;MASC;SG
rus	rus	rus	rus	N	
còi	fischia	còi	fischiare	ADJ	V;IND;SG;3;PRS;FIN
còi	fischio	còi	fischio	ADJ	N;MASC;SG
còi	fischi	còi	fisco	ADJ	N;MASC;PL
còi	fischietto	còi	fischietto	ADJ	N;MASC;SG
còi	fischia	còi	fischiare	ADJ	V;IND;SG;3;PRS;FIN
còi	fischi	còi	fisco	ADJ	N;MASC;PL
emi	ime	emi	ime		N;SG
emi	emi	emi	eme		N;FEM;SG
aria	aria	aria	aria		N;FEM;SG
börngen	börngen	börngen	börngen		N;SG
jake	jake	jake	jake		N;MASC
acanthodelta	acaia	acanthodelta	acaia	V	N;FEM;SG
ferruginea	ferruginea	ferruginea	ferruginea		V;IND;SG;3;PRS;FIN
bel	bel	bel	bello	N	ADJ;MASC;SG
brandt	brandt	brandt	brandt		N
villosa	villosa	villosa	villosa		ADJ;FEM;SG
jensen	jensen	jensen	jensen		N;MASC;SG
tito	tito	tito	tito		N;MASC;SG
herrera	herrera	herrera	herrera		N;FEM;SG
fairy	fata	fairy	fare		N;FEM;SG
fairy	fatina	fairy	fatina		N;FEM;SG
vahl	vahl	vahl	vahlo		ADJ;SG
vale	vale	vale	valere	N	V;IND;SG;3;PRS;FIN
berger	berger	berger	berger		N;FEM;SG
bali	balinese	bali	balinese	N	ADJ;SG
malay	malese	malay	malese	N	ADJ;SG
burke	burke	burke	burka		N;MASC;SG
baldwin	baldovino	baldwin	baldovino	N	V;IND;SG;3;PRS;FIN
mills	mills	mills	mills		N;MASC
mills	mulini	mills	mulino		N;MASC;PL
riley	riley	riley	riley		N
prain	prain	prain	prain		ADJ;SG
aubl	aubl	aubl	aubl		ADJ;SG
ngất	swoon	ngất	swoon	V	ADJ;SG
kirk	kirk	kirk	kirk		N
villers	villers	villers	villers		N;MASC;SG
bissau	bissau	bissau	bissau		N;FEM;SG
warncke	warncke	warncke	warncke		N;MASC;SG
cfg	cfg	cfg	cfg		N
humboldt	humboldt	humboldt	humboldt		N;MASC;SG
stein	stein	stein	stein		N;FEM;SG
ada	adda	ada	adda		N;FEM;SG
ada	ada	ada	ada		N;FEM;SG
strong	forte	strong	forte		ADJ;SG
strong	strong	strong	strong		N
strong	forti	strong	forte		ADJ;PL
wto	omc	wto	omc		N;FEM
gould	gould	gould	gould		N;MASC
morales	morales	morales	morales		N;MASC;SG
campos	campos	campos	campos	N	
gardens	giardini	gardens	giardino		N;MASC;PL
shizuoka	shizuoka	shizuoka	shizuoko		N;MASC;SG
paz	paz	paz	paz		N;FEM;SG
dante	dante	dante	dante		N;MASC;SG
pilosa	pilosa	pilosa	piloso		ADJ;SG
gérard	gérard	gérard	gérard		N;MASC;SG
savage	savage	savage	savage		N
savage	selvaggia	savage	selvaggio		ADJ;FEM;SG
savage	selvaggio	savage	selvaggio		ADJ;MASC;SG
savage	selvaggi	savage	selvaggio		ADJ;MASC;PL
hogwarts	hogwarts	hogwarts	hogwarts	V	N;MASC;SG
moy	moy	moy	moy		N
rolls	rotoli	rolls	rotolo		N;MASC;PL
rolls	involtini	rolls	involtino		N;MASC;PL
rolls	rolls	rolls	rolls		N;MASC
lviv	leopoli	lviv	leopolo	NUM	N;FEM;SG
summerh	summerh	summerh	summerh		ADJ;SG
ekman	ekman	ekman	ekman		N;MASC
tricolor	tricolor	tricolor	tricolor		N;MASC;SG
schulz	schulz	schulz	schulz		N
bari	bari	bari	bari		N;MASC;SG
versicolor	versicolor	versicolor	versicolor	ADJ	N;FEM;SG
sturm	sturm	sturm	sturm		N;MASC;SG
turk	turco	turk	turco		ADJ;MASC;SG
turk	turk	turk	turk		N;MASC
patricia	patrizia	patricia	patrizia		N;FEM;SG
patricia	patricia	patricia	patricia		N;FEM;SG
eduard	eduard	eduard	eduard		N;MASC;SG
calamus	calamus	calamus	calamus	N	V;IND;SG;3;PRS;FIN
enrique	enrique	enrique	enriqua		N;MASC;SG
strike	colpisci	strike	colpire	N	V;IND;SG;2;PRS;FIN
elymus	elimo	elymus	elimo	V	ADJ;SG
ranger	ranger	ranger	rangere		N;MASC
yard	cortile	yard	cortile		N;MASC;SG
yard	yard	yard	yard		N;MASC
yard	cantiere	yard	cantiere		N;MASC;SG
shelby	shelby	shelby	shelby		N;MASC
taken	scattata	taken	scattare		V;FEM;SG;PST;V.PTCP
taken	presa	taken	prendere		V;FEM;SG;PST;V.PTCP
taken	preso	taken	prendere		V;MASC;SG;PST;V.PTCP
taken	prese	taken	prendere		V;IND;SG;3;PST;FIN
rufus	rufus	rufus	rufus		N;SG
hon	carissimi	hon	caro		ADJ;AB;MASC;PL
hon	cara	hon	caro		ADJ;FEM;SG
hon	caro	hon	caro		ADJ;MASC;SG
hon	cari	hon	caro		ADJ;MASC;PL
liechtenstein	liechtenstein	liechtenstein	liechtenstein		N;MASC;SG
rabaul	rabaul	rabaul	rabaul		N;FEM;SG
queens	queens	queens	queens	N	NUM
plain	pianura	plain	pianura		N;FEM;SG
plain	plain	plain	plain		N
ser	ser	ser	ser	N	ADJ;SG
rán	friggere	rán	friggere	N	V;NFIN
rán	friggere	rán	friggere	N	V;NFIN
fungorum	fungorum	fungorum	fungorum	NUM	N;MASC;SG
maxon	maxon	maxon	maxon		N;MASC
endl	endl	endl	endl		ADJ;SG
pass	guardare	pass	guardare	N	V;NFIN
pass	passa	pass	passare	N	V;IND;SG;3;PRS;FIN
yeltsin	eltsin	yeltsin	eltsin		N;MASC;PL
lori	lori	lori	loro		N;FEM;PL
lineata	lineata	lineata	lineata		V;FEM;SG;PST;V.PTCP
oeste	oeste	oeste	oesto		N;MASC;SG
dominique	domenico	dominique	domenico		ADJ;MASC;SG
dominique	dominique	dominique	dominique		N;SG
garnier	garnier	garnier	garnier		N;FEM;SG
ultimate	ultimate	ultimate	ultimato		N;FEM;PL
dieu	dieu	dieu	dieu	N	
gleason	gleason	gleason	gleason		N;MASC;SG
crimean	crimea	crimean	crimea		N;FEM;SG
crimean	crimea	crimean	crimea		N;FEM;SG
quentin	quentin	quentin	quentino		N;MASC;SG
uta	uta	uta	uto		N;FEM;SG
reeder	reeder	reeder	reedere	ADJ	N
girona	girona	girona	girona	NUM	N;FEM;SG
hokkaido	hokkaido	hokkaido	hokkaido		N;MASC;SG
tales	tales	tales	tales		N;MASC
tales	favole	tales	favola		N;FEM;PL
tales	fiabe	tales	fiabe		N;FEM;PL
tales	racconti	tales	racconto		N;MASC;PL
rennes	rennes	rennes	rennes	NUM	N;MASC;SG
brod	brod	brod	brod	NUM	N;MASC;SG
rosario	rosario	rosario	rosario		N;MASC;SG
suite	suite	suite	suite		N;FEM
erigone	erigone	erigone	erigone		N;FEM;SG
clair	clair	clair	clair		N;MASC;SG
woodson	woodson	woodson	woodson		N;MASC;SG
pseudopoda	pseudopoda	pseudopoda	pseudopoda	V	
mirror	specchio	mirror	specchio		N;MASC;SG
mirror	mirror	mirror	mirror		N;MASC
macrophylla	macrophylla	macrophylla	macrophylla	V	N;MASC;SG
potentilla	potentilla	potentilla	potentilla	V	N;FEM;SG
aristotle	aristotele	aristotle	aristotele		N;MASC;SG
maslin	maslin	maslin	maslin		N;MASC;SG
xxx	xxx	xxx	xxx		NUM
ústí	ústí	ústí	ústí	NUM	PROPN
spectabilis	spectabilis	spectabilis	spectabilis		N;MASC;SG
malcolm	malcolm	malcolm	malcolm		N;MASC;SG
joker	joker	joker	joker		N;MASC
joker	burlone	joker	burlone		N;MASC;SG
joker	jolly	joker	jolly		N;MASC
yves	yves	yves	yves		
mrkos	mrkos	mrkos	mrkos		N;MASC
winchester	winchester	winchester	winchester		N;FEM;SG
sericea	sericea	sericea	sericeo		ADJ;FEM;SG
juss	juss	juss	juss		N;SG
thây	zombie	thây	zombie		N;MASC
thây	zombi	thây	zombo		N;MASC;PL
trifolium	trifolium	trifolium	trifolium		N
tanikawa	tanikawa	tanikawa	tanikawa		N;MASC;SG
fallax	fallax	fallax	fallax		N;FEM;SG
chronicle	cronache	chronicle	cronaca		N;FEM;PL
chronicle	cronaca	chronicle	cronaca		N;FEM;SG
chronicle	chronicle	chronicle	chroniclio		N;MASC;PL
pumila	pumila	pumila	pumila		N;MASC
turku	turku	turku	turku	NUM	N;MASC;SG
bradford	bradford	bradford	bradford		N;MASC;SG
gymnopilus	gymnopilus	gymnopilus	gymnopilus	V	
messina	messina	messina	messina	N	ADJ;FEM;SG
ghe	ghe	ghe	ghe	N	V;IMP;SG;2;PRS;FIN
metallica	metallica	metallica	metallico	N	ADJ;FEM;SG
ramírez	ramírez	ramírez	ramírez		N;FEM;SG
kanagawa	kanagawa	kanagawa	kanagawa		N;MASC;SG
dom	dom	dom	dom	N	
brandegee	brandegee	brandegee	brandegea	N	ADJ;SG
picta	picta	picta	picta		ADJ;FEM;SG
haplochromis	haplochromis	haplochromis	haplochromis	V	N;MASC
sint	sint	sint	sint	N	
argia	argia	argia	argia		N;FEM;SG
hare	lepre	hare	lepre		N;FEM;SG
hare	hare	hare	aare		N
sum	sum	sum	sum		N;MASC;SG
sum	somma	sum	somma		N;FEM;SG
swiss	svizzero	swiss	svizzero	N	ADJ;MASC;SG
aconitum	aconitum	aconitum	aconitum		N;FEM;SG
himmler	himmler	himmler	himmler		N;MASC
ahn	ahn	ahn	ahn	N	
düsseldorf	düsseldorf	düsseldorf	düsseldorf	NUM	N;MASC;SG
düsseldorf	dusseldorf	düsseldorf	dusseldorf	NUM	N;MASC;SG
lives	vive	lives	vivere		V;IND;SG;3;PRS;FIN
lives	vite	lives	vite		N;FEM;PL
sonic	sonico	sonic	sonico	N	ADJ;MASC;SG
agm	agm	agm	agm		N
cecil	cecil	cecil	cecil		N;MASC
larvae	larve	larvae	larva	ADJ	N;FEM;PL
larvae	larva	larvae	larvo	ADJ	N;FEM;SG
besançon	besançon	besançon	besançon		N;MASC;SG
rzhev	ržev	rzhev	ržev	N	ADJ;SG
takeda	takeda	takeda	takeda		PROPN
adventures	avventure	adventures	avventura		N;FEM;PL
adventures	adventures	adventures	adventures		N
ryū	ryū	ryū	ry2		N;MASC
kagoshima	kagoshima	kagoshima	kagoshimo		N;FEM;SG
vito	vito	vito	vito		N;MASC;SG
varese	varese	varese	varese	NUM	N;FEM;SG
origins	origini	origins	origine		N;FEM;PL
heli	elio	heli	elio		N;MASC;SG
orléans	orléans	orléans	orléans		N;FEM;SG
lutea	lutea	lutea	lutea		N;FEM;SG
kmh	kmh	kmh	kmh		N;MASC;SG
lamarck	lamarck	lamarck	lamarck		N;MASC
btr	btr	btr	btr		N
serv	serv	serv	serv		N;MASC
leslie	leslie	leslie	leslia		N;FEM;SG
kirby	kirby	kirby	kirby		N;MASC
pittsburgh	pittsburgh	pittsburgh	pittsburgh		N;MASC
synonym	sinonimi	synonym	sinonimo		N;MASC;PL
synonym	sinonimo	synonym	sinonimo		ADJ;MASC;SG
yoshida	yoshida	yoshida	yoshida		N;FEM;SG
vaughan	vaughan	vaughan	vaughan		N;FEM;SG
gauss	gaussiana	gauss	gaussiano	N	ADJ;FEM;SG
esp}}	esp}}	esp}}	esp}}		ADJ;SG
seth	seth	seth	seth		N;MASC;SG
regia	regia	regia	regia		N;FEM;SG
mega	mega	mega	mega		N
nigricans	nigricans	nigricans	nigricans		N;FEM;SG
claire	claire	claire	claire		N;FEM;SG
trias	trias	trias	trias		N;MASC
heliconia	heliconia	heliconia	heliconia		ADJ;FEM;SG
tribus	tribus	tribus	tribus		
montréal	montréal	montréal	montréal		N;MASC;SG
montréal	montreal	montréal	montreal		N;FEM;SG
makoto	makoto	makoto	makoto		N;MASC
dubia	dubia	dubia	dubia		ADJ;SG
adrian	adriano	adrian	adriano	N	ADJ;MASC;SG
kagome	kagome	kagome	kagome		N;FEM;SG
ark	ark	ark	ark		N;MASC
ark	arca	ark	arca		N;FEM;SG
gómez	gomez	gómez	gomez	V	N;SG
gómez	gómez	gómez	gómez	V	N;SG
gómez	gómez	gómez	gómez	V	N;SG
leach	leach	leach	leach		N;MASC;SG
višnjan	visignano	višnjan	visignare		V;IND;PL;3;PRS;FIN
české	české	české	české	NUM	PROPN
olga	olga	olga	olga		N;FEM;SG
carnegie	carnegie	carnegie	carnegia		N;FEM;SG
rod	rod	rod	rod		N;MASC
crepis	crepis	crepis	crepis	V	N;FEM;SG
hermione	hermione	hermione	hermione		N;FEM;SG
amazing	fantastico	amazing	fantastico	N	ADJ;MASC;SG
amazing	fantastica	amazing	fantastico	N	ADJ;FEM;SG
amazing	stupefacente	amazing	stupefacente	N	ADJ;SG
amazing	incredibile	amazing	incredibile	N	ADJ;SG
nhờn	oleoso	nhờn	oleoso	N	ADJ;MASC;SG
earl	conte	earl	conte		N;MASC;SG
earl	earl	earl	earl		N;MASC
amber	amber	amber	amber		N;FEM;SG
amber	ambra	amber	ambro		N;FEM;SG
combretum	combretum	combretum	combretum	N	ADJ;SG
kenny	kenny	kenny	kenny		N;MASC
pallidus	pallidus	pallidus	pallidus		
hanoi	hanoi	hanoi	hanoo		N;MASC
kurd	curdo	kurd	curdo	N	ADJ;MASC;SG
kurd	curda	kurd	curda	N	ADJ;FEM;SG
kurd	kurd	kurd	kurd	N	ADJ;SG
invincible	invincibili	invincible	invincibile		ADJ;PL
invincible	invincibile	invincible	invincibile		ADJ;SG
pygmaea	pygmaea	pygmaea	pygmaea		V;IND;SG;3;PRS;FIN
tracy	tracy	tracy	tracy		N;SG
lacon	lacon	lacon	lacon		N
blanchard	blanchard	blanchard	blanchard		N;MASC
natalensis	natalensis	natalensis	natalensis	N	ADJ;SG
uesac	uesac	uesac	uesac		N;MASC;SG
xml	xml	xml	xml		N;MASC
shogun	shogun	shogun	shogun		N;MASC
toei	toei	toei	toeo		N;MASC;SG
dynamics	dinamica	dynamics	dinamica	N	ADJ;FEM;SG
stella	stella	stella	stella		N;FEM;SG
car	auto	car	auto		N;FEM
car	macchina	car	macchina		N;FEM;SG
car	automobile	car	automobile		N;FEM;SG
sedis	sedis	sedis	sedis	N	
elliot	elliot	elliot	elliot		N;MASC;SG
pasteur	pasteur	pasteur	pasteur		N;MASC;SG
nesom	nesom	nesom	nesom		ADJ;MASC;SG
decipiens	decipiens	decipiens	decipiens	V	N;FEM;SG
yoga	yoga	yoga	yoga	V	N;FEM;SG
gsub	gsub	gsub	gsub		ADJ;SG
asp	asp	asp	asp		N;MASC
yuki	yuki	yuki	yuki		N;MASC;SG
blackwall	blackwall	blackwall	blackwall		N
sunni	sunnita	sunni	sunnire	N	ADJ;SG
eve	eva	eve	evare		N;FEM;SG
eve	vigilia	eve	vigilia		N;FEM;SG
eve	eve	eve	eve		N;MASC;SG
hacker	hacker	hacker	hacker		N
hacker	hacker	hacker	hacker		N
hacker	hackerare	hacker	hackerare		V;NFIN
hacker	hack	hacker	hack		N
sendai	sendai	sendai	senda		N;MASC
christophe	christophe	christophe	christopo		N;MASC;SG
znojmo	znojmo	znojmo	znojmo	NUM	N;MASC;SG
xúi	jinx	xúi	jinx	V	N;MASC
xúi	sfiga	xúi	sfiga	V	N;FEM;SG
olomouc	olomouc	olomouc	olomouc		N;MASC;SG
hót	cantare	hót	cantare	N	V;NFIN
hót	cantando	hót	cantare	N	V;V.MSDR
hót	cantano	hót	cantare	N	V;IND;PL;3;PRS;FIN
hót	canta	hót	cantare	N	V;IND;SG;3;PRS;FIN
ovata	ovata	ovata	ovato	N	ADJ;FEM;SG
ruby	rubino	ruby	rubino		ADJ;MASC;SG
ruby	ruby	ruby	ruby		N;MASC
selena	salina	selena	salino		N;FEM;SG
selena	selena	selena	selena		N;FEM;SG
fulton	fulton	fulton	fulton		N;MASC;SG
xavier	saverio	xavier	saverio		N;MASC;SG
xavier	xavier	xavier	xavier		N;MASC;SG
candy	caramelle	candy	caramella		N;FEM;PL
candy	candy	candy	candy		N
candy	caramella	candy	caramella		N;FEM;SG
sheridan	sheridan	sheridan	sheridan		N;FEM;SG
broun	broun	broun	brouno		ADJ;SG
griffin	griffin	griffin	griffino		N
griffin	grifone	griffin	grifone		N;MASC;SG
menzies	menzies	menzies	menzies		N;MASC;SG
konstantin	konstantin	konstantin	konstantin		N;PL
konstantin	costantino	konstantin	costantino		N;MASC;SG
boa	boa	boa	boa		N;MASC;SG
cube	cubo	cube	cubo		N;MASC;SG
cube	cube	cube	cuba		N
r}}	r}}	r}}	r}}		ADJ;SG
rahman	rahman	rahman	rahman	V	N
glen	glen	glen	gleno		N;MASC;SG
benz	benz	benz	benz		N
hampton	hampton	hampton	hampton		N;MASC;SG
chandler	chandler	chandler	chandler		N;MASC;SG
williamson	williamson	williamson	williamson		N;MASC;SG
papilionidae	papilionidae	papilionidae	papilionida	N	ADJ;FEM;PL
göring	goering	göring	goering		N;MASC;PL
göring	göring	göring	göring		N;MASC
nordrhein	nordrhein	nordrhein	nordrhein	V	N;MASC
quinn	quinn	quinn	quinn		N;SG
sumer	sumero	sumer	sumero	N	ADJ;MASC;SG
irene	irene	irene	irena		N;FEM;SG
cartoon	vignetta	cartoon	vignetta		N;FEM;SG
penang	penang	penang	penang		N;FEM;SG
gớm	infiammazioni	gớm	infiammazione	PART	N;FEM;PL
gớm	infiammazione	gớm	infiammazione	PART	N;FEM;SG
zeller	zeller	zeller	zeller		N;MASC;SG
scheer	scheer	scheer	scheer		N;FEM
oberösterreich	oberösterreich	oberösterreich	oberösterreich		V;IND;SG;3;PRS;FIN
gaon	gaon	gaon	gaon	NUM	N;MASC;SG
sủa	corteccia	sủa	corteccia	ADJ	N;FEM;SG
sủa	abbaia	sủa	avbaio	ADJ	V;IND;SG;3;PRS;FIN
sủa	abbaiare	sủa	abbaiare	ADJ	V;NFIN
sủa	abbaia	sủa	avbaio	ADJ	V;IND;SG;3;PRS;FIN
sủa	abbaiare	sủa	abbaiare	ADJ	V;NFIN
carr	carr	carr	carr		N;MASC
betty	betty	betty	betty		N;FEM
wilkinson	wilkinson	wilkinson	wilkinson		N;MASC
cholesterol	colesterolo	cholesterol	colesterolo	V	N;MASC;SG
constantinople	costantinopoli	constantinople	costantinopolo		ADJ;MASC;PL
bath	bagno	bath	bagno		N;MASC;SG
cristata	cristata	cristata	cristata	N	ADJ;FEM;SG
androsace	androsace	androsace	androsace		ADJ;FEM;SG
udine	udine	udine	udina	NUM	N;FEM;SG
michx	michx	michx	michx		ADJ;SG
gập	piegatura	gập	piegatura	V	N;FEM;SG
gập	pieghevole	gập	pieghevole	V	N;SG
gập	pieghevoli	gập	pieghevole	V	ADJ;PL
lens	lente	lens	lente		N;FEM;SG
lens	lenti	lens	lente		N;MASC;PL
lens	perdita	lens	perdita		N;FEM;SG
yamada	yamada	yamada	yamada		N;MASC;SG
carabus	carabus	carabus	carabus	N	ADJ;SG
tatar	tatara	tatar	tatara	N	ADJ;FEM;SG
luigi	luigi	luigi	luigi		N;MASC;SG
polygonum	polygonum	polygonum	polygonum		N;MASC
boone	boone	boone	boona		N;FEM;SG
dumbledore	silente	dumbledore	silente	N	ADJ;SG
reo	dubbi	reo	dubbio	V	N;MASC;PL
reo	dubbio	reo	dubbio	V	N;MASC;SG
garrison	presidio	garrison	presidio		N;MASC;SG
garrison	garrison	garrison	garrison		N;FEM;SG
garrison	guarnigione	garrison	guarnigione		N;FEM;SG
sidney	sidney	sidney	sidney		N;MASC
repens	repens	repens	repens	V	N;FEM;SG
zelotes	zelotes	zelotes	zelotes	N	
lexikon	lexikon	lexikon	lexikon		N;MASC
lindsey	lindsey	lindsey	lindsey		N;FEM;SG
hyundai	hyundai	hyundai	hyundai		N
direct	diretta	direct	diretta		N;FEM;SG
direct	direct	direct	direct		N
direct	diretto	direct	diretto		ADJ;MASC;SG
primula	primula	primula	primula		N;FEM;SG
hochst	hochst	hochst	hochst		ADJ;SG
craven	craven	craven	craven		N;MASC;SG
nomura	nomura	nomura	nomura	V	N;FEM;SG
diane	diane	diane	diano		N;FEM;SG
rivière	rivière	rivière	rivière		N;FEM;SG
borealis	borealis	borealis	borealis		N;MASC;SG
sugar	zucchero	sugar	zucchero		N;MASC;SG
sugar	sugar	sugar	sugare		N
sugar	zuccheri	sugar	zucchero		N;MASC;PL
doc	doc	doc	doc		N;MASC;SG
budějovice	budějovice	budějovice	budějovice	NUM	ADJ;FEM;SG
turing	turing	turing	turing		N;MASC
talbot	talbot	talbot	talbot		N;SG
admiralty	ammiragliato	admiralty	ammiragliare		ADJ;MASC;SG
kyle	kyle	kyle	kyle		N
emerton	emerton	emerton	emerton	V	N
dale	dale	dale	dale		N;MASC;PL
gloria	gloria	gloria	gloria		N;FEM;SG
oder	oder	oder	oder	V	N;SG
shannon	shannon	shannon	shannon		N;MASC;SG
villiers	villiers	villiers	villiers		N;FEM
gotha	gotha	gotha	gotha		N;MASC
wilcox	wilcox	wilcox	wilcox		N;MASC;SG
martino	martino	martino	martino		N;MASC;SG
obscurus	obscurus	obscurus	obscurus		N;MASC
budde	budde	budde	budda		ADJ;SG
friedman	friedman	friedman	friedman		N
vanessa	vanessa	vanessa	vanessa		N;FEM;SG
kanon	kanon	kanon	kanon		N;MASC;SG
schwartz	schwartz	schwartz	schwartz		N;MASC
hohenzollern	hohenzollern	hohenzollern	hohenzollern	V	N;MASC;SG
para	para	para	para	N	V;IND;SG;2;PRS;FIN
howell	howell	howell	howell		N;SG
neptune	nettuno	neptune	nettuno	N	ADJ;MASC;SG
velvet	velvet	velvet	velvet		N;MASC
velvet	velluto	velvet	velluto		N;MASC;SG
violacea	violacea	violacea	violacea		ADJ;FEM;SG
mia	mia	mia	mio		DET;FEM;SG
lara	lara	lara	lara		N;FEM;SG
bromley	bromley	bromley	bromley		N;MASC
proxy	procura	proxy	procurare	N	V;IND;SG;3;PRS;FIN
training	formazione	training	formazione	DET	N;FEM;SG
training	addestramento	training	addestramento	DET	N;MASC;SG
bromus	bromus	bromus	bromus	N	ADJ;SG
akb	akb	akb	akb		ADJ;SG
californica	californica	californica	californico	N	ADJ;FEM;SG
gilles	gilles	gilles	gilles		N;MASC;SG
robustus	robustus	robustus	robustus		N;MASC
shepard	shepard	shepard	shepard		N
microphylla	microphylla	microphylla	microphylla	V	N;MASC;SG
lil	lil	lil	lil		N
boisduval	boisduval	boisduval	boisduval		V;IND;SG;3;IPFV;FIN
randolph	randolph	randolph	randolph		N;MASC;SG
