gaston	gaston	gaston	gaston		N;NOM;SG
clannad	clannad	clannad	clannad		N;NOM;SG
chuck	chuckin	chuck	chuck		N;GEN;SG
chuck	chuck	chuck	chuck		PROPN;NOM;SG
benn	benn	benn	benn		PROPN;NOM;SG
donau	donau	donau	donau	N	
romagna	romagna	romagna	romagna		N;NOM;SG
bergen	bergen	bergen	berke	N	PROPN;NOM;SG
scottish	skotlannin	scottish	skotlanti	NUM	N;GEN;SG
turkish	turkkilainen	turkish	turkki#lainen		ADJ;NOM;SG
turkish	turkin	turkish	turkki		N;GEN;SG
turkish	turkki	turkish	turkki		N;NOM;SG
trinity	trinity	trinity	trinity	NUM	N;NOM;SG
roche	roche	roche	roche		PROPN;NOM;SG
hubert	hubert	hubert	hubert		N;NOM;SG
schumacher	schumacher	schumacher	schumacher	N	PROPN;NOM;SG
bertrand	bertrand	bertrand	bertrand		
turin	torinon	turin	torino	NUM	N;GEN;SG
valentin	valentin	valentin	valentti		N;GEN;SG
holly	holly	holly	holly		PROPN;NOM;SG
fidel	fidel	fidel	fidel		N;NOM;SG
ash	tuhka	ash	tuhka		N;NOM;SG
ash	ash	ash	ash		PROPN;NOM;SG
ash	tuhkaa	ash	tuhka		N;PRT;SG
brittany	brittany	brittany	brittany		N;NOM;SG
gentry	gentry	gentry	gentry		N;NOM;SG
pohl	pohl	pohl	pohl		PROPN;NOM;SG
giặt	pesula	giặt	pesula	V	N;NOM;SG
wrestlemania	wrestlemania	wrestlemania	wrestlemani		N;NOM;SG
barker	barker	barker	barker		PROPN;NOM;SG
spitfire	spitfire	spitfire	spitfire		N;NOM;SG
philipp	philipp	philipp	philipp		PROPN;NOM;SG
andre	andre	andre	andre		PROPN;NOM;SG
andre	andré	andre	andré		PROPN;NOM;SG
andre	andré	andre	andré		PROPN;NOM;SG
barton	barton	barton	barto		N;NOM;SG
pierce	pierce	pierce	pierce		PROPN;NOM;SG
catania	catania	catania	catania	N	
santana	santana	santana	santa		N;NOM;SG
logroño	logroño	logroño	logroño		
spotted	nähty	spotted	nähdä		V;NOM;SG;V.PTCP;PASS
spotted	havaittu	spotted	havaita		V;NOM;SG;V.PTCP;PASS
spotted	huomattu	spotted	huomata		V;NOM;SG;V.PTCP;PASS
lars	lars	lars	lars	N	PROPN;NOM;SG
jia	jia	jia	jia	N	PROPN;NOM;SG
chẻ	reikä	chẻ	reikä		N;NOM;SG
chẻ	aukko	chẻ	aukko		N;NOM;SG
chẻ	kuoppa	chẻ	kuoppa		N;NOM;SG
chẻ	reiän	chẻ	reikä		N;GEN;SG
concorde	concorde	concorde	concorde	N	PROPN;NOM;SG
natalie	natalie	natalie	natalla	N	PROPN;NOM;SG
barca	barca	barca	barca	N	INTJ
halloween	halloween	halloween	hallowe	V	N;NOM;SG
midland	midland	midland	midland	N	
angelica	angelica	angelica	angelica		N;NOM;SG
sites	sivustojen	sites	sivusto		N;GEN;PL
sites	sivustot	sites	sivusto		N;NOM;PL
sites	sivustoja	sites	sivusto		N;PRT;PL
skin	ihon	skin	iho		N;GEN;SG
skin	iho	skin	iho		N;NOM;SG
skin	ihoa	skin	iho		N;PRT;SG
doyle	doyle	doyle	doyle	N	PROPN;NOM;SG
cedar	cedar	cedar	cedar	N	
thom	thom	thom	thom	N	PROPN;NOM;SG
tít	kuulla	tít	kuulla		V;SG;NFIN;ACT
tít	kuule	tít	kuulla		V;IMP;SG;2;FIN;ACT
rising	nousu	rising	nousu		N;NOM;SG
rising	nousee	rising	nousta		V;IND;SG;3;PRS;FIN;ACT
rising	nouseva	rising	nousta		V;NOM;SG;V.PTCP;ACT
rising	nousussa	rising	nousu		N;IN+ESS;SG
leigh	leigh	leigh	leigh		PROPN;NOM;SG
hogg	hogg	hogg	hogg		N;NOM;SG
núm	puristi	núm	puristaa	N	V;IND;SG;3;PST;FIN;ACT
cody	cody	cody	cody	N	PROPN;NOM;SG
mitra	mitra	mitra	mitra		N;NOM;SG
shiva	shiva	shiva	shiva	N	PROPN;NOM;SG
gmelin	gmelin	gmelin	gmeli		N;NOM;SG
phillip	phillip	phillip	phillip		PROPN;NOM;SG
surrey	surrey	surrey	surrey	NUM	
teaser	teaser	teaser	teaser		N;NOM;SG
gill	gill	gill	gill		PROPN;NOM;SG
globe	maapallo	globe	maa#pallo		N;NOM;SG
globe	globe	globe	globe		
oppenheimer	oppenheimer	oppenheimer	oppenheimer		N;NOM;SG
bravo	bravo	bravo	bravo		
wolfsburg	wolfsburg	wolfsburg	wolfsburg	N	PROPN;NOM;SG
hopper	hopper	hopper	hopper	V	N;NOM;SG
goa	goa	goa	goa		N;NOM;SG
nicholson	nicholson	nicholson	nicholson		PROPN;NOM;SG
dhabi	dhabi	dhabi	dhabi	N	PROPN;NOM;SG
soft	pehmeää	soft	pehmeä		ADJ;PRT;SG
soft	pehmeät	soft	pehmeä		ADJ;NOM;PL
soft	pehmeä	soft	pehmeä		ADJ;NOM;SG
králové	králové	králové	králové	V	N;NOM;SG
jörg	jörg	jörg	jörg	NUM	PROPN;NOM;SG
brevis	brevis	brevis	brevis		N;NOM;SG
breed	rotua	breed	rottu		N;PRT;SG
breed	rotu	breed	rotu		N;NOM;SG
sphinx	sfinksi	sphinx	sfinksi		N;NOM;SG
rogue	rogue	rogue	rogue	N	
crimea	krimin	crimea	krimi	V	N;GEN;SG
abkhazia	abhasian	abkhazia	abhania		PROPN;GEN;SG
pepper	pepper	pepper	pepper		PROPN;NOM;SG
pepper	pippuria	pepper	pippuri		N;PRT;SG
griff	griff	griff	griff		N;NOM;SG
koh	koh	koh	koh	N	
eyed	eyed	eyed	eyedä	N	
dome	dome	dome	dome	N	PROPN;NOM;SG
ramsey	ramsey	ramsey	ramsey		N;NOM;SG
infinity	ääretön	infinity	ääretön	N	ADJ;NOM;SG
waterhouse	waterhouse	waterhouse	waterhouse		N;NOM;SG
molina	molina	molina	molina		PROPN;NOM;SG
forrest	forrest	forrest	forrest	N	
andrés	andrés	andrés	andrés	N	PROPN;NOM;SG
medieval	keskiaikainen	medieval	keski#aikainen	N	ADJ;NOM;SG
brie	brien	brie	brien		N;NOM;SG
brie	brie	brie	brie		INTJ
robbie	robbie	robbie	robbie	N	PROPN;NOM;SG
sally	sally	sally	sally		PROPN;NOM;SG
sally	sallyn	sally	sally		N;GEN;SG
zurich	zürich	zurich	zürich	N	PROPN;NOM;SG
jyp	jyp	jyp	jyp	N	PROPN;NOM;SG
patton	patton	patton	patto		N;NOM;SG
drew	piirsi	drew	piirtää		V;IND;SG;3;PST;FIN;ACT
drew	drew	drew	drew		PROPN;NOM;SG
bernhard	bernhard	bernhard	bernhard	N	PROPN;NOM;SG
benny	benny	benny	benny	N	PROPN;NOM;SG
cherokee	cherokee	cherokee	cherokee		N;NOM;SG
hindenburg	hindenburg	hindenburg	hindenburg		N;NOM;SG
smile	hymyä	smile	hymy		N;PRT;SG
smile	hymyile	smile	hymyillä		V;IMP;SG;2;FIN;ACT
smile	hymy	smile	hymy		N;NOM;SG
leverkusen	leverkusen	leverkusen	leverkus	N	
rochester	rochester	rochester	rochester		
kira	kira	kira	kira	N	PROPN;NOM;SG
marguerite	marguerite	marguerite	marguerite		N;NOM;SG
aka	alias	aka	alias		N;NOM;SG
aka	aka	aka	aka		INTJ
ramesses	ramses	ramesses	ramses	N	PROPN;NOM;SG
ngứa	kutina	ngứa	kutina	V	N;NOM;SG
ngứa	kutinaa	ngứa	kutina	V	N;PRT;SG
ngứa	kutina	ngứa	kutina	V	N;NOM;SG
ngứa	kynnet	ngứa	kynnet	V	N;NOM;PL
rebecca	rebecca	rebecca	rebecca		PROPN;NOM;SG
stones	kiviä	stones	kivi		N;PRT;PL
stones	kivet	stones	kivi		N;NOM;PL
stones	kivistä	stones	kivi		N;IN+ABL;SG
schultz	schultz	schultz	schultz	N	PROPN;NOM;SG
martens	martens	martens	martens		N;NOM;SG
pot	pata	pot	pata		N;NOM;SG
pot	potti	pot	potti		N;NOM;SG
pot	pilveä	pot	pilveä		N;PRT;SG
patterson	patterson	patterson	patterson		N;NOM;SG
alma	alma	alma	alma	NUM	PROPN;NOM;SG
weasley	weasley	weasley	weasley		N;NOM;SG
myers	myers	myers	myers		PROPN;NOM;SG
kombat	kombat	kombat	komba	N	
tivi	tv	tivi	tv	ADJ	N;NOM;SG
tivi	televisio	tivi	televisio	ADJ	N;NOM;SG
tivi	televisiot	tivi	televisio	ADJ	N;NOM;PL
prinz	prinz	prinz	prinz	N	PROPN;NOM;SG
gifford	gifford	gifford	gifford		N;NOM;SG
benin	benin	benin	benin	N	V;IND;SG;1;PRS;FIN;ACT
intercontinental	intercontinental	intercontinental	intercontinentalla		ADJ;NOM;SG
tina	tinaa	tina	tina		N;PRT;SG
tina	tina	tina	tina		N;NOM;SG
saddam	saddam	saddam	saddam	N	PROPN;NOM;SG
mystery	arvoitus	mystery	arvoitus		N;NOM;SG
mystery	mysteeri	mystery	mysteeri		N;NOM;SG
ruth	ruth	ruth	ruth		N;NOM;SG
ruth	ruthin	ruth	ruthin		N;GEN;SG
carolyn	carolyn	carolyn	carolyn		N;NOM;SG
monde	monde	monde	monde	N	PROPN;NOM;SG
bien	näkyvä	bien	näkyä	N	V;NOM;SG;V.PTCP;ACT
bien	näkyvissä	bien	näkyä	N	V;IN+ESS;PL;V.PTCP;ACT
bien	näkyy	bien	näkyä	N	V;IND;SG;3;PRS;FIN;ACT
bien	näkyvät	bien	näkyä	N	V;IND;PL;3;PRS;FIN;ACT
bien	bien	bien	bien	N	
hoffmann	hoffmann	hoffmann	hoffmann		PROPN;NOM;SG
hinton	hinton	hinton	hintto		V;IND;SG;1;PRS;FIN;ACT
heather	heather	heather	heather	N	PROPN;NOM;SG
geo	maantieteelliset	geo	maan#tieteellinen		ADJ;NOM;PL
geo	geo	geo	geo		N;NOM;SG
joey	joeyn	joey	jokin	N	PROPN;GEN;SG
joey	joey	joey	joey	N	PROPN;NOM;SG
nuremberg	nürnbergin	nuremberg	nürnberg	N	PROPN;GEN;SG
isabel	isabel	isabel	isabel		PROPN;NOM;SG
batista	batista	batista	batista		N;NOM;SG
highland	highland	highland	highland		N;NOM;SG
olt	olt	olt	olla		N;NOM;SG
avenue	avenue	avenue	avetua		N;NOM;SG
toyotomi	toyotomi	toyotomi	toyotomi	PROPN	N;NOM;SG
schwarzenegger	schwarzenegger	schwarzenegger	schwarzenegger		PROPN;NOM;SG
chatham	chatham	chatham	chatham	N	
imp	imp	imp	imp		N;NOM;SG
imp	peikko	imp	peikko		N;NOM;SG
smackdown	smackdown	smackdown	smackdown		
huelva	huelva	huelva	huelva	N	
albus	albus	albus	albus		N;NOM;SG
beckham	beckham	beckham	beckham	N	PROPN;NOM;SG
reyes	reyes	reyes	reyes	N	PROPN;NOM;SG
wendy	leena	wendy	leena		N;NOM;SG
wendy	wendy	wendy	wendy		PROPN;NOM;SG
blackwell	blackwell	blackwell	blackwell		
echo	echo	echo	echo	N	
holiday	loma	holiday	loma		N;NOM;SG
holiday	lomaa	holiday	loma		N;PRT;SG
holiday	juhlapäivä	holiday	juhla#päivä		N;NOM;SG
hemingway	hemingway	hemingway	hemingway		N;NOM;SG
táp	purema	táp	purema	V	N;NOM;SG
táp	pure	táp	pure	V	INTJ
spl	spl	spl	spl		N;NOM;SG
psoe	psoe	psoe	psoe		N;NOM;SG
capcom	capcom	capcom	capcom	N	PROPN;NOM;SG
viz	viz	viz	viz		N;NOM;SG
gibbs	gibbs	gibbs	gibbs	CONJ	N;NOM;SG
montpellier	montpellier	montpellier	montpellier	N	
dawson	dawson	dawson	dawson	N	PROPN;NOM;SG
stress	stressin	stress	stressi		N;GEN;SG
stress	stressi	stress	stressi		N;NOM;SG
stress	stressiä	stress	stressi		N;PRT;SG
tak	tak	tak	tak	N	INTJ
pattern	kaava	pattern	kaava	V	N;NOM;SG
pattern	kuvio	pattern	kuvio	V	N;NOM;SG
brain	aivoja	brain	aivot	V	N;PRT;PL
brain	aivot	brain	aivot	V	N;NOM;PL
fragilis	fragilis	fragilis	fragilis		N;NOM;SG
vila	vila	vila	vila		
buchanan	buchanan	buchanan	buchana		PROPN;NOM;SG
alive	hengissä	alive	henki		N;IN+ESS;PL
alive	elävä	alive	elää		ADJ;NOM;SG
alive	elävänä	alive	elävä		V;FRML;SG;V.PTCP;ACT
alive	elossa	alive	elossa		ADV
rodriguez	rodriguez	rodriguez	rodriguez		PROPN;NOM;SG
cent	sentti	cent	sentti		N;NOM;SG
sandy	sandy	sandy	sandy		PROPN;NOM;SG
fra	fra	fra	fra		N;NOM;SG
cuốc	satunnaista	cuốc	satuntainen	N	ADJ;PRT;SG
cuốc	satunnainen	cuốc	satunnainen	N	ADJ;NOM;SG
cuốc	satunnaisia	cuốc	satunnainen	N	ADJ;PRT;PL
desmond	desmond	desmond	desmond		N;NOM;SG
terra	tera	terra	tera		N;NOM;SG
terra	terra	terra	terra		
neville	neville	neville	neville		N;NOM;SG
pal	pal	pal	pal		N;NOM;SG
champs	mestarit	champs	mestari		N;NOM;PL
champs	champs	champs	champs		
kelvin	kelvin	kelvin	kelvin		N;NOM;SG
sergio	sergio	sergio	sergio	N	PROPN;NOM;SG
pitt	pitt	pitt	pitt	N	PROPN;NOM;SG
trier	trier	trier	trier	N	PROPN;NOM;SG
sistema	sistema	sistema	sistema	V	N;NOM;SG
medium	keskikokoinen	medium	keski#kokoinen		ADJ;NOM;SG
shane	shane	shane	shane		PROPN;NOM;SG
shane	shanen	shane	shanen		N;GEN;SG
cal	cal	cal	cal		N;NOM;SG
cool	siisti	cool	siisti		ADJ;NOM;SG
cool	siistiä	cool	siisti		ADJ;PRT;SG
cool	cool	cool	cool		N;NOM;SG
moreno	moreno	moreno	moreno		
telegraph	telegraph	telegraph	telegraph		N;NOM;SG
milk	maidon	milk	maito		N;GEN;SG
milk	maito	milk	maito		N;NOM;SG
milk	maitoa	milk	maito		N;PRT;SG
jackie	jackie	jackie	jackie	N	PROPN;NOM;SG
livingston	livingston	livingston	livin#gston		N;NOM;SG
eos	eos	eos	eos	N	PROPN;NOM;SG
thierry	thierry	thierry	thierry	N	PROPN;NOM;SG
graz	graz	graz	graz		PROPN;NOM;SG
flo	flo	flo	flo	N	
mons	mons	mons	mons	N	
quest	quest	quest	quest	N	
kangaroo	kenguru	kangaroo	kenguru		N;NOM;SG
kangaroo	kengurut	kangaroo	kenguru		N;NOM;PL
saratoga	saratoga	saratoga	saratoga		N;NOM;SG
isla	isla	isla	isla	N	
friuli	friuli	friuli	friuli		
lancashire	lancashire	lancashire	lancashire	N	
albedo	albedo	albedo	albedo		N;NOM;SG
infinite	ääretön	infinite	ääretön	N	ADJ;NOM;SG
infinite	loputon	infinite	loputon	N	ADJ;NOM;SG
myspace	myspace	myspace	myspace	N	PROPN;NOM;SG
hale	hale	hale	hale	N	PROPN;NOM;SG
gloucester	gloucester	gloucester	gloucester		N;NOM;SG
puget	puget	puget	puoki	N	
breda	breda	breda	breda	N	
res	res	res	res		N;NOM;SG
marvin	marvin	marvin	marvi	N	
lift	nostaa	lift	nostaa		V;IND;SG;3;PRS;FIN;ACT
lift	nosto	lift	nosto		N;NOM;SG
lift	nosta	lift	nostaa		V;IMP;SG;2;FIN;ACT
sonny	sonny	sonny	sonny		N;NOM;SG
neill	neill	neill	sinä	N	PROPN;NOM;SG
aguilar	aguilar	aguilar	aguilar		PROPN;NOM;SG
gore	gore	gore	gore		PROPN;NOM;SG
hayashi	hayashi	hayashi	hayashi		N;NOM;SG
sega	sega	sega	sega		PROPN;NOM;SG
donna	donnan	donna	donna		N;GEN;SG
donna	donna	donna	donna		N;NOM;SG
pham	pham	pham	pham	N	PROPN;NOM;SG
halle	halle	halle	halle	N	PROPN;NOM;SG
ulrich	ulrich	ulrich	ulrich		PROPN;NOM;SG
alston	alston	alston	alston		PROPN;NOM;SG
gap	kuilu	gap	kuilu	V	N;NOM;SG
gap	aukko	gap	aukko	V	N;NOM;SG
erie	erie	erie	erie	N	PROPN;NOM;SG
frances	frances	frances	frances		PROPN;NOM;SG
adriatic	adrianmeren	adriatic	adrian#meri		N;GEN;SG
viva	viva	viva	viva		INTJ
kwang	kwang	kwang	kwang	N	PROPN;NOM;SG
vanilla	thunder	vanilla	thunder		
vanilla	ukkonen	vanilla	ukkonen		N;NOM;SG
vanilla	vanilja	vanilla	vanilja		N;NOM;SG
extreme	äärimmäinen	extreme	äärimmäinen		ADJ;NOM;SG
extreme	äärimmäisen	extreme	äärimmäinen		ADJ;GEN;SG
extreme	äärimmäistä	extreme	äärimmäinen		ADJ;PRT;SG
bun	bulgarian	bun	bulgaria		N;GEN;SG
bun	bulgaria	bun	bulgari		N;NOM;SG
bun	pulla	bun	pulla		N;NOM;SG
multi	usean	multi	usea	DET	ADJ;GEN;SG
woody	woody	woody	woody		N;NOM;SG
fat	paksu	fat	paksu	N	ADJ;NOM;SG
fat	lihava	fat	lihava	N	ADJ;NOM;SG
andrey	andrei	andrey	andreida	N	PROPN;NOM;SG
pegasus	pegasus	pegasus	pegasus		N;NOM;SG
seymour	seymour	seymour	seymour		N;NOM;SG
haw	haw	haw	haw		INTJ
browne	browne	browne	browne	N	PROPN;NOM;SG
wilde	wilde	wilde	wilde	N	PROPN;NOM;SG
lex	lex	lex	lex		N;NOM;SG
lex	lexin	lex	lexpi		N;GEN;SG
episodes	jaksoista	episodes	jakso		N;IN+ABL;PL
episodes	jaksot	episodes	jakso		N;NOM;PL
muñoz	muñoz	muñoz	muñoz	N	PROPN;NOM;SG
herb	herb	herb	herb		PROPN;NOM;SG
ringo	ringo	ringo	ringo		N;NOM;SG
nicola	nicola	nicola	nicola	N	PROPN;NOM;SG
renault	renault	renault	renault		N;NOM;SG
avengers	kostajat	avengers	kostaja		N;NOM;PL
augsburg	augsburg	augsburg	augsburg	N	PROPN;NOM;SG
switch	vaihtaa	switch	vaihtaa	N	V;SG;NFIN;ACT
switch	vaihda	switch	vaihda	N	V;IMP;SG;2;FIN;ACT
herald	herald	herald	herald		PROPN;NOM;SG
fide	fide	fide	fide	N	
dickinson	dickinson	dickinson	dickinson		PROPN;NOM;SG
melanie	melanie	melanie	melata		PROPN;NOM;SG
holloway	holloway	holloway	holloway	V	N;NOM;SG
ngơ	huomioimatta	ngơ	huomio		V;PRIV;SG;NFIN;ACT
ngơ	huomiotta	ngơ	huomio		N;PRIV;SG
chamberlain	chamberlain	chamberlain	chamberla	V	N;NOM;SG
bruch	bruch	bruch	bruch		N;NOM;SG
gala	gaala	gala	gaala		N;NOM;SG
pioneer	pioneer	pioneer	pioneer	N	
paula	paula	paula	paula		N;NOM;SG
romano	romano	romano	romano		N;NOM;SG
wizard	velho	wizard	velho		N;NOM;SG
zander	kuha	zander	kuha		N;NOM;SG
yom	jom	yom	jom		N;NOM;SG
bedford	bedford	bedford	bedford	N	PROPN;NOM;SG
bor	bor	bor	bor		N;NOM;SG
cash	käteistä	cash	käteinen		N;PRT;SG
cash	cash	cash	cash		N;NOM;SG
cash	rahaa	cash	raha		N;PRT;SG
lugo	lugo	lugo	lugo	NUM	PROPN;NOM;SG
teo	teo	teo	teo	V	N;NOM;SG
twilight	hämärän	twilight	hämärä	N	ADJ;GEN;SG
twilight	twilight	twilight	twilight	N	
twilight	hämärä	twilight	hämärä	N	ADJ;NOM;SG
kenji	kenji	kenji	kenji		N;NOM;SG
nur	nur	nur	nur	N	PROPN;NOM;SG
robson	robson	robson	robso	N	PROPN;NOM;SG
mask	naamio	mask	naamio		N;NOM;SG
mask	maski	mask	maski		N;NOM;SG
mask	naamari	mask	naamari		N;NOM;SG
cluj	cluj	cluj	cluj	NUM	
sinclair	sinclair	sinclair	sinclair		N;NOM;SG
rojas	rojas	rojas	rojas		N;NOM;SG
dahl	dahl	dahl	dahl	N	PROPN;NOM;SG
nhả	julkaisu	nhả	julkaisu	V	N;NOM;SG
charlemagne	charlemagne	charlemagne	charlemagne		N;NOM;SG
jenkins	jenkins	jenkins	jenkins		N;NOM;SG
minneapolis	minneapolis	minneapolis	minneapolis		N;NOM;SG
pack	pakata	pack	pakata		V;SG;NFIN;ACT
pack	pakkaus	pack	pakkaus		N;NOM;SG
pack	pakkaa	pack	pakatka		V;IMP;SG;2;FIN;ACT
machado	machado	machado	machado	N	PROPN;NOM;SG
modena	modena	modena	modena	NUM	N;NOM;SG
buckingham	buckinghamin	buckingham	buckingham		N;GEN;SG
kitty	kisu	kitty	kisu		N;NOM;SG
kitty	kitty	kitty	kitty		
omer	omer	omer	omer		N;NOM;SG
petersen	petersen	petersen	petersen	V	N;NOM;SG
baba	baba	baba	baba		N;NOM;SG
backstreet	backstreet	backstreet	backstreet		
saunier	saunier	saunier	saunier		N;NOM;SG
spielberg	spielberg	spielberg	spielberg		PROPN;NOM;SG
pbs	pbs	pbs	pbs		PROPN;NOM;SG
pau	pau	pau	pau	N	INTJ
ito	ito	ito	ito		N;NOM;SG
calvert	calvert	calvert	calvert		PROPN;NOM;SG
nolan	nolan	nolan	nola		PROPN;NOM;SG
fitzgerald	fitzgerald	fitzgerald	fitzgerald	N	PROPN;NOM;SG
treviso	treviso	treviso	treviso	N	
linum	linum	linum	linum		N;NOM;SG
mama	mamma	mama	mamma	N	INTJ
romeo	romeo	romeo	romeo	N	PROPN;NOM;SG
didier	didier	didier	didier	N	PROPN;NOM;SG
joyce	joyce	joyce	joyce	N	PROPN;NOM;SG
meet	tapaaminen	meet	tapaaminen	ADJ	N;NOM;SG
meet	tavata	meet	tavata	ADJ	V;SG;NFIN;ACT
meet	tapaa	meet	tapa	ADJ	N;PRT;SG
hajime	hajime	hajime	hajime		N;NOM;SG
avenger	kostaja	avenger	kostaja		N;NOM;SG
revue	revyy	revue	revyä		N;NOM;SG
hayek	hayek	hayek	hayekki	N	PROPN;NOM;SG
por	por	por	por		INTJ
stream	virta	stream	virta		N;NOM;SG
stream	puro	stream	puro		N;NOM;SG
stream	stream	stream	stream		N;NOM;SG
palmas	palmas	palmas	palmas	N	
gatwick	gatwick	gatwick	gatwick		
oldenburg	oldenburg	oldenburg	oldenburg		
reims	reims	reims	reims	N	
ensign	aliluutnantti	ensign	ali#luutnantti		N;NOM;SG
ensign	vänrikki	ensign	vänrikki		N;NOM;SG
carlsen	carlsen	carlsen	carlse	N	
ericsson	ericsson	ericsson	ericsson	N	PROPN;NOM;SG
gerard	gérard	gerard	gérard		PROPN;NOM;SG
gerard	gerrard	gerard	gerrard		
gerard	gerard	gerard	gerard		N;NOM;SG
yerevan	jerevanin	yerevan	jerevan	N	ADJ;GEN;SG
bergman	bergman	bergman	bergma		N;NOM;SG
cast	heitetty	cast	heittää	N	V;NOM;SG;V.PTCP;PASS
oran	oran	oran	ora		INTJ
ortiz	ortiz	ortiz	ortiz		PROPN;NOM;SG
constance	constance	constance	constance	N	
boca	boca	boca	boca	N	PROPN;NOM;SG
nếm	maista	nếm	maa	V	N;IN+ABL;PL
nếm	maku	nếm	maku	V	N;NOM;SG
nếm	makua	nếm	maku	V	N;PRT;SG
ski	ski	ski	ski	N	PROPN;NOM;SG
seem	sem	seem	sem	ADJ	N;NOM;SG
amour	amour	amour	amour	N	
chik	chik	chik	chik		N;NOM;SG
amor	amor	amor	amor		
zara	zara	zara	zara		PROPN;NOM;SG
michele	michele	michele	michele	N	PROPN;NOM;SG
swansea	swansea	swansea	swanse	N	PROPN;NOM;SG
españa	españa	españa	españa	N	
nigel	nigel	nigel	nigel	N	PROPN;NOM;SG
sue	haastaa	sue	haastaa		V;IND;SG;3;PRS;FIN;ACT
garfield	garfield	garfield	garfield		N;NOM;SG
tula	tula	tula	tula	NUM	INTJ
alicia	alicia	alicia	alicia		
registry	rekisterin	registry	rekisteri		N;GEN;SG
registry	rekisteri	registry	rekisteri		N;NOM;SG
eindhoven	eindhoven	eindhoven	eindhovi	N	
archipelago	saariston	archipelago	saaristo	V	N;GEN;SG
gogh	gogh	gogh	gogh		INTJ
nirvana	nirvana	nirvana	nirva		N;NOM;SG
harley	harley	harley	harley	N	
wanted	etsintäkuulutettu	wanted	etsintä#kuuluttaa	N	V;NOM;SG;V.PTCP;PASS
wanted	haluttu	wanted	haluta	N	V;NOM;SG;V.PTCP;PASS
wanted	halusi	wanted	haluta	N	V;IND;SG;3;PST;FIN;ACT
reno	reno	reno	reno	N	
nháp	luonnos	nháp	luonnos	V	N;NOM;SG
nháp	luonnosta	nháp	luonnos	V	N;IN+ABL;SG
roque	roque	roque	roque	N	
chát	keskustele	chát	keskustella	ADJ	V;IMP;SG;2;FIN;ACT
chát	keskustelussa	chát	keskustelu	ADJ	N;IN+ESS;SG
chát	keskustelu	chát	keskustelu	ADJ	N;NOM;SG
chát	chat	chát	chat	ADJ	N;NOM;SG
chát	keskustella	chát	keskustella	ADJ	V;SG;NFIN;ACT
sande	sande	sande	sande		INTJ
melody	melody	melody	melody		N;NOM;SG
beretta	beretta	beretta	bere		N;NOM;SG
sterling	sterling	sterling	sterling	V	N;NOM;SG
chambers	chambers	chambers	chambers		PROPN;NOM;SG
mari	mari	mari	mari		PROPN;NOM;SG
humbert	humbert	humbert	humbert		N;NOM;SG
ivy	ivy	ivy	ivy		N;NOM;SG
northampton	northampton	northampton	northampton		PROPN;NOM;SG
shirley	shirley	shirley	shirley		N;NOM;SG
michelangelo	michelangelo	michelangelo	michelangelo		PROPN;NOM;SG
cate	cate	cate	cate	N	PROPN;NOM;SG
lou	lou	lou	lou	N	PROPN;NOM;SG
pulitzer	pulitzer	pulitzer	pulitzer		N;NOM;SG
akbar	akbar	akbar	akbar	N	PROPN;NOM;SG
sandra	sandra	sandra	sandra		N;NOM;SG
buch	buch	buch	buch		PROPN;NOM;SG
mesnil	mesnil	mesnil	mesnil		N;NOM;SG
angry	vihainen	angry	vihainen	N	ADJ;NOM;SG
lisboa	lissabon	lisboa	lissabo		N;NOM;SG
lisboa	lissabonin	lisboa	lissabon		N;GEN;SG
lisboa	lissabonissa	lisboa	lissabon		N;IN+ESS;SG
stamford	stamford	stamford	stamford	N	PROPN;NOM;SG
klm	klm	klm	klm		PROPN;NOM;SG
marca	marca	marca	marca	N	
lineatus	lineatus	lineatus	lineatus		N;NOM;SG
mannheim	mannheim	mannheim	mannheim	N	
ida	ida	ida	ida		N;NOM;SG
cantor	cantor	cantor	cantor		N;NOM;SG
bohr	bohr	bohr	bohr	N	PROPN;NOM;SG
noir	noir	noir	noir		PROPN;NOM;SG
bray	bray	bray	bray	NUM	PROPN;NOM;SG
sap	mahlaa	sap	mahlaa		N;PRT;SG
lauren	lauren	lauren	laure		N;NOM;SG
lauren	laurenin	lauren	lauren		N;GEN;SG
marta	marta	marta	marra	N	PROPN;NOM;SG
tạt	sinappia	tạt	sinappi	ADJ	N;PRT;SG
ars	ars	ars	ars		N;NOM;SG
scipio	scipio	scipio	scipio	N	PROPN;NOM;SG
tristan	tristan	tristan	trista		N;NOM;SG
cascade	cascade	cascade	cascade	N	INTJ
howe	howe	howe	howe	N	PROPN;NOM;SG
saunders	saunders	saunders	saunders		N;NOM;SG
wyatt	wyatt	wyatt	wyatt		N;NOM;SG
katherine	katherine	katherine	katherinen		N;NOM;SG
katherine	katariina	katherine	katari		N;FRML;SG
cật	munuaiset	cật	munuainen	V	N;NOM;PL
tea	tee	tea	tehdä	N	V;IMP;SG;2;FIN;ACT
stern	stern	stern	stern		PROPN;NOM;SG
stern	perä	stern	perä		N;NOM;SG
teddy	teddyn	teddy	teddy		ADJ;GEN;SG
teddy	teddy	teddy	teddy		PROPN;NOM;SG
marek	marek	marek	marek		PROPN;NOM;SG
breaking	rikkoo	breaking	rikkoa		V;IND;SG;3;PRS;FIN;ACT
alien	muukalainen	alien	muukalainen		N;NOM;SG
alien	avaruusolento	alien	avaruus#olento		N;NOM;SG
alien	muukalaisten	alien	muukalainen		N;GEN;PL
schindler	schindler	schindler	schindler		PROPN;NOM;SG
lydia	lydia	lydia	lydia		N;NOM;SG
fun	hauska	fun	hauska	N	ADJ;NOM;SG
fun	hauskaa	fun	hauska	N	ADJ;PRT;SG
fun	kivaa	fun	kiva	N	ADJ;PRT;SG
kumamoto	kumamoto	kumamoto	kuma#moto		N;NOM;SG
lorenz	lorenz	lorenz	lorenz		N;NOM;SG
clermont	clermont	clermont	clermont	N	
dalton	dalton	dalton	dalton		N;NOM;SG
gottfried	gottfried	gottfried	gottfried		PROPN;NOM;SG
stephens	stephens	stephens	stephens		
byrne	byrne	byrne	byrne	N	PROPN;NOM;SG
lesser	vähäisempi	lesser	vähäinen		ADJ;NOM;CMPR;SG
lesser	pienempi	lesser	pieni		ADJ;NOM;CMPR;SG
brock	brock	brock	brock		PROPN;NOM;SG
conway	conway	conway	conway	N	
msn	msn	msn	minä		PROPN;NOM;SG
schuster	schuster	schuster	schuster	N	PROPN;NOM;SG
rodrigues	rodriguez	rodrigues	rodriguez		PROPN;NOM;SG
rodrigues	rodrigues	rodrigues	rodrigues		N;NOM;SG
snyder	snyder	snyder	snyder		PROPN;NOM;SG
credit	hyvitys	credit	hyvitys		N;NOM;SG
credit	luotto	credit	luotto		N;NOM;SG
credit	luottoa	credit	luotto		N;PRT;SG
carrie	carrie	carrie	carrie		N;NOM;SG
axel	axel	axel	axel	N	PROPN;NOM;SG
corp	corp	corp	corp	N	PROPN;NOM;SG
molotov	molotov	molotov	molotov		N;NOM;SG
vieux	vieux	vieux	vieux		INTJ
novosibirsk	novosibirsk	novosibirsk	novosibirsk		N;NOM;SG
frost	frost	frost	frost		N;NOM;SG
utrecht	utrecht	utrecht	utrecht	N	
herschel	herschel	herschel	herschel	N	PROPN;NOM;SG
munro	munro	munro	munro		N;NOM;SG
endangered	uhanalaisten	endangered	uhan#alainen	V	ADJ;GEN;PL
norris	norris	norris	norris		N;NOM;SG
freiburg	freiburg	freiburg	freiburg	N	PROPN;NOM;SG
gekko	gekko	gekko	gekko	V	N;NOM;SG
nikita	nikita	nikita	nikita		N;NOM;SG
giacomo	giacomo	giacomo	giacomo	N	PROPN;NOM;SG
dudley	dudley	dudley	dudley		
pleasant	miellyttävää	pleasant	miellyttävä		ADJ;PRT;SG
pleasant	miellyttävä	pleasant	miellyttävä		ADJ;NOM;SG
davy	davy	davy	davy	N	PROPN;NOM;SG
tot	tot	tot	tuo	ADJ	INTJ
điếc	kuuro	điếc	kuuro	V	N;NOM;SG
xxi	xxi	xxi	xxi	NUM	ADJ
vincennes	vincennes	vincennes	vincennes		
simone	simone	simone	simoa		
bourg	bourg	bourg	bourg	N	INTJ
tanganyika	tanganjika	tanganyika	tangan#jika		N;NOM;SG
genji	genji	genji	genji		N;NOM;SG
hoét	samma	hoét	samma	N	INTJ
jericho	jericho	jericho	jericho	N	PROPN;NOM;SG
thatcher	thatcher	thatcher	thatcher	V	PROPN;NOM;SG
byron	byron	byron	byro		N;NOM;SG
faber	faber	faber	faber	N	PROPN;NOM;SG
ying	ying	ying	ying	N	PROPN;NOM;SG
toni	toni	toni	toni		PROPN;NOM;SG
raoul	raoul	raoul	raoul		N;NOM;SG
wiener	wiener	wiener	wiener		PROPN;NOM;SG
wiener	nakki	wiener	nakki		N;NOM;SG
clarence	clarence	clarence	clarence		PROPN;NOM;SG
pitbull	pitbull	pitbull	pitbull		N;NOM;SG
watt	watin	watt	watin		N;GEN;SG
watt	watts	watt	watts		N;NOM;SG
yoko	yoko	yoko	yoko		PROPN;NOM;SG
livingstone	livingstone	livingstone	livi#ngstone		N;NOM;SG
caracas	caracas	caracas	caracas	N	PROPN;NOM;SG
ned	ned	ned	ned	N	PROPN;NOM;SG
durand	durand	durand	durand		N;NOM;SG
judy	judy	judy	judya	N	PROPN;NOM;SG
higgins	higgins	higgins	higgins		N;NOM;SG
aya	aya	aya	aya		N;NOM;SG
meade	meade	meade	meade		N;NOM;SG
dorothy	dorothy	dorothy	dorothy		PROPN;NOM;SG
hartley	hartley	hartley	hartley		N;NOM;SG
epstein	epstein	epstein	epstein		N;NOM;SG
jobs	työpaikkoja	jobs	työ#paikka		N;PRT;PL
jobs	työt	jobs	työ		N;NOM;PL
jobs	työpaikat	jobs	työ#paikka		N;NOM;PL
atr	atr	atr	atr		N;NOM;SG
bonnie	bonnie	bonnie	bonnie	N	PROPN;NOM;SG
som	som	som	som	N	INTJ
gnome	gnome	gnome	gnome		N;NOM;SG
gnome	tonttu	gnome	tonttu		N;NOM;SG
terre	terre	terre	terre	N	
guild	guild	guild	guild	N	
novo	novo	novo	novo		N;NOM;SG
gloster	gloster	gloster	gloster		N;NOM;SG
vita	vita	vita	vita		
nantes	nantes	nantes	nantes	N	
stay	jää	stay	jäädä	N	V;IND;SG;3;PRS;FIN;ACT
stay	pysy	stay	pysyä	N	V;IMP;SG;2;FIN;ACT
worms	matoja	worms	mata		N;PRT;PL
worms	madot	worms	matto		N;NOM;PL
stefano	stefano	stefano	stefano	N	PROPN;NOM;SG
enrico	enrico	enrico	enrico	N	PROPN;NOM;SG
mei	mein	mei	minä	N	INTJ
nháy	salama	nháy	salama	V	N;NOM;SG
nháy	flash	nháy	flash	V	N;NOM;SG
église	église	église	église		
alfredo	alfredo	alfredo	alfredo	N	PROPN;NOM;SG
thun	thun	thun	thun	N	PROPN;NOM;SG
corbett	corbett	corbett	corbett		PROPN;NOM;SG
champ	mestari	champ	mestari		N;NOM;SG
perez	perez	perez	perez	N	PROPN;NOM;SG
rapunzel	tähkäpää	rapunzel	tähkä#pää	V	N;NOM;SG
gupta	gupta	gupta	gupta		N;NOM;SG
trọc	kalju	trọc	kalju	V	ADJ;NOM;SG
trọc	skinhead	trọc	skinhead	V	N;NOM;SG
als	als	als	als		INTJ
neal	neal	neal	neal		PROPN;NOM;SG
sạc	laturi	sạc	laturi	V	N;NOM;SG
sạc	lataus	sạc	lataus	V	N;NOM;SG
sạc	syyte	sạc	syyte	V	N;NOM;SG
fossil	fossiilisten	fossil	fossiilinen	NUM	ADJ;GEN;PL
bart	bart	bart	bart		N;NOM;SG
bourne	bourne	bourne	bourne	N	
esther	esther	esther	esther	N	
leroy	leroy	leroy	leroy		N;NOM;SG
lester	lester	lester	lester		N;NOM;SG
carson	carson	carson	carson	N	PROPN;NOM;SG
mitterrand	mitterrand	mitterrand	mitterrand		N;NOM;SG
doug	dougin	doug	doug		N;GEN;SG
doug	doug	doug	doug		PROPN;NOM;SG
henrik	henrik	henrik	henrik		N;NOM;SG
sicily	sisilialainen	sicily	sisilialainen	N	ADJ;NOM;SG
cream	voidetta	cream	voide		N;PRT;SG
cream	kerma	cream	kerma		N;NOM;SG
cream	kermaa	cream	kerma		N;PRT;SG
cream	kerman	cream	kerma		N;GEN;SG
grimm	grimm	grimm	grimm		PROPN;NOM;SG
antony	antonius	antony	antonius		N;NOM;SG
zack	zack	zack	zack		PROPN;NOM;SG
finn	suomalainen	finn	suomalainen		ADJ;NOM;SG
finn	finn	finn	finn		PROPN;NOM;SG
sioux	sioux	sioux	sioux		
aberdeen	aberdeen	aberdeen	aberde		PROPN;NOM;SG
sprague	sprague	sprague	sprague		N;NOM;SG
kladno	kladno	kladno	kladno		N;NOM;SG
deportivo	deportivo	deportivo	deportivo	N	
cyprus	cypress	cyprus	cypress	N	
electra	electra	electra	electra	N	
nervosa	nervosa	nervosa	nervosa		N;NOM;SG
trip	trip	trip	trip		
trip	reissu	trip	reissu		N;NOM;SG
trip	matkan	trip	matka		N;GEN;SG
trip	matka	trip	matka		N;NOM;SG
trip	tripp	trip	tripp		N;NOM;SG
morocco	marokko	morocco	marokko	N	PROPN;NOM;SG
morocco	marokossa	morocco	marokko	N	PROPN;IN+ESS;SG
garde	garde	garde	garde		
trois	trois	trois	trois	NUM	
tara	taran	tara	tara		N;GEN;SG
tara	tara	tara	tara		PROPN;NOM;SG
shia	shia	shia	shia	N	PROPN;NOM;SG
guthrie	guthrie	guthrie	guthrie		PROPN;NOM;SG
eclipse	eclipse	eclipse	eclipse	V	
tap	kilpailija	tap	kilpailija		N;NOM;SG
sts	sts	sts	sts		N;NOM;SG
brandon	brandon	brandon	brandon		N;NOM;SG
ozu	ozu	ozu	ozu		N;NOM;SG
hoover	hoover	hoover	hoover		N;NOM;SG
borgo	borgo	borgo	borgo	N	
rodney	rodney	rodney	rodney		N;NOM;SG
sida	aids	sida	aids		N;NOM;SG
sida	tuet	sida	tuki		N;NOM;PL
sida	aidsin	sida	aitsi		N;GEN;SG
sutton	sutton	sutton	sutton	N	
flynn	flynnin	flynn	flynn		N;GEN;SG
flynn	flynn	flynn	fly		N;NOM;SG
lover	rakastaja	lover	rakastaja		N;NOM;SG
lover	rakastajatar	lover	rakastajatar		N;NOM;SG
thera	thera	thera	thera		N;NOM;SG
tor	tor	tor	tor	V	PROPN;NOM;SG
tor	thorin	tor	thorin	V	N;GEN;SG
tor	thor	tor	thor	V	PROPN;NOM;SG
capo	capo	capo	capo	N	
blyth	blyth	blyth	blyth		PROPN;NOM;SG
hebrides	hebridien	hebrides	hebridi		N;GEN;PL
romanov	romanov	romanov	romanov		N;NOM;SG
salazar	salazar	salazar	salazar		N;NOM;SG
gmbh	gmbh	gmbh	gmbh		PROPN;NOM;SG
abrams	abrams	abrams	abrams	N	PROPN;NOM;SG
giles	giles	giles	giles		PROPN;NOM;SG
warwick	warwick	warwick	warwick	N	PROPN;NOM;SG
whole	koko	whole	koko		ADJ
whole	kokonaisena	whole	kokonainen		ADJ;FRML;SG
whole	kokonainen	whole	kokonainen		ADJ;NOM;SG
whole	kokonaiset	whole	kokonainen		ADJ;NOM;PL
aid	tuen	aid	tuki		N;GEN;SG
aid	tuet	aid	tuki		N;NOM;PL
aid	tuki	aid	tuki		N;NOM;SG
aid	apu	aid	apu		N;NOM;SG
râm	varjo	râm	varjo	ADJ	N;NOM;SG
râm	varjoa	râm	varjo	ADJ	N;PRT;SG
râm	sävy	râm	sävy	ADJ	N;NOM;SG
milwaukee	milwaukee	milwaukee	milwauke		PROPN;NOM;SG
noah	noah	noah	noih	N	PROPN;NOM;SG
lynx	ilves	lynx	ilves		N;NOM;SG
brook	brook	brook	brook	N	PROPN;NOM;SG
vhs	vhs	vhs	vhs		N;NOM;SG
troll	peikko	troll	peikko		N;NOM;SG
troll	peikot	troll	peikko		N;NOM;PL
peso	pesoa	peso	peso		N;PRT;SG
peso	peso	peso	peso		N;NOM;SG
perugia	perugia	perugia	perugi	NUM	N;NOM;SG
carvalho	carvalho	carvalho	carvalho	N	PROPN;NOM;SG
muon	haluu	muon	haluta		V;IMP;SG;2;FIN;ACT
shock	järkytys	shock	järkytys		N;NOM;SG
shock	shokki	shock	shokki		N;NOM;SG
bend	taivuttaa	bend	taivuttaa	N	V;IND;SG;PRS;FIN;ACT
caldwell	caldwell	caldwell	caldwell	N	PROPN;NOM;SG
fusion	fuusio	fusion	fuusio		N;NOM;SG
fusion	fuusion	fusion	fuusio		N;GEN;SG
fyodor	fjodor	fyodor	fjodor	N	PROPN;NOM;SG
kat	kat	kat	kat		N;NOM;SG
ger	ger	ger	ger		N;NOM;SG
tobias	tobias	tobias	tobias		N;NOM;SG
rivers	joet	rivers	joki		N;NOM;PL
rivers	jokia	rivers	joki		N;PRT;PL
rivers	jokien	rivers	joki		N;GEN;PL
rivers	rivers	rivers	rivers		PROPN;NOM;SG
kew	kew	kew	kew	N	PROPN;NOM;SG
isis	isis	isis	isis		N;NOM;SG
trek	trek	trek	trek	N	PROPN;NOM;SG
lowe	lowe	lowe	lowe		PROPN;NOM;SG
kissinger	kissinger	kissinger	kissinger		N;NOM;SG
dee	dee	dee	dee		PROPN;NOM;SG
xỉn	kännissä	xỉn	känni	ADJ	N;IN+ESS;SG
xỉn	humalassa	xỉn	humala	ADJ	N;IN+ESS;SG
bow	keula	bow	keula		N;NOM;SG
bow	kumartaa	bow	kumartaa		V;IND;SG;3;PRS;FIN;ACT
bow	jousi	bow	jousi		N;NOM;SG
vic	vic	vic	vic	N	PROPN;NOM;SG
nico	nico	nico	nico		PROPN;NOM;SG
fed	syötetty	fed	syöttää	N	V;NOM;SG;V.PTCP;PASS
antoinette	antoinette	antoinette	antaa		N;NOM;SG
pzl	pzl	pzl	pzl		N;NOM;SG
ramsay	ramsay	ramsay	ramsaa		N;NOM;SG
trevor	trevor	trevor	trevor		PROPN;NOM;SG
limburg	limburg	limburg	limburg	N	PROPN;NOM;SG
sherlock	sherlock	sherlock	sherlock		N;NOM;SG
briggs	briggs	briggs	briggs	N	PROPN;NOM;SG
julio	julio	julio	julio	N	
ricky	ricky	ricky	ricky	N	PROPN;NOM;SG
reader	lukija	reader	lukija		N;NOM;SG
harald	harald	harald	harald	N	PROPN;NOM;SG
domodedovo	domodedovo	domodedovo	domodedovo	V	N;NOM;SG
doo	doo	doo	doo	N	
tate	tate	tate	tate		PROPN;NOM;SG
rand	rand	rand	rand		N;NOM;SG
baird	baird	baird	baird		PROPN;NOM;SG
rubin	rubin	rubin	rub		N;NOM;SG
cana	cana	cana	cana		PROPN;NOM;SG
erebus	erebus	erebus	erebus		N;NOM;SG
rowling	rowling	rowling	rowling		N;NOM;SG
rapid	nopeaa	rapid	nopea		ADJ;PRT;SG
rapid	nopea	rapid	nopea		ADJ;NOM;SG
potosí	potosí	potosí	potosí		N;NOM;SG
clyde	clyde	clyde	clyde	N	PROPN;NOM;SG
campestris	campestris	campestris	campestris	V	N;NOM;SG
beverly	beverly	beverly	beverly		PROPN;NOM;SG
goodman	goodman	goodman	goodma	N	PROPN;NOM;SG
cowboy	cowboy	cowboy	cowboy		N;NOM;SG
samantha	samantha	samantha	samantha		PROPN;NOM;SG
samantha	samanthan	samantha	samantha		PRO;GEN;SG
analog	analoginen	analog	analoginen	N	ADJ;NOM;SG
kei	kei	kei	kei	N	PROPN;NOM;SG
takashi	takashi	takashi	takashi		PROPN;NOM;SG
kerry	kerry	kerry	kertyä		INTJ
muller	müller	muller	müller	N	PROPN;NOM;SG
muller	müller	muller	müller	N	PROPN;NOM;SG
ramón	ramón	ramón	ramón		PROPN;NOM;SG
ramón	ramon	ramón	ramo		N;NOM;SG
ramón	ramon	ramón	ramo		N;NOM;SG
horst	horst	horst	horst	N	PROPN;NOM;SG
chirac	chirac	chirac	chirac	N	PROPN;NOM;SG
mendelssohn	mendelssohn	mendelssohn	mendelssohn		N;NOM;SG
perseus	perseus	perseus	perseus		N;NOM;SG
ria	ria	ria	ria	NUM	N;NOM;SG
dodge	dodge	dodge	dodge	N	PROPN;NOM;SG
spike	spike	spike	spike	N	PROPN;NOM;SG
horizonte	horizonte	horizonte	horizonte	N	
aruba	aruba	aruba	aruba	N	
hawkins	hawkins	hawkins	hawkins		N;NOM;SG
burt	burt	burt	burt	N	PROPN;NOM;SG
monarch	monarch	monarch	monarch	N	
sala	sala	sala	sala	NUM	N;NOM;SG
olive	olive	olive	olla	N	PROPN;NOM;SG
soares	soares	soares	soari		N;NOM;SG
femme	femme	femme	femme	N	PROPN;NOM;SG
bowman	bowman	bowman	bowman		
kitts	kitts	kitts	kitts		PROPN;NOM;SG
magellan	magellan	magellan	magella		N;NOM;SG
calgary	calgary	calgary	calgary	N	PROPN;NOM;SG
jena	jena	jena	jena	N	PROPN;NOM;SG
gol	gol	gol	gol	N	
tetra	tetra	tetra	tetra		N;NOM;SG
juno	juno	juno	juno	N	
sumner	sumner	sumner	sumner		
bock	bock	bock	bock		PROPN;NOM;SG
haydn	haydn	haydn	hayttaa	N	PROPN;NOM;SG
malik	malik	malik	malik		PROPN;NOM;SG
escape	pakene	escape	paeta		N;NOM;PL
escape	pako	escape	pako		N;NOM;SG
escape	paeta	escape	paeta		V;SG;NFIN;ACT
salon	salon	salon	salo		N;GEN;SG
lama	lama	lama	lama		N;NOM;SG
oswald	oswald	oswald	oswald		N;NOM;SG
oswald	oswaldin	oswald	oswald		N;GEN;SG
mara	mara	mara	mara	N	INTJ
mika	mika	mika	mika	N	PROPN;NOM;SG
lia	lia	lia	limi		N;NOM;SG
maggie	maggie	maggie	maggie	N	PROPN;NOM;SG
jürgen	jürgen	jürgen	jürki	N	PROPN;NOM;SG
visa	viisumin	visa	viisumin	V	N;GEN;SG
visa	visa	visa	visa	V	N;NOM;SG
visa	viisumi	visa	viisumi	V	N;NOM;SG
visa	viisumia	visa	viisumi	V	N;PRT;SG
francois	francois	francois	francois	N	PROPN;NOM;SG
francois	françois	francois	françois	N	PROPN;NOM;SG
francois	françois	francois	françois	N	PROPN;NOM;SG
button	painike	button	painike		N;NOM;SG
button	painiketta	button	painike		N;PRT;SG
button	nappi	button	nappi		N;NOM;SG
duc	duc	duc	duc	N	PROPN;NOM;SG
köhler	köhler	köhler	köhler	N	PROPN;NOM;SG
gerd	gerd	gerd	gerd		PROPN;NOM;SG
pygmaeus	pygmaeus	pygmaeus	pygmaeus	V	N;NOM;SG
merino	merino	merino	merino		N;NOM;SG
clarkson	clarkson	clarkson	clarkso	N	PROPN;NOM;SG
manfred	manfred	manfred	manfred	N	PROPN;NOM;SG
amman	amman	amman	amma	N	INTJ
nazi	fasisti	nazi	fasisti		N;NOM;SG
nazi	natsi	nazi	natsi		N;NOM;SG
spartan	spartan	spartan	sparta		N;GEN;SG
mohr	mohr	mohr	mohr		PROPN;NOM;SG
jiménez	jiménez	jiménez	jiménez		PROPN;NOM;SG
khabarovsk	habarovsk	khabarovsk	habarovsk	N	PROPN;NOM;SG
creed	creed	creed	creed		
atra	atra	atra	atra		N;NOM;SG
technologies	teknologioiden	technologies	teknologia		N;GEN;PL
technologies	teknologiat	technologies	teknologia		N;NOM;PL
technologies	tekniikat	technologies	tekniikka		N;NOM;PL
lag	lag	lag	lag	N	
malfoy	malfoy	malfoy	malfoy		N;NOM;SG
trail	polkua	trail	polku		N;PRT;SG
bosco	bosco	bosco	bosco	N	PROPN;NOM;SG
shore	shore	shore	shore		
shore	rantaan	shore	ranta		N;IN+ALL;SG
shore	ranta	shore	ranta		N;NOM;SG
zahn	zahn	zahn	zahn		PROPN;NOM;SG
billie	billie	billie	billi		PROPN;NOM;SG
umbrella	sateenvarjo	umbrella	sateen#varjo		N;NOM;SG
oskar	oskar	oskar	oskar		N;NOM;SG
macon	macon	macon	maco	N	
aziz	aziz	aziz	aziz	N	PROPN;NOM;SG
cramer	cramer	cramer	cramer		N;NOM;SG
rostock	rostock	rostock	rostock	NUM	PROPN;NOM;SG
marin	marin	marin	mari	NUM	N;NOM;SG
nazareth	nazareth	nazareth	nazareth	N	
plana	plana	plana	plana		INTJ
keller	keller	keller	keller		N;NOM;SG
boyle	boyle	boyle	boyle		PROPN;NOM;SG
spot	pilkku	spot	pilkku		N;NOM;SG
spot	paikka	spot	paikka		N;NOM;SG
spot	spot	spot	spot		N;NOM;SG
dar	dar	dar	dar	N	PROPN;NOM;SG
matter	mats	matter	mats		PROPN;NOM;SG
matter	matot	matter	matto		N;NOM;PL
rocca	rocca	rocca	rocca	N	PROPN;NOM;SG
martial	martial	martial	martial		N;NOM;SG
schumann	schumann	schumann	schumann		N;NOM;SG
kyu	kyu	kyu	kyu		N;NOM;SG
vidal	vidal	vidal	vidal		PROPN;NOM;SG
jaya	jaya	jaya	jaya	N	
tar	terva	tar	terva		N;NOM;SG
roux	roux	roux	roux		N;NOM;SG
braunschweig	braunschweig	braunschweig	braunschweig	N	PROPN;NOM;SG
tribune	tribuuni	tribune	tribu		N;NOM;SG
uppsala	uppsala	uppsala	uppsala	N	
elias	elias	elias	elias		N;NOM;SG
angus	angus	angus	angus	N	
cas	cass	cas	cass	N	PROPN;NOM;SG
vfl	vfl	vfl	vfl		PROPN;NOM;SG
idf	idf	idf	idf		N;NOM;SG
chevalier	chevalier	chevalier	chevalier		PROPN;NOM;SG
merriam	merriam	merriam	merriam		N;NOM;SG
jansen	jansen	jansen	jansen	N	PROPN;NOM;SG
schubert	schubert	schubert	schubert	N	PROPN;NOM;SG
gorham	gorham	gorham	gorham		N;NOM;SG
ishikawa	ishikawa	ishikawa	ishi#kawa		N;NOM;SG
frozen	jäädytetty	frozen	jäädyttää	N	V;NOM;SG;V.PTCP;PASS
frozen	jäätynyt	frozen	jäätyä	N	V;NOM;SG;V.PTCP;ACT
frozen	jäädytetyt	frozen	jäädyttää	N	V;NOM;PL;V.PTCP;PASS
huron	huron	huron	huro		
wadi	wadi	wadi	wadi	N	PROPN;NOM;SG
cunningham	cunningham	cunningham	cunningham		N;NOM;SG
dyer	dyer	dyer	dyer		
shawn	shawn	shawn	shawn		PROPN;NOM;SG
josephine	josephine	josephine	josephinen		N;NOM;SG
aubin	aubin	aubin	aubi		
vitebsk	vitebskin	vitebsk	vitebski	N	PROPN;GEN;SG
atlantis	atlantis	atlantis	atlantis		N;NOM;SG
atlantis	atlantiksen	atlantis	atlantis		N;GEN;SG
dewey	dewey	dewey	dewey		PROPN;NOM;SG
madman	mielipuoli	madman	mieli#puoli		N;NOM;SG
margarita	margarita	margarita	margari		N;NOM;SG
soto	soto	soto	soto	N	
charter	peruskirja	charter	perus#kirja		N;NOM;SG
charter	peruskirjan	charter	perus#kirja		N;GEN;SG
oliveira	oliveira	oliveira	olla		PROPN;NOM;SG
neustadt	neustadt	neustadt	neusta	N	
geoff	geoff	geoff	geoff	N	PROPN;NOM;SG
pamplona	pamplona	pamplona	pamplo	NUM	N;NOM;SG
kyiv	kiova	kyiv	kiova		PROPN;NOM;SG
bark	haukkua	bark	haukku		V;SG;NFIN;ACT
bark	hauku	bark	hauku		V;IMP;SG;2;FIN;ACT
mack	make	mack	make	N	
mack	mack	mack	mack	N	PROPN;NOM;SG
potomac	potomac	potomac	potomac	N	
clem	clem	clem	clem		N;NOM;SG
garten	garten	garten	garten		PROPN;NOM;SG
murcia	murcia	murcia	murci	NUM	
georgetown	georgetown	georgetown	georgetown	ADJ	PROPN;NOM;SG
mcgraw	mcgraw	mcgraw	mcgraw		PROPN;NOM;SG
falco	falco	falco	falco		N;NOM;SG
pedersen	pedersen	pedersen	pedersi	N	PROPN;NOM;SG
gettysburg	gettysburgin	gettysburg	gettysburg	V	PROPN;GEN;SG
dal	dal	dal	dal		INTJ
amd	amd	amd	amd	N	PROPN;NOM;SG
buren	buren	buren	bure		N;NOM;SG
vida	vida	vida	vida		
giulia	giulia	giulia	giulia		N;NOM;SG
nora	nora	nora	nora		N;NOM;SG
marais	marais	marais	marais	N	
spice	spice	spice	spice		
octopus	mustekala	octopus	muste#kala		N;NOM;SG
severin	severin	severin	severi	N	V;IND;SG;1;PRS;FIN;ACT
khít	pakata	khít	pakata	ADJ	V;SG;NFIN;ACT
khít	pakkaaminen	khít	pakkaaminen	ADJ	N;NOM;SG
kreis	kreis	kreis	kreis		N;NOM;SG
sink	sinkki	sink	sinkki		N;NOM;SG
yamashita	yamashita	yamashita	yama#shita		N;NOM;SG
saskatchewan	saskatchewan	saskatchewan	saskatchewa		PROPN;NOM;SG
bullock	bullock	bullock	bullock	N	PROPN;NOM;SG
bert	bert	bert	bert	N	PROPN;NOM;SG
makarov	makarov	makarov	makarov		N;NOM;SG
westinghouse	westinghouse	westinghouse	westinghouse	V	N;NOM;SG
harmony	harmony	harmony	harmoa		N;NOM;SG
diaz	diaz	diaz	diaz	N	PROPN;NOM;SG
vầng	golden	vầng	golden	N	
vầng	kultaiset	vầng	kultainen	N	ADJ;NOM;PL
vầng	kultainen	vầng	kultainen	N	ADJ;NOM;SG
gui	gui	gui	gui		N;NOM;SG
gui	käyttöliittymä	gui	käyttö#liittymä		N;NOM;SG
progressive	asteittain	progressive	asteittain	N	ADV
progressive	asteittainen	progressive	asteittainen	N	ADJ;NOM;SG
davidson	davidson	davidson	davidso	N	PROPN;NOM;SG
chernobyl	tšernobylin	chernobyl	tšernobyli	V	N;GEN;SG
gaya	gaya	gaya	gaya		
olsen	olsen	olsen	olsen		N;NOM;SG
fairfield	fairfield	fairfield	fairfield	N	
fairchild	fairchild	fairchild	fairchild		N;NOM;SG
consolidated	vakiintunut	consolidated	vakiintua	N	V;NOM;SG;V.PTCP;ACT
boyer	boyer	boyer	boyer		N;NOM;SG
găm	tikari	găm	tikari	V	N;NOM;SG
ava	ava	ava	ava		N;NOM;SG
riyadh	riadissa	riyadh	riati		N;IN+ESS;SG
booth	booth	booth	booth		PROPN;NOM;SG
cristina	cristina	cristina	cristina		N;NOM;SG
gerrard	gerrard	gerrard	gerrard	N	
vasco	vasco	vasco	vasco	N	PROPN;NOM;SG
mandalay	mandalay	mandalay	mandala	N	
mahmoud	mahmoud	mahmoud	mahmous	N	PROPN;NOM;SG
pia	pia	pia	pia	N	PROPN;NOM;SG
steam	höyryä	steam	höyry		N;PRT;SG
thaksin	thaksin	thaksin	thaksi	V	N;GEN;SG
huntington	huntington	huntington	huntington		N;GEN;SG
styles	styles	styles	styles		
boyd	boyd	boyd	boyd		PROPN;NOM;SG
vin	vin	vin	vin	V	INTJ
dmt	dmt	dmt	dmt		N;NOM;SG
chorus	kuoro	chorus	kuoro		N;NOM;SG
lone	lone	lone	lone		N;NOM;SG
paso	paso	paso	paso	N	PROPN;NOM;SG
dolly	dolly	dolly	dolly		N;NOM;SG
paxton	paxton	paxton	pahto		N;NOM;SG
kramer	kramer	kramer	kramer		PROPN;NOM;SG
rae	rae	rae	rae		N;NOM;SG
genesis	genesis	genesis	genesis		
frosinone	frosinone	frosinone	frosinot	NUM	N;NOM;SG
mir	mir	mir	mir		PROPN;NOM;SG
gabrielle	gabrielle	gabrielle	gabrie		N;AT+ALL;SG
zale	zale	zale	zale		N;NOM;SG
fernandez	fernandez	fernandez	fernandez		N;NOM;SG
gustaf	gustaf	gustaf	gustaf		N;NOM;SG
peterson	peterson	peterson	peterson		N;NOM;SG
garrett	garrett	garrett	garrett		N;NOM;SG
reuters	reuters	reuters	reuters		N;NOM;SG
nilsson	nilsson	nilsson	nilssoan		N;NOM;SG
aix	aix	aix	aix		INTJ
gpl	gpl	gpl	gpl		N;NOM;SG
josep	josep	josep	josep	N	PROPN;NOM;SG
abruzzo	abruzzo	abruzzo	abruzzo		PROPN;NOM;SG
clifford	clifford	clifford	clifford	N	PROPN;NOM;SG
worlds	maailmojen	worlds	maailma		N;GEN;PL
worlds	maailmoja	worlds	maailma		N;PRT;PL
providence	providence	providence	providence		
clare	clare	clare	clare	N	
ploceus	weaver	ploceus	weaver	N	PROPN;NOM;SG
carlton	carlton	carlton	carlton	N	
malmö	malmön	malmö	malmo	NUM	N;GEN;SG
sampson	sampson	sampson	sampso		N;NOM;SG
daniels	daniels	daniels	daniels		N;NOM;SG
vitis	vitis	vitis	vitis		N;NOM;SG
sha	sha	sha	sha	N	PROPN;NOM;SG
brady	brady	brady	brady	N	PROPN;NOM;SG
identity	identiteetin	identity	identiteetti		N;GEN;SG
identity	identiteetti	identity	identiteetti		N;NOM;SG
identity	henkilöllisyys	identity	henkilöllisyys		N;NOM;SG
launch	laukaisu	launch	laukaisu		N;NOM;SG
launch	käynnistää	launch	käynnistää		V;IND;SG;3;PRS;FIN;ACT
launch	käynnistä	launch	käynti		N;IN+ABL;SG
telescope	teleskooppi	telescope	teles#kooppi	V	N;NOM;SG
rodgers	rodgers	rodgers	rodgers		PROPN;NOM;SG
dolphin	delfiini	dolphin	delfiini		N;NOM;SG
pavlov	pavlov	pavlov	pavlov		N;NOM;SG
moritz	moritz	moritz	moritz	N	PROPN;NOM;SG
buena	buena	buena	buena		
squad	joukkue	squad	joukkue		N;NOM;SG
squad	ryhmä	squad	ryhmä		N;NOM;SG
baikal	baikal	baikal	baikal		N;NOM;SG
liszt	liszt	liszt	liszt	N	PROPN;NOM;SG
oro	oro	oro	oro		
steiner	steiner	steiner	steiner	V	N;NOM;SG
mackenzie	mackenzie	mackenzie	mackenzie	V	PROPN;NOM;SG
regan	regan	regan	rega	V	N;NOM;SG
ipod	ipod	ipod	ipod	N	PROPN;NOM;SG
packard	packard	packard	packard		N;NOM;SG
sedgwick	sedgwick	sedgwick	sedgwick		PROPN;NOM;SG
flavius	flavius	flavius	flavius	N	PROPN;NOM;SG
tampa	tampa	tampa	tampa	N	PROPN;NOM;SG
siegfried	siegfried	siegfried	siegfried		N;NOM;SG
vat	alv	vat	alv		N;NOM;SG
vat	arvonlisävero	vat	arvon#lisä#vero		N;NOM;SG
vat	kostea	vat	kostea		ADJ;NOM;SG
vat	märkää	vat	märkä		ADJ;PRT;SG
vat	märät	vat	märkä		ADJ;NOM;PL
vat	märkä	vat	märkä		ADJ;NOM;SG
liberec	liberec	liberec	liberec	NUM	N;NOM;SG
mateo	matteo	mateo	matteo		PROPN;NOM;SG
mateo	mateo	mateo	mateo		PROPN;NOM;SG
turdus	samma	turdus	samma	N	INTJ
niño	niño	niño	niño		N;NOM;SG
astoria	astoria	astoria	astori		N;NOM;SG
richie	riku	richie	riku	N	PROPN;NOM;SG
richie	richie	richie	richie	N	PROPN;NOM;SG
satan	saatana	satan	saatana	N	INTJ
satan	saatanan	satan	saada	N	V;IND;SG;1;PRS;FIN;ACT
arch	arch	arch	arch	N	PROPN;NOM;SG
lübeck	lübeck	lübeck	lübeck	N	PROPN;NOM;SG
liam	liam	liam	liam	N	PROPN;NOM;SG
sylvester	sylvester	sylvester	sylvester		N;NOM;SG
braga	braga	braga	braga	N	
horace	horace	horace	horace		N;NOM;SG
plutarch	plutarkhos	plutarch	plutarkhos		N;NOM;SG
hilary	hillary	hilary	hillary		N;NOM;SG
hilary	hilary	hilary	hilary		
mel	mel	mel	mellä		PROPN;NOM;SG
nest	pesää	nest	pesä		N;PRT;SG
nest	pesä	nest	pesä		N;NOM;SG
dress	puvun	dress	puku		N;GEN;SG
dress	puku	dress	puku		N;NOM;SG
guevara	guevara	guevara	guevara		N;NOM;SG
laval	laval	laval	lava		PROPN;NOM;SG
drosera	drosera	drosera	drosera		N;NOM;SG
pinto	pinto	pinto	pinto		N;NOM;SG
tagalog	tagalog	tagalog	tagalog		N;NOM;SG
conquest	valloittaa	conquest	valloittaa		V;IND;SG;3;PRS;FIN;ACT
conquest	valloitus	conquest	valloitus		N;NOM;SG
claus	claus	claus	claus	N	PROPN;NOM;SG
universidad	universidad	universidad	universidad		PROPN;NOM;SG
beatrice	beatrice	beatrice	beatrice		N;NOM;SG
daisy	daisyn	daisy	daisy		N;GEN;SG
daisy	daisy	daisy	daisy		
katie	katie	katie	katie		PROPN;NOM;SG
navarra	navarra	navarra	navarta		N;NOM;SG
quậy	pilkata	quậy	pilkata	N	V;SG;NFIN;ACT
osborne	osborne	osborne	osborne		N;NOM;SG
entre	entre	entre	entre	N	
proxima	proxima	proxima	proxima		N;NOM;SG
matthias	matthias	matthias	matthias	N	PROPN;NOM;SG
reese	reese	reese	reese		PROPN;NOM;SG
natasha	natasha	natasha	natasha		
boer	boer	boer	boer	N	PROPN;NOM;SG
molly	moll	molly	moll		N;NOM;SG
molly	mollyn	molly	molly		N;GEN;SG
molly	molly	molly	molly		
bieber	bieber	bieber	bieber	N	PROPN;NOM;SG
wen	wen	wen	wen		PROPN;NOM;SG
sassari	sardinian	sassari	sardinia	NUM	N;GEN;SG
soprano	soprano	soprano	soprano		
vát	päät	vát	pää	V	N;NOM;PL
vát	kruuna	vát	kruuna	V	N;NOM;SG
vát	päitä	vát	pää	V	N;PRT;PL
yao	yao	yao	yao	N	
crash	kolari	crash	kolari		N;NOM;SG
gaz	gaz	gaz	gaz	N	INTJ
handley	handley	handley	handleys		N;NOM;SG
hanna	hanna	hanna	hanna		N;NOM;SG
challenger	haastaja	challenger	haastaja		N;NOM;SG
zheng	zheng	zheng	zheng	N	PROPN;NOM;SG
kanye	kanye	kanye	kansye	N	PROPN;NOM;SG
balboa	balboa	balboa	balbo		N;NOM;SG
stirling	stirling	stirling	stirling		N;NOM;SG
duffy	duffy	duffy	duffy		PROPN;NOM;SG
ula	ula	ula	ula		N;NOM;SG
terrier	terrieri	terrier	terrieri		N;NOM;SG
esa	esa	esa	esa	N	PROPN;NOM;SG
austerlitz	austerlitz	austerlitz	austerlitz		N;NOM;PL
seasons	kaudet	seasons	kausi		N;NOM;PL
proctor	proctor	proctor	proctor		N;NOM;SG
karabakh	karabahin	karabakh	karabahti		N;GEN;SG
patel	patel	patel	patel	N	PROPN;NOM;SG
neymar	neymar	neymar	neymar	N	PROPN;NOM;SG
markov	markov	markov	markov	N	PROPN;NOM;SG
freud	freud	freud	freud	N	PROPN;NOM;SG
emilio	emilio	emilio	emilio	NUM	N;NOM;SG
demi	demi	demi	demi	N	INTJ
mayo	mayo	mayo	mayo		N;NOM;SG
crimson	crimson	crimson	crimson		
sargent	sargent	sargent	sargent		N;NOM;SG
tatarstan	tatarstan	tatarstan	tatarsta		N;GEN;SG
vip	vip	vip	vip	V	N;NOM;SG
locke	locke	locke	locke		PROPN;NOM;SG
teenage	teini	teenage	tehdä		N;NOM;SG
garland	garland	garland	garland	N	
maple	maple	maple	maple		PROPN;NOM;SG
tau	tau	tau	tau	N	PROPN;NOM;SG
