tito	tito	tito	tito		N;INDF;MASC+FEM;SG
lille	lille	lille	lille	N	ADJ;SG
splendens	etagemos	splendens	etagemos	N	
herrera	herrera	herrera	herrera		
fairy	feen	fairy	feen		N;INDF;MASC+FEM;SG
fairy	fe	fairy	fe		PROPN
vahl	vahl	vahl	vahl		N;INDF;MASC+FEM;SG
wembley	wembley	wembley	wembley	N	
wwf	wwf	wwf	wwf	N	PROPN
berger	berger	berger	berger		N;INDF;MASC+FEM;SG
vulgaris	vulgaris	vulgaris	vulgaris	N	ADJ;INDF;MASC+FEM;SG
bali	balinesisk	bali	balinesisk	N	ADJ;INDF;SG
malay	malajisk	malay	malajisk	N	ADJ;INDF;SG
burke	burke	burke	burke		
habana	habana	habana	habana	N	
baldwin	baldwin	baldwin	baldwin	N	
gomez	gomez	gomez	gomez	N	
mills	mills	mills	mills		
mills	møller	mills	mølle		N;INDF;MASC+FEM;SG
vogel	vogel	vogel	vogel	N	
exo	exo	exo	exo	N	
aquila	aquila	aquila	aquila	N	
riley	riley	riley	riley		
apache	apache	apache	apache	N	
swaziland	swaziland	swaziland	swaziland	N	
ngất	besvimet	ngất	besvime	V	N;DEF;NEUT;SG
thymus	thymus	thymus	thymus	N	
kirk	kirk	kirk	kirk		
bissau	bissau	bissau	bissau		
cfg	cfg	cfg	cfg		
humboldt	humboldt	humboldt	humbolde		N;INDF;MASC+FEM;SG
cincinnati	cincinnati	cincinnati	cincinnati	N	
stein	stein	stein	stein		N;INDF;MASC+FEM;SG
jalisco	jalisco	jalisco	jalisco	N	
ada	adda	ada	adda		
ada	ada	ada	ada		
wade	wade	wade	wade	N	
strong	kraftigt	strong	kraftigt		ADV
strong	stærke	strong	stærk		ADJ;PL
strong	kraftig	strong	kraftig		ADJ;INDF;MASC+FEM;SG
strong	stærkt	strong	stærkt		ADV
strong	strong	strong	strong		
strong	stærk	strong	stærk		ADJ;INDF;MASC+FEM;SG
wto	wto	wto	wto		
gould	gould	gould	gould		
morales	morales	morales	morale		PROPN;GEN
campos	campos	campos	campos	N	
kohl	kohl	kohl	kohl	N	
gardens	haver	gardens	have		N;INDF;MASC+FEM;PL
gardens	gardens	gardens	gard		N;GEN;DEF;MASC+FEM;SG
quincy	quincy	quincy	quincy	N	
shizuoka	shizuoka	shizuoka	shizuoka		
paz	paz	paz	paz		
dante	dante	dante	dante		N;INDF;MASC+FEM;SG
gérard	gérard	gérard	gérard		
fury	fury	fury	fury	N	
savage	savage	savage	savage		
savage	vild	savage	vild		ADJ;INDF;MASC+FEM;SG
maculatus	maculatus	maculatus	maculatus	N	
hogwarts	hogwarts	hogwarts	hogwarts	V	N;INDF;MASC+FEM;SG
oahu	oahu	oahu	oahu	N	
moy	moy	moy	moy		
gil	gil	gil	gil	N	
cabo	cabo	cabo	cabo	N	
rolls	ruller	rolls	rulle		V;IND;PRS;FIN;ACT
rolls	rolls	rolls	rolls		
lviv	lviv	lviv	lviv	NUM	
kota	kota	kota	kota	N	
ekman	ekman	ekman	ekman		
log	log	log	log	N	V;IMP
parms	parms	parms	parm		
springer	springer	springer	springe	N	V;IND;PRS;FIN;ACT
barnard	barnard	barnard	barnard	N	
sabre	sabre	sabre	saber	N	
tricolor	tricolor	tricolor	tricolor		
schulz	schultz	schulz	schultz		N;INDF;NEUT;SG
schulz	schulz	schulz	schulz		
bari	bari	bari	bari		
versicolor	versicolor	versicolor	versicolor	ADJ	N;INDF;MASC+FEM;SG
sturm	sturm	sturm	sturm		N;INDF;MASC+FEM;SG
nathan	nathan	nathan	nathan	N	
turk	turk	turk	turk		
turk	tyrker	turk	tyrke		N;INDF;MASC+FEM;SG
patricia	patricia	patricia	patricia		
eduard	eduard	eduard	eduard		
enrique	enrique	enrique	enrique		
strike	strike	strike	strike	N	
ranger	ranger	ranger	range		N;INDF;MASC+FEM;PL
yard	værftet	yard	værfte		N;DEF;NEUT;SG
yard	yard	yard	yard		
yard	værft	yard	værft		N;INDF;NEUT;SG
bucharest	bukarest	bucharest	bukarest	N	ADJ;RL
int	int	int	int	N	
shelby	shelby	shelby	shelby		
lufthansa	lufthansa	lufthansa	lufthansa	N	
taken	indtaget	taken	indtage		V;INDF;SG;PST;V.PTCP
taken	udtaget	taken	udtage		V;INDF;SG;PST;V.PTCP
taken	taget	taken	tage		V;INDF;SG;PST;V.PTCP
rufus	rufus	rufus	rufus		N;INDF;MASC+FEM;SG
connor	connor	connor	connor	N	
hon	dear	hon	dear		
hon	kære	hon	kære		ADJ;DEF;SG
ôliu	olive	ôliu	olive	N	
ôliu	oliven	ôliu	oliv	N	
ôliu	oliven	ôliu	oliv	N	
nola	nola	nola	nola	N	
liechtenstein	liechtenstein	liechtenstein	liechtenstein		N;INDF;MASC+FEM;SG
shakira	shakira	shakira	shakira	N	
benoit	benoit	benoit	benoit	N	
rabaul	rabaul	rabaul	rabaul		N;INDF;MASC+FEM;SG
richland	richland	richland	richland	N	
cromwell	cromwell	cromwell	cromwell	N	
plain	plain	plain	plain		
rán	steger	rán	stege	N	V;IND;PRS;FIN;ACT
rán	stege	rán	stege	N	V;NFIN;ACT
rán	fry	rán	fry	N	
rán	stege	rán	stege	N	V;NFIN;ACT
hae	hae	hae	hae	N	
capparis	capparis	capparis	capparis		
tonga	tonga	tonga	tonga	N	
territoire	territoire	territoire	territoire	N	
pass	se	pass	se	N	V;NFIN;ACT
pass	passere	pass	passere	N	V;NFIN;ACT
pass	bestået	pass	bestå	N	V;INDF;SG;PST;V.PTCP
baja	baja	baja	baja	N	
dam	dam	dam	dam	N	
yeltsin	jeltsin	yeltsin	jeltsin		
lori	lori	lori	lori		
canyon	canyon	canyon	canyon	N	
oeste	oeste	oeste	oegtt		
eremophila	eremophila	eremophila	eremophila	V	
dominique	dominique	dominique	dominiou		N;INDF;MASC+FEM;SG
garnier	garnier	garnier	garni		N;INDF;MASC+FEM;SG
ultimate	ultimative	ultimate	ultimativ		ADJ;PL
dieu	dieu	dieu	dieu	N	
gleason	gleason	gleason	gleason		
crimean	krim	crimean	krim		PROPN
crimean	krim	crimean	krim		PROPN
quentin	quentin	quentin	quentin		N;INDF;MASC+FEM;SG
uta	uta	uta	uta		
prodcode	prodcode	prodcode	prodcode	N	
reeder	reeder	reeder	reeder	ADJ	N;INDF;MASC+FEM;SG
hokkaido	hokkaido	hokkaido	hokkaido		
tales	tales	tales	tale		V;IND;PRS;FIN;PASS
tales	fortællinger	tales	fortælling		N;INDF;MASC+FEM;PL
rennes	rennes	rennes	renne	NUM	N;INDF;MASC+FEM;PL
castellón	castellón	castellón	castellón	N	
javier	javier	javier	javie	N	
sharon	sharon	sharon	sharon		
sharon	sharons	sharon	sharons		N;GEN;INDF;MASC+FEM;SG
rosario	rosario	rosario	rosario		N;INDF;MASC+FEM;SG
suite	suite	suite	suite		N;INDF;MASC+FEM;SG
suite	suiten	suite	suiten		N;DEF;MASC+FEM;SG
rollins	rollins	rollins	rollins	N	
rollins	rawlins	rollins	rawlins	N	
clair	clair	clair	clair		
woodson	woodson	woodson	woodson		
sevastopol	sevastopol	sevastopol	sevastopol	N	PROPN
mirror	spejl	mirror	spejl		N;INDF;NEUT;SG
macrophylla	macrophylla	macrophylla	macrophylla	V	
potentilla	potentilla	potentilla	potentilla	V	ADJ;INDF;MASC+FEM;SG
lesotho	lesotho	lesotho	lesotho	N	
aristotle	aristoteles	aristotle	aristotele		N;INDF;MASC+FEM;SG
xxx	xxx	xxx	xxx		
arcade	arcade	arcade	arcade	N	
ústí	ústí	ústí	ústí	NUM	
kolkata	kolkata	kolkata	kolkata	N	
reef	revet	reef	rive	N	V;INDF;SG;PST;V.PTCP
reef	rev	reef	rive	N	V;IND;PST;FIN;ACT
boong	dækket	boong	dække	N	V;INDF;SG;PST;V.PTCP
spectabilis	spectabilis	spectabilis	spectabilis		
pratt	pratt	pratt	pratt	N	
andalusia	andalusien	andalusia	andalusie	N	PROPN
kawasaki	kawasaki	kawasaki	kawasaki	N	
malcolm	malcolm	malcolm	malcolm		
joker	joker	joker	joke		N;INDF;MASC+FEM;SG
joker	jokeren	joker	joker		N;DEF;MASC+FEM;SG
yves	yves	yves	yve		
winchester	winchester	winchester	winchester		N;INDF;MASC+FEM;SG
cnn	cnn	cnn	cnn	N	
guillaume	guillaume	guillaume	guillaum	N	
cúi	buk	cúi	buk	V	ADJ;INDF;MASC+FEM;SG
juss	juss	juss	juss		
thây	zombierne	thây	zombier		N;DEF;MASC+FEM;PL
thây	zombier	thây	zombier		N;INDF;MASC+FEM;PL
trifolium	trifolium	trifolium	trifolium		
nhấp	klikket	nhấp	klikke	V	N;DEF;NEUT;SG
fallax	fallax	fallax	fallax		
chronicle	chronicle	chronicle	chronicle		N;INDF;MASC+FEM;SG
pumila	pumila	pumila	pumila		
birdlife	birdlife	birdlife	birdlife	N	
turku	turku	turku	turku	NUM	
bradford	bradford	bradford	bradford		
seki	seki	seki	seki	N	
ein	ein	ein	ein	N	
messina	messina	messina	messina	N	
sếu	crane	sếu	crane	N	
mandela	mandela	mandela	mandela	N	
kanagawa	kanagawa	kanagawa	kanagawa		
asm	asm	asm	asm	N	
xiếc	circus	xiếc	circus	N	
dae	dae	dae	dae	N	
altlink	altlink	altlink	altlink		
belfast	belfast	belfast	belfast	N	
linn	linn	linn	linn	N	
joy	joy	joy	joy	N	
hare	hare	hare	hare		N;INDF;MASC+FEM;SG
nba	nba	nba	nba	N	
tristis	tristis	tristis	tristis		
plata	plata	plata	plata	N	
trafford	trafford	trafford	trafford	N	PROPN
sum	sum	sum	sum		N;INDF;MASC+FEM;SG
sum	summen	sum	sum		N;DEF;MASC+FEM;SG
swiss	schweiz	swiss	schweiz	N	
swiss	schweizisk	swiss	schweizisk	N	ADJ;INDF;SG
swiss	schweiziske	swiss	schweizisk	N	ADJ;PL
aconitum	aconitum	aconitum	aconitum		
chin	chin	chin	chin	N	
clemson	clemson	clemson	clemson	N	
himmler	himmler	himmler	himmel		N;INDF;MASC+FEM;SG
ahn	ivanov	ahn	ivanov	N	
ahn	ahn	ahn	ahn	N	
valenciennes	valenciennes	valenciennes	valencienne	N	
khoe	viser	khoe	vise	N	V;IND;PRS;FIN;ACT
düsseldorf	düsseldorf	düsseldorf	düsseldorf	NUM	N;INDF;MASC+FEM;SG
düsseldorf	düsseldorf	düsseldorf	düsseldorf	NUM	N;INDF;MASC+FEM;SG
maha	maha	maha	maha	N	
lives	liv	lives	liv		N;INDF;NEUT;SG
tyson	tyson	tyson	tyson	N	
sonic	sonic	sonic	sonic	N	
agm	agm	agm	agm		
cecil	cecil	cecil	cecil		N;INDF;MASC+FEM;SG
larvae	larver	larvae	larve	ADJ	N;INDF;MASC+FEM;PL
besançon	besançon	besançon	besançon		N;INDF;MASC+FEM;SG
takeda	takeda	takeda	takeda		
adventures	oplevelser	adventures	oplevelse		N;INDF;MASC+FEM;PL
adventures	eventyr	adventures	eventyr		N;INDF;NEUT;SG
ubuntu	ubuntu	ubuntu	ubuntu	N	
kagoshima	kagoshima	kagoshima	kagoshima		
tallinn	tallinn	tallinn	tallinn	N	
vito	vito	vito	vito		
peruviana	peruviana	peruviana	peruviana		
varese	varese	varese	varese	NUM	
sparrow	sparrow	sparrow	sparrow	N	
origins	oprindelse	origins	oprindelse		N;INDF;MASC+FEM;SG
banh	ball	banh	ball	N	
yucatán	yucatán	yucatán	yucatán	N	
heli	helium	heli	helium		N;INDF;NEUT;SG
wii	wii	wii	wii	N	
orléans	orléans	orléans	orléans		
lutea	lutea	lutea	lutea		
agamidae	agamer	agamidae	agame		N;INDF;MASC+FEM;SG
kmh	kmh	kmh	kilometer		
lamarck	lamarck	lamarck	lamarck		N;INDF;MASC+FEM;SG
btr	btr	btr	ber		
leslie	leslie	leslie	leslie		N;INDF;MASC+FEM;SG
kirby	kirby	kirby	kirby		
zona	zona	zona	zona	N	
pittsburgh	pittsburgh	pittsburgh	pittsburgh		
saladin	saladin	saladin	saladin	N	
weimar	weimar	weimar	weimar	N	
synonym	synonym	synonym	synonym		
synonym	synonymt	synonym	synonymt		ADJ;INDF;SG
yoshida	yoshida	yoshida	yoshida		
vaughan	vaughan	vaughan	vaughan		
seydlitz	seydlitz	seydlitz	seydlitz	N	ADJ;INDF;NEUT;SG
sakhalin	sakhalin	sakhalin	sakhalin	N	
esp}}	esp}}	esp}}	esp}}		
seth	seth	seth	seth		N;INDF;MASC+FEM;SG
regia	regia	regia	regia		N;INDF;MASC+FEM;SG
wikidata	wikidata	wikidata	wikidata	N	
pao	pao	pao	pao	N	
mega	mega	mega	mega		
mindanao	mindanao	mindanao	mindanao	N	
nigricans	nigricans	nigricans	nigricans		
claire	claire	claire	claire		N;INDF;MASC+FEM;SG
maru	maru	maru	maru	N	
trias	trias	trias	trias		N;INDF;MASC+FEM;SG
meridionalis	meridionalis	meridionalis	meridionalis	ADJ	
hessen	hessen	hessen	hesse	N	
heliconia	heliconia	heliconia	heliconia		
hindi	hindi	hindi	hindi	N	
montréal	montreal	montréal	montreal		
makoto	makoto	makoto	makoto		
dubia	dubia	dubia	dubia		
thank	takker	thank	takke		V;IND;PRS;FIN;ACT
jesse	jesse	jesse	jesse	N	
hey	hey	hey	hey		
hey	hej	hey	hej		N;INDF;MASC+FEM;SG
hey	halløj	hey	halløj		N;INDF;NEUT;SG
adrian	adrian	adrian	adrian	N	
indicus	indicus	indicus	indicus	N	
prescott	prescott	prescott	prescott	N	
ark	ark	ark	ark		N;INDF;NEUT;SG
ark	arken	ark	ark		N;DEF;MASC+FEM;SG
albrecht	albrecht	albrecht	albrecht	N	
marsh	marsh	marsh	marsh	N	
suwon	suwon	suwon	suwon	N	
gómez	gomez	gómez	gomez	V	
gómez	gómez	gómez	gæmme	V	
leach	leach	leach	leach		
české	české	české	české	NUM	
olga	olga	olga	olga		
carnegie	carnegie	carnegie	carnegie		N;INDF;MASC+FEM;SG
kwon	kwon	kwon	kwon	N	
yamaguchi	yamaguchi	yamaguchi	yamaguchi	N	
brit	britt	brit	britt	N	
brit	britt	brit	britt	N	
brit	brit	brit	brit	N	
rod	rod	rod	rod		N;INDF;MASC+FEM;SG
rod	ke	rod	ke		
rod	stang	rod	stang		N;INDF;MASC+FEM;SG
hermione	hermione	hermione	hermione		PRO;ACC;MASC+FEM;SG;3
zeno	zeno	zeno	zeno	N	
amazing	fantastisk	amazing	fantastisk	N	ADJ;INDF;SG
amazing	fantastiske	amazing	fantastisk	N	ADJ;PL
amazing	utroligt	amazing	utrolig	N	ADJ;INDF;NEUT;SG
nhờn	fedtede	nhờn	fedte	N	V;PL;PST;V.PTCP
joshua	joshua	joshua	joshua	N	
earl	earl	earl	earl		
earl	jarl	earl	jarl		N;INDF;MASC+FEM;SG
amber	amber	amber	amb		N;INDF;MASC+FEM;SG
amber	rav	amber	rav		N;INDF;MASC+FEM;SG
nhk	nhk	nhk	nhk	N	
montevideo	montevideo	montevideo	montevideo	N	
neon	neon	neon	neon	N	
hoon	hoon	hoon	hoon	N	
kenny	kenny	kenny	kenny		
pallidus	pallidus	pallidus	pallidus		N;INDF;MASC+FEM;SG
hanoi	hanoi	hanoi	hanoi		N;INDF;NEUT;SG
gamble	gamble	gamble	gamble	N	V;NFIN;ACT
shiki	shiki	shiki	shiki	N	
kurd	kurdisk	kurd	kurdisk	N	ADJ;INDF;SG
kurd	kurdiske	kurd	kurdisk	N	ADJ;PL
invincible	uovervindelige	invincible	uovervindelig		ADJ;PL
invincible	uovervindelig	invincible	uovervindelig		ADJ;INDF;MASC+FEM;SG
sidi	sidi	sidi	sidi	N	
mainz	mainz	mainz	mainz	N	PROPN
pygmaea	pygmaea	pygmaea	pygma		
tracy	tracy	tracy	tracy		
lactuca	lactuca	lactuca	lactuca	N	ADJ;INDF;SG
blanchard	blanchard	blanchard	blanchard		
mickey	mickey	mickey	mickey	N	
grenada	grenada	grenada	grenada	N	
xml	xml	xml	xml		N;INDF;NEUT;SG
antigua	antigua	antigua	antigua	N	
claudia	claudia	claudia	claudia	N	
shogun	shogun	shogun	shogun		
aung	aung	aung	aung	N	PROPN
toei	toei	toei	toei		
stella	stella	stella	stella		N;INDF;MASC+FEM;SG
sunda	sunda	sunda	sunda	N	
stoke	stoke	stoke	stoke	N	PROPN
baku	baku	baku	baku	N	
car	bilen	car	bil		N;DEF;MASC+FEM;SG
car	bil	car	bil		N;INDF;MASC+FEM;SG
car	car	car	car		
eduardo	eduardo	eduardo	eduardo	N	
quăng	kast	quăng	kast	V	N;INDF;NEUT;SG
yen	yen	yen	yen	N	
sedis	sedis	sedis	sedis	N	
elliot	elliot	elliot	elliot		N;INDF;MASC+FEM;SG
pasteur	pasteur	pasteur	pasteur		N;INDF;MASC+FEM;SG
decipiens	decipiens	decipiens	decipi	V	N;DEF;MASC+FEM;SG
yoga	yoga	yoga	yoga	V	N;INDF;MASC+FEM;SG
gundam	gundam	gundam	gundam	N	
nuevo	nuevo	nuevo	nuevo	N	
disco	disco	disco	disco	N	
gsub	gsub	gsub	gsub		
asp	asp	asp	asp		
yuki	yuki	yuki	yuki		
sunni	sunni	sunni	sunni	N	
eve	eva	eve	eva		
eve	eve	eve	eve		
hacker	hacker	hacker	hacke		N;INDF;MASC+FEM;SG
hacker	hackere	hacker	hacker		N;INDF;MASC+FEM;PL
hacker	hacke	hacker	hacke		V;NFIN;ACT
sendai	sendai	sendai	sendai		
christophe	christophe	christophe	christophe		N;INDF;MASC+FEM;SG
ming	ming	ming	ming	N	
xúi	jinx	xúi	jinx	V	
lynn	lynn	lynn	lynn	N	
olomouc	olomouc	olomouc	olomouc		
durham	durham	durham	durham	N	
hót	synger	hót	synge	N	V;IND;PRS;FIN;ACT
hót	synge	hót	synge	N	V;NFIN;ACT
hót	syngende	hót	synge	N	V;PRS;V.PTCP
hót	synger	hót	synge	N	V;IND;PRS;FIN;ACT
coloma	coloma	coloma	coloma	N	
padova	padua	padova	padua	N	PROPN
padova	padova	padova	padova	N	PROPN
ovata	ovata	ovata	ovata	N	
incertae	incertae	incertae	incertae	N	
ruby	rubin	ruby	rubin		N;INDF;MASC+FEM;SG
ruby	ruby	ruby	ruby		
dwight	dwight	dwight	dwight	N	
selena	salina	selena	salina		
selena	selena	selena	selena		
fulton	fulton	fulton	fulton		N;INDF;MASC+FEM;SG
xavier	xavier	xavier	xavie		N;INDF;MASC+FEM;SG
candy	slik	candy	slik		N;INDF;NEUT;SG
candy	candy	candy	candy		
candy	guf	candy	guf		N;INDF;MASC+FEM;SG
sheridan	sheridan	sheridan	sheridan		N;INDF;MASC+FEM;SG
pauly	pauly	pauly	pauly	N	
griffin	griffin	griffin	griffin		
fao	fao	fao	fao	N	PROPN
iğdır	iğdır	iğdır	iğdır		
menzies	menzies	menzies	menzie		N;INDF;MASC+FEM;SG
konstantin	konstantin	konstantin	konstantin		N;INDF;MASC+FEM;SG
boa	boa	boa	boa		
cube	terning	cube	terning		N;INDF;MASC+FEM;SG
emil	emil	emil	emil	N	
rahman	rahman	rahman	rahman	V	
glen	glen	glen	glen		N;INDF;MASC+FEM;SG
klaus	klaus	klaus	klaus	N	
benz	benz	benz	benz		
hampton	hampton	hampton	hampton		
chandler	chandler	chandler	chandle		N;INDF;MASC+FEM;SG
williamson	williamson	williamson	williamson		
göring	göring	göring	göring		N;INDF;MASC+FEM;SG
quinn	quinn	quinn	quinn		
irene	irene	irene	ir		N;INDF;MASC+FEM;SG
cartoon	tegnefilm	cartoon	tegnefilm		N;INDF;MASC+FEM;PL
cartoon	tegneserie	cartoon	tegneserie		N;INDF;MASC+FEM;SG
penang	penang	penang	penang		
gớm	inflammation	gớm	inflammation	PART	N;INDF;MASC+FEM;SG
gớm	betændelse	gớm	betændelse	PART	N;INDF;MASC+FEM;SG
zeller	zeller	zeller	zeller		N;INDF;MASC+FEM;SG
scheer	scheer	scheer	schee		N;INDF;MASC+FEM;SG
kahn	kahn	kahn	kahn	N	
toro	toro	toro	toro	N	
gaon	gaon	gaon	gaon	NUM	
sủa	bark	sủa	bark	ADJ	N;INDF;NEUT;SG
sủa	gø	sủa	gø	ADJ	V;NFIN;ACT
sủa	gø	sủa	gø	ADJ	V;NFIN;ACT
carr	carr	carr	carr		
betty	betty	betty	betty		
wilkinson	wilkinson	wilkinson	wilkinson		
cholesterol	kolesterol	cholesterol	kolesterol	V	N;INDF;NEUT;SG
constantinople	konstantinopel	constantinople	konstantinopel		N;INDF;MASC+FEM;SG
ancona	ancona	ancona	ancona	N	PROPN
tran	tran	tran	tran	N	
madeira	madeira	madeira	madeira	N	
micro	mikro	micro	mikro	N	
thìa	ske	thìa	ske	N	V;NFIN;ACT
bath	bad	bath	bede		V;IND;PST;FIN;ACT
bath	badekar	bath	badekar		N;INDF;NEUT;SG
cristata	cristata	cristata	cristata	N	
blanc	blanc	blanc	blanc	N	
cornwall	cornwall	cornwall	cornwall	N	
uae	uae	uae	uae	N	
luzula	frytle	luzula	frytle	N	
udine	udine	udine	udine	NUM	PROPN
lens	linse	lens	linse		N;INDF;MASC+FEM;SG
lens	linsen	lens	lins		N;DEF;MASC+FEM;SG
lens	lække	lens	lække		V;NFIN;ACT
lens	lækage	lens	lækage		N;INDF;MASC+FEM;SG
lens	læk	lens	læk		N;INDF;NEUT;SG
lens	utæthed	lens	utæthed		N;INDF;MASC+FEM;SG
beirut	beirut	beirut	beirut	N	
hahn	hahn	hahn	hahn	N	
yamada	yamada	yamada	yamada		
linearis	linearis	linearis	linearis		
dot	dot	dot	dot	N	
willem	willem	willem	willem	N	
tatar	tatarisk	tatar	tatarisk	N	ADJ;INDF;SG
boom	bum	boom	bum	N	
luigi	luigi	luigi	luigi		
polygonum	polygonum	polygonum	polygonum		N;INDF;NEUT;SG
boone	boone	boone	boone		
reo	tvivl	reo	tvivl	V	N;INDF;MASC+FEM;SG
reo	tvivlstilfælde	reo	tvivlstilfælde	V	N;INDF;NEUT;SG
garrison	garrison	garrison	garrison		N;INDF;MASC+FEM;SG
sidney	sidney	sidney	sidney		N;INDF;MASC+FEM;SG
repens	repens	repens	rep	V	
musashi	musashi	musashi	musashi	N	
adobe	adobe	adobe	adobe	N	
lexikon	lexikon	lexikon	lexikon		N;INDF;MASC+FEM;SG
shizuka	shizuka	shizuka	shizuka	N	
lindsey	lindsey	lindsey	lindsey		
hyundai	hyundai	hyundai	hyundai		N;INDF;MASC+FEM;SG
direct	direkte	direct	direkte		ADV
direct	direct	direct	direct		N;INDF;MASC+FEM;SG
primula	primula	primula	primula		N;INDF;MASC+FEM;SG
craven	craven	craven	crav		
kato	kato	kato	kato	N	
nomura	nomura	nomura	nomura	V	
diane	diane	diane	diane		
thrace	thrakien	thrace	thrakie	N	PROPN
rivière	rivière	rivière	rivir		N;INDF;MASC+FEM;SG
borealis	borealis	borealis	borealis		
anders	anders	anders	anders	N	
sugar	sukker	sugar	sukker		N;INDF;NEUT;SG
doc	doc	doc	doc		
budějovice	budějovice	budějovice	budějovice	NUM	
kyushu	kyushu	kyushu	kyushu	N	
cremona	cremona	cremona	cremona	N	
turing	turing	turing	turing		N;INDF;MASC+FEM;SG
talbot	talbot	talbot	talbot		
admiralty	admiralitetet	admiralty	admiralitet		N;DEF;NEUT;SG
kyle	kyle	kyle	kyle		N;INDF;MASC+FEM;SG
dale	dale	dale	dal		N;INDF;MASC+FEM;PL
gloria	gloria	gloria	gloria		
oder	oder	oder	oder	V	
lange	lange	lange	lang	N	ADJ;PL
shannon	shannon	shannon	shannon		
liti	lithium	liti	lithium	N	
mehmed	mehmed	mehmed	mehmed	N	
cayman	cayman	cayman	cayman	N	
villiers	villiers	villiers	villiers		N;GEN;INDF;MASC+FEM;PL
gotha	gotha	gotha	gotha		
wanda	wanda	wanda	wanda	N	
wilcox	wilcox	wilcox	wilcox		
martino	martino	martino	martino		
obscurus	obscurus	obscurus	obscurus		N;INDF;MASC+FEM;SG
budde	budde	budde	budde		N;INDF;MASC+FEM;SG
friedman	friedman	friedman	friedman		N;INDF;MASC+FEM;SG
canescens	sandskæg	canescens	sandskæg	ADJ	
vanessa	vanessa	vanessa	vanessa		N;INDF;MASC+FEM;SG
baghdad	baghdad	baghdad	baghdad	N	
baghdad	bagdad	baghdad	bagdad	N	
haas	haas	haas	haas	N	
ryukyu	ryukyu	ryukyu	ryukyu	N	
schwartz	schwartz	schwartz	schwartz		N;INDF;MASC+FEM;SG
hohenzollern	hohenzollern	hohenzollern	hohenzollern	V	N;INDF;MASC+FEM;SG
para	para	para	para	N	
howell	howell	howell	howell		
palawan	palawan	palawan	palawan	N	
jupiter	jupiter	jupiter	jupiter	N	
velvet	fløjl	velvet	fløjl		N;INDF;NEUT;SG
violacea	violacea	violacea	violacea		N;INDF;NEUT;SG
mia	mia	mia	mia		
alfonso	alfonso	alfonso	alfonso	N	
lara	lara	lara	lara		N;INDF;MASC+FEM;SG
bromley	bromley	bromley	bromley		
djibouti	djibouti	djibouti	djibouti	N	
hattori	hattori	hattori	hattori	N	
training	træning	training	træning	DET	N;INDF;MASC+FEM;SG
training	uddannelse	training	uddannelse	DET	N;INDF;MASC+FEM;SG
training	oplæring	training	oplæring	DET	N;INDF;MASC+FEM;SG
musa	musa	musa	musa	N	
acta	acta	acta	acta	N	
akb	akb	akb	akb		
californica	californica	californica	californica	N	
marcello	marcello	marcello	marcello	N	
gilles	gilles	gilles	gilles		N;INDF;MASC+FEM;SG
norodom	norodom	norodom	norodom	N	
robustus	robustus	robustus	robustus		N;INDF;MASC+FEM;SG
jharkhand	jharkhand	jharkhand	jharkhand	N	
shepard	shepard	shepard	shepard		
lil	lil	lil	lil		
dmitry	dmitry	dmitry	dmitry	N	
apiaceae	apiaceae	apiaceae	apiace	N	
cowan	cowan	cowan	cowan	N	
randolph	randolph	randolph	randolph		
oakland	oakland	oakland	oakland	N	
ambrose	ambrose	ambrose	ambrose	N	
sheikh	sheikh	sheikh	sheikh	N	
kottelat	kottelat	kottelat	kottelat	N	
andorra	podgorica	andorra	podgorica	N	
olympique	olympique	olympique	olympique	N	
irving	irving	irving	irving		
trau	træt	trau	træt	V	ADJ;INDF;SG
trau	trætte	trau	træt	V	ADJ;PL
bison	bison	bison	bison		N;INDF;MASC+FEM;SG
medeiros	medeiros	medeiros	medeiros	N	
lat	dovne	lat	dovne	N	ADJ;PL
lat	doven	lat	dov	N	ADJ;INDF;MASC+FEM;SG
coruña	coruña	coruña	coruña		
wigan	wigan	wigan	wigan	N	PROPN
crane	kran	crane	kran		N;INDF;MASC+FEM;SG
crane	crane	crane	crane		
fulva	fulva	fulva	fulva		
duméril	duméril	duméril	duméril		N;INDF;MASC+FEM;SG
beaver	bæver	beaver	bæve		N;INDF;MASC+FEM;SG
chopin	chopin	chopin	chopin	V	
canterbury	canterbury	canterbury	canterbury		N;INDF;MASC+FEM;SG
gerhard	gerhard	gerhard	gerhard		N;INDF;MASC+FEM;SG
ariel	ariel	ariel	ariel		N;INDF;MASC+FEM;SG
fujiwara	fujiwara	fujiwara	fujiwara	N	
maxima	maxima	maxima	maxima	N	
indie	indie	indie	indie		N;INDF;NEUT;SG
konrad	konrad	konrad	konrad		
castillo	castillo	castillo	castillo		
kung	kung	kung	kung	N	
championships	mesterskaber	championships	mesterskab	V	N;INDF;NEUT;PL
animax	animax	animax	animax	N	
beograd	beograd	beograd	beograd	N	
martha	martha	martha	martha		N;INDF;MASC+FEM;SG
bloom	blomstre	bloom	blomster		V;NFIN;ACT
bloom	blomstrer	bloom	blomstre		V;IND;PRS;FIN;ACT
bloom	bloom	bloom	bloom		
marius	marius	marius	marius		N;INDF;MASC+FEM;SG
espírito	espírito	espírito	espírito		
helmut	helmut	helmut	helmut	N	
avril	avril	avril	avril	N	
khuya	sen	khuya	sen	N	ADJ;INDF;MASC+FEM;SG
khuya	forsinket	khuya	forsinke	N	V;INDF;SG;PST;V.PTCP
khuya	sent	khuya	sent	N	ADV
suffolk	suffolk	suffolk	suffolk	N	
liststyle	liststyle	liststyle	liststyle		N;INDF;MASC+FEM;SG
kimi	kimi	kimi	kimi	N	
beaufort	beaufort	beaufort	beaufort	N	
maui	maui	maui	maui	N	
tone	tonefald	tone	tonefald		N;INDF;NEUT;SG
tone	tone	tone	tone		N;INDF;MASC+FEM;SG
michoacán	michoacán	michoacán	michoacán	V	
stan	stan	stan	stan		N;INDF;MASC+FEM;SG
rebel	rebel	rebel	rebel		N;INDF;MASC+FEM;SG
rebel	oprører	rebel	oprøre		N;INDF;MASC+FEM;SG
loi	loi	loi	loi		
regina	regina	regina	regina		N;INDF;MASC+FEM;SG
laporte	laporte	laporte	laport		N;INDF;MASC+FEM;SG
cherry	cherry	cherry	cherry		
cherry	kirsebær	cherry	kirsebær		N;INDF;NEUT;SG
cherry	kirsebær	cherry	kirsebær		N;INDF;NEUT;SG
scout	scout	scout	scout		N;INDF;MASC+FEM;SG
scout	spejder	scout	spejde		N;INDF;MASC+FEM;SG
coburg	coburg	coburg	coburg		
pereira	pereira	pereira	pereira	N	
interscope	interscope	interscope	interscope	V	N;INDF;NEUT;SG
orissa	orissa	orissa	orissa	N	
gaston	gaston	gaston	gaston		N;INDF;MASC+FEM;SG
clannad	clannad	clannad	clannad		
sakai	sakai	sakai	sakai		
curie	curie	curie	curie	N	
chuck	chuck	chuck	chuck		
dora	dora	dora	dora	N	
symplocos	symplocos	symplocos	symplocos	V	
benn	benn	benn	benn		
romagna	romagna	romagna	romagna		N;INDF;MASC+FEM;SG
bergen	bergen	bergen	bergen	N	
hora	hora	hora	hora	NUM	
scottish	skotte	scottish	skotte	NUM	N;INDF;MASC+FEM;SG
scottish	skotske	scottish	skotsk	NUM	ADJ;PL
scottish	scottish	scottish	scottish	NUM	
scottish	skotsk	scottish	skotsk	NUM	ADJ;INDF;SG
turkish	tyrkisk	turkish	tyrkisk		ADJ;INDF;SG
turkish	tyrkiske	turkish	tyrkisk		ADJ;PL
trinity	trinity	trinity	trinity	NUM	
antigonos	antigonos	antigonos	antigonos	N	
shop	shop	shop	shop	N	
shop	shoppe	shop	shoppe	N	V;NFIN;ACT
roche	roche	roche	roche		
parva	parva	parva	parva		
sonora	sonora	sonora	sonora		
hubert	hubert	hubert	hubert		N;INDF;MASC+FEM;SG
gagea	guldstjerne	gagea	guldstje		N;INDF;MASC+FEM;SG
bertrand	bertrand	bertrand	bertrand		
turin	torino	turin	torino	NUM	PROPN
sylvia	sylvia	sylvia	sylvia	N	
wikitext	wikitext	wikitext	wikitext		
valentin	valentin	valentin	valentin		N;INDF;MASC+FEM;SG
holly	holly	holly	holly		
fidel	fidel	fidel	fidel		
cortinarius	slørhat	cortinarius	slørhat		
ivanovich	ivanovich	ivanovich	ivanovich		
ash	aske	ash	aske		N;INDF;NEUT;SG
ash	ask	ash	ask		
ash	ash	ash	ash		PROPN
brittany	bretagne	brittany	bretagen		N;INDF;MASC+FEM;SG
brittany	brittany	brittany	brittany		
benoist	benoist	benoist	benoist		N;INDF;NEUT;SG
gentry	gentry	gentry	gentry		
pohl	pohl	pohl	pohl		
giặt	vasketøj	giặt	vasketøj	V	N;INDF;NEUT;SG
giặt	vaskeri	giặt	vaskeri	V	N;INDF;NEUT;SG
wrestlemania	wrestlemania	wrestlemania	wrestlemania		N;INDF;MASC+FEM;SG
barker	barker	barker	bark		N;INDF;MASC+FEM;SG
spitfire	spitfire	spitfire	spitfir		
gurevich	gurevich	gurevich	gurevich		N;INDF;MASC+FEM;SG
philipp	philipp	philipp	philipp		
andre	andré	andre	andré		N;INDF;MASC+FEM;SG
andre	andré	andre	andré		N;INDF;MASC+FEM;SG
barton	barton	barton	barton		
pierce	pierce	pierce	pierce		N;INDF;MASC+FEM;SG
dactylorhiza	kødfarvet	dactylorhiza	kødfarvet		ADJ;INDF;SG
catania	catania	catania	catania	N	
canary	kanariske	canary	kanarisk	N	ADJ;PL
santana	santana	santana	santana		
logroño	logroño	logroño	logroño		
hilton	hilton	hilton	hilton	N	
smithii	smithii	smithii	smithii		
spotted	spottet	spotted	spottet		V;INDF;SG;PST;V.PTCP
spotted	plettet	spotted	plet		V;INDF;SG;PST;V.PTCP
spotted	opdaget	spotted	opdage		V;INDF;SG;PST;V.PTCP
spotted	set	spotted	se		V;INDF;SG;PST;V.PTCP
sexy	sexy	sexy	sexy	N	
sexy	sexet	sexy	sexet	N	ADJ;INDF;SG
sexy	sexede	sexy	sexe	N	ADJ;PL
lars	lars	lars	lars	N	PROPN
jia	jia	jia	jia	N	
krasnodar	krasnodar	krasnodar	krasnodar	N	
wikimapia	wikimapia	wikimapia	wikimapia		N;INDF;NEUT;SG
chẻ	hul	chẻ	hul		N;INDF;NEUT;SG
chẻ	hullet	chẻ	hullet		N;DEF;NEUT;SG
chẻ	hole	chẻ	hole		
vilnius	vilnius	vilnius	vilnius	N	
arafat	arafat	arafat	arafat	N	PROPN
bèo	lamme	bèo	lamme	N	V;NFIN;ACT
bèo	halt	bèo	hale	N	ADJ;INDF;SG
leonid	leonid	leonid	leonid	N	
fuller	fuller	fuller	fuller	N	
kino	kino	kino	kino	V	
concorde	concorde	concorde	concorde	N	
micrantha	micrantha	micrantha	micrantha		
benevento	benevento	benevento	benevento	N	PROPN
seok	seok	seok	seok	N	
cervus	cervus	cervus	cervus	N	
sec	sec	sec	sec	N	
barca	barca	barca	barca	N	
halloween	halloween	halloween	hallowen	V	N;DEF;MASC+FEM;SG
midland	midland	midland	midland	N	
narcissus	narcissus	narcissus	narcissus		N;INDF;MASC+FEM;SG
nottingham	nottingham	nottingham	nottingham	N	
angelica	angelica	angelica	angelica		N;INDF;MASC+FEM;SG
shinichi	shinichi	shinichi	shinichi	N	
mono	mono	mono	mono	N	
rót	skænk	rót	skænk	V	N;INDF;MASC+FEM;SG
rót	pour	rót	pour	V	
sites	sites	sites	sites		N;INDF;MASC+FEM;PL
sites	lokaliteter	sites	lokalitet		N;INDF;MASC+FEM;PL
skin	hud	skin	hud		N;INDF;MASC+FEM;SG
skin	skind	skin	skind		N;INDF;NEUT;SG
skin	skin	skin	skin		
skin	huden	skin	huden		N;DEF;MASC+FEM;SG
doyle	doyle	doyle	doyle	N	
doyle	doyles	doyle	doyle	N	V;NFIN;PASS
cedar	cedar	cedar	cedar	N	
container	beholder	container	beholde	N	V;IND;PRS;FIN;ACT
kerch	kerch	kerch	kerch	N	
thom	thom	thom	thom	N	
jihlava	jihlava	jihlava	jihlava	N	
ocotea	ocotea	ocotea	ocotea	N	
gamespot	gamespot	gamespot	gamespot		N;INDF;NEUT;SG
tít	hører	tít	høre		V;IND;PRS;FIN;ACT
tít	hørt	tít	høre		V;INDF;SG;PST;V.PTCP
tít	høre	tít	høre		V;NFIN;ACT
rising	stigende	rising	stige		V;PRS;V.PTCP
rising	stiger	rising	stige		V;IND;PRS;FIN;ACT
cobain	cobain	cobain	cobain	N	
leigh	leigh	leigh	leigh		
hogg	hogg	hogg	hogg		
núm	klemt	núm	klemme	N	V;INDF;SG;PST;V.PTCP
núm	klemte	núm	klemme	N	V;IND;PST;FIN;ACT
cody	cody	cody	cody	N	
mitra	mitra	mitra	mitra		
massa	massa	massa	massa		PROPN
shiva	shiva	shiva	shiva	N	
merlin	merlin	merlin	merlin	N	
gmelin	gmelin	gmelin	gmelin		N;INDF;MASC+FEM;SG
ascii	ascii	ascii	ascii	N	
vice	næstformand	vice	næstformand		N;INDF;MASC+FEM;SG
vice	vice	vice	vice		N;INDF;MASC+FEM;SG
nymphalidae	takvingefamilien	nymphalidae	takvingefamilie		N;DEF;MASC+FEM;SG
phillip	phillip	phillip	phillip		
surrey	surrey	surrey	surrey	NUM	
barset	barset	barset	bars		N;DEF;NEUT;SG
bolzano	bolzano	bolzano	bolzano	N	
teaser	teaser	teaser	tease		N;INDF;MASC+FEM;SG
gill	gill	gill	gill		
hilaire	hilaire	hilaire	hilaire		N;INDF;MASC+FEM;PL
globe	globe	globe	glob		ADJ;INDF;MASC+FEM;SG
globe	kloden	globe	klode		N;DEF;MASC+FEM;SG
globe	klode	globe	klod		N;INDF;MASC+FEM;SG
orton	orton	orton	orton	N	
nógrád	nógrád	nógrád	nagryde	N	
chằng	ledbånd	chằng	ledbånd	V	N;INDF;NEUT;SG
oppenheimer	oppenheimer	oppenheimer	oppenheime		N;INDF;MASC+FEM;SG
cyanea	cyanea	cyanea	cyanea		
sẹo	ar	sẹo	ar	N	
sẹo	ar	sẹo	ar	N	
bravo	bravo	bravo	bravo		
honshū	honshū	honshū	honshū	N	
tahiti	tahiti	tahiti	tahiti	N	
kalinin	kalinin	kalinin	kalinin	N	
lateralis	lateralis	lateralis	lateralis		
goa	goa	goa	goa		N;INDF;NEUT;SG
nicholson	nicholson	nicholson	nicholson		N;INDF;MASC+FEM;SG
dhabi	dhabi	dhabi	dhabi	N	
guderian	guderian	guderian	guderian		N;INDF;MASC+FEM;SG
tigris	tigris	tigris	tigris	N	
mladá	mladá	mladá	mladá	NUM	
soft	blød	soft	blød		ADJ;INDF;MASC+FEM;SG
soft	blødt	soft	blød		ADJ;INDF;NEUT;SG
soft	soft	soft	soft		
soft	bløde	soft	blød		ADJ;PL
caproni	caproni	caproni	caproni	N	
laguna	laguna	laguna	laguna	N	
satyrium	satyrium	satyrium	satyrium		N;INDF;NEUT;SG
vasily	vassily	vasily	vassily		N;INDF;MASC+FEM;SG
ornatus	ornatus	ornatus	ornatus		
coca	koks	coca	koks	N	
coca	cola	coca	cola	N	
coca	coca	coca	coca	N	
králové	králové	králové	králové	V	N;INDF;MASC+FEM;SG
estadio	estadio	estadio	estadio		
jörg	jörg	jörg	jörg	NUM	
brevis	brevis	brevis	brevis		N;INDF;NEUT;SG
breed	race	breed	race		N;INDF;MASC+FEM;SG
breed	racen	breed	race		N;DEF;MASC+FEM;SG
titlestyle	titlestyle	titlestyle	titlestyle	V	N;INDF;MASC+FEM;SG
lcd	lcd	lcd	lcd	N	
sphinx	sfinks	sphinx	sfinks		N;INDF;MASC+FEM;SG
tsubasa	tsubasa	tsubasa	tsubasa	N	
rogue	rogue	rogue	rogue	N	
crimea	krim	crimea	krim	V	PROPN
factbook	factbook	factbook	factbook	N	
abkhazia	abkhasien	abkhazia	abkhasien		N;DEF;MASC+FEM;SG
varde	varde	varde	vard		PROPN
burma	burma	burma	burma	N	
genista	genista	genista	genista		N;INDF;MASC+FEM;SG
pepper	peber	pepper	peber		N;INDF;NEUT;SG
pepper	pepper	pepper	peppe		N;INDF;MASC+FEM;SG
pepper	peberfrugter	pepper	peberfrugte		N;INDF;MASC+FEM;PL
hrsg	hrsg	hrsg	hrsg		
jammu	jammu	jammu	jammu	N	PROPN
griff	griff	griff	griff		N;INDF;MASC+FEM;SG
ramsey	ramsey	ramsey	ramsey		
infinity	uendeligt	infinity	uendelig	N	ADV
infinity	uendelig	infinity	uendelig	N	ADJ;INDF;MASC+FEM;SG
infinity	infinity	infinity	infinity	N	
waterhouse	waterhouse	waterhouse	waterhouse		N;INDF;NEUT;SG
lombard	lombard	lombard	lombard	N	
molina	molina	molina	molina		
forrest	forrest	forrest	forrest	N	
composite	sammensat	composite	sammensætte	N	V;INDF;SG;PST;V.PTCP
composite	sammensatte	composite	sammensætte	N	V;PL;PST;V.PTCP
ciliata	flitteraks	ciliata	flitteraks		N;INDF;MASC+FEM;SG
medieval	middelalderlige	medieval	middelalderlig	N	ADJ;PL
tonumber	tonumber	tonumber	tonumber		N;INDF;NEUT;SG
brie	brien	brie	bri		N;DEF;MASC+FEM;SG
brie	brie	brie	brie		N;INDF;MASC+FEM;SG
sally	sally	sally	sally		
choáng	lamslået	choáng	lamslå	V	N;DEF;NEUT;SG
choáng	bedøvet	choáng	bedøve	V	N;DEF;NEUT;SG
jaén	jaén	jaén	jaén	NUM	N;INDF;MASC+FEM;SG
mứt	jam	mứt	jam	N	
patton	patton	patton	patton		
drew	trak	drew	trække		V;IND;PST;FIN;ACT
drew	tegnede	drew	tegne		V;IND;PST;FIN;ACT
drew	drew	drew	drew		
bernhard	bernhard	bernhard	bernhard	N	
tna	tna	tna	tna	N	PROPN
hpa	hpa	hpa	hpa	N	
benny	benny	benny	benny	N	
cherokee	cherokee	cherokee	cherokee		
hindenburg	hindenburg	hindenburg	hindenburg		N;INDF;MASC+FEM;SG
smile	smiler	smile	smile		V;IND;PRS;FIN;ACT
smile	smile	smile	smile		V;NFIN;ACT
smile	smil	smile	smil		N;INDF;NEUT;SG
leverkusen	leverkusen	leverkusen	leverkus	N	PROPN
tbilisi	tbilisi	tbilisi	tbilisi	N	
rochester	rochester	rochester	rochest		N;INDF;MASC+FEM;SG
kira	kira	kira	kira	N	
oxalis	oxalis	oxalis	oxalis		
kaoru	wada	kaoru	wada	N	
marguerite	marguerite	marguerite	marguerit		N;INDF;MASC+FEM;SG
navbox	navbox	navbox	navbox		
laden	lastet	laden	laste	N	V;INDF;SG;PST;V.PTCP
benito	benito	benito	benito	N	
aka	aka	aka	aka		
ramesses	ramses	ramesses	ramse	N	V;PRS;NFIN;PASS
ngứa	kløe	ngứa	kløe	V	N;INDF;MASC+FEM;SG
ngứa	kløe	ngứa	kløe	V	N;INDF;MASC+FEM;SG
ngứa	kløe	ngứa	kløe	V	N;INDF;MASC+FEM;SG
ngứa	kløerne	ngứa	klo	V	N;DEF;MASC+FEM;PL
ngứa	kløer	ngứa	klo	V	N;INDF;MASC+FEM;PL
rebecca	rebecca	rebecca	rebecca		N;INDF;MASC+FEM;SG
satoshi	satoshi	satoshi	satoshi		
stones	sten	stones	sten		N;INDF;MASC+FEM;SG
chilensis	chilensis	chilensis	chilensis	N	
prop	prop	prop	prop		N;INDF;MASC+FEM;SG
acanthaceae	acanthaceae	acanthaceae	acanthaceae		
desc	desc	desc	desc		
martens	martens	martens	mart		N;GEN;DEF;MASC+FEM;SG
pot	gryde	pot	gryde		N;INDF;MASC+FEM;SG
pot	krukke	pot	krukke		N;INDF;MASC+FEM;SG
pot	pot	pot	pot		
pot	potte	pot	potte		N;INDF;MASC+FEM;SG
heian	heian	heian	heian	N	
patterson	patterson	patterson	patterson		N;INDF;MASC+FEM;SG
alma	alma	alma	alma	NUM	N;INDF;MASC+FEM;SG
haryana	haryana	haryana	haryana	N	
gsm	gsm	gsm	gsmmelig	N	
hwan	hwan	hwan	hwan	N	
pomorskie	pomorskie	pomorskie	pomorskie		N;INDF;MASC+FEM;SG
weasley	weasley	weasley	weasley		N;INDF;MASC+FEM;SG
myers	myers	myers	mye		N;INDF;MASC+FEM;PL
hmas	hmas	hmas	hmas	N	
kombat	kombat	kombat	kombat	N	
allegheny	allegheny	allegheny	allegheny		
orchis	orchis	orchis	orchis		
hub	nav	hub	nav	N	
hub	hub	hub	hub	N	
tivi	tv	tivi	tv	ADJ	N;INDF;NEUT;SG
tivi	fjernsynet	tivi	fjernsyn	ADJ	N;DEF;NEUT;SG
tivi	fjernsyn	tivi	fjernsyn	ADJ	N;INDF;NEUT;SG
gifford	gifford	gifford	gifford		N;INDF;MASC+FEM;SG
argentine	argentina	argentine	argentina	N	PROPN
argentine	argentinske	argentine	argentinsk	N	ADJ;PL
benin	benin	benin	benin	N	
sar	sar	sar	sar	N	
intercontinental	interkontinentale	intercontinental	interkontinentale		ADJ;PL
aquino	aquino	aquino	aquino	N	
tina	tina	tina	tina		
saddam	saddam	saddam	saddam	N	
mystery	mysterie	mystery	mysterie		N;INDF;NEUT;SG
mystery	mystik	mystery	mystik		N;INDF;MASC+FEM;SG
mystery	mysterium	mystery	mysterium		N;INDF;NEUT;SG
mystery	mystisk	mystery	mystisk		ADJ;INDF;SG
ruth	ruth	ruth	ruth		N;INDF;MASC+FEM;SG
carolyn	carolyn	carolyn	carolyn		
psv	psv	psv	psv	N	PROPN
stall	bås	stall	bås		N;INDF;MASC+FEM;SG
stall	stall	stall	stall		
monde	monde	monde	monde	N	
lehr	lehr	lehr	lehr		
picasso	picasso	picasso	picasso	N	
bien	synlig	bien	synlig	N	ADJ;INDF;MASC+FEM;SG
bien	synligt	bien	synligt	N	ADJ;INDF;NEUT;SG
bien	synlige	bien	synlig	N	ADJ;PL
bien	bien	bien	bi	N	
hoffmann	hoffmann	hoffmann	hoffmann		N;INDF;MASC+FEM;SG
hinton	hinton	hinton	hinton		
heather	heather	heather	heather	N	
geo	geo	geo	geo		
sussex	sussex	sussex	sussex	N	
joey	joey	joey	joey	N	
nuremberg	nürnberg	nuremberg	nürnberg	N	
isabel	isabel	isabel	isabel		
damascus	damaskus	damascus	damaskus	N	
batista	batista	batista	batista		N;INDF;MASC+FEM;SG
highland	højland	highland	højland		N;INDF;NEUT;SG
highland	highland	highland	highland		N;INDF;MASC+FEM;SG
avenue	avenue	avenue	avenue		
alegre	alegre	alegre	aleger		
cordata	cordata	cordata	cordata	N	
aspx	aspx	aspx	aspx	N	
toyotomi	toyotomi	toyotomi	toyotomi	PROPN	
schwarzenegger	schwarzenegger	schwarzenegger	schwarzenegge		N;INDF;MASC+FEM;PL
una	una	una	una	N	
niels	niels	niels	niels	N	
imp	imp	imp	imp		
bandai	bandai	bandai	bandai	N	
holmberg	holmberg	holmberg	holmberg		N;INDF;MASC+FEM;SG
smackdown	smackdown	smackdown	smackdown		
sinai	sinai	sinai	sinai	N	PROPN
shirak	shirak	shirak	shirak		
huelva	huelva	huelva	huelva	N	
albus	albus	albus	albus		
pmid	pmid	pmid	pmid		
beckham	beckham	beckham	beckham	N	
xuyến	torus	xuyến	torus	V	N;INDF;MASC+FEM;SG
reyes	reyes	reyes	reyes	N	
gin	gin	gin	gin	N	
wendy	wendy	wendy	wendy		
medicago	medicago	medicago	medicago	N	
blackwell	blackwell	blackwell	blackwell		
phoiac	phoiac	phoiac	phoiac	V	
eteeq	eteeq	eteeq	eteeq		
echo	echo	echo	echo	N	
multiflora	multiflora	multiflora	multiflora		N;INDF;MASC+FEM;SG
gneisenau	gneisenau	gneisenau	gneisenau		N;INDF;MASC+FEM;SG
tbs	tbs	tbs	tbse		
holiday	holiday	holiday	holiday		
holiday	ferie	holiday	ferie		N;INDF;MASC+FEM;SG
holiday	helligdag	holiday	helligdag		N;INDF;MASC+FEM;SG
ribera	ribera	ribera	ribera	NUM	N;INDF;MASC+FEM;SG
timur	timur	timur	timur	N	
hemingway	hemingway	hemingway	hemingway		
táp	bid	táp	bid	V	N;INDF;MASC+FEM;SG
psoe	psoe	psoe	psoe		
hybrid	hybride	hybrid	hybride	N	ADJ;PL
hybrid	hybrid	hybrid	hybrid	N	ADJ;INDF;MASC+FEM;SG
collaris	collaris	collaris	collaris	N	
gibbs	gibbs	gibbs	gibb	CONJ	
elton	elton	elton	elton	N	
griswold	griswold	griswold	griswold		N;INDF;MASC+FEM;SG
solidago	solidago	solidago	solidago		N;INDF;MASC+FEM;SG
circus	circus	circus	circus	N	
dawson	dawson	dawson	dawson	N	
stress	stress	stress	stress		N;INDF;MASC+FEM;SG
stress	understrege	stress	understrege		V;NFIN;ACT
sei	sei	sei	sei		
pattern	mønsteret	pattern	mønstere	V	N;DEF;NEUT;SG
pattern	mønster	pattern	mønster	V	N;INDF;NEUT;SG
greece	grækenland	greece	grækenland	N	PROPN
oliva	oliva	oliva	oliva		
brain	hjerner	brain	hjerne	V	N;INDF;NEUT;PL
brain	hjerne	brain	hjerne	V	N;INDF;MASC+FEM;SG
ferb	ferb	ferb	ferb		N;INDF;MASC+FEM;SG
landmark	skelsættende	landmark	skelsætte	N	V;PRS;V.PTCP
vila	vila	vila	vila		
sapporo	sapporo	sapporo	sapporo	N	
buchanan	buchanan	buchanan	buchanan		
rodriguez	rodriguez	rodriguez	rodriguez		N;INDF;MASC+FEM;SG
vyazma	vyazma	vyazma	vyazma	N	
cent	cent	cent	cent		N;INDF;NEUT;SG
sandy	sandy	sandy	sandy		
sandy	sandet	sandy	sand		N;DEF;NEUT;SG
cuốc	random	cuốc	random	N	
cuốc	tilfældige	cuốc	tilfældig	N	ADJ;PL
cuốc	tilfældigt	cuốc	tilfældigt	N	ADV
cuốc	tilfældig	cuốc	tilfældig	N	ADJ;INDF;MASC+FEM;SG
cuốc	vilkårligt	cuốc	vilkårligt	N	ADV
cuốc	hoe	cuốc	hoe	N	
ftp	ftp	ftp	ftp	N	
desmond	desmond	desmond	desmond		
paranaense	paranaense	paranaense	paranaense		N;INDF;MASC+FEM;SG
terra	tera	terra	tera		
terra	terra	terra	terra		
nigripes	nigripes	nigripes	nigripe		V;NFIN;PASS
wikisource	wikisource	wikisource	wikisource	V	N;INDF;MASC+FEM;SG
neville	neville	neville	neville		N;INDF;MASC+FEM;SG
novara	novara	novara	novara	NUM	PROPN
pal	pal	pal	pal		
champs	champs	champs	champs		
charmed	fortryllede	charmed	fortrylle		V;PL;PST;V.PTCP
ceylon	ceylon	ceylon	ceylon	N	
menu	menu	menu	menu	N	V;IMP
kelvin	kelvin	kelvin	kelvin		N;INDF;MASC+FEM;SG
poltava	poltava	poltava	poltava	N	
sergio	sergio	sergio	sergio	N	
pitt	pitt	pitt	pitt	N	
quezon	quezon	quezon	quezon	N	
sistema	sistema	sistema	sistema	V	
mazowieckie	mazowieckie	mazowieckie	mazowieckie	N	
nihon	nihon	nihon	nihon	N	
medium	medium	medium	medium		N;INDF;NEUT;SG
medium	mellemstor	medium	mellemstor		ADJ;INDF;MASC+FEM;SG
medium	medie	medium	medie		N;INDF;NEUT;SG
medium	mediet	medium	medie		N;DEF;NEUT;SG
jakob	jakob	jakob	jakob	N	
somali	somalia	somali	somalia	N	
somali	somalias	somali	somalias	N	
somali	somaliske	somali	somalisk	N	ADJ;PL
shane	shane	shane	shane		N;INDF;MASC+FEM;SG
cal	cal	cal	cal		
cool	seje	cool	sej		ADJ;PL
cool	sejt	cool	sejt		ADJ;INDF;NEUT;SG
cool	fedt	cool	fedt		ADJ;INDF;NEUT;SG
cool	sej	cool	sej		ADJ;INDF;MASC+FEM;SG
cool	cool	cool	cool		ADJ
hardcore	hardcore	hardcore	hardcore	N	
sizedefault	sizedefault	sizedefault	sizedefault	N	
moreno	moreno	moreno	moreno		
telegraph	telegraf	telegraph	telegraf		N;INDF;MASC+FEM;SG
milk	mælk	milk	mælk		N;INDF;MASC+FEM;SG
jackie	jackie	jackie	jackie	N	
livingston	livingston	livingston	livingston		N;INDF;MASC+FEM;SG
eos	eos	eos	eos	N	NUM
heves	heves	heves	heve	N	V;FIN;PASS
wollaston	wollaston	wollaston	wollaston	V	N;INDF;NEUT;SG
graz	graz	graz	graz		
flo	flo	flo	flo	N	
kangaroo	kænguru	kangaroo	kænguru		N;INDF;MASC+FEM;SG
kangaroo	kænguruer	kangaroo	kængurue		N;INDF;MASC+FEM;PL
sakleshpur	hanbal	sakleshpur	hanbal	N	
calophyllum	calophyllum	calophyllum	calophyllum	V	N;INDF;NEUT;SG
lucida	lucida	lucida	lucida		N;INDF;NEUT;SG
ismail	ismail	ismail	ismail	N	
saratoga	saratoga	saratoga	saratoga		N;INDF;MASC+FEM;SG
irkutsk	irkutsk	irkutsk	irkutsk	N	
isla	isla	isla	isla	N	
alejandro	alejandro	alejandro	alejandro	N	
friuli	friuli	friuli	friuli		
lancashire	lancashire	lancashire	lancashir	N	
albedo	albedo	albedo	albedo		N;INDF;MASC+FEM;SG
infinite	uendelig	infinite	uendelig	N	ADJ;INDF;MASC+FEM;SG
infinite	uendeligt	infinite	uendelig	N	ADV
infinite	uendelige	infinite	uendelig	N	ADJ;PL
erythroxylum	erythroxylum	erythroxylum	erythroxylum	V	N;INDF;NEUT;SG
saab	saab	saab	saab	N	
gloucester	gloucester	gloucester	gloucester		N;INDF;MASC+FEM;PL
calamagrostis	rørhvene	calamagrostis	rørhv		N;DEF;NEUT;PL
sarajevo	sarajevo	sarajevo	sarajevo	N	
breda	breda	breda	breda	N	
macrocarpa	macrocarpa	macrocarpa	macrocarpa	N	
res	res	res	res		N;INDF;NEUT;SG
marvin	marvin	marvin	marvin	N	
lift	elevator	lift	elevator		N;INDF;MASC+FEM;SG
lift	lift	lift	lift		N;INDF;MASC+FEM;SG
lift	løfte	lift	løfte		V;NFIN;ACT
lift	løft	lift	løft		N;INDF;NEUT;SG
inn	inn	inn	inn	N	
sonny	sonny	sonny	sonny		
neill	neill	neill	neill	N	
esp	esp	esp	esp	N	
encyclopædia	encyclopædia	encyclopædia	encyclopædia	V	N;INDF;NEUT;SG
aguilar	aguilar	aguilar	aguilar		
gore	gore	gore	gor		
gore	gores	gore	gores		N;GEN;INDF;MASC+FEM;SG
hayashi	hayashi	hayashi	hayashi		
kadokawa	kadokawa	kadokawa	kadokawa		
sega	sega	sega	sega		N;INDF;MASC+FEM;SG
donna	donna	donna	donna		N;INDF;MASC+FEM;SG
kauai	kauai	kauai	kauai		
anomala	anomala	anomala	anomala	N	
ulrich	ulrich	ulrich	ulrich		
alston	alston	alston	alston		
nitens	nitens	nitens	nitens		
gap	kløft	gap	kløft	V	N;INDF;MASC+FEM;SG
gap	gap	gap	gipe	V	
tirana	tirana	tirana	tirana	N	
beaumont	beaumont	beaumont	beaumont	N	
