clapton	clapton	clapton	clapton		PROPN
sázavou	sázavou	sázavou	sázavou	N	PROPN
huesca	huesca	huesca	huesca	N	PROPN
hector	hector	hector	hector		N;MASC;SG
ling	ling	ling	ling	N	PROPN
fusca	fusca	fusca	fusca		PROPN
maguire	maguire	maguire	maguire		PROPN
kylie	kylie	kylie	kylie	N	PROPN
cưng	chère	cưng	cher	V	ADJ;FEM;SG
cưng	cher	cưng	cher	V	ADJ;MASC;SG
cưng	chers	cưng	cher	V	ADJ;MASC;PL
yorktown	yorktown	yorktown	yorktown	N	PROPN
yunnanensis	yunnanensis	yunnanensis	yunnanensis	N	PROPN
vụng	maladresse	vụng	maladresse	ADJ	N;FEM;SG
dãi	bave	dãi	bave	V	N;FEM;SG
aphonopelma	aphonopelma	aphonopelma	aphonopelma	V	PROPN
ichigo	ichigo	ichigo	ichigo	N	PROPN
mẩu	ark	mẩu	ark	N	PROPN
brien	brien	brien	brien		PROPN
turn	gymnastique	turn	gymnastique		ADJ;MASC;SG
hen	sérieux	hen	sérieux	V	ADJ;MASC;SG
hen	sérieusement	hen	sérieusement	V	ADV
hen	serieux	hen	serieux	V	ADJ;MASC;SG
hen	asthme	hen	asthme	V	N;MASC;SG
tun	tun	tun	tun		
plymouth	plymouth	plymouth	plymouth		N;MASC;SG
hwa	hwa	hwa	hwa	N	PROPN
montreal	montreal	montreal	montreal	N	PROPN
fulham	fulham	fulham	fulham	N	PROPN
auf	auf	auf	auf	N	
cinerea	cinerea	cinerea	cinerea	N	PROPN
portugal	portugal	portugal	portugal	NUM	ADJ;MASC;SG
waterloo	waterloo	waterloo	waterloo	N	PROPN
rành	connaisseur	rành	connaisseur	V	N;MASC;SG
citrus	citrus	citrus	citrus	N	PROPN
halifax	halifax	halifax	halifax	N	PROPN
germar	germar	germar	germar	V	PROPN
milton	milton	milton	milton		PROPN
mollis	mollis	mollis	mollis	N	PROPN
kazan	kazan	kazan	kazan	N	PROPN
serra	serra	serra	serrer	N	PROPN
cac	cac	cac	cac		N;MASC;SG
cac	vous	cac	vous		PRO;PL;2
cac	tu	cac	il		PRO;SG;2
cac	toi	cac	soi		PRO;SG;2
cac	you	cac	you		PRO;SG;2
noel	noel	noel	noel		N;MASC;SG
ritter	ritter	ritter	ritter		PROPN
brooks	brooks	brooks	brook	N	PROPN
minima	minima	minima	minimum	N	ADJ;MASC;SG
minima	minimums	minima	minimum	N	ADJ;MASC;PL
strauss	strauss	strauss	strauss	N	PROPN
naples	naples	naples	naple		PROPN
allison	allison	allison	allison	N	PROPN
guérin	guérin	guérin	guérin		PROPN
jäger	jäger	jäger	jäger	N	PROPN
lionel	lionel	lionel	lionel	N	PROPN
trick	trick	trick	trick		PROPN
trick	astuce	trick	astuce		N;FEM;SG
mariah	mariah	mariah	mariah	N	PROPN
aster	aster	aster	aster	N	PROPN
dizionario	dizionario	dizionario	dizionario		PROPN
rivera	rivera	rivera	river		PROPN
serrata	serrata	serrata	serrata	N	PROPN
tenerife	tenerife	tenerife	tenerif	N	PROPN
thani	thani	thani	thani	N	PROPN
burton	burton	burton	burton		PROPN
catalan	catalan	catalan	catalan	N	ADJ;MASC;SG
catalan	catalans	catalan	catalan	N	ADJ;MASC;PL
catalan	catalane	catalan	catalan	N	ADJ;FEM;SG
rita	rita	rita	riter		PROPN
jtwc	jtwc	jtwc	jtwc	N	
hua	hua	hua	hua	N	PROPN
latreille	latreille	latreille	latreille	V	N;MASC;SG
float	flottant	float	flotter	N	V;PRS;V.PTCP
float	flotter	float	flotter	N	V;NFIN
hwang	hwang	hwang	hwang	N	PROPN
khong	khong	khong	khong	ADJ	
sành	connaisseurs	sành	connaisseur	V	N;MASC;PL
compact	compact	compact	compact	N	ADJ;MASC;SG
compact	compresser	compact	compresser	N	V;NFIN
compact	compactes	compact	compact	N	ADJ;FEM;PL
compact	compacts	compact	compact	N	ADJ;MASC;PL
compact	compacte	compact	compact	N	ADJ;FEM;SG
cheng	désespérée	cheng	désespéré	N	V;FEM;SG;PST;V.PTCP
cheng	désespéré	cheng	désespérer	N	V;MASC;SG;PST;V.PTCP
cheng	cheng	cheng	cheng	N	PROPN
cornell	cornell	cornell	cornell	N	PROPN
ribes	ribes	ribes	ribe	ADJ	PROPN
heller	heller	heller	heller		PROPN
calyptranthes	calyptranthes	calyptranthes	calyptranthe	V	ADJ;MASC;PL
motor	moteur	motor	moteur		N;MASC;SG
bandera	bandera	bandera	bander	N	V;IND;SG;3;FUT;FIN
sat	assise	sat	asseoir	NUM	V;FEM;SG;PST;V.PTCP
sat	assis	sat	assis	NUM	V;MASC;SG;PST;V.PTCP
sat	sat	sat	sattre	NUM	N;MASC;SG
christoph	christoph	christoph	christoph		PROPN
andersen	andersen	andersen	andersen	N	PROPN
elisabeth	élisabeth	elisabeth	élisabeth		N;FEM;SG
elisabeth	elisabeth	elisabeth	elisabeth		N;FEM;SG
rouge	rouge	rouge	rouge		ADJ;MASC;SG
darius	darius	darius	dariu	N	PROPN
chiapas	chiapas	chiapas	chiapas	N	PROPN
saxon	saxons	saxon	saxon		N;MASC;PL
saxon	saxon	saxon	saxon		N;MASC;SG
saxon	saxonne	saxon	saxonne		ADJ;FEM;SG
smithsonian	smithsonian	smithsonian	smithsonian		PROPN
verhoeff	verhoeff	verhoeff	verhoeff	N	PROPN
penn	penn	penn	penn	N	PROPN
nhọc	sujétion	nhọc	sujétion	V	N;FEM;SG
primates	primates	primates	primate		N;MASC;PL
variabilis	variabilis	variabilis	variabilis		PROPN
magnus	magnus	magnus	magnu		PROPN
sục	puissance	sục	puissance	V	N;FEM;SG
abe	abe	abe	abe	N	PROPN
ita}}	ita}}	ita}}	ita}}		PROPN
hòm	arche	hòm	arche	V	N;FEM;SG
hòm	ark	hòm	ark	V	PROPN
freeman	freeman	freeman	freeman		PROPN
kurz	kurz	kurz	kurz		PROPN
yan	yan	yan	yan	N	PROPN
glabra	glabra	glabra	glabra	N	PROPN
ramos	ramos	ramos	ramos	N	PROPN
flores	flores	flores	flore		PROPN
timothy	timothy	timothy	timothy	N	PROPN
ieyasu	ieyasu	ieyasu	ieyasu	N	PROPN
cloud	nuage	cloud	nuage		N;MASC;SG
cloud	cloud	cloud	cloud		N;MASC;SG
cloud	nuages	cloud	nuage		N;MASC;PL
bernardo	bernardo	bernardo	bernardo	N	PROPN
nbc	nbc	nbc	nbc		PROPN
passiflora	passiflora	passiflora	passiflora	N	PROPN
rotterdam	rotterdam	rotterdam	rotterdam	N	PROPN
tằng	zeng	tằng	zeng	NUM	PROPN
kiel	kiel	kiel	kiel	N	PROPN
hikaru	hikaru	hikaru	hikaru	N	PROPN
třebíč	třebíč	třebíč	třebíč	N	PROPN
eminem	eminem	eminem	eminem	N	PROPN
rim	rebord	rim	rebord		N;MASC;SG
rim	rim	rim	rim		PROPN
rim	jante	rim	jant		N;FEM;SG
rim	rime	rim	rime		V;IND;SG;3;PRS;FIN
rim	rimes	rim	rime		N;FEM;PL
ferrara	ferrara	ferrara	ferrarer	N	PROPN
tryon	tryon	tryon	tryon		PROPN
dido	dido	dido	dido	N	PROPN
mượt	lisser	mượt	lisser	ADJ	V;NFIN
perth	perth	perth	perth	N	PROPN
lev	lev	lev	lev	N	
dmitri	dmitri	dmitri	dmitri	N	PROPN
dmitri	dimitri	dmitri	dimitri	N	PROPN
ozyptila	ozyptila	ozyptila	ozyptila		PROPN
chad	tchadien	chad	tchadien	N	ADJ;MASC;SG
chad	chad	chad	chad	N	PROPN
satsuma	satsuma	satsuma	satsuma	N	PROPN
zagreb	zagreb	zagreb	zagreb	N	PROPN
habronattus	habronattus	habronattus	habronattu		PROPN
betula	betula	betula	betula	N	PROPN
tesla	tesla	tesla	tesla		N;MASC;SG
irish	irlandaise	irish	irlandais		ADJ;FEM;SG
irish	irlandais	irish	irlandais		ADJ;MASC;SG
mayenne	mayenne	mayenne	mayenne	N	ADJ;FEM;SG
kun	kun	kun	kun	N	PROPN
litsinger	litsinger	litsinger	litsinger	N	PROPN
sấy	anchois	sấy	anchois	V	N;MASC;PL
sấy	séchoir	sấy	séchoir	V	N;MASC;SG
sấy	séchage	sấy	séchage	V	N;MASC;SG
sấy	assèchement	sấy	assèchement	V	N;MASC;SG
teamb	teamb	teamb	teamb		PROPN
sitticus	sitticus	sitticus	sitticus		PROPN
mol	mol	mol	mol	N	
saussurea	saussurea	saussurea	saussurea		PROPN
abel	abel	abel	abel		N;MASC;SG
millidge	millidge	millidge	millidge		PROPN
anatolia	anatolie	anatolia	anatolie	N	PROPN
purpurea	purpurea	purpurea	purpurer	N	PROPN
midlands	midlands	midlands	midland	N	PROPN
sterculia	sterculia	sterculia	sterculier	N	PROPN
spam	spam	spam	spam	V	N;MASC;SG
spam	indésirable	spam	indésirable	V	ADJ;MASC;SG
spam	spams	spam	spams	V	N;MASC;PL
westwood	westwood	westwood	westwood		PROPN
barack	barack	barack	barack	V	N;MASC;SG
nitida	nitida	nitida	nitida		PROPN
cardiff	cardiff	cardiff	cardiff	N	PROPN
kerr	kerr	kerr	kerr	N	PROPN
vaccinium	vaccinium	vaccinium	vaccinium	N	PROPN
indo	indo	indo	indo	N	PROPN
videos	vidéos	videos	vidéo		N;FEM;PL
michener	michener	michener	michener		N;MASC;SG
rubra	rubra	rubra	rubra	N	PROPN
chat	discuter	chat	discuter	N	V;NFIN
zen	zen	zen	zen	N	ADJ;MASC;SG
goth	gothique	goth	gothique		ADJ;MASC;SG
goth	gothiques	goth	gothique		ADJ;MASC;PL
goth	gothique	goth	gothique		ADJ;MASC;SG
goth	gothiques	goth	gothique		ADJ;MASC;PL
scarlett	scarlett	scarlett	scarlett		N;FEM;SG
derek	derek	derek	derek	N	PROPN
belgrade	volgograd	belgrade	volgograd	N	PROPN
belgrade	belgrade	belgrade	belgrade	N	PROPN
teresa	teresa	teresa	teresa	N	PROPN
bibliography	bibliographie	bibliography	bibliographie		N;FEM;SG
schaus	schaus	schaus	schau	V	PROPN
tru	hurler	tru	hurler		V;NFIN
tru	hurlement	tru	hurlement		N;MASC;SG
tru	hurlant	tru	hurlant		V;PRS;V.PTCP
tru	hurlements	tru	hurlement		N;MASC;PL
tru	menacer	tru	menacer		V;NFIN
tru	menacent	tru	menacer		V;IND;PL;3;PRS;FIN
tru	tink	tru	tink		PROPN
tru	clochette	tru	clochette		N;FEM;SG
katy	katy	katy	katy		PROPN
jeremy	jérémie	jeremy	jérémie	N	PROPN
jeremy	jeremy	jeremy	jeremy	N	PROPN
jeremy	jérémy	jeremy	jérémy	N	PROPN
léon	léon	léon	léon		N;MASC;SG
nakamura	nakamura	nakamura	nakamura	N	PROPN
veronica	véronique	veronica	véronique		ADJ;MASC;SG
veronica	veronica	veronica	veronica		PROPN
glenn	glenn	glenn	glenn		PROPN
manning	manning	manning	manning	N	PROPN
mận	prune	mận	prune	N	ADJ;FEM;SG
hartmann	hartmann	hartmann	hartmann		PROPN
agrostis	agrostis	agrostis	agrostis		PROPN
firenze	firenze	firenze	firenze	N	PROPN
polish	polonaise	polish	polonais	NUM	ADJ;FEM;SG
polish	polonaises	polish	polonais	NUM	ADJ;FEM;PL
polish	polonais	polish	polonais	NUM	ADJ;MASC;SG
elvis	elvis	elvis	elvis	N	PROPN
tegenaria	tegenaria	tegenaria	tegenaria		PROPN
benson	benson	benson	benson		PROPN
sting	piquer	sting	piquer		V;NFIN
sting	piqûre	sting	piqûre		N;FEM;SG
sting	sting	sting	sting		PROPN
sting	dard	sting	dard		N;MASC;SG
royce	royce	royce	royce		N;FEM;SG
hesse	hesse	hesse	hesse	N	PROPN
mayer	mayer	mayer	mayer		PROPN
marcos	marcos	marcos	marcos		PROPN
greenwood	greenwood	greenwood	greenwood		PROPN
parks	parcs	parks	parc		N;MASC;PL
sưởi	radiateurs	sưởi	radiateur	V	N;MASC;PL
sưởi	poêles	sưởi	poêle	V	N;MASC;PL
fra}}	fra}}	fra}}	fra}}		PROPN
holocaust	holocauste	holocaust	holocauste		ADJ;MASC;SG
lucien	lucien	lucien	lucien		PROPN
arachnida	arachnida	arachnida	arachnida	N	PROPN
reggio	reggio	reggio	reggio	N	PROPN
eriogonum	eriogonum	eriogonum	eriogonum	N	PROPN
hyderabad	hyderabad	hyderabad	hyderabad	N	PROPN
opuntia	opuntia	opuntia	opuntia		PROPN
dion	dion	dion	dion		PROPN
kay	kay	kay	kay		PROPN
paramount	paramount	paramount	paramount	N	PROPN
ellen	hélène	ellen	hélène		N;FEM;SG
ellen	ellen	ellen	ellen		PROPN
benton	benton	benton	benton	N	PROPN
baron	baron	baron	baron		N;MASC;SG
continental	continentale	continental	continental	N	ADJ;FEM;SG
continental	continental	continental	continental	N	ADJ;MASC;SG
continental	continentaux	continental	continental	N	ADJ;MASC;PL
sato	sato	sato	sato		PROPN
rus	rus	rus	rus	N	PROPN
canaria	canaria	canaria	canaria	N	PROPN
kabul	kaboul	kabul	kaboul	N	PROPN
còi	buzzer	còi	buzzer	ADJ	N;MASC;SG
còi	siffle	còi	siffle	ADJ	V;IND;SG;3;PRS;FIN
còi	siffler	còi	siffler	ADJ	V;NFIN
còi	sifflement	còi	sifflement	ADJ	N;MASC;SG
còi	sifflet	còi	sifflet	ADJ	N;MASC;SG
còi	sifflets	còi	sifflet	ADJ	N;MASC;PL
pre	pre	pre	pre	N	
preston	preston	preston	preston	N	PROPN
emi	ime	emi	ime		N;MASC;SG
emi	emi	emi	emi		PROPN
ulithi	ulithi	ulithi	ulithi	N	PROPN
luca	luca	luca	luca	N	PROPN
aria	aria	aria	aria		PROPN
börngen	börngen	börngen	börngen		PROPN
saitama	saitama	saitama	saitama	N	PROPN
jake	jake	jake	jake		N;MASC;SG
ferruginea	ferruginea	ferruginea	ferruginea		N;FEM;SG
bel	bel	bel	beau	N	ADJ;MASC;SG
brabant	brabant	brabant	brabant	N	V;PRS;V.PTCP
brandt	brandt	brandt	brandt		N;MASC;SG
villosa	villosa	villosa	villosa		PROPN
jensen	jensen	jensen	jensen		PROPN
tito	tito	tito	tito		PROPN
herrera	herrera	herrera	herrer		PROPN
fairy	féerique	fairy	féerique		ADJ;MASC;SG
fairy	fées	fairy	fée		N;FEM;PL
fairy	fée	fairy	fée		N;FEM;SG
vahl	vahl	vahl	vahl		PROPN
vale	vale	vale	vale	N	PROPN
berger	berger	berger	berger		N;MASC;SG
vulgaris	vulgaris	vulgaris	vulgaris	N	PROPN
bali	balinais	bali	balinais	N	ADJ;MASC;SG
bali	bali	bali	bali	N	PROPN
malay	malaisien	malay	malaisien	N	ADJ;MASC;SG
malay	malais	malay	malais	N	ADJ;MASC;SG
burke	burke	burke	burke		PROPN
habana	habana	habana	habana	N	PROPN
baldwin	baldwin	baldwin	baldwin	N	PROPN
glauca	glauca	glauca	glauca	N	PROPN
gomez	gomez	gomez	gomer	N	PROPN
gomez	gómez	gomez	gómez	N	PROPN
mills	fraises	mills	fraise		N;FEM;PL
mills	mills	mills	mill		PROPN
mills	moulins	mills	moulin		N;MASC;PL
mills	broyeurs	mills	broyeur		N;MASC;PL
aquila	aquila	aquila	aquila	N	PROPN
riley	riley	riley	riley		PROPN
prain	prain	prain	prain		PROPN
aubl	aubl	aubl	aubl		PROPN
thymus	thymus	thymus	thymus	N	PROPN
kirk	kirk	kirk	kirk		PROPN
villers	villers	villers	viller		N;MASC;SG
dem	dem	dem	dem	N	
bissau	bissau	bissau	bissau		PROPN
warncke	warncke	warncke	warncke		PROPN
cfg	cfg	cfg	cfg		N;MASC;SG
humboldt	humboldt	humboldt	humboldt		N;MASC;SG
mnet	mnet	mnet	mnet	N	PROPN
cincinnati	cincinnati	cincinnati	cincinnatir	N	PROPN
stein	stein	stein	stein		PROPN
jalisco	jalisco	jalisco	jalisco	N	PROPN
linden	linden	linden	linden	N	PROPN
ada	adda	ada	adda		PROPN
ada	ada	ada	ada		PROPN
albion	albion	albion	albion	N	PROPN
wade	wade	wade	wade	N	PROPN
strong	forte	strong	fort		ADJ;FEM;SG
strong	forts	strong	fort		ADJ;MASC;PL
strong	strong	strong	strong		PROPN
strong	fort	strong	fort		ADV
wto	omc	wto	omc		N;MASC;SG
wto	omt	wto	omt		N;MASC;SG
gould	gould	gould	gould		PROPN
morales	morales	morales	moral		ADJ;FEM;PL
campos	campos	campos	campos	N	PROPN
kohl	kohl	kohl	kohl	N	PROPN
gardens	jardins	gardens	jardin		N;MASC;PL
quincy	quincy	quincy	quincy	N	PROPN
ornata	ornata	ornata	ornata	N	PROPN
shizuoka	shizuoka	shizuoka	shizuoka		PROPN
paz	paz	paz	paz		PROPN
dante	dante	dante	dante		N;MASC;SG
pilosa	pilosa	pilosa	pilosa		PROPN
gérard	gérard	gérard	gérard		PROPN
savage	sauvage	savage	sauvage		ADJ;MASC;SG
savage	savage	savage	savage		N;MASC;SG
maculatus	maculatus	maculatus	maculatus	N	PROPN
hogwarts	poudlard	hogwarts	poudlard	V	PROPN
oahu	oahu	oahu	oahu	N	PROPN
moy	moy	moy	moy		
gil	gil	gil	gil	N	PROPN
cabo	cabo	cabo	cabo	N	PROPN
rolls	cylindres	rolls	cylindre		N;MASC;PL
rolls	rouleaux	rolls	rouleau		N;MASC;PL
lviv	lviv	lviv	lviv	NUM	PROPN
summerh	summerh	summerh	summerh		V;NFIN
rehder	rehder	rehder	rehder		PROPN
kota	kota	kota	kota	N	PROPN
bauhinia	bauhinia	bauhinia	bauhinia	N	PROPN
alessandro	alessandro	alessandro	alessandro	N	PROPN
ekman	ekman	ekman	ekman		PROPN
springer	springer	springer	springer	N	PROPN
barnard	barnard	barnard	barnard	N	PROPN
claudius	claudius	claudius	claudius	N	PROPN
tricolor	tricolor	tricolor	tricolor		N;MASC;SG
schulz	schulz	schulz	schulz		PROPN
bari	bari	bari	bari		PROPN
guillaumin	guillaumin	guillaumin	guillaumin	N	PROPN
versicolor	versicolor	versicolor	versicolor	ADJ	PROPN
sturm	sturm	sturm	sturm		PROPN
nathan	nathan	nathan	nathan	N	PROPN
shinsengumi	shinsengumi	shinsengumi	shinsengumi	N	PROPN
turk	turk	turk	turk		PROPN
patricia	patricia	patricia	patricier		PROPN
minutus	minutus	minutus	minutus	N	PROPN
eduard	edouard	eduard	edouard		N;MASC;SG
eduard	eduard	eduard	eduard		PROPN
bufonidae	bufonidae	bufonidae	bufonidae		PROPN
yangon	yangon	yangon	yangon	N	PROPN
yangon	rangoon	yangon	rangoon	N	PROPN
enrique	enrique	enrique	enrique		N;MASC;SG
strike	frappe	strike	frapper	N	V;IND;SG;3;PRS;FIN
strike	frapper	strike	frapper	N	V;NFIN
asperula	asperula	asperula	asperula		PROPN
elymus	elymus	elymus	elymu	V	PROPN
ranger	ranger	ranger	ranger		V;NFIN
bucharest	bucarest	bucharest	bucarest	N	PROPN
konstantinos	constantin	konstantinos	constantin	N	PROPN
konstantinos	constantine	konstantinos	constantin	N	ADJ;FEM;SG
int	int	int	avoir	N	
shelby	shelby	shelby	shelby		PROPN
taken	prises	taken	prendre		V;FEM;PL;PST;V.PTCP
taken	taken	taken	taken		N;MASC;SG
taken	pris	taken	prendre		V;MASC;SG;PST;V.PTCP
taken	prise	taken	prendre		V;FEM;SG;PST;V.PTCP
rufus	rufus	rufus	rufus		PROPN
connor	conner	connor	conner	N	PROPN
connor	connor	connor	connor	N	PROPN
caudata	caudata	caudata	caudata	N	PROPN
hon	hon	hon	hon		
hon	chère	hon	cher		ADJ;FEM;SG
hon	cher	hon	cher		ADJ;MASC;SG
hon	chers	hon	cher		ADJ;MASC;PL
nola	nola	nola	nola	N	PROPN
liechtenstein	liechtenstein	liechtenstein	liechtenstein		N;MASC;SG
shakira	shakira	shakira	shakira	N	PROPN
benoit	benoit	benoit	benir	N	PROPN
rabaul	rabaul	rabaul	rabaul		PROPN
richland	richland	richland	richland	N	PROPN
plain	plaine	plain	plaine		N;FEM;SG
robertson	robertson	robertson	robertson	N	PROPN
ser	ser	ser	ser	N	PROPN
rán	fry	rán	fry	N	PROPN
rán	frire	rán	frire	N	V;NFIN
fungorum	fungorum	fungorum	fungorum	NUM	PROPN
maxon	maxon	maxon	maxon		PROPN
endl	endl	endl	endl		
metropolitan	métropolitain	metropolitan	métropolitain	N	ADJ;MASC;SG
metropolitan	métropolitaine	metropolitan	métropolitain	N	ADJ;FEM;SG
metropolitan	metropolitan	metropolitan	metropolitan	N	PROPN
capparis	capparis	capparis	capparis		PROPN
vendée	vendée	vendée	vendée	N	V;FEM;SG;PST;V.PTCP
tonga	tonga	tonga	tonga	N	PROPN
andaman	andaman	andaman	andaman	N	PROPN
pass	regardez	pass	regarder	N	V;IMP;PL;2;PRS;FIN
pass	montre	pass	montrer	N	V;IND;SG;3;PRS;FIN
pass	regarder	pass	regarder	N	V;NFIN
pass	regarde	pass	regarder	N	V;IND;SG;3;PRS;FIN
pass	passer	pass	passer	N	V;NFIN
pass	passe	pass	passer	N	V;IND;SG;3;PRS;FIN
pass	passent	pass	passer	N	V;IND;PL;3;PRS;FIN
baja	baja	baja	baja	N	PROPN
yeltsin	eltsine	yeltsin	eltsine		N;MASC;SG
lori	lori	lori	lori		PROPN
malacca	malacca	malacca	malacca	N	PROPN
lineata	lineata	lineata	lineata		PROPN
christie	christie	christie	christie	N	PROPN
oeste	oeste	oeste	oeste		PROPN
eremophila	eremophila	eremophila	eremophila	V	PROPN
dominique	dominique	dominique	dominique		ADJ;MASC;SG
garnier	garnier	garnier	garnier		PROPN
ultimate	ultimes	ultimate	ultime		ADJ;MASC;PL
ultimate	ultimate	ultimate	ultimate		PROPN
ultimate	ultime	ultimate	ultime		ADJ;MASC;SG
gleason	gleason	gleason	gleason		PROPN
crimean	crimée	crimean	crimer		V;FEM;SG;PST;V.PTCP
crimean	crimée	crimean	crimer		V;FEM;SG;PST;V.PTCP
quentin	quentin	quentin	quentin		PROPN
marlborough	marlborough	marlborough	marlborough	N	PROPN
uta	uta	uta	uta		PROPN
tours	tournées	tours	tourner	N	V;FEM;PL;PST;V.PTCP
reeder	reeder	reeder	reeder	ADJ	PROPN
girona	gérone	girona	gérone	NUM	N;FEM;SG
girona	girona	girona	girona	NUM	PROPN
hokkaido	hokkaido	hokkaido	hokkaido		PROPN
tales	contes	tales	conte		N;MASC;PL
tales	récits	tales	récit		N;MASC;PL
canadensis	canadensis	canadensis	canadensis	N	PROPN
maldives	maldives	maldives	maldif	N	ADJ;MASC;PL
rennes	rennes	rennes	renne	NUM	PROPN
javier	javier	javier	javier	N	PROPN
brod	brod	brod	brod	NUM	PROPN
sharon	sharon	sharon	sharon		PROPN
rosario	rosario	rosario	rosario		PROPN
rosea	rosea	rosea	rosea	N	PROPN
suite	suite	suite	suite		N;FEM;SG
rollins	rollins	rollins	rollin	N	PROPN
clair	clair	clair	clair		ADJ;MASC;SG
soricomorpha	soricomorpha	soricomorpha	soricomorpha	N	PROPN
woodson	woodson	woodson	woodson		PROPN
antwerp	anvers	antwerp	anvers	N	PROPN
aurea	aurea	aurea	avoir		PROPN
pseudopoda	pseudopoda	pseudopoda	pseudopoda	V	PROPN
jeju	jeju	jeju	jejure	N	PROPN
mirror	miroir	mirror	miroir		N;MASC;SG
mirror	miroirs	mirror	miroir		N;MASC;PL
macrophylla	macrophylla	macrophylla	macrophylla	V	PROPN
potentilla	potentilla	potentilla	potentilla	V	PROPN
aristotle	aristote	aristotle	aristote		N;MASC;SG
maslin	maslin	maslin	maslin		PROPN
ústí	ústí	ústí	ústí	NUM	PROPN
kolkata	kolkata	kolkata	kolkata	N	PROPN
kolkata	calcutta	kolkata	calcutter	N	PROPN
spectabilis	spectabilis	spectabilis	spectabilis		PROPN
riccardia	riccardia	riccardia	riccardier	ADJ	PROPN
pratt	pratt	pratt	prattre	N	PROPN
lindau	lindau	lindau	lindau	N	PROPN
franciscolo	franciscolo	franciscolo	franciscolo		PROPN
kawasaki	kawasaki	kawasaki	kawasaki	N	PROPN
amanda	amanda	amanda	amander	N	PROPN
malcolm	malcolm	malcolm	malcolm		PROPN
joker	joker	joker	joker		N;MASC;SG
joker	guignol	joker	guignol		N;MASC;SG
joker	farceur	joker	farceur		N;MASC;SG
yves	yves	yves	yve		PROPN
mrkos	mrkos	mrkos	mrko		N;MASC;SG
winchester	winchester	winchester	winchester		V;NFIN
cnn	cnn	cnn	cnn	N	PROPN
guillaume	guillaume	guillaume	guillaume	N	PROPN
sericea	sericea	sericea	sericea		PROPN
cúi	virage	cúi	virage	V	N;MASC;SG
juss	juss	juss	juss		PROPN
thây	zombies	thây	zombies		N;MASC;PL
kant	kant	kant	kant	N	PROPN
japonicus	japonicus	japonicus	japonicus	N	PROPN
trifolium	trifolium	trifolium	trifolium		PROPN
tanikawa	tanikawa	tanikawa	tanikawa		PROPN
fallax	fallax	fallax	fallax		PROPN
chronicle	chroniques	chronicle	chronique		N;FEM;PL
chronicle	chronique	chronicle	chronique		N;FEM;SG
pumila	pumila	pumila	pumila		PROPN
birdlife	birdlife	birdlife	birdlife	N	PROPN
turku	turku	turku	turku	NUM	PROPN
bradford	bradford	bradford	bradford		PROPN
gaius	gaius	gaius	gaiu	N	PROPN
gaius	caius	gaius	caius	N	PROPN
seki	seki	seki	seki	N	PROPN
ekaterina	ekaterina	ekaterina	ekateriner	N	PROPN
populus	populus	populus	populus	N	PROPN
shark	shark	shark	shark	N	PROPN
flagstaff	flagstaff	flagstaff	flagstaff	N	PROPN
ein	ein	ein	ein	N	
messina	messine	messina	messine	N	PROPN
ramírez	ramírez	ramírez	ramíre		PROPN
kanagawa	kanagawa	kanagawa	kanagawa		PROPN
scorea	scorea	scorea	scorea		PROPN
dae	dae	dae	dae	N	PROPN
dae	eda	dae	eda	N	PROPN
altlink	altlink	altlink	altlink		PROPN
erwin	erwin	erwin	erwin	N	PROPN
belfast	belfast	belfast	belfast	N	PROPN
linn	linn	linn	linn	N	PROPN
picta	picta	picta	picta		PROPN
joy	joy	joy	joy	N	PROPN
verdun	verdun	verdun	verdun	N	PROPN
macau	macao	macau	macao	N	PROPN
sint	sint	sint	sint	N	PROPN
tyrannidae	tyrannidae	tyrannidae	tyrannidae	N	PROPN
erysimum	erysimum	erysimum	erysimum		PROPN
argia	argia	argia	argia		PROPN
hare	lièvre	hare	lièvre		N;MASC;SG
hare	hare	hare	hare		PROPN
jasper	jasper	jasper	jasper	N	PROPN
tristis	tristis	tristis	tristis		PROPN
plata	plata	plata	plata	N	PROPN
phở	pho	phở	pho	N	
trafford	trafford	trafford	trafford	N	PROPN
sum	somme	sum	somme		N;FEM;SG
sum	sum	sum	sum		
swiss	suisse	swiss	suisse	N	ADJ;MASC;SG
aconitum	aconitum	aconitum	aconitum		PROPN
chin	chin	chin	chin	N	PROPN
clemson	clemson	clemson	clemson	N	PROPN
himmler	himmler	himmler	himmler		N;MASC;SG
ahn	ivanov	ahn	ivanov	N	PROPN
ahn	ahn	ahn	ahn	N	PROPN
valenciennes	valenciennes	valenciennes	valencien	N	ADJ;FEM;PL
muang	muang	muang	muang	N	PROPN
düsseldorf	düsseldorf	düsseldorf	düsseldorf	NUM	PROPN
düsseldorf	düsseldorf	düsseldorf	düsseldorf	NUM	PROPN
maha	maha	maha	maha	N	PROPN
usda	usda	usda	usda	N	ADJ;MASC;SG
lives	vies	lives	vie		N;FEM;PL
tyson	tyson	tyson	tyson	N	PROPN
sonic	sonic	sonic	sonic	N	PROPN
sonic	sonique	sonic	sonique	N	ADJ;MASC;SG
johor	johor	johor	johor	N	PROPN
agm	agm	agm	agm		N;FEM;SG
agm	aga	agm	aga		N;MASC;SG
dượng	vernon	dượng	vernon	N	PROPN
cecil	cecil	cecil	cecil		PROPN
larvae	larve	larvae	larve	ADJ	N;FEM;SG
larvae	larves	larvae	larve	ADJ	N;FEM;PL
besançon	besançon	besançon	besançon		N;MASC;SG
javascript	javascript	javascript	javascript	N	INTJ
takeda	takeda	takeda	takeda		PROPN
adventures	aventures	adventures	aventure		N;FEM;PL
ryū	ryū	ryū	ryū		PROPN
kagoshima	kagoshima	kagoshima	kagoshima		PROPN
tallinn	tallinn	tallinn	tallinn	N	PROPN
vito	vito	vito	vito		PROPN
peruviana	peruviana	peruviana	peruviana		PROPN
varese	varese	varese	varese	NUM	N;FEM;SG
sparrow	sparrow	sparrow	sparrow	N	PROPN
origins	origine	origins	origine		N;FEM;SG
origins	origines	origins	origine		N;FEM;PL
banh	ball	banh	ball	N	PROPN
yucatán	yucatán	yucatán	yucatán	N	PROPN
heli	hélium	heli	hélium		N;MASC;SG
wakayama	wakayama	wakayama	wakayama	N	PROPN
orléans	orléans	orléans	orléan		N;MASC;SG
amazonas	amazonas	amazonas	amazonas	N	PROPN
lutea	lutea	lutea	lutea		PROPN
almería	almería	almería	almería	N	PROPN
ponte	ponte	ponte	ponte	N	PROPN
agamidae	agamidae	agamidae	agamidae		PROPN
martínez	martínez	martínez	martíne	N	PROPN
jma	jma	jma	jma		PROPN
lamarck	lamarck	lamarck	lamarck		PROPN
craugastor	craugastor	craugastor	craugastor		PROPN
btr	btr	btr	btr		N;MASC;SG
leslie	leslie	leslie	leqlie		PROPN
kirby	kirby	kirby	kirby		PROPN
catasetum	catasetum	catasetum	catasetum	N	PROPN
mustafa	mustapha	mustafa	mustapha	N	PROPN
mustafa	mustafa	mustafa	mustafa	N	PROPN
zona	zona	zona	zona	N	PROPN
pittsburgh	pittsburgh	pittsburgh	pittsburgh		N;MASC;PL
saladin	saladin	saladin	saladin	N	PROPN
nigrescens	nigrescens	nigrescens	nigrescens	N	PROPN
weimar	weimar	weimar	weimar	N	PROPN
synonym	synonyme	synonym	synonyme		ADJ;MASC;SG
synonym	synonymes	synonym	synonyme		N;MASC;PL
yoshida	yoshida	yoshida	yoshida		PROPN
vaughan	vaughan	vaughan	vaughan		PROPN
seydlitz	seydlitz	seydlitz	seydlitz	N	PROPN
esp}}	esp}}	esp}}	esp}}		PROPN
pallas	pallas	pallas	pallas	N	PROPN
seth	seth	seth	set		PROPN
regia	regia	regia	regia		PROPN
pao	pao	pao	pao	N	PROPN
mega	méga	mega	méga		N;MASC;SG
mega	mega	mega	mega		N;MASC;SG
mindanao	mindanao	mindanao	mindanao	N	PROPN
nigricans	nigricans	nigricans	nigrican		PROPN
claire	claire	claire	clair		ADJ;FEM;SG
maru	maru	maru	maru	N	PROPN
trias	trias	trias	trias		N;MASC;SG
mallinella	mallinella	mallinella	mallinella	N	PROPN
meridionalis	meridionalis	meridionalis	meridionalis	ADJ	N;MASC;SG
hessen	hesse	hessen	hesse	N	PROPN
africanus	africanus	africanus	africanus	N	PROPN
heliconia	heliconia	heliconia	heliconia		PROPN
montréal	montréal	montréal	montréal		N;MASC;SG
montréal	montreal	montréal	montreal		PROPN
makoto	makoto	makoto	makoto		PROPN
dubia	dubia	dubia	dubia		PROPN
thank	remercier	thank	remercier		V;NFIN
jesse	jesse	jesse	jesse	N	PROPN
walsh	walsh	walsh	walsh	N	PROPN
hey	salut	hey	salut		N;MASC;SG
hey	hé	hey	hé		
hey	hey	hey	hey		
adrian	adrien	adrian	adrien	N	PROPN
adrian	adrian	adrian	adrian	N	PROPN
indicus	indicus	indicus	indicu	N	PROPN
xylocopa	xylocopa	xylocopa	xylocopa	V	PROPN
kagome	kagome	kagome	kagome		PROPN
prescott	prescott	prescott	prescott	N	PROPN
ark	arche	ark	arche		N;FEM;SG
ark	ark	ark	ark		PROPN
albrecht	albrecht	albrecht	albrecht	N	PROPN
marsh	marsh	marsh	marsh	N	PROPN
govaerts	govaerts	govaerts	govaert		PROPN
suwon	suwon	suwon	suwon	N	PROPN
gómez	gomez	gómez	gomer	V	PROPN
gómez	gómez	gómez	gómez	V	PROPN
gómez	gómez	gómez	gómez	V	PROPN
leach	lixiviation	leach	lixiviation		N;FEM;SG
leach	leach	leach	leach		PROPN
višnjan	višnjan	višnjan	višnjan		PROPN
české	české	české	české	NUM	PROPN
olga	olga	olga	olga		PROPN
carnegie	carnegie	carnegie	carnegie		N;MASC;SG
kwon	kwon	kwon	kwon	N	PROPN
dyar	dyar	dyar	dyar		PROPN
yamaguchi	yamaguchi	yamaguchi	yamaguchi	N	PROPN
brit	britt	brit	britt	N	PROPN
rod	baguette	rod	baguette		N;FEM;SG
rod	rod	rod	rod		PROPN
rod	canne	rod	canne		N;FEM;SG
rod	tige	rod	tige		N;FEM;SG
bờm	mane	bờm	mane	N	INTJ
crepis	crepis	crepis	crepis	V	PROPN
hermione	hermione	hermione	hermione		PROPN
zeno	zeno	zeno	zeno	N	PROPN
mussolini	mussolini	mussolini	mussolini	N	PROPN
amazing	incroyable	amazing	incroyable	N	ADJ;MASC;SG
amazing	extraordinaire	amazing	extraordinaire	N	ADJ;MASC;SG
amazing	amazing	amazing	amazing	N	V
amazing	étonnant	amazing	étonner	N	ADJ;MASC;SG
nhờn	grasse	nhờn	gras	N	ADJ;FEM;SG
nhờn	huileux	nhờn	huileux	N	ADJ;MASC;SG
nhờn	grasse	nhờn	gras	N	ADJ;FEM;SG
nhờn	graisseux	nhờn	graisseux	N	ADJ;MASC;SG
joshua	joshua	joshua	joshue	N	PROPN
earl	earl	earl	earl		PROPN
earl	comte	earl	comte		N;MASC;SG
demetrios	demetrius	demetrios	demetrius	N	PROPN
amber	amber	amber	amber		PROPN
amber	ambre	amber	ambre		N;FEM;SG
nhk	nhk	nhk	nhk	N	PROPN
montevideo	montevideo	montevideo	montevideo	N	PROPN
combretum	combretum	combretum	combretum	N	PROPN
hoon	hoon	hoon	hoon	N	PROPN
kenny	kenny	kenny	kenny		PROPN
pallidus	pallidus	pallidus	pallidus		PROPN
hanoi	hanoï	hanoi	hanoï		N;MASC;SG
hanoi	hanoi	hanoi	hanoi		N;MASC;SG
richter	richter	richter	richter	N	PROPN
gamble	gamble	gamble	gamble	N	PROPN
shiki	shiki	shiki	shiki	N	PROPN
kurd	kurdes	kurd	kurd	N	ADJ;MASC;PL
kurd	kurde	kurd	kurde	N	ADJ;MASC;SG
mercer	mercer	mercer	mercer	N	PROPN
bethlehem	bethléem	bethlehem	bethléem	N	V;MASC;SG;PST;V.PTCP
invincible	invincible	invincible	invincible		ADJ;MASC;SG
invincible	invincibles	invincible	invincible		ADJ;MASC;PL
sidi	sidi	sidi	sidi	N	PROPN
mainz	mayence	mainz	mayence	N	PROPN
pygmaea	pygmaea	pygmaea	pygmaea		PROPN
moure	moure	moure	moure		PROPN
tracy	tracy	tracy	tracy		PROPN
lactuca	lactuca	lactuca	lactuca	N	PROPN
lacon	lacon	lacon	lacon		PROPN
blanchard	blanchard	blanchard	blanchard		PROPN
mickey	mickey	mickey	mickey	N	PROPN
natalensis	natalensis	natalensis	natalensis	N	PROPN
uesac	uesac	uesac	uesac		PROPN
xml	xml	xml	xml		N;MASC;SG
antigua	antigua	antigua	antigua	N	PROPN
claudia	claudia	claudia	claudia	N	PROPN
shogun	shogun	shogun	shogun		N;MASC;SG
aung	aung	aung	aung	N	PROPN
toei	toei	toei	toei		PROPN
dynamics	dynamiques	dynamics	dynamique	N	ADJ;MASC;PL
dynamics	dynamique	dynamics	dynamique	N	ADJ;MASC;SG
disa	disa	disa	dire	N	PROPN
stella	stella	stella	stella		PROPN
sunda	sunda	sunda	sunda	N	PROPN
baku	bakou	baku	bakou	N	PROPN
car	voitures	car	voiture		N;FEM;PL
car	voiture	car	voiture		N;FEM;SG
eduardo	eduardo	eduardo	eduardo	N	PROPN
sedis	sedis	sedis	sedi	N	PROPN
elliot	elliot	elliot	elliot		PROPN
pasteur	pasteur	pasteur	pasteur		N;MASC;SG
albany	albany	albany	albany	N	PROPN
decipiens	decipiens	decipiens	decipien	V	PROPN
bloch	bloch	bloch	bloch	N	PROPN
yoga	yoga	yoga	yoga	V	N;MASC;SG
gundam	gundam	gundam	gundam	N	PROPN
mat	alimentaire	mat	alimentaire	N	ADJ;MASC;SG
nuevo	nuevo	nuevo	nuevo	N	PROPN
nol	nol	nol	nol	N	PROPN
prószyński	prószyński	prószyński	prószyński	ADJ	PROPN
rufa	rufa	rufa	rufa	N	PROPN
gsub	gsub	gsub	gsub		
asp	asp	asp	asp		N;MASC;SG
penny	penny	penny	penny	N	PROPN
shadab	shadab	shadab	shadab	N	PROPN
yuki	yuki	yuki	yuki		PROPN
blackwall	blackwall	blackwall	blackwall		PROPN
sunni	sunnites	sunni	sunnite	N	ADJ;MASC;PL
sunni	sunnite	sunni	sunnite	N	ADJ;MASC;SG
eve	ève	eve	ève		PROPN
eve	eve	eve	eve		PROPN
minamoto	minamoto	minamoto	minamoto	N	PROPN
hacker	hacker	hacker	hacker		N;MASC;SG
hacker	pirate	hacker	pirate		N;MASC;SG
hacker	pirates	hacker	pirate		N;MASC;PL
hacker	hackers	hacker	hacker		N;MASC;PL
hacker	hacker	hacker	hacker		N;MASC;SG
hacker	piratage	hacker	piratage		N;MASC;SG
hacker	pirater	hacker	pirater		V;NFIN
hacker	hack	hacker	hack		N;MASC;SG
sendai	sendai	sendai	sendai		PROPN
tiberius	tibère	tiberius	tibère	N	PROPN
christophe	christophe	christophe	christophe		N;MASC;SG
ming	ming	ming	ming	N	PROPN
engels	engels	engels	engel	N	PROPN
znojmo	znojmo	znojmo	znojmo	NUM	PROPN
xúi	poisse	xúi	poisser	V	N;FEM;SG
xúi	jinx	xúi	jinx	V	PROPN
lynn	lynn	lynn	lynn	N	PROPN
olomouc	olomouc	olomouc	olomouc		PROPN
durham	durham	durham	durham	N	PROPN
chae	chae	chae	chae	N	PROPN
chong	chong	chong	chong	N	PROPN
hót	chanter	hót	chanter	N	V;NFIN
hót	chante	hót	chanter	N	V;IND;SG;3;PRS;FIN
coloma	coloma	coloma	coloma	N	PROPN
thor	thors	thor	thor	N	PROPN
padova	padoue	padova	padoue	N	PROPN
padova	padoue	padova	padoue	N	PROPN
ovata	ovata	ovata	ovata	N	PROPN
incertae	incertae	incertae	incertae	N	PROPN
ruby	ruby	ruby	ruby		PROPN
ruby	rubis	ruby	rubis		N;MASC;SG
dwight	dwight	dwight	dwight	N	PROPN
selena	salina	selena	salina		PROPN
selena	selena	selena	selena		PROPN
comoros	comores	comoros	comore	N	ADJ;MASC;PL
fulton	fulton	fulton	fulton		PROPN
palustris	palustris	palustris	palustris	N	PROPN
xavier	xavier	xavier	xavier		PROPN
candy	bonbon	candy	bonbon		N;MASC;SG
candy	sucrerie	candy	sucrerie		N;FEM;SG
candy	bonbons	candy	bonbon		N;MASC;PL
sheridan	sheridan	sheridan	sheridan		PROPN
pauly	pauly	pauly	pauly	N	PROPN
broun	broun	broun	broun		PROPN
griffin	griffin	griffin	griffin		PROPN
griffin	griffon	griffin	griffon		N;MASC;SG
menzies	menzies	menzies	menzie		PROPN
konstantin	constantin	konstantin	constantin		PROPN
konstantin	konstantin	konstantin	konstantin		PROPN
boa	boa	boa	boa		PROPN
cube	cube	cube	cube		N;MASC;SG
cube	cubique	cube	cubique		ADJ;MASC;SG
r}}	r}}	r}}	r}}		
emil	emil	emil	emil	N	PROPN
rahman	rahman	rahman	rahman	V	PROPN
glen	glen	glen	glen		PROPN
glen	vallon	glen	vallon		N;MASC;SG
klaus	klaus	klaus	klau	N	PROPN
corinna	corinna	corinna	corinder	N	PROPN
benz	benz	benz	benz		PROPN
hampton	hampton	hampton	hampton		N;MASC;PL
chandler	chandler	chandler	chandler		PROPN
williamson	williamson	williamson	williamson		PROPN
pers	pers	pers	pers	N	ADJ;MASC;SG
göring	goering	göring	goering		PROPN
göring	göring	göring	göring		PROPN
nordrhein	nordrhein	nordrhein	nordrhein	V	PROPN
samar	samar	samar	samar	N	PROPN
quinn	quinn	quinn	quinn		PROPN
taira	taira	taira	taire	N	PROPN
castel	castel	castel	castel	N	PROPN
sumer	sumérien	sumer	sumérien	N	ADJ;MASC;SG
irene	irene	irene	irene		PROPN
irene	irène	irene	irène		N;FEM;SG
cartoon	cartoon	cartoon	cartoon		N;MASC;SG
penang	penang	penang	penang		PROPN
gớm	inflammatoire	gớm	inflammatoire	PART	ADJ;MASC;SG
gớm	inflammation	gớm	inflammation	PART	N;FEM;SG
gớm	inflammations	gớm	inflammation	PART	N;FEM;PL
zeller	zeller	zeller	zeller		PROPN
scheer	scheer	scheer	scheer		PROPN
kahn	kahn	kahn	kahn	N	PROPN
toro	toro	toro	toro	N	PROPN
gaon	gaon	gaon	gaon	NUM	PROPN
sủa	écorce	sủa	écorce	ADJ	N;FEM;SG
sủa	aboyer	sủa	aboyer	ADJ	V;NFIN
sủa	écorces	sủa	écorce	ADJ	N;FEM;PL
sủa	aboie	sủa	aboie	ADJ	V;IND;SG;3;PRS;FIN
sủa	aboyer	sủa	aboyer	ADJ	V;NFIN
carr	carr	carr	carr		PROPN
betty	betty	betty	betty		INTJ
wilkinson	wilkinson	wilkinson	wilkinson		PROPN
cholesterol	cholestérol	cholesterol	cholestérol	V	N;MASC;SG
constantinople	constantinople	constantinople	constantinople		N;MASC;SG
allmusic	allmusic	allmusic	allmusic	N	PROPN
ancona	ancône	ancona	ancône	N	PROPN
ancona	ancona	ancona	ancona	N	PROPN
tran	tran	tran	tran	N	
madeira	madère	madeira	madère	N	PROPN
bath	bains	bath	bain		N;MASC;PL
bath	baignoire	bath	baignoire		N;FEM;SG
bath	bain	bath	bain		N;MASC;SG
bath	bath	bath	bath		PROPN
cristata	cristata	cristata	cristata	N	PROPN
medici	médicis	medici	médicis	N	PROPN
gien	gene	gien	gene	N	PROPN
cornwall	cornwall	cornwall	cornwall	N	PROPN
uae	uae	uae	uae	N	PROPN
confusa	confusa	confusa	confuser	N	PROPN
luzula	luzula	luzula	luzula	N	PROPN
androsace	androsace	androsace	androsace		N;FEM;SG
bremer	bremer	bremer	bremer	N	PROPN
hormone	hormonaux	hormone	hormonal	N	ADJ;MASC;PL
hormone	hormonaux	hormone	hormonal	N	ADJ;MASC;PL
udine	udine	udine	udine	NUM	PROPN
michx	michx	michx	michx		PROPN
kan	kan	kan	kan	N	
gập	pliage	gập	pliage	V	N;MASC;SG
lens	lens	lens	lens		N;MASC;SG
lens	objectif	lens	objectif		N;MASC;SG
lens	lentille	lens	lentille		N;FEM;SG
lens	lentilles	lens	lentille		N;FEM;PL
lens	fuite	lens	fuite		N;FEM;SG
lens	fuites	lens	fuite		N;FEM;PL
beirut	beyrouth	beirut	beyrouth	N	PROPN
hahn	hahn	hahn	hahn	N	PROPN
yamada	yamada	yamada	yamada		PROPN
linearis	linearis	linearis	linearis		PROPN
carabus	carabus	carabus	carabus	N	PROPN
andersson	andersson	andersson	andersson	N	PROPN
elip	elliptique	elip	elliptique	N	ADJ;MASC;SG
willem	willem	willem	willem	N	PROPN
luigi	luigi	luigi	luigi		PROPN
polygonum	polygonum	polygonum	polygonum		PROPN
boone	boone	boone	boone		PROPN
tetramorium	tetramorium	tetramorium	tetramorium	V	PROPN
reo	doute	reo	doute	V	N;MASC;SG
reo	doutes	reo	doute	V	N;MASC;PL
reo	sonnerie	reo	sonnerie	V	N;FEM;SG
garrison	garrison	garrison	garrison		PROPN
garrison	garnison	garrison	garnison		N;FEM;SG
brunnea	brunnea	brunnea	brunnea		PROPN
khun	khun	khun	khun	N	PROPN
sidney	sidney	sidney	sidney		PROPN
repens	repens	repens	repens	V	INTJ
musashi	musashi	musashi	musashi	N	PROPN
bosmans	bosmans	bosmans	bosman	N	PROPN
pluto	pluton	pluto	pluton	N	PROPN
lexikon	lexikon	lexikon	lexikon		
shizuka	shizuka	shizuka	shizuka	N	PROPN
lindsey	lindsey	lindsey	lindsey		N;FEM;SG
hyundai	hyundai	hyundai	hyundai		N;MASC;SG
direct	directe	direct	direct		ADJ;FEM;SG
direct	directement	direct	directement		ADV
direct	direct	direct	direct		ADJ;MASC;SG
direct	directs	direct	direct		ADJ;MASC;PL
primula	primula	primula	primula		PROPN
hochst	hochst	hochst	hochst		PROPN
craven	craven	craven	craven		PROPN
kato	kato	kato	kato	N	PROPN
nomura	nomura	nomura	nomura	V	PROPN
diane	diane	diane	diane		N;FEM;SG
thrace	thrace	thrace	thrace	N	PROPN
rivière	rivière	rivière	rivière		N;FEM;SG
borealis	borealis	borealis	borealis		PROPN
anders	anders	anders	ander	N	PROPN
sugar	sucre	sugar	sucre		N;MASC;SG
sugar	sucres	sugar	sucre		N;MASC;PL
evarcha	evarcha	evarcha	evarcha	N	PROPN
doc	doc	doc	doc		N;MASC;SG
doc	toubib	doc	toubib		N;MASC;SG
dianthus	dianthus	dianthus	dianthus	N	PROPN
budějovice	budějovice	budějovice	budějovice	NUM	ADJ;MASC;SG
kyushu	kyushu	kyushu	kyushu	N	PROPN
phidippus	phidippus	phidippus	phidippus	V	PROPN
turing	turing	turing	turing		N;MASC;SG
talbot	talbot	talbot	talbot		PROPN
admiralty	amirauté	admiralty	amirauté		N;MASC;SG
cattleya	cattleya	cattleya	cattleya	N	PROPN
kyle	kyle	kyle	kyle		PROPN
emerton	emerton	emerton	emerton	V	PROPN
dale	dale	dale	dale		PROPN
gloria	gloria	gloria	gloria		PROPN
oder	oder	oder	oder	V	PROPN
shannon	shannon	shannon	shannon		PROPN
cayman	calgary	cayman	calgary	N	PROPN
cayman	cayman	cayman	cayman	N	PROPN
martinique	martinique	martinique	martinique	N	ADJ;MASC;SG
villiers	villiers	villiers	villier		N;MASC;SG
gotha	gotha	gotha	gotha		N;MASC;SG
wanda	wanda	wanda	wanda	N	PROPN
wilcox	wilcox	wilcox	wilcox		PROPN
martino	martino	martino	martino		PROPN
obscurus	obscurus	obscurus	obscurus		PROPN
budde	budde	budde	budde		PROPN
friedman	friedman	friedman	friedman		PROPN
canescens	canescens	canescens	canescen	ADJ	PROPN
vanessa	vanessa	vanessa	vanessa		N;FEM;SG
baghdad	bagdad	baghdad	bagdad	N	PROPN
haas	haas	haas	haas	N	PROPN
ryukyu	ryukyu	ryukyu	ryukyu	N	PROPN
kanon	kanon	kanon	kanon		PROPN
schwartz	schwarz	schwartz	schwarz		PROPN
schwartz	schwartz	schwartz	schwartz		PROPN
hohenzollern	hohenzollern	hohenzollern	hohenzollern	V	PROPN
para	para	para	para	N	PROPN
howell	howell	howell	howell		PROPN
tolstoy	tolstoï	tolstoy	tolstoï	N	PROPN
palawan	palawan	palawan	palawan	N	PROPN
jupiter	jupiter	jupiter	jupiter	N	PROPN
velvet	velvet	velvet	velvet		N;MASC;SG
velvet	velours	velvet	velours		N;MASC;SG
violacea	violacea	violacea	violacea		PROPN
mia	mia	mia	mia		PROPN
alfonso	alfonso	alfonso	alfonso	N	PROPN
lara	lara	lara	lara		PROPN
bromley	bromley	bromley	bromley		N;MASC;SG
djibouti	djibouti	djibouti	djibouti	N	PROPN
hattori	hattori	hattori	hattori	N	PROPN
training	formation	training	formation	DET	N;FEM;SG
training	entraînement	training	entraînement	DET	N;MASC;SG
musa	musa	musa	musa	N	PROPN
bromus	bromus	bromus	bromus	N	PROPN
acta	acta	acta	acta	N	PROPN
akb	akb	akb	akb		
californica	californica	californica	californica	N	PROPN
marcello	marcello	marcello	marcello	N	PROPN
gilles	gilles	gilles	gille		PROPN
shogakukan	shōgakukan	shogakukan	shōgakukan	N	PROPN
robustus	robustus	robustus	robustu		PROPN
jharkhand	jharkhand	jharkhand	jharkhand	N	PROPN
shepard	shepard	shepard	shepard		PROPN
microphylla	microphylla	microphylla	microphylla	V	PROPN
zanzibar	zanzibar	zanzibar	zanzibar	N	PROPN
lil	lil	lil	lil		
dmitry	dmitry	dmitry	dmitry	N	PROPN
boisduval	boisduval	boisduval	boisduval		PROPN
cowan	cowan	cowan	cowan	N	PROPN
randolph	randolph	randolph	randolph		PROPN
oakland	oakland	oakland	oakland	N	PROPN
toscana	toscane	toscana	toscane	N	ADJ;FEM;SG
aurelius	aurelius	aurelius	aurelius	N	PROPN
antioquia	antioquia	antioquia	antioquia	N	PROPN
sheikh	cheikh	sheikh	cheikh	N	PROPN
sheikh	sheikh	sheikh	sheikh	N	PROPN
kottelat	kottelat	kottelat	kottelat	N	PROPN
andorra	podgorica	andorra	podgorica	N	PROPN
olympique	olympique	olympique	olympique	N	ADJ;MASC;SG
benedict	benedict	benedict	benedict	N	PROPN
palmer	palmer	palmer	palmer	N	PROPN
irving	irving	irving	irving		PROPN
trau	marre	trau	marre	V	N;FEM;SG
bison	bison	bison	bison		N;MASC;SG
bison	bisons	bison	bison		N;MASC;PL
medeiros	medeiros	medeiros	medeiro	N	PROPN
lat	lat	lat	lat	N	
lat	paresseuse	lat	paresseuse	N	ADJ;FEM;SG
lat	feignant	lat	feigner	N	V;PRS;V.PTCP
lat	fainéant	lat	fainer	N	ADJ;MASC;SG
lat	paresseux	lat	paresseux	N	ADJ;MASC;SG
ferula	ferula	ferula	ferula		PROPN
coruña	coruña	coruña	coruña		PROPN
crane	grue	crane	grue		N;FEM;SG
crane	crane	crane	crane		N;MASC;SG
fulva	fulva	fulva	fulva		PROPN
nobilis	nobilis	nobilis	nobilis	N	PROPN
darren	darren	darren	darren	N	PROPN
duméril	duméril	duméril	duméril		PROPN
beaver	beaver	beaver	beaver		N;MASC;SG
beaver	castors	beaver	castor		N;MASC;PL
beaver	castor	beaver	castor		N;MASC;SG
paulus	paulus	paulus	paulus	N	PROPN
chopin	chopin	chopin	chopin	V	N;MASC;SG
canterbury	canterbury	canterbury	canterbury		PROPN
gerhard	gerhard	gerhard	gerhard		PROPN
ariel	ariel	ariel	ariel		PROPN
fujiwara	fujiwara	fujiwara	fujiwara	N	PROPN
fasciatus	fasciatus	fasciatus	fasciatus	N	PROPN
maxima	maxima	maxima	maxima	N	PROPN
indie	indie	indie	indie		N;MASC;SG
konrad	konrad	konrad	konrad		PROPN
castillo	castillo	castillo	castillo		PROPN
championships	championnats	championships	championnat	V	N;MASC;PL
animax	animax	animax	animax	N	PROPN
beograd	belgrade	beograd	belgrade	N	PROPN
martha	martha	martha	martha		PROPN
martha	marthe	martha	marthe		N;FEM;SG
bloom	fleurir	bloom	fleurir		V;NFIN
bloom	floraison	bloom	floraison		N;FEM;SG
bloom	bloom	bloom	bloom		PROPN
marius	marius	marius	marius		PROPN
espírito	espírito	espírito	espírito		PROPN
helmut	helmut	helmut	helmut	N	PROPN
kure	kure	kure	kure		PROPN
khuya	tardive	khuya	tardif	N	ADJ;FEM;SG
khuya	tardif	khuya	tardif	N	ADJ;MASC;SG
khuya	tard	khuya	tard	N	ADV
niken	nickel	niken	nickel	N	ADJ;MASC;SG
kimi	kimi	kimi	kimi	N	PROPN
maui	maui	maui	maui	N	PROPN
tone	tonalité	tone	tonalité		N;FEM;SG
tone	tonus	tone	tonus		N;MASC;SG
michoacán	michoacán	michoacán	michoacán	V	ADJ;MASC;SG
calédonie	calédonie	calédonie	calédonie		N;FEM;SG
ferrari	ferrari	ferrari	ferrari	N	PROPN
stan	stan	stan	stan		PROPN
rebel	rebelles	rebel	rebelle		N;MASC;PL
rebel	rebel	rebel	rebel		
rebel	rebelle	rebel	rebelle		ADJ;MASC;SG
regina	regina	regina	reginer		PROPN
laporte	laporte	laporte	laport		N;MASC;SG
cherry	cherry	cherry	cherry		PROPN
cherry	cerisier	cherry	cerisier		N;MASC;SG
cherry	cerise	cherry	cerise		N;FEM;SG
cherry	cerises	cherry	cerise		N;FEM;PL
cherry	cerises	cherry	cerise		N;FEM;PL
scout	scout	scout	scout		N;MASC;SG
scout	éclaireur	scout	éclaireur		N;MASC;SG
pereira	pereira	pereira	pereire	N	PROPN
borneensis	borneensis	borneensis	borneensis		PROPN
interscope	interscope	interscope	interscope	V	N;MASC;SG
orissa	orissa	orissa	orisser	N	PROPN
bruxelles	bruxelles	bruxelles	bruxelle	N	ADJ;MASC;PL
bruxelles	bruxelles	bruxelles	bruxelle	N	ADJ;MASC;PL
gaston	gaston	gaston	gaston		N;MASC;SG
clannad	clannad	clannad	clannad		N;MASC;SG
citation	citation	citation	citation		N;FEM;SG
sakai	sakai	sakai	sakai		PROPN
plethodontidae	plethodontidae	plethodontidae	plethodontidae	V	N;FEM;SG
fairey	fairey	fairey	fairey	N	PROPN
chuck	chuck	chuck	chuck		PROPN
dora	dora	dora	dora	N	PROPN
aerospace	aérospatial	aerospace	aérospatial	N	ADJ;MASC;SG
aerospace	aérospatiale	aerospace	aérospatial	N	ADJ;FEM;SG
aerospace	aéronautique	aerospace	aéronautique	N	ADJ;MASC;SG
benn	benn	benn	benn		PROPN
donau	donau	donau	donau	N	PROPN
punctatus	punctatus	punctatus	punctatus		PROPN
dengeki	dengeki	dengeki	dengeki		N;MASC;SG
romagna	romagne	romagna	romagner		N;FEM;SG
bergen	bergen	bergen	bergen	N	PROPN
hora	hora	hora	hora	NUM	PROPN
schinz	schinz	schinz	schinz		PROPN
laevis	laevis	laevis	laevis		PROPN
scottish	ecossais	scottish	ecossais	NUM	ADJ;MASC;SG
scottish	écossaise	scottish	écossais	NUM	ADJ;FEM;SG
scottish	écossais	scottish	écossais	NUM	ADJ;MASC;SG
sagar	sagar	sagar	sagar		PROPN
gajbe	gajbe	gajbe	gajbe		PROPN
turkish	turques	turkish	turc		ADJ;FEM;PL
turkish	turque	turkish	turc		ADJ;FEM;SG
turkish	turc	turkish	turc		ADJ;MASC;SG
turkish	turcs	turkish	turc		N;MASC;PL
trinity	trinity	trinity	trinity	NUM	PROPN
trinity	trinité	trinity	trinité	NUM	N;FEM;SG
alur	alur	alur	alur		N;MASC;SG
roche	roche	roche	roche		N;FEM;SG
parva	parva	parva	parva		PROPN
kafka	kafka	kafka	kafka	N	PROPN
sonora	sonora	sonora	sonorer		PROPN
leiden	leyde	leiden	leyde	N	PROPN
truncata	truncata	truncata	truncata		PROPN
hubert	hubert	hubert	hubert		N;MASC;SG
thwaites	thwaites	thwaites	thwait	N	PROPN
gagea	gagea	gagea	gager		PROPN
bertrand	bertrand	bertrand	bertrand		PROPN
turin	turin	turin	turin	NUM	PROPN
tibialis	tibialis	tibialis	tibialis		PROPN
sylvia	sylvia	sylvia	sylvia	N	PROPN
sylvia	sylvie	sylvia	sylvie	N	PROPN
wikitext	wikitext	wikitext	wikitext		PROPN
moraea	moraea	moraea	moraea		PROPN
valentin	valentin	valentin	valentin		N;FEM;SG
holly	holly	holly	holly		PROPN
sensu	sensu	sensu	sensu	N	PROPN
fidel	fidel	fidel	fidel		N;MASC;SG
ivanovich	ivanovitch	ivanovich	ivanovitch		PROPN
ash	frêne	ash	frêne		N;MASC;SG
ash	cendres	ash	cendre		N;FEM;PL
ash	ash	ash	ash		
ash	cendre	ash	cendre		N;FEM;SG
brittany	bretagne	brittany	bretagne		PROPN
brittany	bretonne	brittany	breton		ADJ;FEM;SG
ret	ret	ret	ret		
benoist	benoist	benoist	benoist		N;MASC;SG
gentry	noblesse	gentry	noblesse		N;FEM;SG
gentry	aristocratie	gentry	aristocratie		N;FEM;SG
gentry	gentry	gentry	gentry		N;FEM;SG
pohl	pohl	pohl	pohl		PROPN
wickes	wickes	wickes	wicke	N	PROPN
giặt	buanderie	giặt	buanderie	V	N;FEM;SG
giặt	laverie	giặt	laverie	V	N;FEM;SG
giặt	linge	giặt	linge	V	N;MASC;SG
giặt	blanchisserie	giặt	blanchisserie	V	N;FEM;SG
wrestlemania	wrestlemania	wrestlemania	wrestlemania		N;MASC;SG
barker	barker	barker	barker		PROPN
spitfire	spitfire	spitfire	spitfire		N;MASC;SG
philipp	philipp	philipp	philipp		PROPN
andre	andre	andre	andre		N;MASC;SG
andre	andré	andre	andré		PROPN
andre	andré	andre	andré		PROPN
barton	barton	barton	barton		PROPN
pierce	pierce	pierce	pierce		PROPN
pierce	pearce	pierce	pearce		PROPN
catania	catane	catania	catane	N	PROPN
catania	catania	catania	catania	N	PROPN
scandens	scandens	scandens	scanden		PROPN
falcata	falcata	falcata	falcata	N	PROPN
cynanchum	cynanchum	cynanchum	cynanchum	N	PROPN
santana	santana	santana	santana		PROPN
logroño	logroño	logroño	logroño		PROPN
hilton	hilton	hilton	hilton	N	PROPN
smithii	smithii	smithii	smithii		PROPN
spotted	repérés	spotted	repérer		V;MASC;PL;PST;V.PTCP
spotted	repéré	spotted	repérer		V;MASC;SG;PST;V.PTCP
spotted	repérée	spotted	repérer		V;FEM;SG;PST;V.PTCP
paniculata	paniculata	paniculata	paniculata	N	PROPN
sexy	sexy	sexy	sexy	N	ADJ;FEM;SG
uloborus	uloborus	uloborus	uloborus		PROPN
cược	gageure	cược	gageure	N	ADJ;FEM;SG
cược	mise	cược	mettre	N	V;FEM;SG;PST;V.PTCP
cược	parier	cược	parier	N	V;NFIN
cược	miser	cược	miser	N	V;NFIN
cược	bet	cược	bet	N	PROPN
cược	parie	cược	parier	N	V;IND;SG;3;PRS;FIN
cược	parier	cược	parier	N	V;NFIN
lars	lars	lars	lars	N	PROPN
jia	jia	jia	jia	N	PROPN
krasnodar	krasnodar	krasnodar	krasnodar	N	PROPN
wikimapia	wikimapia	wikimapia	wikimapia		PROPN
chẻ	hole	chẻ	hole		PROPN
chẻ	trou	chẻ	trou		N;MASC;SG
formosana	formosana	formosana	formosana		PROPN
rainer	rainer	rainer	rainer	N	PROPN
vilnius	vilnius	vilnius	vilnius	N	PROPN
trieste	trieste	trieste	trieste	N	PROPN
miers	miers	miers	mier		PROPN
phineas	phineas	phineas	phineas	N	PROPN
sirius	sirius	sirius	sirius	N	PROPN
arafat	arafat	arafat	arafat	N	PROPN
bèo	naze	bèo	naze	N	ADJ;MASC;SG
bèo	boiteux	bèo	boiteux	N	ADJ;MASC;SG
leonid	leonid	leonid	leonid	N	PROPN
fuller	fuller	fuller	fuller	N	PROPN
kino	kino	kino	kino	V	N;MASC;SG
phoebe	phoebe	phoebe	phoebe	N	PROPN
fernald	fernald	fernald	fernald		PROPN
micrantha	micrantha	micrantha	micrantha		V;PRS;V.PTCP
seok	seok	seok	seok	N	PROPN
boleslav	boleslav	boleslav	boleslav	N	PROPN
brevipes	brevipes	brevipes	brevipe		PROPN
sec	sec	sec	sec	N	ADJ;MASC;SG
natalie	natalie	natalie	natalie	N	ADJ;FEM;SG
natalie	nathalie	natalie	nathalie	N	PROPN
cassini	cassini	cassini	cassini	N	PROPN
halloween	halloween	halloween	halloween	V	N;MASC;SG
midland	midland	midland	midland	N	PROPN
narcissus	narcisse	narcissus	narcisse		N;MASC;SG
nottingham	nottingham	nottingham	nottingham	N	PROPN
angelica	angelica	angelica	angelica		PROPN
angelica	angélique	angelica	angélique		ADJ;MASC;SG
shinichi	shinichi	shinichi	shinichir	N	PROPN
shinichi	kudo	shinichi	kudo	N	PROPN
charlton	charlton	charlton	charlton	N	PROPN
sites	sites	sites	site		N;MASC;PL
skin	peau	skin	peau		N;FEM;SG
cedar	cedar	cedar	cedar	N	PROPN
thom	thom	thom	thom	N	PROPN
jihlava	jihlava	jihlava	jihlava	N	PROPN
gamespot	gamespot	gamespot	gamespot		N;MASC;PL
tít	entendez	tít	entendre		V;IMP;PL;2;PRS;FIN
tít	entendre	tít	entendre		V;NFIN
rising	hausse	rising	hausse		N;FEM;SG
rising	rising	rising	rising		PROPN
rising	montante	rising	montant		ADJ;FEM;SG
eight	eight	eight	eight	NUM	PROPN
cobain	cobain	cobain	cobain	N	PROPN
leigh	leigh	leigh	leigh		PROPN
hogg	hogg	hogg	hogg		PROPN
cody	cody	cody	cody	N	PROPN
mitra	mitra	mitra	mitra		PROPN
biếng	mocassins	biếng	mocassin	ADJ	N;MASC;PL
biếng	feignant	biếng	feigner	ADJ	V;PRS;V.PTCP
massa	massa	massa	massa		PROPN
shiva	shiva	shiva	shiva	N	PROPN
shiva	siva	shiva	siva	N	PROPN
phlegra	phlegra	phlegra	phlegra	V	PROPN
merlin	merlin	merlin	merlin	N	PROPN
gmelin	gmelin	gmelin	gmelin		PROPN
vesoul	vesoul	vesoul	vesoul		PROPN
officiel	officiel	officiel	officiel	N	ADJ;MASC;SG
anchor	ancrer	anchor	ancrer	N	V;NFIN
unidos	unidos	unidos	unido	N	PROPN
vice	mœurs	vice	mœur		N;FEM;PL
vice	vice	vice	vice		N;MASC;SG
nymphalidae	nymphalidae	nymphalidae	nymphalidae		N;MASC;SG
phillip	phillip	phillip	phillip		PROPN
surrey	surrey	surrey	surrey	NUM	N;MASC;SG
barset	barset	barset	barset		PROPN
bolzano	bolzano	bolzano	bolzano	N	PROPN
martinez	martinez	martinez	martine	N	V;IMP;PL;2;PRS;FIN
martinez	martínez	martinez	martíne	N	PROPN
phalaenopsis	phalaenopsis	phalaenopsis	phalaenopsis	N	PROPN
teaser	teaser	teaser	teaser		N;MASC;SG
gill	gill	gill	gill		PROPN
hilaire	hilaire	hilaire	hilaire		N;MASC;SG
globe	globe	globe	globe		N;MASC;SG
nógrád	nógrád	nógrád	nógrád	N	PROPN
chằng	ligament	chằng	ligament	V	N;MASC;SG
oppenheimer	oppenheimer	oppenheimer	oppenheimer		N;MASC;SG
cyanea	cyanea	cyanea	cyanea		PROPN
sẹo	scar	sẹo	scar	N	PROPN
bravo	bravo	bravo	bravo		INTJ
honshū	honshū	honshū	honshū	N	PROPN
tahiti	tahiti	tahiti	tahiti	N	PROPN
mcdunnough	mcdunnough	mcdunnough	mcdunnough	V	PROPN
lateralis	lateralis	lateralis	lateralis		PROPN
vittata	vittata	vittata	vittata		PROPN
hopper	hopper	hopper	hopper	V	PROPN
hopper	trémie	hopper	trémie	V	N;FEM;SG
goa	goa	goa	goa		PROPN
hyperolius	hyperolius	hyperolius	hyperolius		PROPN
nicholson	nicholson	nicholson	nicholson		N;MASC;SG
dhabi	dhabi	dhabi	dhabi	N	PROPN
smirnova	smirnova	smirnova	smirnova		PROPN
guderian	guderian	guderian	guderian		PROPN
mladá	mladá	mladá	mladá	NUM	PROPN
soft	douce	soft	doux		ADJ;FEM;SG
soft	doux	soft	doux		ADJ;MASC;SG
soft	douceur	soft	douceur		N;FEM;SG
soft	douces	soft	doux		ADJ;FEM;PL
soft	tendre	soft	tendre		V;NFIN
soft	soft	soft	soft		N;MASC;SG
caproni	caproni	caproni	caproni	N	PROPN
engelm	engelm	engelm	engelm		PROPN
satyrium	satyrium	satyrium	satyrium		PROPN
ornatus	orné	ornatus	orner		V;MASC;SG;PST;V.PTCP
ornatus	ornatus	ornatus	ornatus		PROPN
králové	králové	králové	králover	V	PROPN
estadio	stade	estadio	stade		N;MASC;SG
jörg	jörg	jörg	jörg	NUM	PROPN
brevis	brevis	brevis	brevis		PROPN
breed	race	breed	race		N;FEM;SG
cronquist	cronquist	cronquist	cronquist	N	PROPN
sphinx	sphinx	sphinx	sphinx		N;MASC;SG
tsubasa	tsubasa	tsubasa	tsubasa	N	PROPN
rogue	rogue	rogue	rogue	N	PROPN
breslau	breslau	breslau	breslau	N	PROPN
flavipes	flavipes	flavipes	flavipe	N	PROPN
thanatus	thanatus	thanatus	thanatus		PROPN
abkhazia	abkhazie	abkhazia	abkhazie		N;FEM;SG
varde	varde	varde	varde		PROPN
genista	genista	genista	genista		PROPN
pepper	poivron	pepper	poivron		N;MASC;SG
pepper	pepper	pepper	pepper		PROPN
pepper	piment	pepper	piment		N;MASC;SG
pepper	poivrons	pepper	poivron		N;MASC;PL
pepper	poivre	pepper	poivre		N;MASC;SG
jammu	jammu	jammu	jammu	N	PROPN
hsiu	hsiu	hsiu	hsiu		
griff	griff	griff	griff		PROPN
koh	koh	koh	koh	N	PROPN
ramsey	ramsey	ramsey	ramsey		PROPN
infinity	infinity	infinity	infinity	N	PROPN
infinity	infini	infinity	infini	N	PROPN
hayes	hayes	hayes	haye	N	PROPN
waterhouse	waterhouse	waterhouse	waterhouse		PROPN
bịp	trick	bịp	trick	N	PROPN
molina	molina	molina	molina		PROPN
forrest	forrest	forrest	forrest	N	PROPN
tankōbon	tankōbon	tankōbon	tankōbon	N	PROPN
composite	composite	composite	composite	N	ADJ;MASC;SG
composite	composites	composite	composite	N	ADJ;MASC;PL
ciliata	ciliata	ciliata	ciliata		PROPN
andrés	andres	andrés	andre	N	PROPN
andrés	andrés	andrés	andré	N	PROPN
medieval	médiévale	medieval	médiéval	N	ADJ;FEM;SG
medieval	médiévales	medieval	médiéval	N	ADJ;FEM;PL
medieval	médiéval	medieval	médiéval	N	ADJ;MASC;SG
medieval	médiévaux	medieval	médiéval	N	ADJ;MASC;PL
tonumber	tonumber	tonumber	tonumber		V;NFIN
cornelius	cornelius	cornelius	cornelius	N	PROPN
brie	brie	brie	brie		N;FEM;SG
robbie	robbie	robbie	robbie	N	PROPN
sally	sally	sally	sally		PROPN
pardubice	pardubice	pardubice	pardubice	N	PROPN
zurich	zurich	zurich	zurich	N	PROPN
choáng	bouleversant	choáng	bouleversant	V	ADJ;MASC;SG
choáng	bouleversante	choáng	bouleversant	V	ADJ;FEM;SG
choáng	étourdi	choáng	étourdi	V	ADJ;MASC;SG
jyp	jyp	jyp	jyp	N	PROPN
dressler	dressler	dressler	dressler		PROPN
jaén	jaén	jaén	jaén	NUM	PROPN
mứt	jam	mứt	jam	N	PROPN
patton	patton	patton	patton		N;MASC;SG
longicornis	longicornis	longicornis	longicornis	ADJ	PROPN
drew	drew	drew	drew		PROPN
bernhard	bernhard	bernhard	bernhard	N	PROPN
dentata	dentata	dentata	dentata		PROPN
oecophoridae	oecophoridae	oecophoridae	oecophoridae	V	PROPN
benny	benny	benny	benny	N	PROPN
proteuxoa	proteuxoa	proteuxoa	proteuxoa		ADJ;MASC;SG
elongatus	elongatus	elongatus	elongatus		PROPN
cherokee	cherokee	cherokee	cherokee		N;MASC;SG
hindenburg	hindenburg	hindenburg	hindenburg		N;MASC;SG
smile	sourire	smile	sourire		N;MASC;SG
smile	souriez	smile	sourier		V;IMP;PL;2;PRS;FIN
attila	attila	attila	attila	N	PROPN
tbilisi	tbilissi	tbilisi	tbilissi	N	PROPN
vandel	vandel	vandel	vandel		PROPN
rochester	rochester	rochester	rochester		V;NFIN
kira	kira	kira	kira	N	PROPN
oxalis	oxalis	oxalis	oxalis		PROPN
kaoru	ama	kaoru	ama	N	PROPN
kaoru	wada	kaoru	wada	N	PROPN
marguerite	marguerite	marguerite	marguerite		N;FEM;SG
navbox	navbox	navbox	navbox		PROPN
laden	chargés	laden	charger	N	V;MASC;PL;PST;V.PTCP
laden	chargé	laden	charger	N	V;MASC;SG;PST;V.PTCP
laden	laden	laden	laden	N	PROPN
benito	benito	benito	benito	N	PROPN
aka	alias	aka	alias		ADV
aka	aka	aka	aka		
ramesses	ramsès	ramesses	ramsès	N	PROPN
ambulyx	ambulyx	ambulyx	ambulyx	N	PROPN
ngứa	prurit	ngứa	prurit	V	N;MASC;SG
ngứa	démangeaisons	ngứa	démangeriser	V	N;FEM;PL
ngứa	démangeaison	ngứa	démangeaison	V	N;FEM;SG
ngứa	gratte	ngứa	gratte	V	N;FEM;SG
ngứa	démangeaisons	ngứa	démangeriser	V	N;FEM;PL
ngứa	itchy	ngứa	itchy	V	PROPN
ngứa	prurit	ngứa	prurit	V	N;MASC;SG
ngứa	démangeaisons	ngứa	démangeriser	V	N;FEM;PL
ngứa	démangeaison	ngứa	démangeaison	V	N;FEM;SG
ngứa	griffes	ngứa	griffe	V	N;FEM;PL
rebecca	rebecca	rebecca	rebeccer		PROPN
satoshi	satoshi	satoshi	satoshi		PROPN
stones	pierres	stones	pierre		N;FEM;PL
panorama	panoramique	panorama	panoramique	N	ADJ;MASC;SG
chilensis	chilensis	chilensis	chilensis	N	PROPN
schultz	schultz	schultz	schultz	N	PROPN
acanthaceae	acanthaceae	acanthaceae	acanthaceae		PROPN
desc	desc	desc	desc		N;MASC;SG
martens	martens	martens	marten		PROPN
pot	pot	pot	pot		N;MASC;SG
striatus	striatus	striatus	striatus		PROPN
heian	heian	heian	heian	N	PROPN
mexicanus	mexicanus	mexicanus	mexicanu	N	PROPN
patterson	patterson	patterson	patterson		PROPN
sengoku	sengoku	sengoku	sengoku	N	PROPN
obi	obi	obi	obi	N	PROPN
alma	alma	alma	alma	NUM	PROPN
haryana	haryana	haryana	haryana	N	PROPN
hwan	hwan	hwan	hwan	N	PROPN
lysimachia	lysimachia	lysimachia	lysimachia	N	PROPN
pomorskie	pomorskie	pomorskie	pomorskie		N;MASC;PL
smaragdina	smaragdina	smaragdina	smaragdina		PROPN
weasley	weasley	weasley	weasley		PROPN
myers	myers	myers	myer		PROPN
myers	meyers	myers	meyer		PROPN
parvula	parvula	parvula	parvula		PROPN
kombat	kombat	kombat	kombat	N	PROPN
allegheny	allegheny	allegheny	allegheny		PROPN
orchis	orchis	orchis	orchis		PROPN
příbram	příbram	příbram	příbram	N	PROPN
tivi	téléviseur	tivi	téléviseur	ADJ	N;MASC;SG
tivi	télévision	tivi	télévision	ADJ	N;FEM;SG
tivi	télé	tivi	télé	ADJ	N;FEM;SG
tivi	télévisions	tivi	télévision	ADJ	N;FEM;PL
tivi	téléviseurs	tivi	téléviseur	ADJ	N;MASC;PL
tivi	télés	tivi	télé	ADJ	N;FEM;PL
prinz	prinz	prinz	prenzte	N	PROPN
gifford	gifford	gifford	gifford		PROPN
argentine	argentins	argentine	argentin	N	ADJ;MASC;PL
argentine	argentin	argentine	argentin	N	ADJ;MASC;SG
argentine	argentine	argentine	argentin	N	ADJ;FEM;SG
ruellia	ruellia	ruellia	ruellier		PROPN
sar	sar	sar	sar	N	
intercontinental	intercontinental	intercontinental	intercontinental		N;MASC;SG
aquino	aquino	aquino	aquino	N	PROPN
philippinensis	philippinensis	philippinensis	philippinensis	V	PROPN
tina	tina	tina	tina		PROPN
saddam	saddam	saddam	saddam	N	PROPN
rugosa	rugosa	rugosa	rugosa		PROPN
mystery	mystérieux	mystery	mystérieux		ADJ;MASC;SG
mystery	mystère	mystery	mystère		N;MASC;SG
mystery	mystérieuse	mystery	mystérieux		ADJ;FEM;SG
mystery	mystères	mystery	mystère		N;MASC;PL
ruth	ruth	ruth	ruth		PROPN
carolyn	carolyn	carolyn	carolyn		PROPN
stall	décrochage	stall	décrochage		N;MASC;SG
stall	caler	stall	caler		V;NFIN
hyllus	hyllus	hyllus	hyllus		PROPN
página	página	página	página		PROPN
lehr	lehr	lehr	lehr		PROPN
picasso	picasso	picasso	picasso	N	PROPN
bien	visible	bien	visible	N	ADJ;MASC;SG
bien	visibles	bien	visible	N	ADJ;MASC;PL
hoffmann	hoffmann	hoffmann	hoffmann		PROPN
hinton	hinton	hinton	hinton		PROPN
heather	heather	heather	heather	N	PROPN
geo	géo	geo	géo		N;MASC;SG
geo	geo	geo	geo		
joey	joey	joey	joey	N	PROPN
nuremberg	nuremberg	nuremberg	nuremberg	N	PROPN
isabel	isabel	isabel	isabel		N;FEM;SG
isabel	isabelle	isabel	isabelle		N;FEM;SG
nakane	nakane	nakane	nakane		PROPN
damascus	damas	damascus	damas	N	PROPN
batista	batista	batista	batista		PROPN
velutina	velutina	velutina	velutina		N;MASC;SG
pirata	pirata	pirata	pirata		PROPN
highland	highland	highland	highland		N;MASC;SG
highland	highlands	highland	highland		N;MASC;PL
olt	olt	olt	olt		N;MASC;SG
avenue	avenue	avenue	avenue		N;FEM;SG
alegre	alegre	alegre	alegre		PROPN
paradoxa	paradoxa	paradoxa	paradoxa		PROPN
cordata	cordata	cordata	cordata	N	PROPN
aspx	aspx	aspx	aspx	N	PROPN
toyotomi	toyotomi	toyotomi	toyotomi	PROPN	PROPN
schwarzenegger	schwarzenegger	schwarzenegger	schwarzenegger		N;MASC;SG
chatham	chatham	chatham	chatham	N	PROPN
una	una	una	una	N	PROPN
niels	niels	niels	niel	N	PROPN
havlíčkův	havlíčkův	havlíčkův	havlíčkův	N	PROPN
imp	imp	imp	imp		
imp	lutin	imp	lutin		N;MASC;SG
bandai	bandai	bandai	bandai	N	PROPN
holmberg	holmberg	holmberg	holmberg		N;MASC;SG
vaucluse	vaucluse	vaucluse	vauclus	N	PROPN
smackdown	smackdown	smackdown	smackdown		N;MASC;SG
kalimantan	kalimantan	kalimantan	kalimantan	N	V;PRS;V.PTCP
shirak	shirak	shirak	shirak		N;MASC;SG
huelva	huelva	huelva	huelva	N	PROPN
albus	albus	albus	albus		PROPN
pmid	pmid	pmid	pmid		PROPN
beckham	beckham	beckham	beckham	N	PROPN
xuyến	tore	xuyến	tore	V	N;MASC;SG
xuyến	torus	xuyến	torus	V	PROPN
reyes	reyes	reyes	rey	N	PROPN
wendy	wendy	wendy	wendy		PROPN
medicago	medicago	medicago	medicago	N	PROPN
blackwell	blackwell	blackwell	blackwell		PROPN
ormerod	ormerod	ormerod	ormerod		V;NFIN
multiflora	multiflora	multiflora	multiflora		PROPN
gneisenau	gneisenau	gneisenau	gneisenau		N;MASC;SG
tbs	tbs	tbs	tbs		N;MASC;SG
holiday	vacances	holiday	vacance		N;FEM;PL
ribera	ribera	ribera	riber	NUM	N;FEM;SG
exilis	exilis	exilis	exiliser	N	PROPN
timur	timur	timur	timur	N	PROPN
echinopsis	echinopsis	echinopsis	echinopsis	N	PROPN
hemingway	hemingway	hemingway	hemingway		PROPN
táp	morsure	táp	morsure	V	N;FEM;SG
chapuis	chapuis	chapuis	chapuis	V	PROPN
spl	spl	spl	spl		N;MASC;SG
psoe	psoe	psoe	psoe		N;MASC;SG
capcom	capcom	capcom	capcom	N	PROPN
viz	viz	viz	viz		
