humboldt	humboldt	humboldt	humboldt		V;IPFV;IND;SG;PRS;FIN;ACT
mnet	mnet	mnet	mnet	N	
cincinnati	cincinnati	cincinnati	cincinnaty	N	PROPN;NOM;MASC;SG
linden	linden	linden	linden	N	
ada	ada	ada	ada		PROPN;NOM;FEM;SG
albion	albion	albion	albion	N	
wade	wade	wade	wadać	N	
strong	silna	strong	silny		ADJ;NOM;FEM;SG
strong	silny	strong	silny		ADJ;NOM;MASC;SG
strong	mocne	strong	mocny		ADJ;NOM;NEUT;SG
strong	silne	strong	silny		ADJ;NOM;NEUT;SG
wto	wto	wto	wto		
gould	gould	gould	gould		PROPN;NOM;MASC;SG
campos	campos	campos	campos	N	PROPN;NOM;MASC;SG
kohl	kohl	kohl	kohl	N	PROPN;NOM;MASC;SG
gardens	ogrody	gardens	ogród		N;NOM;MASC;PL
gardens	ogrodów	gardens	ogród		N;GEN;MASC;PL
quincy	quincy	quincy	quink	N	V;IPFV;IND;SG;PRS;FIN;ACT
shizuoka	shizuoka	shizuoka	shizuok		V;IPFV;IND;SG;PRS;FIN;ACT
paz	paz	paz	paz		PROPN;NOM;MASC;SG
gérard	gérard	gérard	gérard		N;NOM;MASC;SG
gérard	gerard	gérard	gerard		N;NOM;MASC;SG
fury	fury	fury	fura	N	
savage	savage	savage	savaga		
savage	dziki	savage	dzik		N;NOM;MASC;SG
savage	dzikie	savage	dziki		V;IPFV;IND;SG;3;PRS;FIN;ACT
hogwarts	hogwart	hogwarts	hogwart	V	
gil	gil	gil	gil	N	PROPN;NOM;MASC;SG
cabo	cabo	cabo	cabo	N	PROPN;NOM;MASC;SG
jolie	jolie	jolie	jól	N	
rolls	rolkach	rolls	rolek		N;DAT;FEM;PL
rolls	bułki	rolls	bułka		N;ACC;FEM;PL
rolls	bułeczki	rolls	bułeczka		N;NOM;FEM;PL
rolls	rolki	rolls	rolka		N;ACC;FEM;PL
lviv	lwowie	lviv	lwów	NUM	N;NOM;MASC;SG
lviv	lwów	lviv	lwów	NUM	
alessandro	alessandro	alessandro	alessandro	N	PROPN;NOM;MASC;SG
log	log	log	log	N	V;IPFV;IMP;SG;2;FIN;ACT
springer	springer	springer	springer	N	
barnard	barnard	barnard	barnard	N	PROPN;NOM;MASC;SG
sabre	sabre	sabre	sabry	N	
thebes	teb	thebes	teb	N	V;IPFV;IND;SG;2;PRS;FIN;ACT
schulz	schulz	schulz	schulz		PROPN;NOM;MASC;SG
bari	bari	bari	bari		PROPN;NOM;MASC;SG
plasma	plazmy	plasma	plazmy	N	
versicolor	versicolor	versicolor	versicolor	ADJ	
nathan	nathan	nathan	nathan	N	PROPN;NOM;MASC;SG
avro	avro	avro	avro	N	
taekwondo	taekwondo	taekwondo	taekwondo	N	
shinsengumi	shinsengumi	shinsengumi	shinsengum	N	
patricia	patrycja	patricia	patrycja		PROPN;NOM;FEM;SG
patricia	patricia	patricia	patrić		V;IPFV;IND;SG;3;PRS;FIN;ACT
minutus	minutus	minutus	minutus	N	
eduard	eduard	eduard	eduard		PROPN;NOM;MASC;SG
bufonidae	ropuchowatych	bufonidae	ropuchowaty		ADJ;GEN;MASC;PL
calamus	calamus	calamus	calamus	N	V;IPFV;IND;SG;PRS;FIN;ACT
enrique	enrique	enrique	enrique		PROPN;NOM;MASC;SG
strike	strike	strike	strik	N	
asperula	marzanka	asperula	marzanka		V;IPFV;IND;SG;3;PRS;FIN;ACT
elymus	perz	elymus	perz	V	N;NOM;MASC;SG
yard	podwórko	yard	podwórko		N;NOM;NEUT;SG
konstantinos	constantine	konstantinos	constantiny	N	
int	int	int	int	N	
lufthansa	lufthansa	lufthansa	lufthans	N	
taken	zrobione	taken	zrobić		ADJ;PFV;NOM;NEUT;SG;POS;V.PTCP;PASS
taken	podjęte	taken	podjąć		ADJ;PFV;NOM;NEUT;SG;POS;V.PTCP;PASS
rufus	rufus	rufus	rufus		N;NOM;MASC;SG
connor	connor	connor	connor	N	
harrier	harrier	harrier	harrier	N	
hon	kochany	hon	kochany		ADJ;NOM;MASC;SG
hon	droga	hon	droga		N;NOM;FEM;SG
hon	kochana	hon	kochać		ADJ;NOM;FEM;SG
hon	kochani	hon	kochany		V;IPFV;IMP;PL;2;FIN;ACT
ôliu	olive	ôliu	oliv	N	
ôliu	oliwki	ôliu	oliwka	N	
ôliu	oliwki	ôliu	oliwka	N	
nola	nola	nola	nola	N	V;IPFV;IND;SG;2;PRS;FIN;ACT
shakira	shakira	shakira	shakira	N	
sứa	meduzy	sứa	meduz	N	V;IPFV;IND;SG;2;PRS;FIN;ACT
benoit	benoit	benoit	benoit	N	PROPN;NOM;MASC;SG
richland	richland	richland	richland	N	V;IPFV;IND;SG;2;PRS;FIN;ACT
atlantique	atlantique	atlantique	atlantino	N	
cromwell	cromwell	cromwell	cromwell	N	V;IPFV;IND;SG;PRS;FIN;ACT
queens	queens	queens	queens	N	
cello	wiolonczeli	cello	wiolonczeny	N	V;PFV;MASC;IND;PL;PST;FIN;ACT
robertson	robertson	robertson	robertson	N	PROPN;NOM;MASC;SG
rán	fry	rán	fra	N	
fungorum	fungorum	fungorum	fungorum	NUM	N;ACC;MASC;SG
hae	hae	hae	hae	N	
metropolitan	metropolitan	metropolitan	metropolitan	N	
vendée	vendée	vendée	vendée	N	
tonga	tonga	tonga	tonga	N	PROPN;NOM;MASC;SG
territoire	territoire	territoire	territoir	N	
pass	obserwuj	pass	obserwować	N	V;PFV;IMP;SG;2;FIN;ACT
pass	pass	pass	pass	N	
pass	podaj	pass	podać	N	V;PFV;IMP;SG;2;FIN;ACT
baja	baja	baja	bajać	N	
dam	tamy	dam	tama	N	
dam	zapora	dam	zaporać	N	
dam	tama	dam	tama	N	
dam	dam	dam	dać	N	V;PFV;IND;SG;1;FUT;FIN;ACT
yeltsin	jelcyn	yeltsin	jelcyn		N;NOM;MASC;SG
lori	lori	lori	loria		V;IPFV;IND;SG;PRS;FIN;ACT
canyon	canyon	canyon	canyon	N	
walther	walther	walther	walther	N	
christie	christie	christie	christa	N	
oeste	oeste	oeste	oesta		PROPN;NOM;MASC;SG
dominique	dominique	dominique	dominiaru		PROPN;NOM;MASC;SG
ultimate	ostateczna	ultimate	ostateczny		ADJ;NOM;FEM;SG
ultimate	ostateczne	ultimate	ostateczny		ADJ;NOM;NEUT;SG
ultimate	ostateczny	ultimate	ostateczny		ADJ;NOM;MASC;SG
dieu	dieu	dieu	dieu	N	
gleason	gleason	gleason	gleason		N;NOM;MASC;SG
crimean	krym	crimean	krym		PROPN;NOM;MASC;SG
crimean	krymskiej	crimean	krymski		ADJ;GEN;FEM;SG
chấu	szarańcza	chấu	szarańczać	N	ADJ;NOM;FEM;SG
quentin	quentin	quentin	quentin		N;NOM;MASC;SG
uta	uta	uta	utać		V;IPFV;IND;SG;PRS;FIN;ACT
reeder	reeder	reeder	reeder	ADJ	
girona	girona	girona	girona	NUM	V;IPFV;IND;SG;PRS;FIN;ACT
canadensis	canadensis	canadensis	canadensis	N	
maldives	malediwy	maldives	malediwy	N	
rennes	rennes	rennes	rennes	NUM	N;NOM;MASC;SG
castellón	castellón	castellón	castellón	N	PROPN;NOM;MASC;SG
javier	javier	javier	javier	N	PROPN;NOM;MASC;SG
brod	brod	brod	brod	NUM	PROPN;NOM;MASC;SG
sharon	sharon	sharon	sharon		PROPN;NOM;MASC;SG
rosario	rosario	rosario	rosarić		PROPN;NOM;MASC;SG
rosea	rosea	rosea	rosea	N	
rollins	rollins	rollins	rollins	N	PROPN;NOM;MASC;SG
rollins	rawlins	rollins	rawlins	N	V;IPFV;IND;SG;PRS;FIN;ACT
antwerp	antwerpii	antwerp	antwerpia	N	PROPN;NOM;MASC;SG
jeju	jeju	jeju	jeju	N	
mirror	lustro	mirror	lustro		N;NOM;NEUT;SG
mirror	lusterko	mirror	lusterko		N;NOM;NEUT;SG
macrophylla	macrophylla	macrophylla	macrophylla	V	N;NOM;FEM;SG
potentilla	pięciornik	potentilla	pięciornik	V	N;NOM;MASC;SG
lesotho	lesotho	lesotho	lesotho	N	PROPN;NOM;MASC;SG
aristotle	arystoteles	aristotle	arystoteles		N;NOM;MASC;SG
ultra	ultra	ultra	ultrać	N	
arcade	arcade	arcade	arcad	N	
ústí	ústí	ústí	ústí	NUM	
wasp	wasp	wasp	wasp	N	
spectabilis	spectabilis	spectabilis	spectabilis		V;PFV;MASC;IND;PL;PST;FIN;ACT
pratt	pratt	pratt	pratt	N	
lindau	lindau	lindau	lindau	N	V;IPFV;IND;SG;PRS;FIN;ACT
bactria	baktrii	bactria	baktria	N	
amanda	amanda	amanda	amanda	N	PROPN;NOM;FEM;SG
amanda	amando	amanda	amando	N	
malcolm	marcin	malcolm	marcin		PROPN;NOM;MASC;SG
malcolm	malcolm	malcolm	malcol		N;NOM;MASC;SG
malcolm	malcolma	malcolm	malcolm		N;ACC;MASC;SG
joker	joker	joker	joker		N;NOM;MASC;SG
goethe	goethe	goethe	goetka	N	
cnn	cnn	cnn	cnny	N	
guillaume	guillaume	guillaume	guillaumy	N	V;IPFV;IND;SG;2;PRS;FIN;ACT
juss	juss	juss	juss		PROPN;NOM;FEM;SG
kant	kant	kant	kant	N	
japonicus	japonicus	japonicus	japonicus	N	V;IPFV;IND;SG;2;PRS;FIN;ACT
fallax	fallax	fallax	fallax		
turku	turku	turku	turek	NUM	PROPN;NOM;MASC;SG
bradford	bradford	bradford	bradford		PROPN;NOM;MASC;SG
gaius	gaius	gaius	gaius	N	PROPN;NOM;MASC;SG
antilles	antyli	antilles	antyla	N	
seki	seki	seki	sek	N	
populus	topola	populus	topol	N	
ein	en	ein	en	N	
ein	ein	ein	ein	N	
messina	messina	messina	messina	N	V;IPFV;IND;SG;2;PRS;FIN;ACT
sếu	crane	sếu	crana	N	
ramírez	ramírez	ramírez	ramírez		PROPN;NOM;MASC;SG
asm	asm	asm	asm	N	
gigas	gigas	gigas	gigas	N	
dae	dae	dae	dać	N	
erwin	erwin	erwin	erwin	N	PROPN;NOM;MASC;SG
belfast	belfast	belfast	belfast	N	PROPN;NOM;MASC;SG
linn	linn	linn	linn	N	
joy	joy	joy	joy	N	
verdun	verdun	verdun	verdun	N	
sint	sint	sint	sint	N	PROPN;NOM;MASC;SG
tyrannidae	tyrannidae	tyrannidae	tyrannida	N	
bryansk	briańsk	bryansk	briańsk	N	
hare	zając	hare	zając		N;NOM;MASC;SG
jasper	jasper	jasper	jasper	N	V;IPFV;IND;SG;PRS;FIN;ACT
nba	nba	nba	nba	N	
plata	plata	plata	plata	N	PROPN;NOM;MASC;SG
phở	pho	phở	pho	N	
trafford	trafford	trafford	trafford	N	PROPN;NOM;MASC;SG
emirates	emiraty	emirates	emirat	N	
terme	terme	terme	terme	N	V;IPFV;IMP;SG;2;FIN;ACT
sum	sumę	sum	suma		N;ACC;FEM;SG
sum	kwota	sum	kwota		N;NOM;FEM;SG
sum	suma	sum	suma		N;NOM;FEM;SG
swiss	szwajcarski	swiss	szwajcarski	N	ADJ;NOM;MASC;SG
swiss	szwajcarską	swiss	szwajcarski	N	ADJ;ACC;FEM;SG
chin	chin	chin	chuna	N	PROPN;NOM;MASC;SG
chin	china	chin	chiny	N	
clemson	clemson	clemson	clemson	N	PROPN;NOM;MASC;SG
himmler	himmler	himmler	himmler		N;NOM;MASC;SG
ahn	iwanow	ahn	iwanow	N	
ahn	ahn	ahn	ahn	N	
dĩa	płytka	dĩa	płytki	N	ADJ;NOM;FEM;SG
valenciennes	valenciennes	valenciennes	valenciennes	N	ADJ;ACC;MASC;SG
muang	muang	muang	muang	N	PROPN;NOM;MASC;SG
rna	rna	rna	rnać	N	
khoe	pokazuje	khoe	pokazywać	N	V;IPFV;IND;SG;3;PRS;FIN;ACT
düsseldorf	düsseldorf	düsseldorf	düsseldorf	NUM	PROPN;NOM;MASC;SG
maha	maha	maha	maha	N	
usda	usda	usda	usda	N	
lives	mieszka	lives	mieszkać		V;IPFV;IND;SG;3;PRS;FIN;ACT
lives	żyje	lives	żyć		V;IPFV;IND;SG;3;PRS;FIN;ACT
tyson	tyson	tyson	tyson	N	PROPN;NOM;MASC;SG
sonic	sonic	sonic	sonica	N	
sonic	dźwiękowy	sonic	dźwiękowy	N	ADJ;NOM;MASC;SG
johor	johor	johor	johor	N	PROPN;NOM;MASC;SG
dượng	vernon	dượng	vernon	N	PROPN;NOM;MASC;SG
dượng	ojczyma	dượng	ojciąć	N	V;IPFV;IND;SG;FIN;ACT
cecil	cecil	cecil	cecil		V;IPFV;IND;SG;PRS;FIN;ACT
larvae	larwy	larvae	larwa	ADJ	
besançon	besançon	besançon	besançon		PROPN;NOM;MASC;SG
javascript	javascript	javascript	javascript	N	V;IPFV;IMP;SG;2;FIN;ACT
mercedes	mercedes	mercedes	mercedes	N	
sigma	sigma	sigma	sigma	N	
kagoshima	kagoshima	kagoshima	kagoshim		V;IPFV;IND;SG;PRS;FIN;ACT
tallinn	tallinn	tallinn	tallinny	N	
varese	varese	varese	varese	NUM	V;IPFV;IND;SG;PRS;FIN;ACT
sparrow	wróbel	sparrow	wróbel	N	PROPN;NOM;MASC;SG
sparrow	sparrow	sparrow	sparry	N	
origins	początki	origins	początek		N;NOM;MASC;PL
origins	pochodzenie	origins	pochodzenie		N;NOM;NEUT;SG
banh	ball	banh	ball	N	
banh	kula	banh	kula	N	
yucatán	jukatan	yucatán	jukatan	N	
heli	hel	heli	hel		
heli	helu	heli	hel		
wakayama	wakayama	wakayama	wakay	N	V;IPFV;IND;SG;1;PRS;FIN;ACT
wii	wii	wii	wia	N	
orléans	orlean	orléans	orleany		N;NOM;MASC;SG
orléans	orleanu	orléans	orlean		N;GEN;MASC;SG
almería	almería	almería	almers	N	PROPN;NOM;MASC;SG
ponte	ponte	ponte	ponty	N	V;IPFV;IND;SG;2;PRS;FIN;ACT
martínez	martínez	martínez	martrnez	N	PROPN;NOM;MASC;SG
thames	thames	thames	thames	N	
leslie	leslie	leslie	lasnąć		V;IPFV;IND;SG;2;PRS;FIN;ACT
romero	romero	romero	romero	N	PROPN;NOM;MASC;SG
cardamine	rzeżucha	cardamine	rzeżuch	N	
pittsburgh	pittsburghu	pittsburgh	pittsburgh		N;DAT;MASC;SG
saladin	saladyn	saladin	saladyn	N	
asturias	asturii	asturias	asturia	N	
weimar	weimar	weimar	weimar	N	V;IPFV;IND;SG;PRS;FIN;ACT
synonym	synonim	synonym	synoni		V;IPFV;IND;SG;PRS;FIN;ACT
yoshida	yoshida	yoshida	Moshida		PROPN;NOM;MASC;SG
vaughan	vaughan	vaughan	vaughan		V;IPFV;IND;SG;2;PRS;FIN;ACT
seydlitz	seydlitz	seydlitz	seydlitz	N	
gauss	gauss	gauss	gauss	N	PROPN;NOM;MASC;SG
sakhalin	sachalin	sakhalin	sachalin	N	
pallas	pallas	pallas	pallas	N	V;IPFV;IND;SG;3;PRS;FIN;ACT
seth	setha	seth	seth		V;IPFV;IND;SG;PRS;FIN;ACT
seth	seth	seth	seth		PROPN;NOM;MASC;SG
wikidata	wikidane	wikidata	wikidać	N	
pao	pao	pao	pao	N	
tơi	ustala	tơi	ustalać	N	V;IPFV;IND;SG;3;PRS;FIN;ACT
tơi	naprawia	tơi	naprawiać	N	V;IPFV;IND;SG;3;PRS;FIN;ACT
mindanao	mindanao	mindanao	mindanao	N	
claire	claire	claire	clairy		V;IPFV;IND;SG;1;PRS;FIN;ACT
maru	maru	maru	marua	N	
meridionalis	meridionalis	meridionalis	meridionalis	ADJ	
hessen	hesji	hessen	hesja	N	PROPN;NOM;FEM;SG
africanus	africanus	africanus	africanus	N	ADJ;IPFV;NOM;MASC;SG;POS;V.PTCP;PASS
hindi	hindi	hindi	hindia	N	
tango	tanga	tango	tanga	N	
tango	tango	tango	tango	N	
montréal	montrealu	montréal	montreal		N;GEN;MASC;SG
makoto	makoto	makoto	makoto		PROPN;NOM;MASC;SG
empires	imperia	empires	imperia	N	
jesse	jessie	jesse	jessać	N	
jesse	jesse	jesse	być	N	PROPN;NOM;MASC;SG
walsh	walsh	walsh	walsh	N	
adrian	adrian	adrian	adrian	N	PROPN;NOM;MASC;SG
indicus	indicus	indicus	indicus	N	
prescott	prescott	prescott	prescott	N	V;IPFV;IND;SG;PRS;FIN;ACT
ark	arkę	ark	arka		N;ACC;FEM;SG
albrecht	albrecht	albrecht	albrecht	N	PROPN;NOM;MASC;SG
marsh	bagna	marsh	bagny	N	
marsh	marsh	marsh	marsh	N	PROPN;NOM;MASC;SG
suwon	suwon	suwon	suwon	N	PROPN;NOM;MASC;SG
gómez	gomez	gómez	gomez	V	
gómez	gómez	gómez	góm	V	PROPN;NOM;MASC;SG
české	české	české	sesko	NUM	PROPN;NOM;MASC;SG
olga	olga	olga	olga		PROPN;NOM;FEM;SG
kwon	kwon	kwon	kwon	N	
yamaguchi	yamaguchi	yamaguchi	Żamaguch	N	V;IPFV;IND;SG;PRS;FIN;ACT
brit	britt	brit	britt	N	PROPN;NOM;FEM;SG
brit	brit	brit	brit	N	
rod	rod	rod	rod		V;PFV;IND;SG;2;FIN;ACT
rod	pręt	rod	pręt		N;NOM;MASC;SG
pseudagrion	pseudagrion	pseudagrion	pseudagrion	N	
bờm	mane	bờm	mane	N	
crepis	pępawa	crepis	pępawa	V	
hermione	hermiona	hermione	hermić		N;NOM;FEM;SG
zeno	zeno	zeno	zeno	N	
amazing	niesamowite	amazing	niesamowity	N	ADJ;NOM;NEUT;SG
amazing	niesamowity	amazing	niesamowity	N	ADJ;NOM;MASC;SG
nhờn	oleista	nhờn	oleisty	N	ADJ;NOM;FEM;SG
nhờn	tłuste	nhờn	tłusty	N	
joshua	joshua	joshua	joshua	N	PROPN;NOM;MASC;SG
earl	earla	earl	earel		N;ACC;MASC;SG
earl	hrabia	earl	hrabia		N;NOM;MASC;SG
demetrios	demetriusz	demetrios	demetriusz	N	PROPN;NOM;MASC;SG
amber	pomarańczowa	amber	pomarańczowy		ADJ;NOM;FEM;SG
nhk	nhk	nhk	nhk	N	
montevideo	montevideo	montevideo	montevideo	N	PROPN;NOM;MASC;SG
neon	neon	neon	neon	N	
hoon	hoon	hoon	hoon	N	
kenny	kenny	kenny	kenny		PROPN;NOM;MASC;SG
gamble	gamble	gamble	gamble	N	
shiki	shiki	shiki	shika	N	
kurd	kurdyjskiej	kurd	kurdyjski	N	ADJ;GEN;FEM;SG
kurd	kurd	kurd	kurd	N	
mercer	mercer	mercer	mercer	N	V;IPFV;IND;SG;PRS;FIN;ACT
bethlehem	betlejem	bethlehem	betlej	N	
bolt	piorun	bolt	piorun	N	
invincible	niepokonany	invincible	niepokonany		ADJ;PFV;NOM;MASC;SG;POS;V.PTCP;PASS
sidi	sidi	sidi	sidić	N	
mainz	mainz	mainz	maina	N	PROPN;NOM;MASC;SG
imf	mfw	imf	mfw	N	
lactuca	lactuca	lactuca	lactuca	N	
blanchard	blanchard	blanchard	blanchard		N;NOM;MASC;SG
mickey	mickey	mickey	micken	N	
mickey	miki	mickey	mikć	N	
natalensis	natalensis	natalensis	natalensis	N	
grenada	grenada	grenada	grenadać	N	
xml	xml	xml	0ml		
antigua	antigua	antigua	antigua	N	V;IPFV;IND;SG;PRS;FIN;ACT
claudia	klaudia	claudia	klaudia	N	PROPN;NOM;FEM;SG
shogun	szogun	shogun	szoguna		N;NOM;MASC;SG
aung	aung	aung	aung	N	
dynamics	dynamics	dynamics	dynamics	N	
dynamics	dynamiczny	dynamics	dynamiczny	N	ADJ;NOM;MASC;SG
sunda	sunda	sunda	sunda	N	
stoke	stoke	stoke	stok	N	PROPN;NOM;MASC;SG
baku	baku	baku	bak	N	
car	auto	car	auto		N;NOM;NEUT;SG
car	samochód	car	samochód		N;NOM;MASC;SG
eduardo	eduardo	eduardo	eduardo	N	PROPN;NOM;MASC;SG
quăng	rzut	quăng	rzut	V	N;NOM;MASC;SG
yen	jenów	yen	jen	N	
sedis	sedis	sedis	sedis	N	
werder	werder	werder	werder	N	PROPN;NOM;MASC;SG
elliot	elliot	elliot	elliot		PROPN;NOM;MASC;SG
achaea	achaja	achaea	achaja	N	
decipiens	decipiens	decipiens	decipiens	V	
bloch	bloch	bloch	bloch	N	PROPN;NOM;MASC;SG
yoga	jogi	yoga	jógić	V	
yoga	jogę	yoga	jóchać	V	N;ACC;FEM;SG
albacete	albacete	albacete	albacet	N	PROPN;NOM;MASC;SG
blade	blade	blade	blady	N	
gundam	gundam	gundam	gundam	N	
mat	mat	mat	mata	N	
nuevo	nuevo	nuevo	nuevo	N	PROPN;NOM;MASC;SG
nol	nol	nol	nol	N	
disco	disco	disco	disco	N	
prószyński	prószyński	prószyński	prószyński	ADJ	
heinkel	heinkel	heinkel	heinkel	N	V;IPFV;IND;SG;2;PRS;FIN;ACT
pounder	funtowa	pounder	funtowy	N	
asp	asp	asp	asp		
penny	penny	penny	penny	N	
penny	cent	penny	cent	N	
eve	ewa	eve	ewa		PROPN;NOM;FEM;SG
eve	eve	eve	eve		V;IPFV;IND;SG;1;PRS;FIN;ACT
minamoto	minamoto	minamoto	minamoto	N	
node	węzła	node	wązła	N	
hacker	haker	hacker	haker		N;NOM;MASC;SG
hacker	hakerzy	hacker	haker		N;NOM;MASC;PL
sendai	sendai	sendai	senda		N;NOM;MASC;SG
christophe	christophe	christophe	christopha		PROPN;NOM;MASC;SG
ming	ming	ming	minga	N	
engels	engels	engels	engels	N	PROPN;NOM;MASC;SG
znojmo	znojmo	znojmo	znojmo	NUM	PROPN;NOM;NEUT;SG
xúi	jinx	xúi	jinx	V	
lynn	lynn	lynn	lynn	N	PROPN;NOM;MASC;SG
durham	durham	durham	durhać	N	V;IPFV;IND;SG;2;PRS;FIN;ACT
chae	chae	chae	cha	N	
chong	chong	chong	chong	N	PROPN;NOM;MASC;SG
hót	śpiewać	hót	śpiewać	N	V;IPFV;NFIN;ACT
hót	śpiewa	hót	śpiewać	N	V;IPFV;IND;SG;3;PRS;FIN;ACT
hót	śpiewam	hót	śpiewać	N	V;IPFV;IND;SG;1;PRS;FIN;ACT
hót	śpiewa	hót	śpiewać	N	V;IPFV;IND;SG;3;PRS;FIN;ACT
coloma	coloma	coloma	col	N	V;IPFV;IND;SG;PRS;FIN;ACT
thor	thor	thor	thor	N	
padova	padwy	padova	padwa	N	PROPN;GEN;MASC;SG
ovata	ovata	ovata	ovata	N	
incertae	incertae	incertae	incertae	N	
dwight	dwight	dwight	dwight	N	PROPN;NOM;MASC;SG
selena	salina	selena	salina		V;IPFV;IND;SG;2;FIN;ACT
selena	selena	selena	selen		N;NOM;FEM;SG
fulton	fulton	fulton	fulton		V;IPFV;IND;SG;PRS;FIN;ACT
palustris	błotny	palustris	błotny	N	ADJ;NOM;MASC;SG
xavier	xavier	xavier	xavier		N;NOM;MASC;SG
blücher	blücher	blücher	blücher	N	
candy	słodycze	candy	słodycz		N;NOM;MASC;PL
pauly	pauly	pauly	paula	N	
xòe	tutu	xòe	tut	N	
fao	fao	fao	fao	N	
menzies	menzies	menzies	menzies		V;IPFV;IND;SG;PRS;FIN;ACT
konstantin	konstantin	konstantin	konstantin		PROPN;NOM;MASC;SG
emil	emil	emil	emil	N	PROPN;NOM;MASC;SG
rahman	rahman	rahman	rahman	V	PROPN;NOM;MASC;SG
glen	glen	glen	glen		PROPN;NOM;MASC;SG
klaus	klaus	klaus	klaus	N	PROPN;NOM;MASC;SG
resort	resort	resort	resort	N	V;IPFV;IND;SG;PRS;FIN;ACT
corinna	corinna	corinna	corinny	N	PROPN;NOM;FEM;SG
hampton	hampton	hampton	hampton		V;IPFV;IND;SG;PRS;FIN;ACT
chandler	chandler	chandler	chandler		V;IPFV;IND;SG;PRS;FIN;ACT
chandler	chandlera	chandler	chandler		N;ACC;MASC;SG
göring	göring	göring	göring		N;NOM;MASC;SG
nordrhein	nordrhein	nordrhein	nordrhein	V	
samar	samar	samar	samar	N	PROPN;NOM;MASC;SG
taira	taira	taira	tair	N	
castel	castel	castel	castel	N	
bmw	bmw	bmw	bywać	N	
sumer	sumeryjski	sumer	sumeryjski	N	ADJ;NOM;MASC;SG
irene	irena	irene	irena		PROPN;NOM;FEM;SG
irene	irene	irene	iren		PROPN;NOM;FEM;SG
penang	penang	penang	penang		PROPN;NOM;MASC;SG
gớm	zapalenie	gớm	zapalenie	PART	N;PFV;NOM;NEUT;SG;POS;V.MSDR
zeller	zeller	zeller	zeller		PROPN;NOM;MASC;SG
kahn	kahn	kahn	kahna	N	PROPN;NOM;MASC;SG
toro	toro	toro	toro	N	
gaon	gaon	gaon	gaono	NUM	
sủa	bark	sủa	bark	ADJ	
sủa	kory	sủa	kora	ADJ	
sủa	kora	sủa	kora	ADJ	
carr	carr	carr	carry		PROPN;NOM;MASC;SG
betty	betty	betty	betty		V;IPFV;IND;SG;1;PRS;FIN;ACT
cholesterol	cholesterolu	cholesterol	cholesterole	V	N;GEN;MASC;SG
cholesterol	cholesterol	cholesterol	cholesterol	V	N;NOM;MASC;SG
constantinople	konstantynopola	constantinople	konstantynopol		N;ACC;MASC;SG
allmusic	allmusic	allmusic	allmusic	N	V;IPFV;IND;SG;2;PRS;FIN;ACT
chihuahua	chihuahua	chihuahua	chihuah	N	V;IPFV;IND;SG;3;PRS;FIN;ACT
ancona	ancona	ancona	ancona	N	PROPN;NOM;FEM;SG
tran	tran	tran	trana	N	
madeira	madery	madeira	mader	N	
micro	mikro	micro	mikro	N	
bath	wanna	bath	wanna		N;NOM;FEM;SG
bath	łazienka	bath	łazienka		N;NOM;FEM;SG
blanc	blanc	blanc	blanc	N	
medici	medici	medici	medit	N	V;IPFV;IND;SG;1;PRS;FIN;ACT
gien	gene	gien	gen	N	PROPN;NOM;MASC;SG
gien	gen	gien	gen	N	
cornwall	kornwalii	cornwall	kornwalia	N	
uae	zea	uae	zea	N	PROPN;NOM;MASC;SG
scharnhorst	scharnhorst	scharnhorst	scharnhorst	N	
bains	bains	bains	bains	N	V;IPFV;IND;SG;PRS;FIN;ACT
luzula	kosmatka	luzula	kosmatka	N	
marche	marche	marche	march	N	
bremer	bremer	bremer	bremer	N	
udine	udine	udine	udina	NUM	PROPN;NOM;NEUT;SG
kan	kan	kan	kan	N	
gập	składany	gập	składać	V	ADJ;IPFV;NOM;MASC;SG;POS;V.PTCP;PASS
gập	składanie	gập	składać	V	N;IPFV;NOM;NEUT;SG;POS;V.MSDR
gập	składane	gập	składać	V	ADJ;IPFV;NOM;NEUT;SG;POS;V.PTCP;PASS
lens	obiektyw	lens	obiektyw		N;NOM;MASC;SG
lens	soczewki	lens	soczewka		N;ACC;FEM;PL
lens	przeciek	lens	przeciek		N;NOM;MASC;SG
lens	wyciek	lens	wyciek		N;NOM;MASC;SG
beirut	bejrucie	beirut	bejrut	N	PROPN;NOM;MASC;SG
hahn	hahn	hahn	hahn	N	PROPN;NOM;MASC;SG
yamada	yamada	yamada	Mamada		PROPN;NOM;MASC;SG
dot	dot	dot	dot	N	
andersson	andersson	andersson	andersson	N	PROPN;NOM;MASC;SG
elip	elipsa	elip	elipsa	N	
lafayette	lafayette	lafayette	lafayette	N	
tatar	tatar	tatar	tatar	N	
boom	bang	boom	bang	N	
boom	bum	boom	bum	N	
luigi	luigi	luigi	luig		PROPN;NOM;MASC;SG
boone	boone	boone	boony		PROPN;NOM;MASC;SG
reo	wątpliwość	reo	wątpliwość	V	N;NOM;FEM;SG
reo	wątpliwości	reo	wątpliwość	V	N;ACC;FEM;SG
garrison	garrison	garrison	garrison		V;IPFV;IND;SG;PRS;FIN;ACT
fiction	fiction	fiction	fiction	N	
repens	repens	repens	repens	V	
musashi	musashi	musashi	musasha	N	V;IPFV;IND;SG;3;PRS;FIN;ACT
adobe	adobe	adobe	adób	N	
shizuka	shizuka	shizuka	shizuka	N	
direct	bezpośrednia	direct	bezpośredni		ADJ;NOM;FEM;SG
direct	bezpośrednie	direct	bezpośrednie		ADJ;NOM;NEUT;SG
primula	pierwiosnek	primula	pierwiosnek		N;NOM;MASC;SG
vermont	vermont	vermont	vermont	N	PROPN;NOM;MASC;SG
kato	kato	kato	kato	N	
nomura	nomura	nomura	nomura	V	
borealis	borealis	borealis	borealis		N;NOM;MASC;SG
anders	anders	anders	anders	N	
sugar	cukrem	sugar	cukier		N;INS;MASC;SG
sugar	cukru	sugar	cukr		N;GEN;MASC;SG
sugar	cukier	sugar	cukier		N;NOM;MASC;SG
bouchet	bouchet	bouchet	bouchet	N	
budějovice	budějovice	budějovice	budojovika	NUM	
antiochos	antioch	antiochos	antioch	N	PROPN;NOM;MASC;SG
cremona	cremona	cremona	cremon	N	V;IPFV;IMP;SG;2;FIN;ACT
turing	turinga	turing	turinga		N;ACC;MASC;SG
piston	tłokowych	piston	tłokowy	N	ADJ;GEN;MASC;PL
admiralty	admiralicji	admiralty	admiralicja		N;GEN;FEM;SG
kyle	kyle	kyle	kyle		PROPN;NOM;MASC;SG
emerton	emerton	emerton	emerton	V	
gloria	glorii	gloria	gloria		N;GEN;FEM;SG
oder	odry	oder	odra	V	
lange	lange	lange	lange	N	
shannon	shannon	shannon	shannon		PROPN;NOM;MASC;SG
liti	lit	liti	lit	N	
liti	litu	liti	lit	N	V;IPFV;IND;SG;PRS;FIN;ACT
cayman	cayman	cayman	cayman	N	
martinique	martyniki	martinique	martynika	N	
villiers	villiers	villiers	villiers		V;IPFV;IND;SG;PRS;FIN;ACT
wanda	wanda	wanda	wanda	N	PROPN;NOM;FEM;SG
martino	martino	martino	martino		PROPN;NOM;MASC;SG
saxophone	saksofon	saxophone	saksofon	N	V;IPFV;IND;SG;PRS;FIN;ACT
canescens	canescens	canescens	canescens	ADJ	
vanessa	vanessa	vanessa	vanessa		N;NOM;FEM;SG
haas	haas	haas	haas	N	PROPN;NOM;MASC;SG
schwartz	schwartz	schwartz	schwartz		PROPN;NOM;MASC;SG
hohenzollern	hohenzollern	hohenzollern	hohenzollern	V	N;NOM;MASC;SG
para	para	para	para	N	
howell	howell	howell	howell		PROPN;NOM;MASC;SG
tolstoy	tołstoj	tolstoy	tołstoj	N	V;IPFV;IND;SG;PST;FIN;ACT
palawan	palawan	palawan	palawać	N	V;IPFV;IND;SG;2;PRS;FIN;ACT
neptune	neptune	neptune	neptuny	N	
jupiter	jowisz	jupiter	jowić	N	V;IPFV;IND;SG;2;PRS;FIN;ACT
velvet	aksamit	velvet	aksamit		N;ACC;MASC;SG
alfonso	alfons	alfonso	alfons	N	PROPN;NOM;MASC;SG
alfonso	alfonso	alfonso	alfonso	N	PROPN;NOM;MASC;SG
bromley	bromley	bromley	bromley		V;IPFV;IND;SG;2;PRS;FIN;ACT
proxy	proxy	proxy	prox	N	
djibouti	dżibuti	djibouti	dżibuta	N	PROPN;NOM;MASC;SG
hattori	hattori	hattori	hattoria	N	
training	kształcenie	training	kształcenie	DET	N;NOM;NEUT;SG
training	szkolenia	training	szkolić	DET	N;IPFV;NOM;NEUT;SG;POS;V.MSDR
training	trening	training	trening	DET	N;NOM;MASC;SG
training	szkolenie	training	szkolenie	DET	N;IPFV;NOM;NEUT;SG;POS;V.MSDR
training	treningi	training	trening	DET	N;NOM;MASC;PL
musa	musa	musa	musa	N	PROPN;NOM;MASC;SG
melanoxanthus	melanoxanthus	melanoxanthus	melanoxanthus		N;GEN;MASC;SG
acta	acta	acta	acto	N	
californica	californica	californica	californica	N	
gilles	gilles	gilles	gilles		N;NOM;MASC;SG
shogakukan	shōgakukan	shogakukan	shoggakuka	N	
norodom	norodom	norodom	noród	N	
funk	funk	funk	funk	N	
zanzibar	zanzibar	zanzibar	zanzibar	N	V;IPFV;IND;SG;PRS;FIN;ACT
dmitry	dmitrij	dmitry	dmitrować	N	PROPN;NOM;MASC;SG
apiaceae	apiaceae	apiaceae	apiacek	N	
cowan	cowan	cowan	cować	N	V;IPFV;IND;SG;PRS;FIN;ACT
randolph	randolph	randolph	randolph		V;IPFV;IND;SG;PRS;FIN;ACT
oakland	oakland	oakland	oakland	N	PROPN;NOM;MASC;SG
toscana	toskanii	toscana	toskania	N	
ambrose	ambrose	ambrose	ambrosa	N	PROPN;NOM;MASC;SG
aurelius	aureliusz	aurelius	aureliusz	N	PROPN;NOM;MASC;SG
sheikh	szejk	sheikh	szejk	N	
andorra	podgorica	andorra	podgorica	N	PROPN;NOM;MASC;SG
olympique	olympique	olympique	olympino	N	
benedict	benedict	benedict	benedict	N	
irving	irving	irving	irving		PROPN;NOM;MASC;SG
trau	zmęczeni	trau	zmęczony	V	ADJ;NOM;MASC;PL
trau	zmęczona	trau	zmęczony	V	ADJ;NOM;FEM;SG
trau	zmęczony	trau	zmęczyć	V	ADJ;PFV;NOM;MASC;SG;POS;V.PTCP;PASS
medeiros	medeiros	medeiros	medeiros	N	
lat	leniwy	lat	leniwy	N	ADJ;NOM;MASC;SG
lat	leniwa	lat	leniwo	N	ADJ;NOM;FEM;SG
lat	leniwe	lat	leniwy	N	ADJ;NOM;NEUT;SG
wigan	wigan	wigan	wigan	N	PROPN;NOM;MASC;SG
crane	dźwig	crane	dźwig		N;NOM;MASC;SG
nobilis	nobilis	nobilis	nobilis	N	V;IPFV;IND;SG;3;PRS;FIN;ACT
darren	darren	darren	darren	N	PROPN;NOM;MASC;SG
beaver	bóbr	beaver	bóbr		N;NOM;MASC;SG
paulus	paulus	paulus	paulus	N	PROPN;NOM;MASC;SG
chopin	chopin	chopin	chopin	V	
canterbury	canterbury	canterbury	canterbura		N;GEN;FEM;SG
gerhard	gerhard	gerhard	gerhard		PROPN;NOM;MASC;SG
ariel	ariel	ariel	ariel		PROPN;NOM;MASC;SG
fujiwara	fujiwara	fujiwara	fujiwar	N	PROPN;NOM;MASC;SG
fasciatus	fasciatus	fasciatus	fasciatus	N	V;IPFV;IND;SG;2;PRS;FIN;ACT
maxima	maxima	maxima	maxić	N	
konrad	konrad	konrad	konrad		PROPN;NOM;MASC;SG
kung	kung	kung	kung	N	
championships	championships	championships	championships	V	
animax	animax	animax	animax	N	
beograd	belgradzie	beograd	belgrad	N	PROPN;DAT;MASC;SG
martha	marta	martha	marta		PROPN;NOM;FEM;SG
martha	martha	martha	martha		PROPN;NOM;FEM;SG
martha	marto	martha	marto		V;IPFV;IMP;SG;2;FIN;ACT
bloom	kwitną	bloom	kwitny		V;IPFV;IND;PL;3;PRS;FIN;ACT
marius	mariusz	marius	mariusz		PROPN;NOM;MASC;SG
marius	marius	marius	marius		PROPN;NOM;MASC;SG
helmut	helmut	helmut	helmut	N	PROPN;NOM;MASC;SG
avril	avril	avril	avril	N	
khuya	późna	khuya	późny	N	ADV
khuya	późny	khuya	późny	N	ADJ;NOM;MASC;SG
khuya	późno	khuya	późno	N	ADV
suffolk	suffolk	suffolk	suffolk	N	V;IPFV;IND;SG;PRS;FIN;ACT
niken	niklu	niken	nikl	N	
kimi	kimi	kimi	kto	N	
beaufort	beaufort	beaufort	beaufort	N	V;IPFV;IND;SG;PRS;FIN;ACT
maui	maui	maui	maua	N	V;IPFV;IND;SG;PRS;FIN;ACT
tone	tonie	tone	tonąć		V;IPFV;IND;SG;3;PRS;FIN;ACT
tone	tonu	tone	ton		N;GEN;MASC;SG
rue	rue	rue	rue	N	
michoacán	michoacán	michoacán	michoacsy	V	
ferrari	ferrari	ferrari	ferrary	N	
stan	stan	stan	stan		N;NOM;MASC;SG
rebel	rebeliantów	rebel	rebeliant		N;ACC;MASC;PL
regina	regina	regina	regina		N;NOM;FEM;SG
laporte	laporte	laporte	laporty		V;IPFV;IND;SG;2;PRS;FIN;ACT
coburg	coburg	coburg	coburg		V;IPFV;IND;SG;FIN;ACT
lozère	lozère	lozère	lozrreć	N	
pereira	pereira	pereira	pereira	N	PROPN;NOM;MASC;SG
interscope	interscope	interscope	interscop	V	
bruxelles	brukseli	bruxelles	bruksel	N	
gaston	gaston	gaston	gaston		PROPN;NOM;MASC;SG
fairey	fairey	fairey	fairea	N	
curie	curie	curie	curieć	N	
chuck	chuckiem	chuck	chucki		N;INS;MASC;SG
dora	dora	dora	dora	N	
aerospace	aerospace	aerospace	aerospaka	N	
benn	benn	benn	benn		PROPN;NOM;MASC;SG
donau	dunaju	donau	dunaj	N	V;IPFV;IND;SG;PRS;FIN;ACT
donau	donau	donau	dona	N	V;IPFV;IND;SG;PRS;FIN;ACT
punctatus	punctatus	punctatus	punctatus		V;IPFV;IND;SG;2;PRS;FIN;ACT
romagna	romagna	romagna	romagny		INTJ
bergen	bergen	bergen	bergen	N	PROPN;NOM;MASC;SG
hora	hora	hora	hora	NUM	
scottish	szkocka	scottish	szkocki	NUM	N;NOM;FEM;SG
scottish	szkocki	scottish	szkocki	NUM	N;NOM;MASC;SG
turkish	turecka	turkish	turecka		ADJ;NOM;FEM;SG
turkish	tureckie	turkish	turecki		ADJ;NOM;NEUT;SG
turkish	turecki	turkish	turecka		ADJ;NOM;MASC;SG
trinity	trinity	trinity	trinit	NUM	
antigonos	antygon	antigonos	antygon	N	
lamiaceae	lamiaceae	lamiaceae	lamiacek	N	
parva	parva	parva	parva		N;NOM;FEM;SG
gallo	gallo	gallo	gallo	N	
kafka	kafka	kafka	kafka	N	PROPN;NOM;MASC;SG
leiden	leiden	leiden	leiden	N	
meteor	meteor	meteor	meteor	N	
hubert	hubert	hubert	hubert		PROPN;NOM;MASC;SG
thwaites	thwaites	thwaites	thwaites	N	
bertrand	bertrand	bertrand	bertrand		PROPN;NOM;MASC;SG
turin	turynie	turin	turyn	NUM	PROPN;NOM;MASC;SG
sylvia	sylwia	sylvia	sylwia	N	PROPN;NOM;FEM;SG
valentin	valentin	valentin	valentin		N;NOM;MASC;SG
fidel	fidel	fidel	fidel		PROPN;NOM;MASC;SG
cortinarius	zasłonak	cortinarius	zasłonak		N;NOM;MASC;SG
ivanovich	iwanowicz	ivanovich	iwanowicz		N;NOM;MASC;SG
ash	ash	ash	ash		PROPN;NOM;MASC;SG
ash	popiołu	ash	popieź		N;GEN;MASC;SG
ash	popiół	ash	popiół		N;ACC;MASC;SG
pohl	pohl	pohl	pohl		PROPN;NOM;MASC;SG
wickes	wickes	wickes	wickes	N	
giặt	pralni	giặt	pralnia	V	N;GEN;FEM;SG
giặt	pranie	giặt	pranie	V	
wrestlemania	wrestlemania	wrestlemania	wrestlemania		N;PFV;NOM;NEUT;SG;POS;V.MSDR
barker	barker	barker	barker		V;IPFV;IND;SG;PRS;FIN;ACT
philipp	philipp	philipp	philipp		PROPN;NOM;MASC;SG
andre	andre	andre	andra		PROPN;NOM;MASC;SG
andre	andré	andre	andra		PROPN;NOM;MASC;SG
andre	andré	andre	andra		PROPN;NOM;MASC;SG
andre	andre	andre	andra		PROPN;NOM;MASC;SG
hibiscus	hibiscus	hibiscus	hibiscus	N	
pierce	pierce	pierce	pierki		PROPN;NOM;MASC;SG
rfc	rfc	rfc	rfc	N	
falcata	falcata	falcata	falcat	N	
canary	kanaryjskich	canary	kanaryjski	N	ADJ;GEN;MASC;PL
karst	kras	karst	kras	N	V;IPFV;IND;SG;PRS;FIN;ACT
spotted	zauważył	spotted	zauważyć		V;PFV;MASC;IND;SG;PST;FIN;ACT
spotted	zauważyli	spotted	zauważyć		V;PFV;MASC;IND;PL;PST;FIN;ACT
spotted	zauważono	spotted	zauważyć		V;PFV;IND;0;PST;FIN;ACT
paniculata	wiechowaty	paniculata	wiechowaty	N	ADJ;NOM;MASC;SG
sexy	sexy	sexy	sexa	N	
vinyl	winylu	vinyl	winyle	N	
lars	lars	lars	lars	N	PROPN;NOM;MASC;SG
jia	jia	jia	jia	N	V;IPFV;IND;SG;PRS;FIN;ACT
krasnodar	krasnodar	krasnodar	krasnodar	N	PROPN;NOM;MASC;SG
wikimapia	wikimapia	wikimapia	wikimapia		N;ACC;MASC;SG
chẻ	otwór	chẻ	otwór		N;NOM;MASC;SG
chẻ	dołek	chẻ	dołek		N;NOM;MASC;SG
chẻ	dziura	chẻ	dziura		N;NOM;FEM;SG
rainer	rainer	rainer	rainer	N	PROPN;NOM;MASC;SG
trieste	trieste	trieste	trieść	N	
phineas	phineas	phineas	phineas	N	
bèo	kiepskie	bèo	kiepski	N	ADJ;NOM;NEUT;SG
leonid	leonid	leonid	leonid	N	PROPN;NOM;MASC;SG
fuller	fuller	fuller	fuller	N	PROPN;NOM;MASC;SG
kino	kino	kino	kino	V	N;NOM;NEUT;SG
benevento	benevento	benevento	benevento	N	V;IPFV;IND;SG;2;FIN;ACT
seok	seok	seok	seok	N	
cervus	cervus	cervus	cervus	N	
boleslav	boleslav	boleslav	boleslav	N	PROPN;NOM;MASC;SG
sec	sek	sec	sek	N	
sec	sec	sec	sec	N	
natalie	natalie	natalie	natalać	N	PROPN;NOM;FEM;SG
barca	barca	barca	barca	N	V;IPFV;IND;SG;2;PRS;FIN;ACT
cassini	cassini	cassini	cassina	N	V;IPFV;IND;SG;2;PRS;FIN;ACT
halloween	halloween	halloween	halloween	V	ADJ;ACC;MASC;SG
midland	midland	midland	midland	N	
narcissus	narcyz	narcissus	narcyz		PROPN;NOM;MASC;SG
nottingham	nottingham	nottingham	nottinghać	N	V;IPFV;IND;SG;1;PRS;FIN;ACT
angelica	angelica	angelica	angelica		N;NOM;FEM;SG
labrador	labrador	labrador	labrador	N	
shinichi	shinichi	shinichi	shinich	N	
mono	mono	mono	mono	N	
charlton	charlton	charlton	charlton	N	PROPN;NOM;MASC;SG
sites	witryny	sites	witryna		N;GEN;FEM;PL
sites	witryn	sites	witryna		N;GEN;FEM;PL
skin	skóry	skin	skóra		N;GEN;FEM;SG
skin	skórę	skin	skóra		N;ACC;FEM;SG
skin	skóra	skin	skóra		N;NOM;FEM;SG
doyle	doyle	doyle	dożeł	N	PROPN;NOM;MASC;SG
cedar	cedar	cedar	cedar	N	V;IPFV;IND;SG;PRS;FIN;ACT
saturn	saturn	saturn	saturny	N	
thom	thom	thom	thom	N	PROPN;NOM;MASC;SG
jihlava	igława	jihlava	igława	N	
tít	usłyszeć	tít	usłyszeć		V;PFV;NFIN;ACT
hilbert	hilbert	hilbert	hilbert	N	
rising	rośnie	rising	rosnąć		V;IPFV;IND;SG;3;PRS;FIN;ACT
eight	ośmiu	eight	osiem	NUM	
eight	ósemka	eight	ósemka	NUM	N;NOM;FEM;SG
eight	osiem	eight	osiem	NUM	
cobain	cobain	cobain	cobain	N	
leigh	leigh	leigh	lejś		PROPN;NOM;MASC;SG
mitra	mitra	mitra	mitro		N;NOM;MASC;SG
biếng	lenistwo	biếng	lenistwo	ADJ	N;NOM;NEUT;SG
massa	massa	massa	massa		V;IPFV;IND;SG;2;PRS;FIN;ACT
shiva	shiva	shiva	shiva	N	V;IPFV;IND;SG;3;PRS;FIN;ACT
merlin	merlin	merlin	merlina	N	
officiel	officiel	officiel	officiel	N	
ascii	ascii	ascii	ascia	N	
phillip	phillip	phillip	phillip		PROPN;NOM;MASC;SG
phillip	filip	phillip	filip		PROPN;NOM;MASC;SG
surrey	surrey	surrey	surrea	NUM	
martinez	martinez	martinez	martinez	N	PROPN;NOM;MASC;SG
gill	gill	gill	gill		PROPN;NOM;MASC;SG
edison	edison	edison	edison	N	PROPN;NOM;MASC;SG
orton	orton	orton	orton	N	
nógrád	nógrád	nógrád	nógryda	N	
chằng	więzadło	chằng	więzadło	V	N;NOM;NEUT;SG
sẹo	blizn	sẹo	blizna	N	
sẹo	blizny	sẹo	blizna	N	V;IPFV;IND;SG;FIN;ACT
sẹo	blizny	sẹo	blizna	N	V;IPFV;IND;SG;FIN;ACT
tahiti	tahiti	tahiti	tahita	N	
bauer	bauer	bauer	bauer	N	
wolfsburg	wolfsburg	wolfsburg	wolfsburg	N	PROPN;NOM;MASC;SG
kalinin	kalinin	kalinin	kalinin	N	
celt	celt	celt	celt	N	PROPN;NOM;MASC;SG
hopper	hopper	hopper	hopper	V	
nicholson	nicholson	nicholson	nicholson		N;NOM;MASC;SG
dhabi	dhabi	dhabi	dhaby	N	PROPN;NOM;MASC;SG
guderian	guderian	guderian	guderian		N;NOM;MASC;SG
mladá	mladá	mladá	mladá	NUM	PROPN;NOM;MASC;SG
soft	miękka	soft	miękki		ADJ;NOM;FEM;SG
soft	miękkie	soft	miękki		ADJ;NOM;NEUT;SG
soft	miękki	soft	miękki		ADJ;NOM;MASC;SG
caproni	caproni	caproni	capronić	N	
laguna	laguna	laguna	laguna	N	
ornatus	zdobiony	ornatus	zdobić		ADJ;PFV;NOM;MASC;SG;POS;V.PTCP;PASS
coca	koka	coca	kok	N	
coca	cola	coca	cola	N	
coca	coca	coca	coc	N	
králové	králové	králové	królova	V	
pixel	piksele	pixel	piksel	N	
jörg	jörg	jörg	jórga	NUM	PROPN;NOM;MASC;SG
breed	rasy	breed	rasa		N;ACC;FEM;PL
breed	rasa	breed	rasa		N;NOM;FEM;SG
cronquist	cronquist	cronquist	cronquist	N	PROPN;NOM;MASC;SG
lcd	lcd	lcd	lecdyć	N	
rogue	rogue	rogue	rogu	N	V;IPFV;IND;SG;2;FIN;ACT
crimea	krym	crimea	krym	V	PROPN;NOM;MASC;SG
breslau	breslau	breslau	breslau	N	
bonus	premia	bonus	premia	N	
điốt	dioda	điốt	dioda	N	
abkhazia	abchazji	abkhazia	abchazja		N;GEN;FEM;SG
mồm	mouth	mồm	mouth	N	
burma	birmie	burma	birma	N	
burma	birmy	burma	birma	N	
pepper	papryka	pepper	papryka		N;NOM;FEM;SG
jammu	dżammu	jammu	dżam	N	
koh	koh	koh	koh	N	V;IPFV;IND;SG;PRS;FIN;ACT
castanea	castanea	castanea	castać	N	
dome	dome	dome	dom	N	
ramsey	ramsey	ramsey	ramsey		V;IPFV;IND;SG;1;PRS;FIN;ACT
hayes	hayes	hayes	hayes	N	
lombard	lombard	lombard	lombard	N	
bịp	trick	bịp	trick	N	
molina	molina	molina	molina		PROPN;NOM;MASC;SG
forrest	forrest	forrest	forrest	N	
tankōbon	tankōbon	tankōbon	tankōbon	N	
composite	złożone	composite	złożyć	N	ADJ;PFV;NOM;NEUT;SG;POS;V.PTCP;PASS
composite	złożona	composite	złożyć	N	ADJ;PFV;NOM;FEM;SG;POS;V.PTCP;PASS
composite	złożony	composite	złożyć	N	ADJ;PFV;NOM;MASC;SG;POS;V.PTCP;PASS
andrés	andrés	andrés	andrés	N	PROPN;NOM;MASC;SG
medieval	średniowieczne	medieval	średniowieczny	N	ADJ;NOM;NEUT;SG
tonumber	tonumber	tonumber	tonumber		N;ACC;MASC;SG
cornelius	cornelius	cornelius	cornelius	N	PROPN;NOM;MASC;SG
robbie	robbie	robbie	robba	N	V;IPFV;IND;SG;PRS;FIN;ACT
tolna	tolna	tolna	tolny	N	
pardubice	pardubice	pardubice	pardubica	N	PROPN;NOM;MASC;SG
zurich	zurychu	zurich	zurych	N	PROPN;NOM;MASC;SG
choáng	oszołomiony	choáng	oszołomić	V	ADJ;PFV;NOM;MASC;SG;POS;V.PTCP;PASS
choáng	oszołomiony	choáng	oszołomić	V	ADJ;PFV;NOM;MASC;SG;POS;V.PTCP;PASS
jaén	jaén	jaén	jaén	NUM	
mứt	jam	mứt	ja	N	
mứt	dżem	mứt	dżem	N	V;IPFV;IND;SG;PRS;FIN;ACT
drew	narysował	drew	narysować		V;PFV;MASC;IND;SG;PST;FIN;ACT
bernhard	bernhard	bernhard	bernhard	N	PROPN;NOM;MASC;SG
tna	tna	tna	tny	N	
hpa	hpa	hpa	hpa	N	
hindenburg	hindenburg	hindenburg	hindenburg		N;NOM;MASC;SG
smile	uśmiech	smile	uśmiech		N;NOM;MASC;SG
smile	uśmiechu	smile	uśmiech		N;GEN;MASC;SG
attila	attila	attila	attil	N	PROPN;NOM;MASC;SG
leverkusen	leverkusen	leverkusen	leverkusen	N	
tbilisi	tbilisi	tbilisi	tbilis	N	PROPN;NOM;MASC;SG
rochester	rochester	rochester	rochester		N;NOM;MASC;SG
rugby	rugby	rugby	rugba	N	
kira	kira	kira	kira	N	PROPN;NOM;FEM;SG
marguerite	marguerite	marguerite	marguerity		V;IPFV;IND;SG;1;PRS;FIN;ACT
laden	ladena	laden	laden	N	
laden	obciążona	laden	obciążyć	N	ADJ;PFV;NOM;FEM;SG;POS;V.PTCP;PASS
laden	obciążony	laden	obciążyć	N	ADJ;PFV;NOM;MASC;SG;POS;V.PTCP;PASS
benito	benito	benito	benito	N	
ramesses	ramzes	ramesses	ramzes	N	
ramesses	ramzes	ramesses	ramzes	N	
ngứa	świąd	ngứa	świąd	V	
ngứa	swędzenie	ngứa	swędzenie	V	N;NOM;NEUT;SG
ngứa	swędzenie	ngứa	swędzenie	V	N;NOM;NEUT;SG
ngứa	swędzenie	ngứa	swędzenie	V	N;NOM;NEUT;SG
ngứa	szpony	ngứa	szpona	V	N;NOM;MASC;PL
ngứa	szczypce	ngứa	szczypka	V	N;NOM;MASC;PL
ngứa	pazury	ngứa	pazur	V	N;NOM;MASC;PL
aeroflot	aerofłot	aeroflot	aerofłot	N	PROPN;NOM;MASC;SG
rebecca	rebecca	rebecca	rebecca		N;NOM;FEM;SG
rebecca	rebeka	rebecca	rebek		N;NOM;FEM;SG
stones	kamienie	stones	kamień		N;NOM;MASC;PL
panorama	panorama	panorama	panoram	N	V;IPFV;IND;SG;3;PRS;FIN;ACT
chilensis	chilensis	chilensis	chilensis	N	
schultz	schultz	schultz	schulty	N	PROPN;NOM;MASC;SG
pot	trawka	pot	trawka		N;NOM;FEM;SG
pot	garnek	pot	garnek		N;NOM;MASC;SG
heian	heian	heian	heian	N	
mexicanus	mexicanus	mexicanus	mexicanus	N	V;IPFV;IND;SG;2;PRS;FIN;ACT
patterson	patterson	patterson	patterson		PROPN;NOM;MASC;SG
obi	obi	obi	obić	N	
alma	alma	alma	alma	NUM	
gsm	gsm	gsm	gsm	N	
hwan	hwan	hwan	hwan	N	
lysimachia	tojeść	lysimachia	tojeść	N	V;IPFV;NFIN;ACT
weasley	weasley	weasley	weasley		N;NOM;MASC;SG
myers	myers	myers	myers		PROPN;NOM;MASC;SG
hmas	hmas	hmas	hmas	N	V;IPFV;IMP;SG;2;FIN;ACT
kombat	kombat	kombat	kombat	N	
fourier	fouriera	fourier	fourier	N	
allegheny	allegheny	allegheny	allegheny		N;NOM;MASC;SG
příbram	příbram	příbram	parbram	N	
tivi	telewizja	tivi	telewizja	ADJ	N;NOM;FEM;SG
tivi	tv	tivi	TV	ADJ	
tivi	telewizor	tivi	telewizor	ADJ	N;NOM;MASC;SG
tivi	telewizji	tivi	telewizja	ADJ	N;DAT;FEM;SG
tivi	telewizory	tivi	telewizor	ADJ	N;NOM;MASC;PL
prinz	prinz	prinz	prinz	N	PROPN;NOM;MASC;SG
argentine	argentyna	argentine	argentyna	N	
argentine	argentyny	argentine	argentyna	N	
benin	benin	benin	benin	N	PROPN;NOM;MASC;SG
sar	sar	sar	sar	N	
intercontinental	intercontinental	intercontinental	intercontinental		N;NOM;MASC;SG
aquino	aquino	aquino	anuino	N	PROPN;NOM;NEUT;SG
tina	tina	tina	tin		PROPN;NOM;FEM;SG
saddam	saddama	saddam	saddać	N	
mystery	tajemnice	mystery	tajemnica		N;NOM;FEM;PL
mystery	tajemniczy	mystery	tajemniczy		ADJ;NOM;MASC;SG
mystery	tajemnicza	mystery	tajemniczy		ADJ;NOM;FEM;SG
mystery	tajemnica	mystery	tajemnica		N;NOM;FEM;SG
mystery	zagadka	mystery	zagadka		N;NOM;FEM;SG
ruth	ruth	ruth	ruth		PROPN;NOM;FEM;SG
carolyn	carolyn	carolyn	carolyn		N;NOM;FEM;SG
carolyn	karolina	carolyn	karolin		PROPN;NOM;FEM;SG
psv	psv	psv	psv	N	
stall	stoisko	stall	stoisko		N;NOM;NEUT;SG
monde	monde	monde	monde	N	
picasso	picasso	picasso	picasso	N	
bien	widoczna	bien	widoczny	N	ADJ;NOM;FEM;SG
bien	widoczny	bien	widoczny	N	ADJ;NOM;MASC;SG
bien	widoczne	bien	widoczny	N	ADJ;NOM;NEUT;SG
bien	bien	bien	bien	N	
bien	nieba	bien	niebo	N	
hoffmann	hoffmann	hoffmann	hoffmanny		PROPN;NOM;MASC;SG
hinton	hinton	hinton	hinton		V;IPFV;IND;SG;PRS;FIN;ACT
heather	heather	heather	heather	N	PROPN;NOM;FEM;SG
joey	joey	joey	jóc	N	
nuremberg	norymberdze	nuremberg	norymberdzy	N	
silicon	krzemu	silicon	krzym	N	
isabel	isabel	isabel	isabel		PROPN;NOM;MASC;SG
isabel	izabela	isabel	izabel		PROPN;NOM;FEM;SG
damascus	damaszku	damascus	damaszku	N	V;IPFV;IND;SG;2;PRS;FIN;ACT
batista	batista	batista	batista		N;NOM;MASC;SG
olt	olt	olt	olt		PROPN;NOM;MASC;SG
alegre	alegre	alegre	alegry		PROPN;NOM;MASC;SG
cordata	cordata	cordata	cordat	N	
tardieu	tardieu	tardieu	tardieu	N	
toyotomi	toyotomi	toyotomi	toyota	PROPN	
chatham	chatham	chatham	chathać	N	V;IPFV;IND;SG;PRS;FIN;ACT
una	una	una	unać	N	
niels	niels	niels	niels	N	PROPN;NOM;MASC;SG
fountain	fontanna	fountain	fontanny	N	ADJ;NOM;FEM;SG
fountain	fontanny	fountain	fontanny	N	
havlíčkův	havlí	havlíčkův	havlí	N	V;IPFV;IND;PRS;FIN;ACT
bandai	bandai	bandai	banda	N	
vaucluse	vaucluse	vaucluse	Vauclus	N	V;IPFV;IND;SG;2;PRS;FIN;ACT
pelhřimov	pelhřimov	pelhřimov	pelhřimov	N	
huelva	huelva	huelva	huelv	N	PROPN;NOM;MASC;SG
beckham	beckham	beckham	beckh	N	
xuyến	torus	xuyến	torus	V	
reyes	reyes	reyes	reyes	N	PROPN;NOM;MASC;SG
gin	gin	gin	gin	N	
gin	dżin	gin	dżinina	N	
camille	camille	camille	camille	N	V;IPFV;IND;SG;PRS;FIN;ACT
camille	kamil	camille	kamil	N	PROPN;NOM;MASC;SG
wendy	wendy	wendy	wenda		V;IPFV;IND;SG;2;PRS;FIN;ACT
medicago	medicago	medicago	medica	N	
blackwell	blackwell	blackwell	blackwell		PROPN;NOM;MASC;SG
echo	echa	echo	echo	N	
echo	echo	echo	echo	N	
sever	sever	sever	sever	N	
holiday	święto	holiday	święto		N;NOM;NEUT;SG
ribera	ribera	ribera	riber	NUM	
dornier	dornier	dornier	dornier	N	
chocolate	czekoladowy	chocolate	czekoladowy	N	ADJ;NOM;MASC;SG
chocolate	czekoladowe	chocolate	czekoladowy	N	ADJ;NOM;NEUT;SG
supermarine	supermarine	supermarine	supermariny	N	
exilis	exilis	exilis	exilis	N	
timur	timur	timur	timur	N	PROPN;NOM;MASC;SG
echinopsis	echinopsis	echinopsis	echinopsis	N	
hemingway	hemingway	hemingway	hemingway		N;NOM;MASC;SG
táp	ugryzienie	táp	ugryzić	V	N;NOM;NEUT;SG
chapuis	chapuis	chapuis	chapuis	V	
capcom	capcom	capcom	capca	N	
hybrid	hybryda	hybrid	hybryda	N	
hybrid	hybrydy	hybrid	hybryda	N	
hybrid	hybrydowy	hybrid	hybrydowy	N	ADJ;NOM;MASC;SG
collaris	collaris	collaris	collaris	N	
euonymus	trzmielina	euonymus	trzmielina		N;NOM;FEM;SG
bittorrent	bittorrent	bittorrent	bittorrent	N	
gibbs	gibbsa	gibbs	gibbsa	CONJ	
gibbs	gibbs	gibbs	gibbs	CONJ	PROPN;NOM;MASC;SG
pushkin	puszkin	pushkin	puszkin	N	
neutrino	neutrino	neutrino	neutrić	N	
elton	elton	elton	elton	N	PROPN;NOM;MASC;SG
fiat	fiat	fiat	fiat	N	
herminia	herminia	herminia	herminia	ADJ	
montpellier	montpellier	montpellier	montpellier	N	PROPN;NOM;MASC;SG
atatürk	atatürk	atatürk	atatürk	N	
dawson	dawson	dawson	dawson	N	PROPN;NOM;MASC;SG
ivoire	ivoire	ivoire	Ivoire	N	
stress	stres	stress	stres		N;NOM;MASC;SG
stress	stresu	stress	stres		N;GEN;MASC;SG
baiano	baiano	baiano	baiać		V;IPFV;IND;0;PST;FIN;ACT
pattern	wzorzec	pattern	wzorzec	V	N;NOM;MASC;SG
pattern	wzór	pattern	wzór	V	N;NOM;MASC;SG
etheostoma	etheostoma	etheostoma	etheostoma	ADJ	
oliva	oliva	oliva	oliva		V;IPFV;IND;SG;1;PRS;FIN;ACT
brain	mózg	brain	mózg	V	N;NOM;MASC;SG
brain	mózgi	brain	mózg	V	N;NOM;MASC;PL
brain	mózgów	brain	mózg	V	N;GEN;MASC;PL
landmark	landmark	landmark	landmark	N	
benešov	benešov	benešov	benešov	N	
levant	levant	levant	levant	N	
vila	vila	vila	vila		V;IPFV;IND;SG;PRS;FIN;ACT
sapporo	sapporo	sapporo	sapporo	N	PROPN;NOM;MASC;SG
bazan	bazan	bazan	bazany	N	
alive	żyje	alive	żyć		V;IPFV;IND;SG;3;PRS;FIN;ACT
alive	żywa	alive	żywy		ADJ;NOM;FEM;SG
rodriguez	rodríguez	rodriguez	rodríguez		PROPN;NOM;MASC;SG
comba	comba	comba	comba	N	
volkhov	wołchowskiego	volkhov	wołchowski	N	ADJ;ACC;MASC;SG
cent	centów	cent	cent		N;GEN;MASC;PL
leste	leste	leste	lesty	N	
cuốc	przypadkowe	cuốc	przypadkowy	N	ADJ;NOM;NEUT;SG
cuốc	przypadkowa	cuốc	przypadkowy	N	ADJ;NOM;FEM;SG
cuốc	przypadkowy	cuốc	przypadkowy	N	ADJ;NOM;MASC;SG
cuốc	losowo	cuốc	losowo	N	ADV
cuốc	losowe	cuốc	losowy	N	ADJ;NOM;NEUT;SG
cuốc	hoe	cuốc	hoe	N	
ftp	ftp	ftp	ftp	N	
tudor	tudor	tudor	tudor	N	V;IPFV;IND;SG;PRS;FIN;ACT
wikisource	wikiźródła	wikisource	wikiźródły	V	
javanica	javanica	javanica	javanica	N	V;IPFV;IND;SG;PRS;FIN;ACT
neville	neville	neville	neville		N;NOM;MASC;SG
novara	novara	novara	novarny	NUM	V;IPFV;IMP;SG;2;FIN;ACT
pal	pal	pal	pal		
pal	kolego	pal	kolega		V;IPFV;IMP;SG;2;FIN;ACT
ceylon	cejlon	ceylon	cejlon	N	PROPN;NOM;MASC;SG
menu	menu	menu	menu	N	
menu	menu	menu	menu	N	
korlević	korlević	korlević	korlević		V;PFV;NFIN;ACT
poltava	połtawa	poltava	połtawa	N	
sergio	sergio	sergio	sergio	N	
hawking	hawking	hawking	hawking	N	
pitt	pitt	pitt	pitt	N	PROPN;NOM;MASC;SG
trier	trier	trier	trier	N	PROPN;NOM;MASC;SG
quezon	quezon	quezon	quezon	N	PROPN;NOM;MASC;SG
sistema	sistema	sistema	sistema	V	
mazowieckie	mazowieckie	mazowieckie	mazowiecki	N	ADJ;NOM;NEUT;SG
nihon	nihon	nihon	nihon	N	
medium	średni	medium	średnia		ADJ;NOM;MASC;SG
medium	średnia	medium	średnia		N;NOM;FEM;SG
jakob	jakob	jakob	jakob	N	PROPN;NOM;MASC;SG
shane	shane	shane	shana		N;NOM;MASC;SG
cal	cala	cal	cal		V;IPFV;IND;SG;PST;FIN;ACT
cool	fajny	cool	fajny		ADJ;NOM;MASC;SG
cool	fajna	cool	fajny		ADJ;NOM;FEM;SG
cool	fajne	cool	fajny		ADJ;NOM;NEUT;SG
hardcore	hardcore	hardcore	hardcor	N	
moreno	moreno	moreno	moreno		PROPN;NOM;MASC;SG
telegraph	telegraph	telegraph	telegraph		N;NOM;MASC;SG
hcv	hcv	hcv	h3V	N	
milk	mleka	milk	mleko		N;GEN;NEUT;SG
milk	mleko	milk	mleko		N;NOM;NEUT;SG
stadion	stadion	stadion	stadion		N;NOM;MASC;SG
daphne	daphne	daphne	daphn	N	
jackie	jacek	jackie	jacek	N	PROPN;NOM;MASC;SG
livingston	livingston	livingston	livingston		V;IPFV;IND;SG;PRS;FIN;ACT
eos	eos	eos	eos	N	
heves	heves	heves	heves	N	
agelena	agelena	agelena	agelen	N	
wollaston	wollaston	wollaston	wollaston	V	
thierry	thierry	thierry	thierry	N	
serena	sereno	serena	sereno	N	
graz	graz	graz	graz		PROPN;NOM;MASC;SG
fiorentina	fiorentina	fiorentina	fiorentina	N	
malus	malus	malus	malus	N	
flo	flo	flo	flo	N	
mons	mons	mons	mons	N	PROPN;NOM;MASC;SG
cessna	cessna	cessna	cessnać	N	
angolensis	angolensis	angolensis	angolensis	ADJ	
quest	quest	quest	quest	N	
kangaroo	kangur	kangaroo	kangur		N;NOM;MASC;SG
kangaroo	kangury	kangaroo	kangura		N;ACC;MASC;PL
chrome	chrome	chrome	chromać	N	
douglass	douglass	douglass	douglass	N	V;PFV;IND;SG;2;FUT;FIN;ACT
ismail	ismail	ismail	ismail	N	PROPN;NOM;MASC;SG
saratoga	saratoga	saratoga	saratoga		N;NOM;MASC;SG
isla	isla	isla	isla	N	
friuli	friuli	friuli	friula		PROPN;NOM;MASC;SG
muscicapidae	muscicapidae	muscicapidae	muscicapida	N	
infinite	nieskończona	infinite	nieskończony	N	ADJ;PFV;NOM;FEM;SG;POS;V.PTCP;PASS
infinite	nieskończone	infinite	nieskończony	N	ADJ;PFV;NOM;NEUT;SG;POS;V.PTCP;PASS
infinite	nieskończonej	infinite	nieskończony	N	ADJ;PFV;GEN;FEM;SG;POS;V.PTCP;PASS
castello	castello	castello	castello	N	
myspace	myspace	myspace	myspak	N	
buri	buri	buri	buri	N	V;IPFV;IND;SG;2;PRS;FIN;ACT
zhao	zao	zhao	zao	N	V;IPFV;IND;SG;PRS;FIN;ACT
gloucester	gloucester	gloucester	gloucester		N;ACC;FEM;SG
puget	puget	puget	puget	N	V;IPFV;IND;SG;PST;FIN;ACT
sarajevo	sarajewie	sarajevo	sarajewie	N	V;IPFV;IND;SG;1;PRS;FIN;ACT
breda	breda	breda	bred	N	
kolín	kolín	kolín	kolín	NUM	
marvin	marvin	marvin	marvina	N	PROPN;NOM;MASC;SG
lift	podnieść	lift	podnieść		V;PFV;NFIN;ACT
inn	inn	inn	inn	N	
neill	neill	neill	neill	N	PROPN;NOM;MASC;SG
esp	esp	esp	espy	N	
encyclopædia	encyclopædia	encyclopædia	encyclopædia	V	
aguilar	aguilar	aguilar	aguilar		PROPN;NOM;MASC;SG
donna	donna	donna	donny		N;NOM;FEM;SG
pham	pham	pham	pham	N	
anomala	anomala	anomala	anomala	N	
yai	yai	yai	yai	N	V;IPFV;IND;SG;PRS;FIN;ACT
halle	halle	halle	hall	N	
checkuser	checkuser	checkuser	checkuser	N	
gap	luka	gap	luka	V	
gap	gap	gap	gapić	V	
karelia	karelia	karelia	karelia	N	
beaumont	beaumont	beaumont	beaumont	N	
hàu	oyster	hàu	oyster	N	
erie	erie	erie	eria	N	PROPN;NOM;MASC;SG
mourinho	mourinho	mourinho	mourinho	N	
thulin	thulin	thulin	thulin	N	
ogg	ogg	ogg	óg	N	
frances	frances	frances	frances		V;IPFV;IND;SG;1;PRS;FIN;ACT
adriatic	adriatyku	adriatic	adriatyk		N;GEN;MASC;SG
conmebol	conmebol	conmebol	conmebol	N	
cafe	kawa	cafe	kawa	N	
cafe	cafe	cafe	caf	N	
assassin	zabójcy	assassin	zabójca	N	
farm	farma	farm	farma	N	
kwang	kwang	kwang	kwanga	N	
vanilla	grzmot	vanilla	grzmot		N;NOM;MASC;SG
lepidium	pieprzyca	lepidium	pieprzyca	V	N;NOM;MASC;SG
société	société	société	société	N	
extreme	ekstremalnie	extreme	ekstremalnie		ADV
extreme	ekstremalne	extreme	ekstremalny		ADJ;NOM;NEUT;SG
bun	bułgarski	bun	bułgarski		ADJ;NOM;MASC;SG
auschwitz	auschwitz	auschwitz	auschwitza	N	PROPN;NOM;MASC;SG
multi	multi	multi	multa	DET	
wiedemann	wiedemann	wiedemann	wiedemanny	N	
newark	newark	newark	newark	N	PROPN;NOM;MASC;SG
isidro	isidro	isidro	isidro	NUM	PROPN;NOM;MASC;SG
woody	chudy	woody	chudy		ADJ;NOM;MASC;SG
fat	gruba	fat	gruba	N	
fat	grubo	fat	grubo	N	
fat	fat	fat	fato	N	
fat	gruby	fat	gruby	N	
andrey	andriej	andrey	andriej	N	PROPN;NOM;MASC;SG
corleone	corleone	corleone	corleony	N	
mẹo	podpowiedzi	mẹo	podpowiedź	N	
mẹo	tip	mẹo	tip	N	
browne	browne	browne	browny	N	
monogatari	monogatari	monogatari	monogataria	N	
wilde	wilde	wilde	wilda	N	
plato	platon	plato	platon	N	PROPN;NOM;MASC;SG
olympus	olimp	olympus	olimp	N	
tashkent	taszkent	tashkent	taszkent	N	PROPN;NOM;MASC;SG
episodes	odcinki	episodes	odcinka		N;NOM;MASC;PL
episodes	odcinków	episodes	odcinek		N;GEN;MASC;PL
muñoz	muñoz	muñoz	muñoz	N	PROPN;NOM;MASC;SG
herb	herb	herb	herb		N;NOM;MASC;SG
herb	zioło	herb	zioło		N;NOM;NEUT;SG
nicola	nicola	nicola	nicol	N	PROPN;NOM;MASC;SG
mew	mew	mew	mewić	N	
minami	minami	minami	mina		N;INS;FEM;PL
weiss	weiss	weiss	weiss	N	PROPN;NOM;MASC;SG
rousseau	rousseau	rousseau	roussea	N	V;IPFV;IND;SG;PRS;FIN;ACT
mecca	mekki	mecca	mekka	N	
switch	zamiana	switch	zamiana	N	V;IPFV;IND;SG;3;PRS;FIN;ACT
fide	fide	fide	fida	N	
melanie	melanie	melanie	melanie		N;NOM;FEM;SG
holloway	holloway	holloway	hollowa	V	
hume	hume	hume	hum	N	PROPN;NOM;MASC;SG
tama	tama	tama	tama	N	
kar	kar	kar	kara	N	
ngơ	ignoruje	ngơ	ignorować		V;IPFV;IND;SG;3;PRS;FIN;ACT
ngơ	ignorowanie	ngơ	ignorować		N;IPFV;NOM;NEUT;SG;POS;V.MSDR
muse	muza	muse	muza	N	
chamberlain	chamberlain	chamberlain	chamberlain	V	N;NOM;MASC;SG
gala	gali	gala	gal		N;GEN;FEM;SG
cằm	chin	cằm	chuna	N	PROPN;NOM;MASC;SG
cằm	china	cằm	chiny	N	
paula	paula	paula	paula		V;IPFV;IND;SG;1;PRS;FIN;ACT
toulon	toulon	toulon	toulon	N	PROPN;NOM;MASC;SG
romano	romano	romano	romano		N;NOM;NEUT;SG
wizard	czarodzieja	wizard	czarodziej		N;ACC;MASC;SG
wizard	czarodziej	wizard	czarodziej		N;NOM;MASC;SG
wizard	asystent	wizard	asystent		N;NOM;MASC;SG
wizard	czarnoksiężnik	wizard	czarnoksiężnik		N;NOM;MASC;SG
zander	zander	zander	zander		PROPN;NOM;MASC;SG
selim	selim	selim	selim	N	PROPN;NOM;MASC;SG
damian	damian	damian	damian	N	PROPN;NOM;MASC;SG
bedford	bedford	bedford	bedford	N	V;IPFV;IND;SG;PRS;FIN;ACT
strakonice	strakonice	strakonice	strakonica	N	
haifa	hajfa	haifa	hajfa	N	PROPN;NOM;NEUT;SG
cash	kasy	cash	kasa		N;ACC;FEM;SG
cash	gotówką	cash	gotówka		N;INS;FEM;SG
cash	gotówkę	cash	gotówka		N;ACC;FEM;SG
cash	cash	cash	cashać		
cash	gotówka	cash	gotówka		N;NOM;FEM;SG
lugo	lugo	lugo	lugo	NUM	PROPN;NOM;MASC;SG
runner	runner	runner	runner	N	
teo	teo	teo	teo	V	
twilight	zmierzch	twilight	zmierzch	N	
kenji	kenji	kenji	kenja		PROPN;NOM;MASC;SG
sardegna	sardegna	sardegna	sardegny	N	
voltaire	voltaire	voltaire	voltaire	N	
robson	robson	robson	robson	N	
mask	masce	mask	maska		N;DAT;FEM;SG
mask	maski	mask	maska		N;ACC;FEM;PL
mask	maskę	mask	maska		N;ACC;FEM;SG
mask	maska	mask	maska		N;NOM;FEM;SG
merton	merton	merton	merton	N	PROPN;NOM;MASC;SG
coa	coa	coa	coa	V	
cluj	cluj	cluj	cluj	NUM	PROPN;NOM;MASC;SG
tábor	tábor	tábor	tábor	NUM	
rojas	rojas	rojas	rojas		PROPN;NOM;MASC;SG
salmon	łosoś	salmon	łos	N	
salmon	łososia	salmon	łososia	N	
dahl	dahl	dahl	dahl	N	PROPN;NOM;MASC;SG
nhả	zwolnienie	nhả	zwolnienie	V	N;NOM;NEUT;SG;V.MSDR
nhả	uwolnienie	nhả	uwolnić	V	N;PFV;NOM;NEUT;SG;POS;V.MSDR
charlemagne	charlemagne	charlemagne	charlemagny		ADJ;NOM;NEUT;SG
thùa	agave	thùa	agave	N	
heathrow	heathrow	heathrow	heathr	N	PROPN;NOM;MASC;SG
jenkins	jenkins	jenkins	jenkins		PROPN;NOM;MASC;SG
pack	opakowanie	pack	opakować		N;NOM;NEUT;SG
tbd	tbd	tbd	tbd	N	
machado	machado	machado	machado	N	V;IPFV;IND;SG;PRS;FIN;ACT
modena	modena	modena	modena	NUM	
lions	lwów	lions	lwów	N	
buckingham	buckingham	buckingham	buckinghać		N;ACC;MASC;SG
kitty	kotek	kitty	kotek		N;NOM;MASC;SG
omer	omer	omer	omer		PROPN;NOM;MASC;SG
samara	samara	samara	samar	N	PROPN;NOM;MASC;SG
petersen	petersen	petersen	petersen	V	PROPN;NOM;MASC;SG
mona	mona	mona	mona	N	
elsa	elsa	elsa	elsa	N	
maritima	nadmorska	maritima	nadmorski		ADJ;NOM;FEM;SG
madeleine	madeleine	madeleine	madeleiny	N	
baba	baba	baba	baba		N;NOM;FEM;SG
baba	babę	baba	baba		N;ACC;FEM;SG
tulagi	tulagi	tulagi	tulag	N	
taczanowski	taczanowski	taczanowski	taczanowski	N	ADJ;NOM;MASC;SG
campagne	campagne	campagne	campagny	V	
spielberg	spielberg	spielberg	spielberg		N;NOM;MASC;SG
kana	kana	kana	kana	N	
alagoas	alagoas	alagoas	alagoas	N	
coventry	coventry	coventry	coventra	N	
pau	pau	pau	pau	N	
baek	baek	baek	baek	N	
ararat	ararat	ararat	ararat	N	
lhasa	lhasy	lhasa	lhas	N	
calvert	calvert	calvert	calvert		V;IPFV;IND;SG;PRS;FIN;ACT
polymer	polimer	polymer	polimer	N	
nolan	nolan	nolan	nolanin		N;NOM;MASC;SG
fitzgerald	fitzgerald	fitzgerald	fitzgerald	N	V;IPFV;IND;SG;PRS;FIN;ACT
treviso	treviso	treviso	treviso	N	PROPN;NOM;MASC;SG
romeo	romeo	romeo	romeo	N	
didier	didier	didier	didier	N	PROPN;NOM;MASC;SG
joyce	joyce	joyce	joyca	N	
wai	wai	wai	wy	N	
meet	poznać	meet	poznać	ADJ	V;PFV;NFIN;ACT
meet	poznaj	meet	poznawać	ADJ	V;PFV;IMP;SG;2;FIN;ACT
meet	spotkanie	meet	spotkanie	ADJ	N;NOM;NEUT;SG
alexis	alexis	alexis	alexis	N	
annonaceae	annonaceae	annonaceae	annonacea	N	
radiata	radiata	radiata	radiat	N	
espiritu	espiritu	espiritu	espirit		PROPN;NOM;MASC;SG
kin	kin	kin	kin	N	
avenger	mściciel	avenger	mściciel		V;IPFV;IND;SG;2;PRS;FIN;ACT
caserta	caserta	caserta	casertać	N	V;IPFV;IND;SG;2;FIN;ACT
nigriceps	nigriceps	nigriceps	nigriceps	V	
asen	asen	asen	asen	N	PROPN;NOM;MASC;SG
titus	titus	titus	titus	N	PROPN;NOM;MASC;SG
rhacophorus	rhacophorus	rhacophorus	rhacophorus	V	N;ACC;MASC;SG
hayek	hayek	hayek	hayek	N	
messenger	messenger	messenger	messenger	N	
lagos	lagos	lagos	lagos	N	PROPN;NOM;MASC;SG
stream	strumień	stream	strumień		N;NOM;MASC;SG
petra	petra	petra	petr	N	PROPN;NOM;FEM;SG
palmas	palmas	palmas	palmas	N	V;IPFV;IND;SG;PRS;FIN;ACT
gatwick	gatwick	gatwick	gatwick		PROPN;NOM;MASC;SG
oldenburg	oldenburg	oldenburg	oldenburg		PROPN;NOM;MASC;SG
jacobs	jacobs	jacobs	jacobs	N	
sikorsky	sikorsky	sikorsky	sikorsky	N	ADJ;NOM;MASC;SG
reims	reims	reims	reims	N	PROPN;NOM;MASC;SG
ensign	chorąży	ensign	chorąży		N;NOM;MASC;SG
niigata	niigata	niigata	niigat	N	V;IPFV;IND;SG;PRS;FIN;ACT
carlsen	carlsen	carlsen	carlsen	N	PROPN;NOM;MASC;SG
ericsson	ericsson	ericsson	ericsson	N	
achilles	achilles	achilles	achilles	N	PROPN;NOM;MASC;SG
achilles	achille	achilles	achille	N	PROPN;NOM;MASC;SG
gerard	gérard	gerard	gérard		N;NOM;MASC;SG
gerard	gerard	gerard	gerard		N;NOM;MASC;SG
gerard	gerard	gerard	gerard		N;NOM;MASC;SG
oran	oran	oran	orani		PROPN;NOM;MASC;SG
ortiz	ortiz	ortiz	ortiz		PROPN;NOM;MASC;SG
constance	constance	constance	constanka	N	V;IPFV;IND;SG;3;PRS;FIN;ACT
boca	boca	boca	boca	N	PROPN;NOM;MASC;SG
nếm	smak	nếm	smak	V	N;NOM;MASC;SG
nếm	gust	nếm	gust	V	N;NOM;MASC;SG
nếm	smaku	nếm	smak	V	N;GEN;MASC;SG
nếm	degustacji	nếm	degustacja	V	N;GEN;FEM;SG
ski	narty	ski	narta	N	
ski	ski	ski	skiot	N	
pusillus	pusillus	pusillus	pusillus		V;IPFV;IND;SG;2;PRS;FIN;ACT
dhaka	dhaka	dhaka	dhaka	N	PROPN;NOM;MASC;SG
seem	sem	seem	sem	ADJ	
amour	amour	amour	amour	N	
theresia	theresia	theresia	theresia	N	
michele	michele	michele	michel	N	PROPN;NOM;MASC;SG
swansea	swansea	swansea	swanse	N	
españa	españa	españa	españa	N	PROPN;NOM;MASC;SG
mendoza	mendoza	mendoza	mendoza	N	V;IPFV;IND;SG;PRS;FIN;ACT
judo	judo	judo	judo	N	
lampard	lampard	lampard	lampard	N	
myung	myung	myung	myung	N	
tunis	tunezja	tunis	tunezja	N	
tunis	tunis	tunis	tunis	N	PROPN;NOM;MASC;SG
lyudmila	ludmiła	lyudmila	ludmić		V;IPFV;FEM;IND;SG;PST;FIN;ACT
nigel	nigel	nigel	nigel	N	PROPN;NOM;MASC;SG
garfield	garfield	garfield	garfield		V;IPFV;IND;SG;2;PRS;FIN;ACT
tula	tula	tula	tula	NUM	
aff	aff	aff	aff	N	
hermes	hermes	hermes	hermes	N	
alicia	alicja	alicia	alicja		PROPN;NOM;FEM;SG
alicia	alicia	alicia	alicia		PROPN;NOM;FEM;SG
registry	rejestru	registry	rejester		N;GEN;MASC;SG
registry	rejestr	registry	rejestr		N;NOM;MASC;SG
eindhoven	eindhoven	eindhoven	eindhoven	N	PROPN;NOM;MASC;SG
