felder	felder	felder	felder	N	PROPN
taraxacum	taraxacum	taraxacum	taraxacum		N;FEM;SG
pete	pete	pete	pete		PROPN
piece	pieza	piece	pieza		N;FEM;SG
hewitt	hewitt	hewitt	hewitt		PROPN
thick	espeso	thick	espeso		ADJ;MASC;SG
thick	gruesa	thick	grueso		ADJ;FEM;SG
thick	espesa	thick	espeso		ADJ;FEM;SG
thick	grueso	thick	grueso		ADJ;MASC;SG
thick	gruesos	thick	grueso		ADJ;MASC;PL
herman	herman	herman	herman		PROPN
conrad	conrad	conrad	conrad		PROPN
conrad	conrado	conrad	conrado		N;MASC;SG
denver	denver	denver	denver		PROPN
valentine	valentina	valentine	valentino		N;FEM;SG
valentine	valentín	valentine	valentín		N;MASC;SG
valentine	valentine	valentine	valentine		N;SG
keynes	keynes	keynes	keyn		N;MASC;PL
christine	cristina	christine	cristinar		N;FEM;SG
christine	christine	christine	christine		N;FEM;SG
bung	expansión	bung	expansión	V	N;FEM;SG
asti	asti	asti	asti	NUM	N;MASC;SG
motors	motores	motors	motor		N;MASC;PL
motors	motors	motors	motors		N;MASC;SG
pisa	pisa	pisa	pisar	N	
digitaria	digitaria	digitaria	digitario	N	ADJ;FEM;SG
duncan	duncan	duncan	duncar		PROPN
gigantea	gigantea	gigantea	gigantear	N	ADJ;SG
bombay	bombay	bombay	bombay		N;MASC;SG
allocosa	allocosa	allocosa	allocoso		ADJ;FEM;SG
northrop	northrop	northrop	northrop		N;MASC;SG
aurora	aurora	aurora	aurora		N;FEM;SG
pat	pat	pat	pat		PROPN
caussols	caussols	caussols	caussols	N	PROPN
unicode	unicode	unicode	unicode	N	ADJ;MASC;SG
pike	lucio	pike	lucio		N;MASC;SG
pike	pike	pike	pike		N
pasha	pasha	pasha	pasha		N;SG
atriplex	atriplex	atriplex	atriplex		N;SG
cantabria	cantabria	cantabria	cantabria		N;FEM;SG
fast	atascado	fast	atascado		ADJ;MASC;SG;V.PTCP
fast	atascada	fast	atascado		ADJ;FEM;SG;V.PTCP
fast	atrapado	fast	atrapado		ADJ;MASC;SG;V.PTCP
lodovico	lodovico	lodovico	lodovico	V	N;MASC;SG
voldemort	voldemort	voldemort	voldemort		N;MASC;SG
parviflora	parviflora	parviflora	parviflora		N;FEM;SG
liège	lieja	liège	lieja	NUM	N;FEM;SG
concolor	concolor	concolor	concolor		N;SG
geoffrey	godofredo	geoffrey	godofredo		N;MASC;SG
geoffrey	geoffrey	geoffrey	geoffrey		N;MASC;SG
bosch	bosch	bosch	bosch		PROPN
namen	namen	namen	namen		N
twinkle	brilla	twinkle	brillar	N	V;IND;SG;3;PRS;FIN
natal	natal	natal	natal	N	ADJ;SG
cohen	cohen	cohen	cohen		PROPN
fern	helechos	fern	helecho		N;MASC;PL
fern	fern	fern	fern		N
moses	moisés	moses	moisés	N	PROPN
gasteracantha	gasteracantha	gasteracantha	gasteracantha		N;FEM;SG
apocynaceae	apocynaceae	apocynaceae	apocynacear	N	ADJ;SG
mas	mas	mas	mas	N	ADV
chapman	chapman	chapman	chapman		N;MASC;SG
pulchella	pulchella	pulchella	pulchella		N;FEM;SG
anthidium	anthidium	anthidium	anthidium	N	
eulophia	eulophia	eulophia	eulophia		N
alta	alta	alta	alto	N	ADJ;FEM;SG
clo	clo	clo	clo	N	
delphinium	delphinium	delphinium	delphinium	V	N
angelo	angelo	angelo	angelo		N;MASC;SG
angelo	ángelo	angelo	ángelo		N;MASC;SG
clapton	clapton	clapton	clapton		N;MASC;SG
hector	hector	hector	hector		N;MASC;SG
hector	héctor	hector	héctor		N;MASC;SG
ling	ling	ling	ling	N	PROPN
fusca	fusca	fusca	fusca		N;FEM;SG
maguire	maguire	maguire	maguir		N;MASC;SG
cưng	querido	cưng	querido	V	ADJ;MASC;SG;V.PTCP
cưng	estimado	cưng	estimado	V	ADJ;MASC;SG;V.PTCP
cưng	estimados	cưng	estimado	V	ADJ;MASC;PL;V.PTCP
cưng	queridos	cưng	querido	V	ADJ;MASC;PL;V.PTCP
cưng	querida	cưng	querido	V	ADJ;FEM;SG;V.PTCP
dãi	baba	dãi	baba	V	N;FEM;SG
zombie	zombie	zombie	zombie	N	
aphonopelma	aphonopelma	aphonopelma	aphonopelma	V	PROPN
brien	brien	brien	brien		N;MASC;SG
turn	gimnasia	turn	gimnasia		N;FEM;SG
hen	seriamente	hen	seriamente	V	ADV
hen	asma	hen	asma	V	N;MASC;SG
tun	yard	tun	yard		N;SG
tun	yarda	tun	yarda		N;FEM;SG
tun	patio	tun	patio		N;MASC;SG
plymouth	plymouth	plymouth	plymouth		N;MASC;SG
anglo	anglosajón	anglo	anglosajón	N	ADJ;MASC;SG
palm	palm	palm	palm	N	
montreal	montreal	montreal	montreal	N	V;NFIN
auf	auf	auf	auf	N	PROPN
boheman	boheman	boheman	bohemar	V	N
portugal	portugal	portugal	portugal	NUM	ADJ;SG
nhổ	asador	nhổ	asador	V	N;MASC;SG
nhổ	saliva	nhổ	saliva	V	N;FEM;SG
argiope	argiope	argiope	argiopar	N	
rành	conocedor	rành	conocedor	V	N;MASC;SG
milton	milton	milton	milton		N;MASC;SG
cac	cac	cac	cac		PROPN
cac	tu	cac	tu		DET;SG;2
cac	te	cac	tú		PRO;SG;2
cac	tú	cac	tú		PRO;NOM;SG;2
cac	usted	cac	tú		PRO;SG;2;FORM
cac	vos	cac	vo		PRO;SG;2
noel	noel	noel	noel		N;MASC;SG
ritter	ritter	ritter	ritter		N;SG
brooks	brooks	brooks	brook	N	PROPN
minima	mínimos	minima	mínimo	N	ADJ;MASC;PL
naples	nápoles	naples	nápol		N;MASC;SG
emmanuel	manuel	emmanuel	manuel	N	PROPN
emmanuel	emmanuel	emmanuel	emmanuel	N	PROPN
guérin	guérin	guérin	guérin		N
jäger	jäger	jäger	jäger	N	PROPN
trick	truco	trick	truco		N;MASC;SG
trick	trick	trick	trick		N
rivera	rivera	rivera	rivera		PROPN
burton	burton	burton	burton		N;MASC;SG
rita	rita	rita	rita		N;FEM;SG
anobiidae	anobiidae	anobiidae	anobiidae		V;IND;SG;3;PRS;FIN
latreille	latreille	latreille	latreille	V	N
float	flotante	float	flotante	N	ADJ;SG
float	flotar	float	flotar	N	V;NFIN
sành	conocedores	sành	conocedor	V	N;MASC;PL
proc	proc	proc	proc	N	PROPN
compact	compacto	compact	compacto	N	ADJ;MASC;SG
compact	compacta	compact	compacta	N	ADJ;FEM;SG
compact	compactas	compact	compacta	N	ADJ;FEM;PL
cheng	desesperada	cheng	desesperado	N	ADJ;FEM;SG;V.PTCP
cheng	cheng	cheng	cheng	N	PROPN
ribes	ribes	ribes	rib	ADJ	PROPN
heller	heller	heller	heller		PROPN
calyptranthes	calyptranthes	calyptranthes	calyptranthe	V	N
motor	motora	motor	motora		ADJ;FEM;SG
motor	motor	motor	motor		N;MASC;SG
sat	senté	sat	sentar	NUM	V;IND;SG;1;PST;FIN
sat	sat	sat	sat	NUM	N;MASC;SG
christoph	christoph	christoph	christoph		N;MASC;SG
elisabeth	isabel	elisabeth	isabel		N;FEM;SG
elisabeth	elisabeth	elisabeth	elisabeth		N;FEM;SG
rouge	rouge	rouge	rouge		N;MASC;SG
darius	darius	darius	darius	N	PROPN
saxon	sajones	saxon	sajón		N;MASC;PL
saxon	saxon	saxon	saxar		N;MASC;SG
smithsonian	smithsonian	smithsonian	smithsonian		N;SG
verhoeff	verhoeff	verhoeff	verhoeff	N	
penn	penn	penn	penn	N	PROPN
nhọc	penurias	nhọc	penuria	V	N;FEM;PL
nhọc	penuria	nhọc	penuria	V	N;FEM;SG
nhọc	penurias	nhọc	penuria	V	N;FEM;PL
primates	primates	primates	primate		N;MASC;PL
variabilis	variabilis	variabilis	variabilis		N
magnus	magno	magnus	magno		PROPN
magnus	magnus	magnus	magnus		N;SG
sục	potencia	sục	potencia	V	N;FEM;SG
sục	power	sục	power	V	N
abe	abe	abe	abir	N	PROPN
hòm	arca	hòm	arca	V	N;FEM;SG
freeman	freeman	freeman	freemar		PROPN
kurz	kurz	kurz	kurz		N;SG
yan	yan	yan	yan	N	PROPN
glabra	glabra	glabra	glabra	N	ADJ;FEM;SG
flores	flores	flores	flor		N;FEM;PL
cloud	nube	cloud	nube		N;FEM;SG
cloud	cloud	cloud	cloud		N
cloud	nubes	cloud	nube		N;FEM;PL
nbc	nbc	nbc	nbc		N;FEM;SG
tằng	zeng	tằng	zeng	NUM	N;SG
třebíč	třebíč	třebíč	teber	N	
rim	rim	rim	rim		N;SG
rim	llanta	rim	llantar		N;FEM;SG
rim	rima	rim	rima		N;FEM;SG
ferrara	ferrara	ferrara	ferrar	N	V;SBJV;SG;3;IPFV;FIN
tryon	tryon	tryon	tryon		N;MASC;SG
dido	dido	dido	decir	N	ADJ;MASC;SG
lev	lev	lev	lev	N	PROPN
dmitri	dmitri	dmitri	dmitri	N	PROPN
chad	chad	chad	chad	N	PROPN
habronattus	habronattus	habronattus	habronattu		N
tesla	tesla	tesla	tesla		N;MASC;SG
irish	irlanda	irish	irlanda		N;FEM;SG
irish	irlandeses	irish	irlandés		N;MASC;PL
irish	irish	irish	irish		N
irish	irlandesa	irish	irlandés		ADJ;FEM;SG
irish	irlandés	irish	irlandés		N;MASC;SG
litsinger	litsinger	litsinger	litsinger	N	
sấy	anchoas	sấy	anchoa	V	N;FEM;PL
sấy	secador	sấy	secador	V	N;MASC;SG
sấy	secadora	sấy	secadora	V	N;FEM;SG
sấy	secado	sấy	secado	V	N;MASC;SG
saussurea	saussurea	saussurea	saussurea		N;FEM;SG
giăng	webs	giăng	webs	V	N;FEM;PL
giăng	telarañas	giăng	telaraña	V	N;FEM;PL
abel	abel	abel	abel		PROPN
barbus	barbus	barbus	barbus	N	
millidge	millidge	millidge	millidge		N
anatolia	anatolia	anatolia	anatolia	N	ADJ;FEM;SG
sterculia	sterculia	sterculia	sterculia	N	
spam	spam	spam	spam	V	N;SG
westwood	westwood	westwood	westwood		PROPN
barack	barack	barack	barack	V	N;MASC;SG
nitida	nitida	nitida	nitido		ADJ;FEM;SG;V.PTCP
kerr	kerr	kerr	kerr	N	PROPN
indo	indochina	indo	indochina	N	ADJ;FEM;SG
videos	vídeos	videos	vídeo		N;MASC;PL
videos	videos	videos	video		N;MASC;PL
michener	michener	michener	michener		V;NFIN
chat	chatear	chat	chatear	N	V;NFIN
chat	charlar	chat	charlar	N	V;NFIN
goth	gótica	goth	gótico		ADJ;FEM;SG
goth	gótico	goth	gótico		ADJ;MASC;SG
goth	gótica	goth	gótico		ADJ;FEM;SG
goth	gótico	goth	gótico		ADJ;MASC;SG
scarlett	scarlett	scarlett	scarlett		N;FEM;SG
scarlett	escarlata	scarlett	escarlata		N;FEM;SG
derek	derek	derek	derek	N	PROPN
bibliography	bibliografía	bibliography	bibliografía		N;FEM;SG
schaus	schaus	schaus	schaus	V	
tru	aullando	tru	aullar		V;V.MSDR
tru	amenazan	tru	amenazar		V;IND;PL;3;PRS;FIN
tru	amenazar	tru	amenazar		V;NFIN
katy	katy	katy	katy		N;SG
jeremy	jeremy	jeremy	jeremy	N	PROPN
léon	léon	léon	léon		N;MASC;SG
veronica	veronica	veronica	veronicar		ADJ;FEM;SG
veronica	verónica	veronica	verónico		ADJ;FEM;SG
glenn	glenn	glenn	glenn		PROPN
hartmann	hartmann	hartmann	hartmann		PROPN
agrostis	agrostis	agrostis	agrostis		N
polish	polaca	polish	polaco	NUM	ADJ;FEM;SG
polish	polonia	polish	polonia	NUM	PROPN
polish	polacos	polish	polaco	NUM	N;MASC;PL
polish	polaco	polish	polaco	NUM	N;MASC;SG
tegenaria	tegenaria	tegenaria	tegenario		ADJ;FEM;SG
benson	benson	benson	benson		N;MASC;SG
sting	aguijón	sting	aguijón		N;MASC;SG
sting	sting	sting	sting		N
sting	picadura	sting	picadura		N;FEM;SG
royce	royce	royce	royzar		N;MASC;SG
mayer	mayer	mayer	mayer		PROPN
litoria	litoria	litoria	litoria	N	ADJ;FEM;SG
marcos	marcos	marcos	marco		N;MASC;PL
greenwood	greenwood	greenwood	greenwood		N;MASC;SG
parks	parques	parks	parque		N;MASC;PL
sưởi	calentadores	sưởi	calentador	V	N;MASC;PL
sưởi	mantel	sưởi	mantel	V	N;MASC;SG
holocaust	holocausto	holocaust	holocausto		N;MASC;SG
lucien	lucien	lucien	lucir		PROPN
hyderabad	hyderabad	hyderabad	hyderabad	N	V;IND;SG;3;IPFV;FIN
opuntia	opuntia	opuntia	opuntia		N;FEM;SG
dion	dion	dion	dion		PROPN
kay	kay	kay	kay		PROPN
ellen	elena	ellen	eleno		N;FEM;SG
ellen	ellen	ellen	ellar		N;FEM;SG
baron	barón	baron	barón		N;MASC;SG
baron	baron	baron	bar		N;MASC;SG
hít	respiro	hít	respiro	V	N;MASC;SG
continental	continental	continental	continental	N	ADJ;SG
continental	continentales	continental	continental	N	ADJ;PL
sato	sato	sato	sato		N;MASC;SG
còi	timbre	còi	timbre	ADJ	N;MASC;SG
còi	silbato	còi	silbato	ADJ	N;MASC;SG
còi	silbar	còi	silbar	ADJ	V;NFIN
còi	silbido	còi	silbido	ADJ	N;MASC;SG
còi	silbatos	còi	silbato	ADJ	N;MASC;PL
pre	pre	pre	pre	N	
emi	emi	emi	emi		PROPN
ulithi	ulithi	ulithi	ulithi	N	
luca	luca	luca	luca	N	PROPN
aria	aria	aria	aria		N;FEM;SG
jake	jake	jake	jake		PROPN
acanthodelta	acaya	acanthodelta	acayar	V	PROPN
ferruginea	ferruginea	ferruginea	ferruginea		N;FEM;SG
bel	bel	bel	bel	N	PROPN
brandt	brandt	brandt	brandt		N;MASC;SG
villosa	villosa	villosa	villoso		N;FEM;SG
jensen	jensen	jensen	jensen		N;SG
tito	tito	tito	tito		PROPN
splendens	splendens	splendens	splenden	N	ADJ;SG
herrera	herrera	herrera	herrera		N;FEM;SG
fairy	hada	fairy	hada		N;FEM;SG
fairy	hadas	fairy	hada		N;FEM;PL
vahl	vahl	vahl	vahl		PROPN
vale	vale	vale	valer	N	V;IND;SG;3;PRS;FIN
berger	berger	berger	berger		PROPN
click	click	click	click	V	INTJ
malay	malaya	malay	malaya	N	ADJ;FEM;SG
burke	burke	burke	burke		N
gomez	gomez	gomez	gomez	N	PROPN
gomez	gómez	gomez	gómez	N	PROPN
mills	molinos	mills	molino		N;MASC;PL
mills	fresas	mills	fresa		N;FEM;PL
mills	fábricas	mills	fábrica		N;FEM;PL
mills	mills	mills	mills		N;MASC
exo	exo	exo	exo	N	INTJ
riley	riley	riley	riley		N;FEM;SG
ngất	desmayo	ngất	desmayo	V	N;MASC;SG
ngất	desmayado	ngất	desmayado	V	ADJ;MASC;SG;V.PTCP
kirk	kirk	kirk	kirk		PROPN
villers	villers	villers	viller		N;MASC;SG
dem	dem	dem	dem	N	
bissau	bissau	bissau	bissau		N;FEM;SG
cfg	cfg	cfg	cfg		N;SG
humboldt	humboldt	humboldt	humboldt		N;MASC;SG
stein	stein	stein	stein		N;FEM;SG
ada	ada	ada	ada		N;FEM;SG
wade	wade	wade	wade	N	PROPN
strong	strong	strong	strong		N
strong	fuerte	strong	fuerte		ADJ;SG
strong	fuertes	strong	fuerte		ADJ;PL
wto	omc	wto	omc		N;FEM;SG
gould	gould	gould	gould		N;MASC;SG
morales	morales	morales	moral		ADJ;PL
gardens	jardín	gardens	jardín		N;MASC;SG
gardens	jardines	gardens	jardín		N;MASC;PL
gardens	gardens	gardens	garden		N;MASC;SG
shizuoka	shizuoka	shizuoka	shizuoka		N;MASC;SG
mythimna	mythimna	mythimna	mythimna	N	
paz	paz	paz	paz		N;FEM;SG
pilosa	pilosa	pilosa	pilosa		ADJ;FEM;SG
gérard	gérard	gérard	gérard		N;SG
gérard	gerardo	gérard	gerardo		PROPN
savage	savage	savage	savage		N;SG
savage	salvajes	savage	salvaje		N;PL
savage	salvaje	savage	salvaje		ADJ;SG
hogwarts	hogwarts	hogwarts	hogwart	V	N;MASC;PL
moy	moy	moy	mocho		PROPN
gil	gil	gil	gil	N	PROPN
rolls	rollos	rolls	rollo		N;MASC;PL
rolls	rolls	rolls	rolls		N;MASC
rolls	bobinas	rolls	bobina		N;FEM;PL
lviv	lviv	lviv	lviv	NUM	PROPN
rehder	rehder	rehder	rehder		PROPN
ekman	ekman	ekman	ekmar		N;SG
sabre	sabre	sabre	sabre	N	INTJ
claudius	claudio	claudius	claudio	N	PROPN
tricolor	tricolor	tricolor	tricolor		N;MASC;SG
schulz	schulz	schulz	schulz		PROPN
bari	bari	bari	bari		N;MASC;SG
sturm	sturm	sturm	sturm		ADJ;SG
nathan	nathan	nathan	nathar	N	PROPN
turk	turco	turk	turco		N;MASC;SG
turk	turca	turk	turco		ADJ;FEM;SG
patricia	patricia	patricia	patricia		N;FEM;SG
eduard	eduard	eduard	eduard		PROPN
bufonidae	bufonidae	bufonidae	bufonidae		N;FEM;SG
yangon	rangún	yangon	ranguno	N	ADJ;FEM;SG
enrique	enrique	enrique	enrique		N;MASC;SG
asperula	asperula	asperula	asperular		N;FEM;SG
elymus	elymus	elymus	elymus	V	
ranger	ranger	ranger	ranger		N;SG
ranger	guardabosques	ranger	guardabosque		N;MASC;PL
yard	yard	yard	yard		N;SG
yard	yarda	yard	yarda		N;FEM;SG
yard	patio	yard	patio		N;MASC;SG
int	int	int	int	N	INTJ
shelby	shelby	shelby	shelby		N;MASC;SG
shehbaz	shehbaz	shehbaz	shehbaz	N	
taken	tomado	taken	tomado		ADJ;MASC;SG;V.PTCP
taken	tomadas	taken	tomado		ADJ;FEM;PL;V.PTCP
taken	tomados	taken	tomar		ADJ;MASC;PL;V.PTCP
taken	tomada	taken	tomado		ADJ;FEM;SG;V.PTCP
rufus	rufus	rufus	rufu		N;MASC;SG
hon	querido	hon	querido		ADJ;MASC;SG;V.PTCP
hon	estimado	hon	estimado		ADJ;MASC;SG;V.PTCP
hon	estimados	hon	estimado		ADJ;MASC;PL;V.PTCP
hon	queridos	hon	querido		ADJ;MASC;PL;V.PTCP
hon	querida	hon	querido		ADJ;FEM;SG;V.PTCP
nola	nola	nola	nola	N	PROPN
liechtenstein	liechtenstein	liechtenstein	liechtenstein		N;SG
rabaul	rabaul	rabaul	rabaul		ADJ;FEM;SG
plain	plain	plain	plain		N
plain	llanura	plain	llanura		N;FEM;SG
plain	llano	plain	llano		ADJ;MASC;SG
ser	ser	ser	ser	N	V;NFIN
rán	friendo	rán	freír	N	V;V.MSDR
rán	freír	rán	freír	N	V;NFIN
rán	fry	rán	fry	N	PROPN
fungorum	fungorum	fungorum	fungorum	NUM	
maxon	maxon	maxon	maxon		N
endl	endl	endl	endl		INTJ
metropolitan	metropolitano	metropolitan	metropolitano	N	ADJ;MASC;SG
capparis	capparis	capparis	cappari		N
pass	mirar	pass	mirar	N	V;NFIN
pass	mira	pass	mirar	N	V;IMP;SG;2;FIN
pass	pase	pass	pasar	N	V;SBJV;SG;3;PRS;FIN
pass	pasar	pass	pasar	N	V;NFIN
pass	pasa	pass	pasar	N	V;IND;SG;3;PRS;FIN
pass	pasen	pass	pasar	N	V;IMP;PL;3;FIN
yeltsin	yeltsin	yeltsin	yeltsin		N;SG
lori	lori	lori	lori		N;FEM;SG
lineata	lineata	lineata	lineata		N;FEM;SG
eremophila	eremophila	eremophila	eremophilar	V	
dominique	dominique	dominique	dominicar		PROPN
garnier	garnier	garnier	garnier		PROPN
ultimate	ultimate	ultimate	ultimate		N
dieu	dieu	dieu	dieu	N	
gleason	gleason	gleason	gleason		N;MASC;SG
crimean	crimea	crimean	crimea		ADJ;SG
crimean	crimea	crimean	crimea		ADJ;SG
quentin	quentin	quentin	quentin		PROPN
uta	uta	uta	uta		N;FEM;SG
reeder	reeder	reeder	reeder	ADJ	PROPN
calanthe	calanthe	calanthe	calanthe		N
macquart	macquart	macquart	macquart	N	V;NFIN
girona	girona	girona	girona	NUM	N;FEM;SG
hokkaido	hokkaido	hokkaido	hokkaido		N;MASC;SG
tales	historias	tales	historia		N;FEM;PL
tales	tales	tales	tal		PRO;PL
tales	relatos	tales	relato		N;MASC;PL
tales	cuentos	tales	cuento		N;MASC;PL
rennes	rennes	rennes	renne	NUM	N;MASC;SG
javier	javier	javier	javier	N	
brod	brod	brod	brod	NUM	N;MASC;SG
sharon	sharon	sharon	shar		N;MASC;SG
rosario	rosario	rosario	rosario		N;MASC;SG
suite	suite	suite	suite		N;FEM;SG
clair	clair	clair	clair		N;MASC;SG
soricomorpha	soricomorpha	soricomorpha	soricomorpha	N	
woodson	woodson	woodson	woodson		N;MASC;SG
aurea	aurea	aurea	aureo		N;FEM;SG
pseudopoda	pseudopoda	pseudopoda	pseudopodo	V	N;FEM;SG
mirror	espejo	mirror	espejo		N;MASC;SG
mirror	mirror	mirror	mirror		N;MASC;SG
macrophylla	macrophylla	macrophylla	macrophylla	V	N;FEM;SG
potentilla	potentilla	potentilla	potentilla	V	ADJ;FEM;SG
aristotle	aristóteles	aristotle	aristótel		N;FEM;PL
ústí	ústí	ústí	estar	NUM	
boong	cubiertas	boong	cubierto	N	ADJ;FEM;PL;V.PTCP
boong	cubierta	boong	cubierto	N	ADJ;FEM;SG;V.PTCP
spectabilis	spectabilis	spectabilis	spectabilis		N;SG
furnariidae	furnariidae	furnariidae	furnariidae		N;FEM;SG
pratt	pratt	pratt	pratt	N	PROPN
franciscolo	franciscolo	franciscolo	franciscolo		PROPN
malcolm	malcom	malcolm	malcom		N;MASC;SG
malcolm	malcolm	malcolm	malcolm		N;MASC;SG
joker	joker	joker	joker		N;MASC;SG
joker	bromista	joker	bromista		N;SG
joker	guasón	joker	guasón		N;MASC;SG
joker	comodín	joker	comodín		N;MASC;SG
yves	yves	yves	yve		PROPN
winchester	winchester	winchester	winchester		N;SG
guillaume	guillaume	guillaume	guillaume	N	PROPN
sericea	sericea	sericea	sericear		N;FEM;SG
cúi	curva	cúi	curva	V	N;FEM;SG
cúi	bend	cúi	bend	V	N;MASC;SG
thây	zombis	thây	zombis		N;MASC;PL
thây	zombies	thây	zombie		N;MASC;PL
kant	kant	kant	kant	N	PROPN
trifolium	trifolium	trifolium	trifolium		N;SG
tanikawa	tanikawa	tanikawa	tanikawa		PROPN
nhấp	click	nhấp	click	V	INTJ
fallax	fallax	fallax	fallax		N;SG
chronicle	chronicle	chronicle	chronicle		N;MASC;SG
chronicle	crónica	chronicle	crónica		N;FEM;SG
pumila	pumila	pumila	pumila		N
turku	turku	turku	turku	NUM	N;MASC;SG
bradford	bradford	bradford	bradford		N;MASC;SG
ein	ein	ein	ein	N	
gymnopilus	gymnopilus	gymnopilus	gymnopilus	V	N
infraclassis	infraclassis	infraclassis	infraclassis		N;FEM
ramírez	ramírez	ramírez	ramírez		PROPN
kanagawa	kanagawa	kanagawa	kanagawa		N;FEM;SG
burret	burret	burret	burret		N
dom	dom	dom	dom	N	
brandegee	brandegee	brandegee	brandegee	N	
picta	picta	picta	picta		N;FEM;SG
joy	joy	joy	joy	N	PROPN
haplochromis	haplochromis	haplochromis	haplochromis	V	PROPN
verdun	verdún	verdun	verdun	N	PROPN
sint	sint	sint	sint	N	
argia	argia	argia	argia		N;FEM;SG
hare	liebre	hare	liebre		N;FEM;SG
hare	hare	hare	hacer		V;IND;SG;2;PRS;FIN
tristis	tristis	tristis	tristis		N
sum	sum	sum	sum		N
sum	suma	sum	suma		N;FEM;SG
swiss	suizos	swiss	suizo	N	ADJ;MASC;PL
aconitum	aconitum	aconitum	aconitum		N
himmler	himmler	himmler	himmler		N;SG
khoe	muestra	khoe	mostrar	N	V;IND;SG;3;PRS;FIN
düsseldorf	düsseldorf	düsseldorf	düsseldorf	NUM	N;MASC;SG
düsseldorf	dusseldorf	düsseldorf	dusseldorf	NUM	N;MASC;SG
lives	vive	lives	vivir		V;IND;SG;3;PRS;FIN
lives	vidas	lives	vida		N;FEM;PL
sonic	sónico	sonic	sónico	N	ADJ;MASC;SG
agm	agm	agm	agm		N;SG
cecil	cecil	cecil	cecil		N;SG
larvae	larvas	larvae	larvo	ADJ	N;FEM;PL
larvae	larva	larvae	larvo	ADJ	N;FEM;SG
besançon	besançon	besançon	besançon		N;MASC;SG
javascript	javascript	javascript	javascript	N	V;SBJV;SG;3;FIN
rzhev	rzhev	rzhev	rzhev	N	
takeda	takeda	takeda	takeda		PROPN
mercedes	mercedes	mercedes	merced	N	
adventures	aventuras	adventures	aventura		N;FEM;PL
adventures	adventures	adventures	adventur		N
licania	licania	licania	licania		PROPN
ryū	ryū	ryū	ryū		N;SG
kagoshima	kagoshima	kagoshima	kagoshimo		N;MASC;PL
vito	vito	vito	vito		N;MASC;SG
peruviana	peruviana	peruviana	peruviano		ADJ;FEM;SG
varese	varese	varese	varese	NUM	N;MASC;SG
origins	origen	origins	origen		N;MASC;SG
origins	orígenes	origins	origen		N;MASC;PL
heli	helio	heli	helio		N;MASC;SG
orléans	orleans	orléans	orlean		N;MASC;PL
orléans	orleáns	orléans	orleán		PROPN
lutea	lutea	lutea	lutea		N;FEM;SG
ponte	ponte	ponte	ponte	N	V;SBJV;SG;3;PRS;FIN
agamidae	agamidae	agamidae	agamidae		PROPN
kmh	kmh	kmh	kmh		N;FEM;SG
jma	jma	jma	jma		N;FEM;SG
lamarck	lamarck	lamarck	lamarck		PROPN
craugastor	craugastor	craugastor	craugastor		N;MASC;SG
btr	btr	btr	btr		N;MASC;PL
serv	serv	serv	serv		INTJ
leslie	leslie	leslie	leslie		N;FEM;SG
kirby	kirby	kirby	kirby		N;MASC;SG
pittsburgh	pittsburgh	pittsburgh	pittsburgh		N;MASC;PL
nigrescens	nigrescens	nigrescens	nigrescen	N	ADJ;SG
synonym	sinónimo	synonym	sinónimo		ADJ;MASC;SG
synonym	sinónimos	synonym	sinónimo		ADJ;MASC;PL
yoshida	yoshida	yoshida	yoshido		N;FEM;SG
vaughan	vaughan	vaughan	vaughar		N;MASC;PL
seydlitz	seydlitz	seydlitz	seydlitz	N	
gauss	gaussiana	gauss	gaussiano	N	ADJ;FEM;SG
sakhalin	sajalín	sakhalin	sajalín	N	ADJ;SG
banner	sendas	banner	sendos	N	PRO;FEM;PL
seth	seth	seth	seth		PROPN
regia	regia	regia	regia		ADJ;FEM;SG
pao	pao	pao	pao	N	
mega	mega	mega	mega		N;SG
tơi	fija	tơi	fijo	N	ADJ;FEM;SG
nigricans	nigricans	nigricans	nigrican		N;FEM;SG
claire	claire	claire	claire		N;FEM;SG
maru	maru	maru	maru	N	PROPN
trias	trias	trias	trio		PROPN
mallinella	mallinella	mallinella	mallinella	N	PROPN
heliconia	heliconia	heliconia	heliconia		N;FEM;SG
montréal	montreal	montréal	montreal		V;NFIN
makoto	makoto	makoto	makoto		N;MASC;SG
dubia	dubia	dubia	dubia		N;SG
thank	gracias	thank	gracias		N
walsh	walsh	walsh	walsh	N	PROPN
hey	oye	hey	oír		V;IND;SG;3;PRS;FIN
hey	ey	hey	ey		INTJ
hey	hey	hey	hey		INTJ
adrian	adrian	adrian	adrir	N	PROPN
adrian	adrián	adrian	adrián	N	PROPN
kagome	kagome	kagome	kagome		N;MASC;SG
ark	arca	ark	arca		N;FEM;SG
govaerts	govaerts	govaerts	govaerts		PROPN
gómez	gomez	gómez	gomez	V	PROPN
gómez	gómez	gómez	gómez	V	PROPN
gómez	gómez	gómez	gómez	V	PROPN
leach	leach	leach	leach		PROPN
leach	lixiviación	leach	lixiviación		N;FEM;SG
české	české	české	české	NUM	N;SG
olga	olga	olga	olga		N;FEM;SG
carnegie	carnegie	carnegie	carnegie		N;MASC;SG
rod	vara	rod	vara		N;FEM;SG
rod	rod	rod	rod		PROPN
rod	varilla	rod	varilla		N;FEM;SG
rod	caña	rod	caña		N;FEM;SG
pseudagrion	pseudagrion	pseudagrion	pseudagrion	N	PROPN
crepis	crepis	crepis	crepis	V	N
hermione	hermione	hermione	hermionar		N;FEM;SG
phẩy	coma	phẩy	coma	N	
phẩy	comas	phẩy	coma	N	V;IND;SG;2;PRS;FIN
amazing	asombroso	amazing	asombroso	N	ADJ;MASC;SG
amazing	sorprendente	amazing	sorprendente	N	ADJ;SG
amazing	increíble	amazing	increíble	N	ADJ;SG
amazing	increible	amazing	increible	N	ADJ;SG
nhờn	aceitoso	nhờn	aceitoso	N	ADJ;MASC;SG
joshua	josué	joshua	josar	N	PROPN
earl	earl	earl	earl		N;MASC;SG
earl	conde	earl	conde		N;MASC;SG
amber	amber	amber	amber		N;SG
amber	ambar	amber	ambar		N;SG
amber	ámbar	amber	ámbar		N;MASC;SG
kenny	kenny	kenny	kenny		N;MASC;SG
pallidus	pallidus	pallidus	pallidus		N
hanoi	hanoi	hanoi	hanoi		N;MASC;SG
gamble	apostar	gamble	apostar	N	V;NFIN
invincible	invencible	invincible	invencible		ADJ;SG
invincible	invencibles	invincible	invencibles		ADJ;PL
mainz	maguncia	mainz	maguncia	N	ADJ;FEM;SG
pygmaea	pygmaea	pygmaea	pygmaeo		N;FEM;SG
moure	moure	moure	moure		PROPN
tracy	tracy	tracy	tracy		PROPN
imf	fmi	imf	fmi	N	PROPN
blanchard	blanchard	blanchard	blanchard		PROPN
xml	xml	xml	xml		N;MASC;SG
antigua	antigua	antigua	antiguo	N	ADJ;FEM;SG
shogun	shogun	shogun	shogun		N;MASC;SG
aung	aung	aung	aung	N	PROPN
toei	toei	toei	toei		N;FEM;SG
dynamics	dinámicas	dynamics	dinámico	N	ADJ;FEM;PL
stella	stella	stella	stella		N;FEM;SG
stella	estela	stella	estela		N;FEM;SG
baku	bakú	baku	bakú	N	ADJ;SG
car	coches	car	coche		N;MASC;PL
car	coche	car	coche		N;MASC;SG
car	automóvil	car	automóvil		N;MASC;SG
car	carro	car	carro		N;MASC;SG
car	auto	car	auto		N;MASC;SG
seal	sella	seal	sella	N	V;IND;SG;3;PRS;FIN
elliot	elliot	elliot	elliot		N;MASC;SG
pasteur	pasteur	pasteur	pasteur		N;MASC;SG
achaea	acaya	achaea	acayar	N	PROPN
decipiens	decipiens	decipiens	decipiens	V	N
yoga	yoga	yoga	yoga	V	N;MASC;SG
mat	mat	mat	mat	N	
asp	asp	asp	asp		N;MASC;SG
yuki	yuki	yuki	yuki		N;SG
blackwall	blackwall	blackwall	blackwall		V;NFIN
eve	eva	eve	eve		N;FEM;SG
eve	eve	eve	eve		N;FEM;SG
eve	víspera	eve	víspera		N;FEM;SG
hacker	hacker	hacker	hacker		N;MASC;SG
hacker	pirata	hacker	pirata		N;SG
hacker	hackers	hacker	hacker		N;MASC;PL
hacker	hackear	hacker	hackear		V;NFIN
hacker	hack	hacker	hack		N;MASC;SG
sendai	sendai	sendai	sendai		PROPN
christophe	christophe	christophe	christophe		N;MASC;SG
ming	ming	ming	ming	N	
znojmo	znojmo	znojmo	znojmo	NUM	N;MASC;SG
xúi	jinx	xúi	jinx	V	N
olomouc	olomouc	olomouc	olomouc		N;MASC;SG
hót	cantando	hót	cantar	N	V;V.MSDR
hót	cantar	hót	cantar	N	V;NFIN
hót	canta	hót	cantar	N	V;IND;SG;3;PRS;FIN
incertae	incertae	incertae	incertae	N	ADJ;SG
ruby	rubí	ruby	rubir		N;SG
ruby	ruby	ruby	ruby		N;SG
dwight	dwight	dwight	dwight	N	PROPN
selena	salina	selena	salina		ADJ;FEM;SG
selena	selena	selena	selena		N;FEM;SG
fulton	fulton	fulton	fulton		N;MASC;SG
xavier	xavier	xavier	xavier		PROPN
candy	dulces	candy	dulce		N;MASC;PL
candy	caramelos	candy	caramelo		N;MASC;PL
candy	dulce	candy	dulce		ADJ;SG
candy	caramelo	candy	caramelo		N;MASC;SG
candy	candy	candy	candy		N
superordo	superordo	superordo	superordo		PROPN
sheridan	sheridan	sheridan	sheridar		N;MASC;SG
pauly	pauly	pauly	pauly	N	PROPN
broun	broun	broun	broun		PROPN
griffin	griffin	griffin	griffin		PROPN
griffin	grifo	griffin	grifo		N;MASC;SG
menzies	menzies	menzies	menzie		N;SG
khuấy	revuelto	khuấy	revolver	V	ADJ;MASC;SG;V.PTCP
khuấy	agitado	khuấy	agitado	V	ADJ;MASC;SG;V.PTCP
khuấy	revuelo	khuấy	revuelo	V	N;MASC;SG
konstantin	konstantin	konstantin	konstantin		ADJ;SG
konstantin	constantino	konstantin	constantino		N;MASC;SG
boa	boa	boa	boa		N;FEM;SG
cube	cubo	cube	cubo		N;MASC;SG
rahman	rahman	rahman	rahmar	V	N;MASC;SG
glen	glen	glen	glen		PROPN
glen	cañada	glen	cañada		N;FEM;SG
benz	benz	benz	benz		N;MASC;SG
hampton	hampton	hampton	hampton		N;MASC;SG
chandler	chandler	chandler	chandler		PROPN
williamson	williamson	williamson	williamson		N;MASC;SG
göring	goering	göring	goering		N;MASC;SG
göring	göring	göring	göring		N;MASC;SG
nordrhein	nordrhein	nordrhein	nordrhein	V	
quinn	quinn	quinn	quinn		N;FEM;SG
irene	irene	irene	irene		N;FEM;SG
cartoon	caricatura	cartoon	caricatura		N;FEM;SG
penang	penang	penang	penang		N;MASC;SG
gớm	inflamación	gớm	inflamación	PART	N;FEM;SG
zeller	zeller	zeller	zeller		PROPN
scheer	scheer	scheer	scheer		N;SG
kahn	kahn	kahn	kahn	N	PROPN
gaon	gaon	gaon	gaon	NUM	N;MASC;SG
sủa	corteza	sủa	corteza	ADJ	N;FEM;SG
sủa	ladra	sủa	ladra	ADJ	V;IND;SG;3;PRS;FIN
sủa	ladra	sủa	ladra	ADJ	V;IND;SG;3;PRS;FIN
sủa	ladrar	sủa	ladrar	ADJ	V;NFIN
sủa	ladrando	sủa	ladrar	ADJ	V;V.MSDR
carr	carr	carr	carr		N
betty	betty	betty	betty		N;FEM;SG
wilkinson	wilkinson	wilkinson	wilkinson		N;MASC;SG
cholesterol	colesterol	cholesterol	colesterol	V	N;MASC;SG
constantinople	constantinopla	constantinople	constantinopla		ADJ;FEM;SG
ancona	ancona	ancona	anconar	N	PROPN
tran	tran	tran	tran	N	
micro	micro	micro	micro	N	
thìa	cuchara	thìa	cuchar	N	V;SBJV;SG;3;PRS;FIN
bath	bath	bath	bath		N;MASC;SG
bath	baños	bath	baño		N;MASC;PL
bath	bañera	bath	bañera		N;FEM;SG
bath	baño	bath	baño		N;MASC;SG
androsace	androsace	androsace	androsace		PROPN
marche	marche	marche	marche	N	V;IMP;SG;3;FIN
bremer	bremer	bremer	bremer	N	PROPN
hormone	hormonal	hormone	hormonal	N	ADJ;SG
udine	udine	udine	udinar	NUM	N;MASC;SG
gập	plegado	gập	plegar	V	ADJ;MASC;SG;V.PTCP
gập	doblado	gập	doblar	V	ADJ;MASC;SG;V.PTCP
gập	plegable	gập	plegable	V	ADJ;SG
gập	plegables	gập	plegable	V	N;PL
lens	cristalino	lens	cristalino		ADJ;MASC;SG
lens	lente	lens	lente		N;FEM;SG
lens	lentes	lens	lente		N;MASC;PL
lens	filtración	lens	filtración		N;FEM;SG
hahn	hahn	hahn	hahn	N	PROPN
yamada	yamada	yamada	yamado		ADJ;FEM;SG;V.PTCP
linearis	linearis	linearis	linearis		N
boom	bum	boom	bum	N	INTJ
luigi	luigi	luigi	luigi		PROPN
boone	boone	boone	boone		N;MASC;SG
reo	duda	reo	duda	V	N;FEM;SG
reo	dudas	reo	duda	V	N;FEM;PL
garrison	guarnición	garrison	guarnición		N;FEM;SG
garrison	garrison	garrison	garrison		N;MASC;SG
sidney	sidney	sidney	sidney		N;MASC;SG
repens	repens	repens	repens	V	N;MASC;SG
bosmans	bosmans	bosmans	bosman	N	
lexikon	lexikon	lexikon	lexikon		N;MASC;SG
lindsey	lindsey	lindsey	lindsey		N;FEM;SG
hyundai	hyundai	hyundai	hyundai		N;MASC;SG
direct	directa	direct	directo		ADJ;FEM;SG
direct	directo	direct	directo		ADJ;MASC;SG
direct	directamente	direct	directamente		ADV
direct	direct	direct	directo		N
direct	directos	direct	directo		ADJ;MASC;PL
direct	directas	direct	directo		ADJ;FEM;PL
primula	primula	primula	primular		N;FEM;SG
craven	craven	craven	craver		N;SG
nomura	nomura	nomura	nomura	V	N;SG
diane	diana	diane	diano		N;FEM;SG
diane	diane	diane	diane		PROPN
thrace	tracia	thrace	tracia	N	ADJ;FEM;SG
rivière	rivière	rivière	rivière		N;MASC;SG
borealis	borealis	borealis	borealis		N;SG
anders	anders	anders	anders	N	PROPN
sugar	azucar	sugar	azucar		N;MASC;SG
sugar	azúcar	sugar	azúcar		N;MASC;SG
hypercompe	hypercompe	hypercompe	hypercompe	N	
evarcha	evarcha	evarcha	evarcha	N	
budějovice	budějovice	budějovice	budejovizar	NUM	ADJ;FEM;SG
kyushu	kyushu	kyushu	kyushu	N	PROPN
phidippus	phidippus	phidippus	phidippus	V	N
turing	turing	turing	turing		N;MASC;SG
talbot	talbot	talbot	talbot		N;MASC;SG
admiralty	almirantazgo	admiralty	almirantazgo		N;MASC;SG
kyle	kyle	kyle	kyle		N;SG
emerton	emerton	emerton	emerton	V	
dale	dale	dale	daler		V;IMP;SG;2;PRS;FIN
gloria	gloria	gloria	gloria		N;FEM;SG
oder	oder	oder	oder	V	
shannon	shannon	shannon	shannon		N;MASC;SG
villiers	villiers	villiers	villier		N;SG
gotha	gotha	gotha	gotha		N;FEM;SG
wilcox	wilcox	wilcox	wilcox		N;MASC;SG
martino	martino	martino	martino		N;MASC;SG
obscurus	obscurus	obscurus	obscuru		N
friedman	friedman	friedman	friedmar		PROPN
canescens	canescens	canescens	canescen	ADJ	N
vanessa	vanessa	vanessa	vanesso		N;FEM;SG
haas	haas	haas	haber	N	PROPN
kanon	kanon	kanon	kanon		N;MASC;SG
schwartz	schwartz	schwartz	schwartz		PROPN
hohenzollern	hohenzollern	hohenzollern	hohenzollern	V	N;SG
howell	howell	howell	howell		N
velvet	terciopelo	velvet	terciopelo		N;MASC;SG
velvet	velvet	velvet	velvet		N;SG
violacea	violacea	violacea	violacear		N;FEM;SG
mia	mia	mia	mia		INTJ
mia	mía	mia	mía		DET;FEM;SG;1
lara	lara	lara	lara		N;FEM;SG
bromley	bromley	bromley	bromley		N;MASC;SG
proxy	apoderado	proxy	apoderado	N	ADJ;MASC;SG;V.PTCP
training	formación	training	formación	DET	N;FEM;SG
training	entrenando	training	entrenar	DET	V;V.MSDR
training	adiestramiento	training	adiestramiento	DET	N;MASC;SG
training	entrenamiento	training	entrenamiento	DET	N;MASC;SG
training	capacitación	training	capacitación	DET	N;FEM;SG
marcello	marcelo	marcello	marcelo	N	PROPN
marcello	marcello	marcello	marcello	N	PROPN
encyclia	encyclia	encyclia	encyclia	N	
gilles	gilles	gilles	gille		N;MASC;SG
robustus	robustus	robustus	robustu		N
shepard	shepard	shepard	shepard		N;SG
microphylla	microphylla	microphylla	microphylla	V	N;FEM;SG
zanzibar	zanzíbar	zanzibar	zanzíbar	N	V;NFIN
lil	lil	lil	lil		N
dmitry	dmitri	dmitry	dmitri	N	PROPN
boisduval	boisduval	boisduval	boisduval		ADJ;SG
sporobolus	sporobolus	sporobolus	sporobolus		PROPN
cowan	cowan	cowan	cowar	N	PROPN
randolph	randolph	randolph	randolph		N;MASC;SG
