börngen	börngen	börngen	börng		N;DEF;MASC;SG
jake	jake	jake	jake		N;INDF;MASC;SG
acanthodelta	akhaia	acanthodelta	akhai	V	N;DEF;FEM;SG
ferruginea	ferruginea	ferruginea	ferrugine		N;DEF;FEM;SG
brandt	brandt	brandt	brand		N;INDF;MASC;SG
villosa	villosa	villosa	villos		N;INDF;MASC;SG
jensen	jensen	jensen	jensen		N;DEF;MASC;SG
tito	tito	tito	tito		N
herrera	herrera	herrera	herrere		N;INDF;FEM;SG
fairy	feen	fairy	få		N;DEF;MASC;SG
vahl	vahl	vahl	vahl		N;INDF;MASC;SG
berger	berger	berger	berge		N;INDF;MASC;SG
bali	balinesisk	bali	balinesisk	N	ADJ;INDF;NEUT;SG
bali	bali	bali	bali	N	NUM;PL
burke	burke	burke	burke		N;INDF;MASC;SG
sophronica	sophronica	sophronica	sophronica		N;INDF;FEM;SG
mills	mills	mills	mills		N;INDF;MASC;SG
riley	riley	riley	riley		N;INDF;NEUT;SG
ngất	besvimt	ngất	besvimt	V	ADJ;INDF;NEUT;SG
ngất	besvimte	ngất	besvimt	V	ADJ;PL
kirk	kirk	kirk	kirk		N;INDF;MASC;SG
villers	villers	villers	villers		N;INDF;MASC;SG
bissau	bissau	bissau	bissau		N;INDF;MASC;SG
cfg	cfg	cfg	cfg		N;INDF;MASC;SG
humboldt	humboldt	humboldt	humbold		N;INDF;NEUT;SG
stein	stein	stein	stein		N;INDF;MASC;SG
ada	adda	ada	adde		N;INDF;NEUT;SG
ada	ada	ada	ada		N;INDF;NEUT;SG
strong	sterk	strong	sterk		ADJ;INDF;SG
strong	strong	strong	strong		N;INDF;MASC;SG
strong	sterke	strong	sterk		ADJ;PL
strong	sterkt	strong	sterk		ADJ;INDF;NEUT;SG
wto	wto	wto	wto		N;INDF;NEUT;SG
gould	gould	gould	gould		N;INDF;MASC;SG
morales	morales	morales	morales		N;INDF;MASC;SG
gardens	haver	gardens	haver		N;INDF;MASC;SG
gardens	hagene	gardens	hag		N;DEF;FEM;PL
gardens	hager	gardens	hager		N;INDF;NEUT;PL
gardens	gardens	gardens	gard		N;GEN;DEF;MASC;SG
shizuoka	shizuoka	shizuoka	shizuoka		N;INDF;NEUT;SG
paz	paz	paz	paz		N;INDF;MASC;SG
dante	dante	dante	dante		N;INDF;FEM;SG
pilosa	pilosa	pilosa	pilos		N;INDF;MASC;SG
gérard	gérard	gérard	gérard		N;INDF;MASC;SG
savage	savage	savage	savage		N;INDF;MASC;SG
savage	villmann	savage	villmann		N;INDF;MASC;SG
hogwarts	galtvort	hogwarts	galtvort	V	ADJ;INDF;NEUT;SG
oahu	oahu	oahu	oahu	N	PROPN
acalolepta	acalolepta	acalolepta	acalolept		N;INDF;NEUT;SG
moy	moy	moy	moy		N;INDF;MASC;SG
tmesisternus	tmesisternus	tmesisternus	tmesisternus		N;INDF;MASC;SG
rolls	ruller	rolls	ruller		N;INDF;FEM;PL
rolls	rundstykker	rolls	rundstykke		N;INDF;MASC;SG
rolls	rolls	rolls	rolls		N;INDF;MASC;SG
lviv	lviv	lviv	lvive	NUM	N;INDF;MASC;SG
kota	kota	kota	kote	N	V;IND;PST;FIN
parms	parms	parms	parms		N;INDF;MASC;SG
tricolor	tricolor	tricolor	tricolor		N;INDF;MASC;SG
schulz	schulz	schulz	schulz		N;INDF;MASC;SG
bari	bari	bari	bari		N;INDF;MASC;SG
sturm	sturm	sturm	sturm		N;INDF;MASC;SG
turk	turk	turk	turk		N;INDF;NEUT;SG
turk	tyrker	turk	tyrke		N;INDF;FEM;PL
patricia	patricia	patricia	patricia		N;INDF;MASC;SG
eduard	eduard	eduard	eduard		N;INDF;MASC;SG
enrique	enrique	enrique	enrique		N;INDF;MASC;SG
ranger	ranger	ranger	ranger		N;INDF;MASC;SG
yard	yard	yard	yard		N;INDF;NEUT;SG
yard	tunet	yard	tun		N;DEF;NEUT;SG
shelby	shelby	shelby	shelby		PROPN
taken	tatt	taken	ta		ADJ;INDF;NEUT;SG;V.PTCP
rufus	rufus	rufus	rufus		N;INDF;MASC;SG
hon	hon	hon	hon		N;INDF;MASC;SG
hon	kjære	hon	kjære		N
liechtenstein	liechtensteins	liechtenstein	liechtensteins		N;INDF;MASC;SG
liechtenstein	liechtenstein	liechtenstein	liechtenstein		N;INDF;MASC;SG
rabaul	rabaul	rabaul	rabaul		N;INDF;MASC;SG
plain	sletten	plain	slett		N;DEF;MASC;SG
ser	ser	ser	sjå	N	V;IND;PRS;FIN
maxon	maxon	maxon	maxon		N;INDF;MASC;SG
pass	bestå	pass	bestå	N	V;IMP;FIN
yeltsin	jeltsin	yeltsin	jeltsin		N;INDF;MASC;SG
lori	lori	lori	lor		N;INDF;MASC;SG
lineata	lineata	lineata	lineat		N;DEF;NEUT;PL
oeste	oeste	oeste	oeste		N;INDF;SG
dominique	dominique	dominique	dominique		N;INDF;MASC;SG
garnier	garnier	garnier	garni		N;INDF;MASC;SG
ultimate	ypperste	ultimate	ypperrje		N;INDF;MASC;SG
ultimate	ultimate	ultimate	ultimat		ADJ;PL
gleason	gleason	gleason	gleason		N;INDF;MASC;SG
crimean	krim	crimean	krim		N;INDF;MASC;SG
quentin	quentin	quentin	quentin		N;INDF;MASC;SG
uta	uta	uta	uta		N;INDF;NEUT;SG
reeder	reeder	reeder	reede	ADJ	N;INDF;MASC;SG
girona	girona	girona	girona	NUM	N;INDF;MASC;SG
hokkaido	hokkaido	hokkaido	hokkaido		N;INDF;MASC;SG
tales	tales	tales	tales		N;INDF;NEUT;SG
rennes	rennes	rennes	rennas	NUM	N
brod	brod	brod	brod	NUM	N;INDF;MASC;SG
sharon	sharon	sharon	sharon		N
rosario	rosario	rosario	rosario		N;INDF;MASC;SG
suite	suite	suite	suit		N;INDF;MASC;SG
suite	suiten	suite	suiten		N;DEF;MASC;SG
erigone	erigone	erigone	erigone		N;INDF;MASC;SG
clair	clair	clair	clai		N;INDF;SG
mirror	speil	mirror	speil		N;INDF;NEUT;SG
macrophylla	macrophylla	macrophylla	macrophylle	V	N;DEF;FEM;SG
aristotle	aristoteles	aristotle	aristoteles		N;INDF;MASC;SG
xxx	xxx	xxx	xxx		N;INDF;NEUT;SG
ústí	ústí	ústí	fstå	NUM	N;INDF;MASC;SG
spectabilis	spectabilis	spectabilis	spectabilis		N;INDF;MASC;SG
bactria	baktriske	bactria	baktrisk	N	ADJ;PL
malcolm	malcolm	malcolm	malcolm		N;INDF;MASC;SG
joker	joker	joker	joker		N;INDF;NEUT;SG
yves	yves	yves	yves		N;INDF;MASC;SG
mrkos	mrkos	mrkos	mrkos		N;INDF;MASC;SG
winchester	winchester	winchester	winchester		N;INDF;FEM;SG
cúi	bøy	cúi	bøy	V	N;INDF;MASC;SG
cúi	bend	cúi	bende	V	N;INDF;NEUT;SG
thây	zombier	thây	zombier		N;INDF;MASC;SG
nhấp	klikket	nhấp	klikk	V	N;DEF;NEUT;SG
fallax	fallax	fallax	fallax		N;INDF;MASC;SG
chronicle	kronikk	chronicle	kronikk		N;INDF;MASC;SG
chronicle	krønike	chronicle	krønike		N;INDF;FEM;SG
chronicle	krøniken	chronicle	krønike		N;DEF;MASC;SG
chronicle	chronicle	chronicle	chronicle		N
pumila	pumila	pumila	pumil		N;INDF;NEUT;SG
turku	åbo	turku	åbo	NUM	PROPN
bradford	bradford	bradford	bradford		PROPN
ein	ein	ein	ein	N	DET;MASC;SG
ramírez	ramírez	ramírez	ramírez		N;INDF;MASC;SG
kanagawa	kanagawa	kanagawa	kanagaw		N;DEF;MASC;SG
picta	picta	picta	picte		N;INDF;MASC;SG
sint	sint	sint	sint	N	ADJ;INDF;SG
hare	hare	hare	hare		N;INDF;MASC;SG
tristis	tristis	tristis	tristis		N;INDF;MASC;SG
sum	sum	sum	sum		N;INDF;MASC;SG
sum	summen	sum	sum		N;DEF;MASC;SG
swiss	sveitsiske	swiss	sveitsisk	N	ADJ;PL
swiss	sveitsisk	swiss	sveitsisk	N	ADJ;INDF;NEUT;SG
himmler	himmler	himmler	himmle		N;INDF;FEM;SG
khoe	viser	khoe	vise	N	V;IND;PRS;FIN
düsseldorf	düsseldorf	düsseldorf	düsseldorf	NUM	N;INDF;MASC;SG
düsseldorf	düsseldorf	düsseldorf	düsseldorf	NUM	N;INDF;MASC;SG
lives	lives	lives	lives		N;INDF;MASC;SG
agm	agm	agm	agm		N
cecil	cecil	cecil	cecil		N;INDF;MASC;SG
besançon	besançon	besançon	besançon		N;INDF;MASC;SG
takeda	takeda	takeda	taked		N;DEF;FEM;SG
adventures	adventures	adventures	adventur		N;INDF;MASC;SG
adventures	eventyr	adventures	eventyr		N;INDF;NEUT;SG
kagoshima	kagoshima	kagoshima	kagoshim		N;INDF;MASC;SG
vito	vito	vito	vito		ADJ;PL
peruviana	peruviana	peruviana	peruvian		N;INDF;MASC;SG
varese	varese	varese	varese	NUM	N;INDF;MASC;SG
origins	opprinnelsen	origins	opprinnels		N;DEF;MASC;SG
heli	helium	heli	helium		N;INDF;NEUT;SG
orléans	orléans	orléans	orléans		N;INDF;MASC;SG
lutea	nøkkerose	lutea	nøkkeros		N;INDF;MASC;SG
ponte	ponte	ponte	ponte	N	PROPN
agamidae	agamer	agamidae	agamer		N;INDF;MASC;SG
lamarck	lamarck	lamarck	lamarck		N;INDF;NEUT;SG
craugastor	craugastor	craugastor	craugastor		N;INDF;SG
btr	btr	btr	btr		N;INDF;MASC;SG
leslie	leslie	leslie	leslie		PROPN
kirby	kirby	kirby	kirby		N;INDF;MASC;SG
zona	zona	zona	zona	N	PROPN
pittsburgh	pittsburgh	pittsburgh	pittsburgh		N;INDF;MASC;SG
synonym	synonym	synonym	synonym		ADJ;INDF;NEUT;SG
yoshida	yoshida	yoshida	yoshid		N;DEF;FEM;SG
vaughan	vaughan	vaughan	vaughan		N;INDF;MASC;SG
seth	seth	seth	seth		N;INDF;MASC;SG
regia	regia	regia	regi		N;INDF;MASC;SG
mega	mega	mega	mega		N;INDF;MASC;SG
nigricans	nigricans	nigricans	nigricans		N;INDF;MASC;SG
claire	claire	claire	clair		N;INDF;MASC;SG
meridionalis	meridionalis	meridionalis	meridionalis	ADJ	N;INDF;MASC;SG
montréal	montreal	montréal	montreal		N;INDF;NEUT;SG
makoto	makoto	makoto	makoto		N;INDF;MASC;SG
thank	takke	thank	takke		N;INDF;MASC;SG
hey	hei	hey	hei		N;INDF;MASC;SG
ark	ark	ark	ark		N;INDF;NEUT;SG
gómez	gomez	gómez	gomez	V	N;INDF;MASC;SG
gómez	gómez	gómez	glmep	V	N;INDF;MASC;SG
leach	leach	leach	leach		N;INDF;MASC;SG
višnjan	višnjan	višnjan	višnjan		N;INDF;MASC;SG
české	české	české	české	NUM	N;INDF;MASC;SG
olga	olga	olga	olg		N;INDF;FEM;SG
carnegie	carnegie	carnegie	carnegie		N
dyar	dyar	dyar	dy		N;INDF;MASC;PL
rod	rod	rod	rod		N;INDF;MASC;SG
hermione	hermine	hermione	hermine		N;INDF;MASC;SG
phẩy	komma	phẩy	komme	N	V;FIN
amazing	utrolig	amazing	utrolig	N	ADJ;INDF;NEUT;SG
earl	earl	earl	earl		N;INDF;MASC;SG
earl	jarl	earl	jarl		N;INDF;MASC;SG
amber	amber	amber	amber		N;INDF;MASC;SG
amber	rav	amber	rav		N;INDF;NEUT;SG
kenny	kenny	kenny	kenny		N;INDF;MASC;SG
hanoi	hanoi	hanoi	hanoi		N;INDF;NEUT;SG
bethlehem	betlehem	bethlehem	betlehem	N	PROPN
invincible	uovervinnelige	invincible	uovervinnelig		ADJ;PL
invincible	uslåelig	invincible	uslåelig		ADJ;INDF;NEUT;SG
invincible	uovervinnelig	invincible	uovervinnelig		N;INDF;MASC;SG
moure	moure	moure	moure		N;INDF;MASC;SG
tracy	tracy	tracy	tracy		N;INDF;NEUT;SG
blanchard	blanchard	blanchard	blanchard		N
uesac	uesac	uesac	uesac		N;INDF;MASC;SG
xml	xml	xml	xml		N;INDF;MASC;SG
shogun	shogun	shogun	shogun		N;INDF;MASC;SG
stella	stella	stella	stelle		N;DEF;FEM;SG
baku	baku	baku	baku	N	PROPN
car	bil	car	bil		N;INDF;MASC;SG
quăng	kast	quăng	kast	V	N;INDF;NEUT;SG
quăng	sleng	quăng	slå	V	N;INDF;MASC;SG
quăng	kaste	quăng	kaste	V	N;INDF;NEUT;SG
seal	sel	seal	selje	N	V;IND;PRS;FIN
elliot	elliot	elliot	elliot		N;INDF;MASC;SG
pasteur	pasteur	pasteur	pasteur		N;INDF;NEUT;SG
decipiens	decipiens	decipiens	decipi	V	N;GEN;DEF;MASC;SG
yoga	yoga	yoga	yog	V	N;INDF;FEM;SG
gsub	gsub	gsub	gsub		N;INDF;MASC;SG
asp	asp	asp	asp		N;INDF;SG
yuki	yuki	yuki	yuki		N;INDF;MASC;SG
blackwall	blackwall	blackwall	blackwall		N;INDF;MASC;SG
eve	eva	eve	eva		N;INDF;FEM;SG
eve	eve	eve	eve		N;INDF;NEUT;SG
hacker	hacker	hacker	hacke		N;INDF;MASC;SG
hacker	hackere	hacker	hackere		N;INDF;MASC;SG
hacker	hacke	hacker	hacke		N;INDF;MASC;SG
hacker	hack	hacker	hack		N
sendai	sendai	sendai	sendai		N;INDF;MASC;SG
christophe	christophe	christophe	christophe		N
znojmo	znojmo	znojmo	znojmo	NUM	N;INDF;MASC;SG
olomouc	olomouc	olomouc	olomouc		N;INDF;MASC;SG
ruby	ruby	ruby	ruby		N;INDF;NEUT;SG
selena	salina	selena	salina		N;INDF;FEM;SG
selena	selena	selena	selen		N;DEF;FEM;SG
fulton	fulton	fulton	fulton		N;INDF;MASC;SG
xavier	xavier	xavier	xavier		N;INDF;MASC;SG
candy	godteri	candy	godteri		N;INDF;NEUT;SG
sheridan	sheridan	sheridan	sheridan		N;INDF;MASC;SG
broun	broun	broun	broun		N;INDF;MASC;SG
griffin	griffin	griffin	griffin		N;INDF;MASC;SG
iğdır	iğdır	iğdır	iğdır		N;INDF;MASC;SG
menzies	menzies	menzies	menzies		N;INDF;MASC;SG
khuấy	rørt	khuấy	rørr	V	ADJ;INDF;NEUT;SG;V.PTCP
boa	boa	boa	boa		N;INDF;MASC;SG
cube	kube	cube	kube		N;INDF;MASC;SG
r}}	r}}	r}}	ri		N;INDF;MASC;SG
rahman	rahman	rahman	rahman	V	N;INDF;MASC;SG
glen	glen	glen	gle		PROPN
glen	glenn	glen	glenn		N;INDF;MASC;SG
benz	benz	benz	benze		N;INDF;MASC;SG
hampton	hampton	hampton	hampton		N;INDF;NEUT;SG
chandler	chandler	chandler	chandle		N;INDF;MASC;SG
williamson	williamson	williamson	williamson		N;INDF;NEUT;SG
göring	göring	göring	göring		N
quinn	quinn	quinn	quinn		N;INDF;MASC;SG
sumer	sumerisk	sumer	sumerisk	N	ADJ;INDF;NEUT;SG
irene	irene	irene	iren		N;INDF;NEUT;SG
cartoon	tegneserie	cartoon	tegneserie		N;INDF;MASC;SG
cartoon	tegnefilm	cartoon	tegnefilm		N;INDF;MASC;SG
cartoon	tegneseriefigur	cartoon	tegneseriefigur		N;INDF;MASC;SG
penang	penang	penang	penang		N;INDF;MASC;SG
gớm	betennelse	gớm	betennelse	PART	N;INDF;MASC;SG
zeller	zeller	zeller	zeller		N;INDF;MASC;SG
scheer	scheer	scheer	sche		N;INDF;MASC;SG
oberösterreich	oberösterreich	oberösterreich	oberösterreich		N
gaon	gaon	gaon	gjon	NUM	N;INDF;MASC;SG
sủa	bark	sủa	bark	ADJ	N;INDF;MASC;SG
sủa	bjeffer	sủa	bjeffe	ADJ	N;INDF;FEM;PL
carr	carr	carr	carr		N;INDF;MASC;SG
betty	betty	betty	betty		N;INDF;FEM;SG
wilkinson	wilkinson	wilkinson	wilkinson		N;INDF;MASC;SG
cholesterol	kolesterol	cholesterol	kolesterol	V	N;INDF;NEUT;SG
constantinople	konstantinopel	constantinople	konstantinopel		N;INDF;MASC;SG
thìa	skje	thìa	skje	N	V;IMP;NFIN
bath	bad	bath	be		V;IND;PST;FIN
udine	udine	udine	udin	NUM	N;INDF;MASC;SG
gập	folde	gập	folde	V	N;INDF;MASC;SG
lens	linse	lens	linse		N;INDF;FEM;SG
lens	lekke	lens	lekke		N;INDF;FEM;SG
lens	lekkasjen	lens	lekkasje		N;DEF;MASC;SG
lens	lekkasje	lens	lekkasje		N;INDF;MASC;SG
yamada	yamada	yamada	yamada		N;INDF;MASC;SG
linearis	linearis	linearis	linearis		N;INDF;MASC;SG
dot	dot	dot	dot	N	V;IND;PRS;FIN
luigi	luigi	luigi	luigi		N;INDF;MASC;SG
polygonum	tungras	polygonum	tungras		N;INDF;MASC;SG
boone	boone	boone	boone		N;INDF;MASC;SG
reo	tvile	reo	tvile	V	N;INDF;FEM;SG
reo	tvil	reo	tvil	V	N;INDF;MASC;SG
reo	tviler	reo	tvile	V	N;INDF;FEM;PL
garrison	garrison	garrison	garrison		N;INDF;MASC;SG
garrison	garnisonen	garrison	garnison		N;DEF;MASC;SG
garrison	garnison	garrison	garnison		N;INDF;MASC;SG
brunnea	teglfly	brunnea	teglfly		N;INDF;NEUT;SG
sidney	sidney	sidney	sidney		N;INDF;NEUT;SG
repens	repens	repens	repe	V	N;INDF;MASC;SG
lexikon	lexikon	lexikon	lexikon		N;INDF;MASC;SG
lindsey	lindsey	lindsey	lindsey		N;INDF;MASC;SG
hyundai	hyundai	hyundai	hyundai		N;INDF;MASC;SG
direct	direkte	direct	direkte		ADJ;INDF;NEUT;SG
direct	direct	direct	direct		N
primula	primula	primula	primul		N;INDF;MASC;SG
craven	craven	craven	crav		N;DEF;MASC;SG
nomura	nomura	nomura	nomur	V	N;INDF;MASC;SG
diane	diane	diane	diane		N;INDF;MASC;SG
rivière	rivière	rivière	rivière		N;INDF;MASC;SG
borealis	borealis	borealis	borealis		N;INDF;MASC;SG
sugar	sukker	sugar	sukker		N;INDF;NEUT;SG
sugar	sugar	sugar	sugar		N;INDF;MASC;SG
doc	doc	doc	doc		N
budějovice	budějovice	budějovice	budějovice	NUM	N;INDF;FEM;SG
turing	turing	turing	turing		N;INDF;FEM;SG
talbot	talbot	talbot	talbot		N;INDF;MASC;SG
admiralty	admiralitetet	admiralty	admiralitet		N;DEF;NEUT;SG
kyle	kyle	kyle	kyle		N;INDF;MASC;SG
emerton	emerton	emerton	emerton	V	N;INDF;MASC;SG
dale	dale	dale	dale		N;INDF;MASC;SG
gloria	gloria	gloria	glorie		N;DEF;FEM;SG
oder	oder	oder	oder	V	N;INDF;NEUT;SG
lange	lange	lange	lang	N	ADJ;PL
shannon	shannon	shannon	shannon		N;INDF;NEUT;SG
villiers	villiers	villiers	villiers		N;INDF;MASC;SG
gotha	gotha	gotha	gothe		N;INDF;MASC;SG
wanda	wanda	wanda	wanda	N	PROPN
wilcox	wilcox	wilcox	wilcox		N;INDF;MASC;SG
martino	martino	martino	martino		N;INDF;MASC;SG
obscurus	obscurus	obscurus	obscurus		N;INDF;MASC;SG
budde	budde	budde	bu		V;IND;PST;FIN
friedman	friedman	friedman	friedman		N;INDF;MASC;SG
canescens	canescens	canescens	canesce	ADJ	N;INDF;MASC;SG
vanessa	vanessa	vanessa	vanesse		N;INDF;FEM;SG
schwartz	schwartz	schwartz	schwartz		N;INDF;MASC;SG
hohenzollern	hohenzollern	hohenzollern	hohenzollern	V	N;INDF;MASC;SG
howell	howell	howell	howell		N;INDF;NEUT;SG
velvet	fløyel	velvet	fløyel		N;INDF;MASC;SG
mia	mia	mia	min		N;INDF;MASC;SG
lara	lara	lara	lare		N;INDF;FEM;SG
bromley	bromley	bromley	bromley		N;INDF;MASC;SG
training	trening	training	trening	DET	N;INDF;FEM;SG
training	opplæring	training	opplæring	DET	N;INDF;FEM;SG
gilles	gilles	gilles	gilles		N;INDF;MASC;SG
robustus	robustus	robustus	robustus		ADJ;INDF;SG
shepard	shepard	shepard	shepard		N;INDF;MASC;SG
lil	lil	lil	lilje		N;INDF;MASC;SG
lil	lill	lil	lill		N;INDF;MASC;SG
boisduval	boisduval	boisduval	boisduval		N;INDF;NEUT;SG
randolph	randolph	randolph	randolph		N;INDF;MASC;SG
krai	kraj	krai	kraj	N	PROPN
gerstaecker	gerstäcker	gerstaecker	gersticke	V	N;INDF;FEM;SG
irving	irving	irving	irving		N;INDF;MASC;SG
trau	trøtte	trau	trøtte	V	ADJ;SG
trau	trøtt	trau	trøtt	V	ADJ;INDF;SG
trau	sliten	trau	sliten	V	ADJ;INDF;MASC;SG
bison	bison	bison	bison		N;INDF;MASC;SG
lat	lat	lat	la	N	V;IMP;FIN
coruña	coruña	coruña	coruz		N;INDF;NEUT;SG
crane	kran	crane	kran		N;INDF;MASC;SG
crane	crane	crane	cran		N;INDF;MASC;SG
beaver	beaver	beaver	beaver		N;INDF;NEUT;SG
beaver	bever	beaver	beve		N;INDF;MASC;SG
chopin	chopin	chopin	chopin	V	N;INDF;MASC;SG
canterbury	canterbury	canterbury	canterbury		N;INDF;NEUT;SG
gerhard	gerhard	gerhard	gerhard		N;INDF;MASC;SG
ariel	ariel	ariel	ariel		N;INDF;MASC;SG
indie	indie	indie	indie		N
konrad	konrad	konrad	konrad		N;INDF;MASC;SG
castillo	castillo	castillo	castillo		N;INDF;MASC;SG
championships	mesterskap	championships	mesterskap	V	N;INDF;NEUT;SG
championships	allround	championships	allround	V	N;INDF;MASC;SG
martha	martha	martha	martha		N;INDF;FEM;SG
bloom	blomstre	bloom	blomstre		N;INDF;MASC;SG
bloom	bloom	bloom	bloom		N;INDF;MASC;SG
marius	marius	marius	marius		N;INDF;MASC;SG
espírito	espírito	espírito	espírito		N;INDF;MASC;SG
avril	avril	avril	avril	N	PROPN
kure	kure	kure	kure		N;INDF;MASC;SG
khuya	seint	khuya	sein	N	ADJ;INDF;NEUT;SG
liststyle	liststyle	liststyle	liststyle		N;INDF;MASC;SG
kilis	kilis	kilis	kilis		N;INDF;MASC;SG
tone	tone	tone	tone		N;INDF;MASC;SG
calédonie	calédonie	calédonie	calédonie		N;INDF;MASC;SG
stan	stan	stan	stan		N;INDF;MASC;SG
rebel	rebell	rebel	rebell		N;INDF;MASC;SG
rebel	opprører	rebel	opprøre		N;INDF;FEM;PL
rebel	rebel	rebel	rebel		N;INDF;MASC;SG
loi	loi	loi	loi		N;INDF;MASC;SG
regina	regina	regina	regine		N;INDF;MASC;SG
laporte	laporte	laporte	laport		N;INDF;MASC;SG
cherry	cherry	cherry	cherry		N;INDF;MASC;SG
cherry	kirsebær	cherry	kirsebær		N;INDF;MASC;SG
scout	scout	scout	scott		N;INDF;NEUT;SG
scout	speider	scout	speide		N;INDF;FEM;PL
coburg	coburg	coburg	coburg		N;INDF;MASC;SG
borneensis	borneensis	borneensis	borneensis		N;INDF;MASC;SG
interscope	interscope	interscope	interscope	V	N;INDF;NEUT;SG
gaston	gaston	gaston	gaston		N;INDF;MASC;SG
citation	forelegg	citation	forelegg		N;INDF;NEUT;SG
sakai	sakai	sakai	sakai		N;INDF;FEM;SG
chuck	chuck	chuck	chuck		N;INDF;MASC;SG
symplocos	symplocos	symplocos	symplocos	V	N;INDF;MASC;SG
benn	benn	benn	benne		N;INDF;MASC;SG
punctatus	punctatus	punctatus	punctatus		N;INDF;MASC;SG
romagna	romagna	romagna	romagne		N;INDF;FEM;SG
laevis	laevis	laevis	laevis		N;INDF;MASC;SG
scottish	skotsk	scottish	skotsk	NUM	N;INDF;MASC;SG
sagar	sagar	sagar	sag		N;INDF;MASC;SG
turkish	tyrkisk	turkish	tyrkisk		N;INDF;MASC;SG
trinity	trinity	trinity	trinity	NUM	N;INDF;MASC;SG
trinity	treenighet	trinity	treenighet	NUM	N;INDF;FEM;SG
shop	handle	shop	handle	N	V;NFIN
roche	roche	roche	roche		N;INDF;MASC;SG
parva	parva	parva	parve		N;DEF;NEUT;SG
sonora	sonora	sonora	sonora		PROPN
truncata	truncata	truncata	truncat		N;DEF;NEUT;SG
hubert	hubert	hubert	huber		ADJ;INDF;SG;V.PTCP
bertrand	bertrand	bertrand	bertrand		N;INDF;MASC;SG
turin	torino	turin	torino	NUM	N;INDF;MASC;SG
tibialis	tibialis	tibialis	tibialis		N;INDF;MASC;SG
wikitext	wikitext	wikitext	wikitext		N;INDF;MASC;SG
valentin	valentin	valentin	valentin		N;INDF;MASC;SG
holly	holly	holly	holly		N;INDF;MASC;SG
fidel	fidel	fidel	fidel		N;INDF;MASC;SG
ivanovich	ivanovitsj	ivanovich	ivanovitsj		N;INDF;MASC;SG
ash	aske	ash	aske		N;INDF;MASC;SG
ash	ash	ash	ash		PROPN
brittany	bretagne	brittany	bretage		N;INDF;FEM;SG
brittany	brittany	brittany	brittany		N;INDF;MASC;SG
ret	ret	ret	ret		N;INDF;MASC;SG
benoist	benoist	benoist	benoist		N;INDF;MASC;SG
gentry	gentry	gentry	gentry		N;INDF;MASC;SG
pohl	pohl	pohl	pohl		N;INDF;MASC;SG
giặt	klesvask	giặt	klesvask	V	N;INDF;FEM;SG
giặt	skylt	giặt	skylt	V	ADJ;INDF;NEUT;SG;V.PTCP
giặt	vaska	giặt	vaske	V	ADJ;INDF;SG;V.PTCP
giặt	vasket	giặt	vask	V	N;DEF;NEUT;SG
wrestlemania	wrestlemania	wrestlemania	wrestlemania		N;DEF;NEUT;PL
barker	barker	barker	barker		N;INDF;MASC;SG
spitfire	spitfire	spitfire	spitfire		N;INDF;MASC;SG
gurevich	gurevitsj	gurevich	gurevitsj		N;INDF;MASC;SG
philipp	philipp	philipp	philipp		N;INDF;MASC;SG
andre	andre	andre	annan		DET;PL
andre	andré	andre	annan		N;INDF;MASC;SG
andre	andré	andre	annan		N;INDF;MASC;SG
barton	barton	barton	barton		N;INDF;MASC;SG
pierce	pierce	pierce	pierce		N
santana	santana	santana	santan		N;INDF;MASC;SG
logroño	logroño	logroño	logroño		N;INDF;MASC;SG
smithii	smithii	smithii	smithii		N;INDF;MASC;SG
spotted	sett	spotted	setje		ADJ;INDF;NEUT;SG;V.PTCP
spotted	observert	spotted	observere		ADJ;INDF;SG;V.PTCP
cược	satse	cược	satse	N	V;NFIN
wikimapia	wikimapia	wikimapia	wikimapia		N;DEF;NEUT;SG
chẻ	hull	chẻ	hull		N;INDF;NEUT;SG
chẻ	hole	chẻ	hole		N;INDF;MASC;SG
miers	miers	miers	miers		N
sirius	sirius	sirius	sirius	N	ADJ;INDF;SG
kino	kino	kino	kino	V	N;INDF;MASC;SG
fernald	fernald	fernald	fernald		N;INDF;NEUT;SG
brevipes	brevipes	brevipes	brevipes		N;INDF;MASC;SG
barca	barca	barca	barca	N	PROPN
halloween	halloween	halloween	hallowen	V	N;DEF;MASC;SG
midland	midland	midland	midland	N	PROPN
narcissus	narcissus	narcissus	narcissus		N;INDF;MASC;SG
angelica	angelica	angelica	angelicel		N;INDF;FEM;SG
sites	nettsteder	sites	nettstede		N;INDF;MASC;SG
skin	hud	skin	hud		N;INDF;NEUT;SG
skin	flå	skin	flå		N;INDF;MASC;SG
skin	huden	skin	hud		N;DEF;MASC;SG
container	beholder	container	beholder	N	V;IND;PRS;FIN
gamespot	gamespot	gamespot	gamespot		N;INDF;MASC;SG
tít	hører	tít	høre		V;IND;PRS;FIN
tít	høre	tít	høre		N;INDF;MASC;SG
rising	stigende	rising	stigende		N;INDF;MASC;SG
rising	stiger	rising	stige		N;INDF;MASC;SG
rising	oppgang	rising	oppgang		N;INDF;MASC;SG
eight	atte	eight	atte	NUM	N;INDF;MASC;SG
eight	eight	eight	eight	NUM	N
leigh	leigh	leigh	lighe		N;INDF;MASC;SG
hogg	hogg	hogg	hogg		N;INDF;NEUT;SG
mitra	mitra	mitra	mitre		N;INDF;MASC;SG
biếng	lat	biếng	la	ADJ	V;IMP;FIN
biếng	late	biếng	la	ADJ	N;INDF;MASC;SG
biếng	lazy	biếng	lazy	ADJ	N;INDF;MASC;SG
massa	massa	massa	masse		N;DEF;FEM;SG
phlegra	phlegra	phlegra	phlegr	V	N;INDF;MASC;SG
gmelin	gmelin	gmelin	gmelin		N;INDF;MASC;SG
vesoul	vesoul	vesoul	vesoul		N;INDF;MASC;SG
vice	vice	vice	vice		N
nymphalidae	flikvinger	nymphalidae	flikvinger		N;INDF;FEM;PL
phillip	phillip	phillip	phillip		N;INDF;MASC;SG
phillip	philip	phillip	philip		N;INDF;MASC;SG
surrey	surrey	surrey	surrey	NUM	N;INDF;MASC;SG
barset	barset	barset	bars		N;DEF;NEUT;SG
teaser	teaser	teaser	tease		N;INDF;MASC;SG
gill	gill	gill	gill		N;INDF;MASC;SG
hilaire	hilaire	hilaire	hil		N;INDF;MASC;SG
globe	globe	globe	globe		N;INDF;MASC;SG
oppenheimer	oppenheimer	oppenheimer	oppenheim		N;INDF;MASC;SG
bravo	bravo	bravo	bravo		N;INDF;MASC;SG
mcdunnough	mcdunnough	mcdunnough	mcdunnough	V	N;INDF;MASC;SG
hopper	hopper	hopper	hoppe	V	N;INDF;FEM;PL
goa	goa	goa	go		N;INDF;NEUT;SG
nicholson	nicholson	nicholson	nicholson		N;INDF;MASC;SG
dhabi	dhabi	dhabi	dhabi	N	PROPN
smirnova	smirnova	smirnova	smirnove		N;INDF;MASC;SG
guderian	guderian	guderian	guderian		N;INDF;NEUT;SG
mladá	mladá	mladá	mladá	NUM	N;INDF;MASC;SG
soft	myke	soft	myke		N;INDF;NEUT;SG
soft	mykt	soft	mykt		N;INDF;MASC;SG
soft	soft	soft	soft		N;INDF;NEUT;SG
soft	myk	soft	mykje		N;INDF;MASC;SG
ornatus	ornatus	ornatus	ornatus		N;INDF;MASC;SG
králové	králové	králové	králové	V	N;INDF;MASC;SG
estadio	estadio	estadio	estadio		N
jörg	jörg	jörg	jörg	NUM	N
brevis	brevis	brevis	brevis		N;INDF;MASC;SG
breed	breed	breed	breed		N;INDF;MASC;SG
breed	rase	breed	rase		N;INDF;MASC;SG
breed	oppdretter	breed	oppdretter		N;INDF;FEM;PL
philippi	filippi	philippi	filippi	V	N;INDF;MASC;SG
titlestyle	titlestyle	titlestyle	titlestyle	V	N;INDF;NEUT;SG
sphinx	sphinx	sphinx	sphinx		N;INDF;MASC;SG
sphinx	sfinksen	sphinx	sfinkse		N;DEF;MASC;SG
crimea	krim	crimea	krim	V	N;INDF;MASC;SG
thanatus	thanatus	thanatus	thanatus		N;INDF;MASC;SG
abkhazia	abkhasia	abkhazia	abkhasie		N;INDF;NEUT;SG
varde	varde	varde	vare		N;INDF;NEUT;SG
pepper	pepper	pepper	peppe		N
baptist	baptist	baptist	baptist	N	ADJ;INDF;SG
hrsg	hrsg	hrsg	hrsg		N;INDF;MASC;SG
jammu	jammu	jammu	jammu	N	PROPN
griff	griff	griff	griff		N;INDF;MASC;SG
ramsey	ramsey	ramsey	ramsey		N;INDF;NEUT;SG
waterhouse	waterhouse	waterhouse	waterhouse		N;INDF;MASC;SG
molina	molina	molina	molin		N;INDF;MASC;SG
composite	sammensatt	composite	sammensatt	N	ADJ;INDF;NEUT;SG
loes	loes	loes	loes		N;INDF;MASC;SG
medieval	middelalderske	medieval	middelaldersk	N	ADJ;PL
pavonia	pavonia	pavonia	pavonie		N;INDF;MASC;SG
tonumber	tonumber	tonumber	tonumber		N;INDF;NEUT;PL
brie	brie	brie	brie		N;INDF;MASC;SG
sally	sally	sally	sally		N;INDF;MASC;SG
choáng	sjokkert	choáng	sjokkere	V	ADJ;INDF;SG;V.PTCP
jaén	jaén	jaén	jaén	NUM	N;INDF;MASC;SG
patton	patton	patton	patton		N;INDF;MASC;SG
psittacidae	parakitter	psittacidae	parakitter		N;INDF;MASC;SG
longicornis	longicornis	longicornis	longicornis	ADJ	N;INDF;MASC;SG
drew	trakk	drew	trekkje		V;IND;PST;FIN
drew	tegnet	drew	tegn		N;DEF;NEUT;SG
drew	drew	drew	drew		N;INDF;MASC;SG
dentata	dentata	dentata	dentat		N;DEF;NEUT;SG
elongatus	elongatus	elongatus	elongatus		N;INDF;MASC;SG
cherokee	cherokee	cherokee	cherokee		N
hindenburg	hindenburg	hindenburg	hindenburg		N;INDF;MASC;SG
smile	smile	smile	smile		N;INDF;MASC;SG
smile	smil	smile	smil		N;INDF;NEUT;SG
rochester	rochester	rochester	rochester		N;INDF;FEM;PL
marguerite	marguerite	marguerite	marguerit		N;INDF;MASC;SG
navbox	navbox	navbox	navbox		N;INDF;MASC;SG
aka	aka	aka	aka		N;INDF;MASC;SG
ngứa	klør	ngứa	klø	V	N;INDF;NEUT;PL
ngứa	kløe	ngứa	kløe	V	N;INDF;FEM;SG
ngứa	klør	ngứa	klø	V	N;INDF;NEUT;PL
ngứa	kløe	ngứa	kløe	V	N;INDF;FEM;SG
ngứa	klør	ngứa	klø	V	N;INDF;NEUT;PL
rebecca	rebecca	rebecca	rebecca		N;INDF;FEM;SG
satoshi	satoshi	satoshi	satoshi		N;INDF;MASC;SG
stones	stones	stones	stone		N;INDF;MASC;SG
stones	steiner	stones	stein		N;INDF;FEM;PL
prop	prop	prop	prop		N;INDF;MASC;SG
acanthaceae	akantusfamilien	acanthaceae	akantusfamilie		N;DEF;MASC;SG
desc	desc	desc	desc		N;INDF;MASC;SG
martens	martens	martens	mart		N;GEN;DEF;MASC;SG
pot	kjele	pot	kjele		N;INDF;MASC;SG
pot	pot	pot	pot		N;INDF;MASC;SG
striatus	striatus	striatus	striatus		N;INDF;MASC;SG
patterson	patterson	patterson	patterson		N;INDF;MASC;SG
alma	alma	alma	alme	NUM	N;INDF;FEM;SG
smaragdina	smaragdina	smaragdina	smaragdin		N;INDF;MASC;SG
weasley	wiltersen	weasley	wiltersen		N;INDF;MASC;SG
myers	myers	myers	myers		N;INDF;MASC;SG
parvula	parvula	parvula	parvul		N;INDF;MASC;SG
allegheny	allegheny	allegheny	allegheny		N;INDF;MASC;SG
tivi	tv	tivi	tv	ADJ	N;INDF;MASC;SG
tivi	fjernsyn	tivi	fjernsyn	ADJ	N;INDF;NEUT;SG
gifford	gifford	gifford	gifford		N;INDF;NEUT;SG
argentine	argentinsk	argentine	argentinsk	N	ADJ;INDF;SG
intercontinental	interkontinentale	intercontinental	interkontinental		ADJ;PL
philippinensis	philippinensis	philippinensis	philippinensis	V	N;INDF;MASC;SG
tina	tina	tina	tin		N;DEF;FEM;SG
mystery	mystikk	mystery	mystikk		N;INDF;MASC;SG
mystery	mysterium	mystery	mysterium		N;INDF;NEUT;SG
ruth	ruth	ruth	ruth		N;INDF;FEM;SG
carolyn	carolyn	carolyn	carolyn		N;INDF;MASC;SG
stall	stall	stall	stall		N;INDF;MASC;SG
hyllus	hyllos	hyllus	hyllos		N;INDF;MASC;SG
página	página	página	plgine		N;INDF;FEM;SG
bien	synlig	bien	synlig	N	ADJ;INDF;NEUT;SG
bien	synlige	bien	synlig	N	ADJ;PL
hoffmann	hoffmann	hoffmann	hoffmann		N;INDF;MASC;SG
hinton	hinton	hinton	hinton		N;INDF;MASC;SG
geo	geo	geo	geo		N
isabel	isabel	isabel	isabel		N;INDF;MASC;SG
nakane	nakane	nakane	nake		N;DEF;MASC;PL
batista	batista	batista	batist		N;DEF;NEUT;SG
pirata	pirata	pirata	pirat		N;INDF;MASC;SG
highland	highland	highland	highland		N;INDF;NEUT;SG
highland	høyland	highland	høyland		N;INDF;MASC;SG
olt	olt	olt	olt		PROPN
avenue	avenue	avenue	avenue		N;INDF;MASC;SG
alegre	alegre	alegre	alegre		N;INDF;NEUT;SG
toyotomi	toyotomi	toyotomi	toyotomi	PROPN	N;INDF;NEUT;SG
schwarzenegger	schwarzenegger	schwarzenegger	schwarzenegg		N;INDF;FEM;PL
imp	imp	imp	imp		ADJ;INDF;SG
holmberg	holmberg	holmberg	holmberg		N;INDF;NEUT;SG
smackdown	smackdown	smackdown	smackdown		N;INDF;MASC;SG
albus	albus	albus	albus		N;INDF;MASC;SG
pmid	pmid	pmid	pmid		N;INDF;MASC;SG
xuyến	torus	xuyến	torus	V	N;INDF;MASC;SG
wendy	wendy	wendy	wendy		N;INDF;MASC;SG
blackwell	blackwell	blackwell	blackwell		N;INDF;NEUT;SG
phoiac	phoiac	phoiac	phoiac	V	N
eteeq	eteeq	eteeq	eteeq		N;INDF;MASC;SG
gneisenau	gneisenau	gneisenau	gneisenau		N;INDF;MASC;SG
tbs	tbs	tbs	tbs		N;INDF;MASC;SG
holiday	holiday	holiday	holiday		N;INDF;MASC;SG
holiday	ferie	holiday	ferie		N;INDF;MASC;SG
holiday	helligdag	holiday	helligdag		N;INDF;MASC;SG
ribera	ribera	ribera	ribere	NUM	N;DEF;FEM;SG
hemingway	hemingway	hemingway	hemingway		N;INDF;FEM;SG
táp	bit	táp	bit	V	N;INDF;MASC;SG
táp	jafs	táp	jafs	V	N;INDF;MASC;SG
chapuis	chapuis	chapuis	chapuis	V	N;INDF;MASC;SG
spl	spl	spl	spl		N;INDF;MASC;SG
psoe	psoe	psoe	psoe		N;INDF;MASC;SG
viz	viz	viz	viz		N;INDF;MASC;SG
gibbs	gibbs	gibbs	gibbs	CONJ	N;INDF;MASC;SG
solidago	solidago	solidago	solidago		N;INDF;MASC;SG
stress	stress	stress	stress		N;INDF;NEUT;SG
sei	sei	sei	seie		N;INDF;NEUT;SG
baiano	baiano	baiano	baiano		N;INDF;MASC;SG
aet	aet	aet	aet		N
pattern	mønster	pattern	mønster	V	N;INDF;NEUT;SG
greece	hellas	greece	hellas	N	PROPN
oliva	oliva	oliva	oliv		N;INDF;MASC;SG
brain	hjerner	brain	hjerne	V	N;INDF;NEUT;SG
brain	hjerne	brain	hjerne	V	N;INDF;MASC;SG
brain	hjernen	brain	hjern	V	N;DEF;MASC;SG
ferb	ferb	ferb	ferb		N
vila	vila	vila	vilje		PROPN
buchanan	buchanan	buchanan	buchanan		N;INDF;MASC;SG
alive	levende	alive	levende		N;INDF;NEUT;SG
alive	alive	alive	alive		N
rodriguez	rodriguez	rodriguez	rodriguez		N;INDF;MASC;SG
cent	cent	cent	cent		N
sandy	sandy	sandy	sandy		N;INDF;MASC;SG
cuốc	tilfeldige	cuốc	tilfeldig	N	ADJ;PL
cuốc	vilkårlig	cuốc	vilkårlig	N	ADJ;INDF;NEUT;SG
cuốc	tilfeldig	cuốc	tilfeldig	N	ADJ;INDF;NEUT;SG
desmond	desmond	desmond	desmond		PROPN
paranaense	paranaense	paranaense	paranaense		N;DEF;MASC;SG
terra	tera	terra	tere		N;INDF;MASC;SG
terra	terra	terra	terre		N;INDF;MASC;SG
nigripes	nigripes	nigripes	nigripes		N;INDF;MASC;SG
neville	nilus	neville	nilus		N;INDF;MASC;SG
neville	neville	neville	neville		N;INDF;MASC;SG
novara	novara	novara	novar	NUM	N;INDF;SG
pal	pal	pal	pal		N;INDF;MASC;SG
champs	champs	champs	champ		N;INDF;SG
charmed	sjarmert	charmed	sjarmere		ADJ;INDF;SG;V.PTCP
kelvin	kelvin	kelvin	kelvin		N;INDF;NEUT;SG
korlević	korlević	korlević	korlević		N;INDF;MASC;SG
klug	klug	klug	klug		N;INDF;SG
medium	medium	medium	medium		N;INDF;NEUT;SG
medium	middels	medium	middels		N;INDF;MASC;SG
somali	somalisk	somali	somalisk	N	ADJ;INDF;NEUT;SG
somali	somaliere	somali	somaliere	N	V;NFIN
shane	shane	shane	shan		N;INDF;MASC;SG
cal	cal	cal	cal		N;INDF
cool	kult	cool	kul		N;INDF;MASC;SG
cool	stilig	cool	stilig		ADJ;INDF;NEUT;SG
cool	kul	cool	kul		ADJ;INDF;SG
lons	lons	lons	lons		N;INDF;MASC;SG
moreno	moreno	moreno	moreno		N;INDF;MASC;SG
telegraph	telegraf	telegraph	telegraf		N;INDF;MASC;SG
milk	melk	milk	melk		N;INDF;NEUT;SG
stadion	stadion	stadion	stadion		N;INDF;NEUT;SG
livingston	livingston	livingston	livingston		N;INDF;MASC;SG
wollaston	wollaston	wollaston	wollaston	V	N
gracilipes	gracilipes	gracilipes	gracilip		N;INDF;MASC;SG
graz	graz	graz	graz		N;INDF;NEUT;SG
haleakala	haleakala	haleakala	haleakale		N;DEF;NEUT;SG
flo	flo	flo	flo	N	PROPN
angolensis	angolensis	angolensis	angolensis	ADJ	N;INDF;MASC;SG
zhuravleva	zhuravleva	zhuravleva	zhuravleva		ADJ;INDF;NEUT;SG;V.PTCP
kangaroo	kenguru	kangaroo	kenguru		N;INDF;MASC;SG
kangaroo	kenguruer	kangaroo	kengurue		N;INDF;MASC;SG
saratoga	saratoga	saratoga	saratog		N;INDF;MASC;SG
liếm	slikke	liếm	slikke	V	N;INDF;MASC;SG
liếm	slikker	liếm	slikker	V	N;INDF;MASC;SG
intermedius	intermedius	intermedius	intermedius		N;INDF;MASC;SG
debilis	debilis	debilis	debilis		N;INDF;MASC;SG
friuli	friuli	friuli	friuli		N;INDF;MASC;SG
albedo	albedo	albedo	albedo		N;INDF;MASC;SG
infinite	uendelig	infinite	uendelig	N	ADJ;INDF;NEUT;SG
infinite	uendelige	infinite	uendelig	N	ADJ;PL
gloucester	gloucester	gloucester	glouceste		N
baert	baert	baert	baer		ADJ;INDF;NEUT;SG
res	res	res	res		N
lift	løft	lift	løft		N;INDF;NEUT;SG
lift	løfte	lift	løfte		N;INDF;NEUT;SG
lift	haik	lift	haik		N;INDF;MASC;SG
sonny	sonny	sonny	sonny		N;INDF;MASC;SG
sonny	solan	sonny	solan		N;INDF;MASC;SG
aguilar	aguilar	aguilar	aguil		N;INDF;MASC;SG
gore	gore	gore	gor		N;INDF;MASC;SG
hayashi	hayashi	hayashi	hayashi		N;INDF;SG
kadokawa	kadokawa	kadokawa	kadokawa		N;INDF;FEM;SG
sega	sega	sega	sege		N
donna	donna	donna	donne		N;INDF;FEM;SG
kauai	kauai	kauai	kauai		N;INDF;MASC;SG
basalis	basalis	basalis	basalis		N;INDF;MASC;SG
notodontidae	tannspinnere	notodontidae	tannspinnere		V;NFIN
ulrich	ulrich	ulrich	ulrich		N
alston	alston	alston	alston		N;INDF;MASC;SG
nitens	nitens	nitens	nitens		N;GEN;DEF;MASC;SG
gap	gap	gap	gap	V	N;INDF;NEUT;SG
tirana	tirana	tirana	tiran	N	PROPN
