smile	naerata	smile	naerama		V;IMP;SG;2;PRS;FIN;ACT
smile	naeratus	smile	naeratus		N;NOM;SG
rochester	rochester	rochester	rochester		N;NOM;SG
marguerite	marguerite	marguerite	marguer		N;NOM;PL
laden	koormatud	laden	koormama	N	ADJ;PST;V.PTCP;PASS
aka	aka	aka	aka		N;NOM;SG
ngứa	sügelus	ngứa	sügelus	V	N;NOM;SG
ngứa	sügelemine	ngứa	sügelemine	V	N;NOM;SG
ngứa	küüned	ngứa	küüs	V	N;NOM;PL
ngứa	küünised	ngứa	küünis	V	N;NOM;PL
rebecca	rebecca	rebecca	rebecca		N;NOM;SG
stones	kivid	stones	kivi		N;NOM;PL
stones	kive	stones	kivi		N;PRT;PL
pot	pada	pot	pada		N;NOM;SG
pot	potti	pot	pott		N;PRT;SG
pot	pott	pot	pott		N;NOM;SG
patterson	patterson	patterson	patterson		N;NOM;SG
alma	alma	alma	alma	NUM	N;NOM;SG
weasley	weasley	weasley	weasley		N;NOM;SG
myers	myers	myers	myers		N;NOM;SG
tivi	televiisor	tivi	televiisor	ADJ	N;NOM;SG
tivi	televisiooni	tivi	televisioon	ADJ	N;PRT;SG
tivi	televisioon	tivi	televisioon	ADJ	N;NOM;SG
intercontinental	intercontinental	intercontinental	intercontinent		N;AT+ESS
;SG
tina	tina	tina	tina		N;NOM;SG
mystery	müstika	mystery	müstika		N;NOM;SG
mystery	müsteerium	mystery	müsteerium		N;NOM;SG
mystery	mõistatus	mystery	mõistatus		N;NOM;SG
ruth	ruth	ruth	ruth		N;NOM;SG
carolyn	carolyn	carolyn	carolyn		N;NOM;SG
bien	nähtavad	bien	nähtav	N	ADJ;NOM;PL;PRS;V.PTCP;ACT
bien	nähtav	bien	nähtav	N	ADJ;NOM;SG;PRS;V.PTCP;ACT
hoffmann	hoffmann	hoffmann	hoffmann		N;NOM;SG
geo	geo	geo	geo		N;NOM;SG
isabel	isabel	isabel	isabel		N;NOM;SG
batista	batista	batista	batista		N;NOM;SG
highland	highland	highland	highland		N;NOM;SG
avenue	avenue	avenue	avenue		N;NOM;SG
avenue	avenüü	avenue	avenüü		N;NOM;SG
alegre	alegre	alegre	alegr		N;NOM;SG
toyotomi	toyotomi	toyotomi	toyotom	PROPN	N;NOM;SG
schwarzenegger	schwarzenegger	schwarzenegger	schwarzenegger		N;NOM;SG
imp	paharet	imp	paharet		N;NOM;SG
holmberg	holmberg	holmberg	holm_berg		N;NOM;SG
huelva	huelva	huelva	huelv	N	ADJ;NOM;SG;PRS;V.PTCP;ACT
wendy	wendy	wendy	wendy		N;NOM;SG
blackwell	blackwell	blackwell	blackwell		N;NOM;SG
gneisenau	gneisenau	gneisenau	gneise_nau		N;NOM;SG
holiday	puhkus	holiday	puhkus		N;NOM;SG
holiday	pühal	holiday	püha		N;AT+ESS
;SG
hemingway	hemingway	hemingway	hemingway		N;NOM;SG
táp	amps	táp	amps	V	N;NOM;SG
táp	hammustus	táp	hammustus	V	N;NOM;SG
spl	spl	spl	spl		N
gibbs	gibbs	gibbs	gibbs	CONJ	N;NOM;SG
stress	stress	stress	stress		N;NOM;SG
stress	stressist	stress	stress		N;IN+ABL;SG
stress	stressi	stress	stress		N;PRT;SG
pattern	muster	pattern	muster	V	N;NOM;SG
pattern	mustri	pattern	muster	V	N;GEN;SG
greece	kreeka	greece	kreeka	N	ADJ
oliva	oliva	oliva	olev		ADJ;NOM;SG;PRS;V.PTCP;ACT
brain	ajud	brain	aju	V	N;NOM;PL
vila	vila	vila	vila		N;NOM;SG
buchanan	buchanan	buchanan	buchanan		N;NOM;SG
alive	elusana	alive	elus		ADJ;FRML;SG
alive	elus	alive	elu		N;IN+ESS;SG
alive	elusalt	alive	elusalt		ADV
rodriguez	rodriguez	rodriguez	rodriguez		N;NOM;SG
cent	sent	cent	sent		N;NOM;SG
sandy	sandy	sandy	sandy		N;NOM;SG
fra	fra	fra	fra		N;NOM;SG
cuốc	suvaline	cuốc	suvaline	N	ADJ;NOM;SG
cuốc	juhuslik	cuốc	juhuslik	N	ADJ;NOM;SG
desmond	desmond	desmond	desmond		N;NOM;SG
terra	terra	terra	terra		N;NOM;SG
pal	pal	pal	pal		N
champs	champs	champs	champs		N;NOM;SG
charmed	võlus	charmed	võluma		V;IND;SG;3;PST;FIN;ACT
charmed	võlutud	charmed	võluma		ADJ;NOM;PL
kelvin	kelvin	kelvin	kelvima		N;NOM;SG
klug	klug	klug	klug		N;NOM;SG
sistema	sistema	sistema	sistema	V	N;NOM;SG
medium	keskmise	medium	keskmine		ADJ;GEN;SG
medium	keskmine	medium	keskmine		ADJ;NOM;SG
medium	keskmised	medium	keskmine		ADJ;NOM;PL
medium	andmekandja	medium	andme_kandja		N;NOM;SG
shane	shane	shane	shane		N;NOM;SG
cal	cal	cal	cal		NUM
cool	lahe	cool	laht		N;NOM;SG
cool	cool	cool	cool		N;NOM;SG
moreno	moreno	moreno	moreno		N;NOM;SG
telegraph	telegraafi	telegraph	tele_graaf		N;PRT;SG
milk	piima	milk	piim		N;PRT;SG
milk	piim	milk	piim		N;NOM;SG
livingston	livingston	livingston	livingston		N;NOM;SG
graz	grazi	graz	graz		N;NOM;SG
kangaroo	känguru	kangaroo	kängur		N;NOM;SG
saratoga	saratoga	saratoga	sarato		N;COM;SG
friuli	friuli	friuli	friuli		N;NOM;SG
infinite	lõpmatu	infinite	lõpmatu	N	ADJ;NOM;SG
infinite	lõputu	infinite	lõputu	N	ADJ;NOM;SG
saab	saab	saab	saama	N	V;IND;SG;3;PRS;FIN;ACT
gloucester	gloucester	gloucester	gloucester		N;NOM;SG
res	res	res	res		N;NOM;SG
lift	tõsta	lift	tõstma		V;NFIN
lift	lift	lift	lift		N;NOM;SG
lift	tõste	lift	tõse		N;NOM;SG
sonny	sonny	sonny	sonny		N;NOM;SG
aguilar	aguilar	aguilar	aguilar		N;NOM;SG
gore	gore	gore	gore		N;NOM;SG
donna	donna	donna	dond		N;NOM;SG
kauai	kauai	kauai	kauai		N;NOM;SG
ulrich	ulrich	ulrich	ulrich		N;NOM;SG
gap	lõhe	gap	lõhe	V	N;NOM;SG
frances	frances	frances	frances		N;NOM;SG
viva	viva	viva	viva		N;NOM;SG
vanilla	äike	vanilla	äike		N;NOM;SG
extreme	äärmuslik	extreme	äärmuslik		ADJ;NOM;SG
bun	bulgaaria	bun	bulgaaria		ADJ
bun	tõeväärtus	bun	tõe_väärtus		N;NOM;SG
multi	mitme	multi	mitu	DET	PRO;NOM;SG
woody	woody	woody	woody		N;NOM;SG
fat	paksud	fat	paks	N	ADJ;NOM;PL
fat	paks	fat	paks	N	ADJ;NOM;SG
mẹo	vihje	mẹo	vihje	N	NUM
pegasus	pegasus	pegasus	pegasus		N;NOM;SG
seymour	seymour	seymour	seymour		N;NOM;SG
haw	haw	haw	haw		N;NOM;SG
lex	lex	lex	lex		N;NOM;SG
episodes	episoodid	episodes	episoot		N;NOM;PL
herb	herb	herb	herb		N;NOM;SG
ringo	ringo	ringo	ringo		N;NOM;SG
renault	renault	renault	renault		N;NOM;SG
stub	stub	stub	stuma		N;NOM;SG
switch	vaheta	switch	vahe	N	V;IMP;SG;2;PRS;FIN;ACT
dickinson	dickinson	dickinson	dickinson		N;NOM;SG
melanie	melanie	melanie	melani		N;NOM;SG
holloway	holloway	holloway	holloway	V	N;NOM;SG
ngơ	eiramine	ngơ	eiramine		N;NOM;SG
ngơ	ignoreerides	ngơ	ignoreerima		V;V.CVB
ngơ	eirates	ngơ	eirama		V;V.CVB
chamberlain	chamberlain	chamberlain	chamberlain	V	N;NOM;SG
bruch	bruch	bruch	bruch		N;NOM;SG
gala	gala	gala	gala		N;NOM;SG
paula	paula	paula	paula		N;NOM;SG
romano	romano	romano	romano		N;NOM;SG
wizard	nõustaja	wizard	nõustaja		N;NOM;SG
wizard	võlur	wizard	võlur		N;NOM;SG
zander	zander	zander	zander		N;NOM;SG
yom	yom	yom	yom		N;NOM;SG
cash	sularaha	cash	sula_raha		N;NOM;SG
cash	cash	cash	cash		N;NOM;SG
lugo	lugo	lugo	lugo	NUM	N;NOM;SG
teo	teo	teo	tegu	V	N;NOM;SG
kenji	kenji	kenji	kenii		N;NOM;SG
mask	mask	mask	mask		N;NOM;SG
coa	coa	coa	coa	V	N;NOM;SG
cluj	cluj	cluj	cluj	NUM	N;NOM;SG
sinclair	sinclair	sinclair	sinclair		N;NOM;SG
asparagus	spargel	asparagus	spargel		N;NOM;SG
rojas	rojas	rojas	rojama		N;NOM;SG
nhả	vabastamine	nhả	vabastamine	V	N;NOM;SG
jenkins	jenkins	jenkins	jenkins		N;NOM;SG
minneapolis	minneapolise	minneapolis	minneapoline		N;NOM;SG
pack	pakend	pack	pakend		N;NOM;SG
pack	pakendis	pack	pakend		N;IN+ESS;SG
pack	paki	pack	pakk		N;GEN;SG
pack	pakk	pack	pakk		N;NOM;SG
modena	modena	modena	modena	NUM	N;NOM;SG
buckingham	buckinghami	buckingham	buckingham		N;NOM;SG
kitty	kiisu	kitty	kiis		N;NOM;SG
omer	omer	omer	omer		N;NOM;SG
petersen	petersen	petersen	petersen	V	N;NOM;SG
baba	baba	baba	baba		N;NOM;SG
backstreet	backstreet	backstreet	backstreet		N;NOM;SG
spielberg	spielberg	spielberg	spielberg		N;NOM;SG
pbs	pbs	pbs	pbs		N;NOM;SG
taub	taub	taub	taub		N;NOM;SG
ito	ito	ito	ito		N;NOM;SG
calvert	calvert	calvert	calvert		N;NOM;SG
nolan	nolan	nolan	nolama		N;NOM;SG
linum	linum	linum	linum		N;NOM;SG
meet	tutvu	meet	tutvu	ADJ	V;IMP;SG;2;PRS;FIN;ACT
meet	kohtuda	meet	kohtuma	ADJ	V;NFIN
avenger	tasuja	avenger	tasu=ja		N;NOM;SG
por	por	por	por		N
stream	oja	stream	oja		N;NOM;SG
oldenburg	oldenburg	oldenburg	oldenburg		N;NOM;SG
ensign	lipnik	ensign	lipnik		N;NOM;SG
gerard	gérard	gerard	gérard		N;NOM;SG
gerard	gerrard	gerard	gerrard		N;NOM;SG
gerard	gerard	gerard	gerard		N;NOM;SG
bergman	bergman	bergman	bergman		N;NOM;SG
cast	valatud	cast	valatud	N	ADJ;PST;V.PTCP;PASS
oran	oran	oran	oran		N;NOM;SG
ortiz	ortiz	ortiz	ortiz		N;NOM;SG
guiana	guajaana	guiana	guajaan		N;NOM;SG
nếm	maitsed	nếm	maitsma	V	N;NOM;PL
nếm	maitse	nếm	maitse	V	N;NOM;SG
seem	sem	seem	sem	ADJ	N;NOM;SG
amor	amor	amor	amor		N;NOM;SG
zara	zara	zara	zara		N;NOM;SG
nigel	nigel	nigel	nigel	N	ADJ;NOM;SG
sue	sue	sue	sue		N;NOM;SG
garfield	garfield	garfield	garfiel		N;NOM;SG
tula	tula	tula	tula	NUM	N;NOM;SG
alicia	alicia	alicia	alicia		N;NOM;SG
registry	register	registry	register		N;NOM;SG
registry	kantselei	registry	kantsele		N;NOM;SG
archipelago	saarestik	archipelago	saarestik	V	N;NOM;SG
gogh	gogh	gogh	gogh		N;NOM;SG
nirvana	nirvana	nirvana	nirv		N;FRML;SG
wanted	tahtis	wanted	tahtma	N	V;IND;SG;3;PST;FIN;ACT
wanted	tagaotsitav	wanted	taga_otsitav	N	ADJ;NOM;SG;PRS;V.PTCP;ACT
wanted	tahtsin	wanted	tahtma	N	V;IND;SG;1;PST;FIN;ACT
nháp	eelnõu	nháp	eel_nõu	V	N;NOM;SG
nháp	kavand	nháp	kavand	V	N;NOM;SG
chát	vestlus	chát	vestlus	ADJ	N;NOM;SG
melody	meloodia	melody	meloodia		N;NOM;SG
melody	melody	melody	melody		N;NOM;SG
beretta	beretta	beretta	beretta		N;NOM;SG
sterling	sterling	sterling	sterling	V	N;NOM;SG
chambers	chambers	chambers	chambers		N;NOM;SG
mari	mari	mari	mari		N;NOM;SG
ivy	ivy	ivy	ivy		N;NOM;SG
shirley	shirley	shirley	shirley		N;NOM;SG
michelangelo	michelangelo	michelangelo	michelangelo		N;NOM;SG
advance	ette	advance	ette	N	ADV
boulogne	boulogne	boulogne	boulogne	N	ADJ;NOM;SG
pulitzer	pulitzeri	pulitzer	pulitzer		N;NOM;SG
sandra	sandra	sandra	sandra		N;NOM;SG
buch	buch	buch	buch		N;NOM;SG
carinata	carinata	carinata	carinata		N;PRIV;SG
angry	vihane	angry	vihane	N	ADJ;NOM;SG
lisboa	lissaboni	lisboa	lissabon		N;PRT;SG
lisboa	lissabonis	lisboa	lissabon		N;IN+ESS;SG
klm	klm	klm	klm		N;NOM;SG
oval	ovaalne	oval	ovaalne	N	ADJ;NOM;SG
ida	ida	ida	ida		N;NOM;SG
cantor	cantor	cantor	cantor		N;NOM;SG
avia	avia	avia	avima		N;NOM;SG
noir	noir	noir	noir		N;NOM;SG
bray	bray	bray	bray	NUM	N;NOM;SG
sap	sap	sap	sap		N;NOM;SG
lauren	lauren	lauren	lauren		N;NOM;SG
tạt	sinep	tạt	sinep	ADJ	N;NOM;SG
tristan	tristan	tristan	tristama		V;IND;SG;1;PRS;FIN;ACT
saunders	saunders	saunders	saunders		N;NOM;SG
wyatt	wyatt	wyatt	wyatt		N;NOM;SG
katherine	katherine	katherine	katherine		N;NOM;SG
cật	neerud	cật	neer	V	N;NOM;PL
stern	stern	stern	stern		N;NOM;SG
teddy	teddy	teddy	teddy		N;NOM;SG
marek	marek	marek	marek		N;NOM;SG
alien	tulnukas	alien	tulnukas		N;IN+ESS;SG
schindler	schindler	schindler	schindler		N;NOM;SG
lydia	lydia	lydia	lydia		N;NOM;SG
fun	lõbus	fun	lõbus	N	ADJ;NOM;SG
kumamoto	kumamoto	kumamoto	kumamoto		N;NOM;SG
lorenz	lorenz	lorenz	lorenz		N;NOM;SG
gottfried	gottfried	gottfried	gottfri)		N;NOM;SG
stephens	stephens	stephens	stephens		N;NOM;SG
lesser	väiksem	lesser	väiksem		ADJ;NOM;CMPR;SG
brock	brock	brock	brock		N;NOM;SG
msn	msn	msn	msn		N;NOM;SG
rodrigues	rodrigues	rodrigues	rodrigue		N;NOM;SG
snyder	snyder	snyder	snyder		N;NOM;SG
credit	krediidi	credit	krediit		N;PRT;SG
credit	krediit	credit	krediit		N;NOM;SG
credit	krediiti	credit	krediit		N;PRT;SG
carrie	carrie	carrie	carrie		N;NOM;SG
molotov	molotovi	molotov	molotov		N;NOM;SG
novosibirsk	novosibirski	novosibirsk	novosi_birs		N;NOM;SG
galápagos	galápagose	galápagos	galf_pagone		N;NOM;SG
frost	frost	frost	frost		N;NOM;SG
munro	munro	munro	munro		N;NOM;SG
endangered	ohustatud	endangered	ohusta=tud	V	ADJ;PST;V.PTCP;PASS
norris	norris	norris	norr		N;NOM;SG
nikita	nikita	nikita	nikitama		N;NOM;SG
dudley	dudley	dudley	dudley		N;NOM;SG
pleasant	meeldiv	pleasant	meeldiv		ADJ;NOM;SG;PRS;V.PTCP;ACT
pleasant	meeldivaks	pleasant	meeldiv		ADJ;TRANS;SG;PRS;V.PTCP;ACT
tot	tot	tot	tot	ADJ	N;NOM;SG
điếc	kurt	điếc	kurt	V	N;NOM;SG
điếc	kurdid	điếc	kurd	V	N;NOM;PL
xxi	xxi	xxi	xx	NUM	N;NOM;SG
neu	neu	neu	neu		N;NOM;SG
wedding	umbrohu	wedding	umb_rohi		N;NOM;SG
sami	sami	sami	sami		N;NOM;SG
sami	saami	sami	saam		ADJ
vincennes	vincennes	vincennes	vincennes		N;NOM;SG
simone	simone	simone	simone		N;NOM;SG
tanganyika	tanganjika	tanganyika	tangan_jika		N;NOM;SG
thatcher	thatcher	thatcher	thatcher	V	N;NOM;SG
byron	byron	byron	byron		N;NOM;SG
toni	toni	toni	toni		N;NOM;SG
moravia	morava	moravia	morav	N	ADJ
raoul	raoul	raoul	raoul		N;NOM;SG
clarence	clarence	clarence	clarence		N;NOM;SG
pitbull	pitbull	pitbull	pitbull		N;NOM;SG
watt	watt	watt	watt		N;NOM;SG
yoko	yoko	yoko	yoko		N;NOM;SG
higgins	higgins	higgins	higgins		N;NOM;SG
aya	aya	aya	aya		N;NOM;SG
dorothy	dorothy	dorothy	dorothy		N;NOM;SG
hartley	hartley	hartley	hartley		N;NOM;SG
epstein	epstein	epstein	epstein		N;NOM;SG
jobs	töökohad	jobs	töö_koht		N;NOM;PL
atr	atr	atr	atr		N;NOM;SG
gnome	gnome	gnome	gnome		N;NOM;SG
novo	novo	novo	novo		N;NOM;SG
vita	vita	vita	vita		N;NOM;SG
stay	püsi	stay	püsima	N	V;IMP;SG;2;PRS;FIN;ACT
worms	ussid	worms	uss		N;NOM;PL
tripura	tripura	tripura	trippur	NUM	N;NOM;SG
nháy	flash	nháy	flash	V	N;NOM;SG
nháy	välk	nháy	välk	V	N;NOM;SG
corbett	corbett	corbett	corbett		N;NOM;SG
champ	tšempion	champ	tšempion		N;NOM;SG
rapunzel	rapuntsel	rapunzel	rapuntsel	V	ADJ;NOM;SG
gupta	gupta	gupta	gupta		N;NOM;SG
trọc	skinhead	trọc	skinhea	V	N;NOM;PL
als	als	als	als		N;NOM;SG
sạc	laadija	sạc	laadija	V	N;NOM;SG
sạc	süüdistus	sạc	süüdistus	V	N;NOM;SG
sạc	laeng	sạc	laeng	V	N;NOM;SG
sạc	laadimine	sạc	laadimine	V	N;NOM;SG
bart	bart	bart	bart		N;NOM;SG
leroy	leroy	leroy	leroy		N;NOM;SG
lester	lester	lester	lester		N;NOM;SG
doug	doug	doug	doug		N;NOM;SG
oss	oss	oss	oss		N;NOM;SG
henrik	henrik	henrik	henrik		N;NOM;SG
geoffroy	geoffroy	geoffroy	geoffroy		N;NOM;SG
sicily	sitsiilia	sicily	sitsiilia	N	ADJ
sicily	sitsiilia	sicily	sitsiilia	N	ADJ
cream	koor	cream	koor		N;NOM;SG
cream	kreem	cream	kreem		N;NOM;SG
cream	koort	cream	koort		N;NOM;SG
grimm	grimm	grimm	grimm		N;NOM;SG
antony	antonius	antony	antonius		N;NOM;SG
zack	zack	zack	zack		N;NOM;SG
finn	finn	finn	finn		N;NOM;SG
sioux	siuu	sioux	siuu		N;NOM;SG
aberdeen	aberdeen	aberdeen	aberdeen		N;NOM;SG
trip	trip	trip	trip		N;NOM;SG
trip	reis	trip	reis		N;NOM;SG
trip	tripp	trip	tripp		N;NOM;SG
garde	garde	garde	garde		N;NOM;SG
tara	tara	tara	tara		N;NOM;SG
kwazulu	kwazulu	kwazulu	kwazulu		N;NOM;SG
guthrie	guthrie	guthrie	guthrie		N;NOM;SG
eclipse	varjutus	eclipse	varjutus	V	N;NOM;SG
tap	võistleja	tap	võistleja		N;NOM;SG
brandon	brandon	brandon	brandon		N;NOM;SG
hoover	hoover	hoover	hoover		N;NOM;SG
rodney	rodney	rodney	rodney		N;NOM;SG
sida	aids	sida	aids		N;NOM;SG
sida	aidsi	sida	aids		N;PRT;SG
flynn	flynn	flynn	flynn		N;NOM;SG
lover	armuke	lover	armuke		N;NOM;SG
lover	armastaja	lover	armastaja		N;NOM;SG
thera	thera	thera	thera		N;NOM;SG
tor	tor	tor	tor	V	N;NOM;SG
tor	thor	tor	thor	V	N;NOM;SG
rụi	purustatud	rụi	purustama	V	ADJ;PST;V.PTCP;PASS
romanov	romanov	romanov	romanov		N;NOM;SG
salazar	salazar	salazar	salazar		N;NOM;SG
gmbh	gmbh	gmbh	gmbh		N;NOM;SG
whole	terve	whole	terve		N;NOM;SG
whole	terved	whole	terve		ADJ;NOM;PL
whole	tervik	whole	tervik		N;NOM;SG
whole	tervelt	whole	tervelt		ADV
aid	abi	aid	abi		N;PRT;SG
râm	varju	râm	vari	ADJ	N;PRT;SG
milwaukee	milwaukee	milwaukee	milwau_kee		N;NOM;SG
lynx	ilves	lynx	ilves		N;NOM;SG
vhs	vhs	vhs	vhs		N;NOM;SG
troll	troll	troll	troll		N;NOM;SG
troll	trollid	troll	troll		N;NOM;PL
peso	peesot	peso	peeso		N;NOM;SG
peso	peeso	peso	peeso		N;NOM;SG
perugia	perugia	perugia	perugia	NUM	N;NOM;SG
muon	tahaks	muon	tahtma		V;COND;PRS;FIN;ACT
muon	tahad	muon	tahtma		V;IND;SG;2;PRS;FIN;ACT
shock	šokk	shock	šokk		N;NOM;SG
tutu	tutu	tutu	tutu		N;NOM;SG
bend	painutada	bend	painutama	N	V;NFIN
kat	kati	kat	kati		N;NOM;SG
ger	ger	ger	ger		N;NOM;SG
tobias	tobias	tobias	tobias		N;NOM;SG
rivers	jõed	rivers	jõgi		N;NOM;PL
flemish	flaami	flemish	flaam	N	ADJ
isis	isis	isis	isis		N;NOM;SG
lowe	lowe	lowe	lowe		N;NOM;SG
kissinger	kissinger	kissinger	kissinger		N;NOM;SG
dee	dee	dee	dee		N;NOM;SG
xỉn	purjus	xỉn	purjus	ADJ	N;NOM;SG
xỉn	joodik	xỉn	joodik	ADJ	N;NOM;SG
bow	vibu	bow	vibu		N;NOM;SG
bow	kummardus	bow	kummarduma		N;NOM;SG
nico	nico	nico	nico		N;NOM;SG
fed	toidetud	fed	toitma	N	ADJ;PST;V.PTCP;PASS
antoinette	antoinette	antoinette	antoinet		N;PRT;PL
pzl	pzl	pzl	pzl		N;NOM;SG
ramsay	ramsay	ramsay	ramsay		N;NOM;SG
trevor	trevor	trevor	trevor		N;NOM;SG
sherlock	sherlock	sherlock	sherlock		N;NOM;SG
reader	lugeja	reader	lugeja		N;NOM;SG
domodedovo	domodedovo	domodedovo	domo_dedovo	V	N;NOM;SG
rand	rand	rand	rand		N;NOM;SG
baird	baird	baird	bair		N;NOM;SG
rubin	rubin	rubin	rubin		N;NOM;SG
rowling	rowling	rowling	rowling		N;NOM;SG
potosí	potosí	potosí	potosí		N;NOM;SG
campestris	campestris	campestris	campestr	V	N;IN+ESS;SG
beverly	beverly	beverly	beverly		N;NOM;SG
cowboy	kauboi	cowboy	kauboi		N;NOM;SG
samantha	samantha	samantha	samantha		N;NOM;SG
kerry	kerry	kerry	kerry		N;NOM;SG
ramón	ramón	ramón	ramón		N;NOM;SG
ramón	ramon	ramón	ramon		N;NOM;SG
merry	häid	merry	hea		ADJ;PRT;PL
pagan	paganlik	pagan	paganlik	N	ADJ;NOM;SG
pagan	uskmatu	pagan	uskmatu	N	ADJ;NOM;SG
mendelssohn	mendelssohn	mendelssohn	mendelssohn		N;NOM;SG
perseus	perseus	perseus	perseus		N;NOM;SG
ria	ria	ria	ria	NUM	N;NOM;SG
mem	mem	mem	mem	N	
hawkins	hawkins	hawkins	hawkins		N;NOM;SG
soares	soares	soares	soare		N;NOM;SG
tuva	tõva	tuva	tõva	NUM	N;NOM;SG
bacău	bacău	bacău	bacău		N;NOM;SG
bowman	bowman	bowman	bowman		N;NOM;SG
kitts	komplektid	kitts	komplekt		N;NOM;PL
kitts	kitts	kitts	kitts		N;NOM;SG
magellan	magellan	magellan	magellan		N;NOM;SG
jena	jena	jena	jena	N	ADJ
tetra	tetra	tetra	tegema		N;NOM;SG
sumner	sumner	sumner	sumner		N;NOM;SG
bock	bock	bock	bock		N;NOM;SG
malik	malik	malik	malik		N;NOM;SG
escape	põgenemine	escape	põgenemine		N;NOM;SG
salon	salong	salon	salong		N;NOM;SG
salon	salongis	salon	salong		N;IN+ESS;SG
lama	laama	lama	laama		N;NOM;SG
oswald	oswald	oswald	oswald		N;NOM;SG
lia	lia	lia	lia		N;NOM;SG
siết	kallistus	siết	kallistus	V	N;NOM;SG
siết	kalli	siết	kallis	V	N;PRT;SG
visa	viisa	visa	viisa	V	N;NOM;SG
button	nööp	button	nööp		N;NOM;SG
button	nupp	button	nupp		N;NOM;SG
button	button	button	button		N;NOM;SG
rostrata	rostrata	rostrata	rostrata		N;NOM;SG
gerd	gerd	gerd	gerd		N;NOM;SG
pygmaeus	pygmaeus	pygmaeus	pygmaeus	V	N;NOM;SG
nazi	fašistlik	nazi	fašistlik		ADJ;NOM;SG
spartan	sparta	spartan	sparta		N;NOM;SG
mohr	mohr	mohr	mohr		N;NOM;SG
jiménez	jiménez	jiménez	jiménez		N;NOM;SG
brazilian	brasiilia	brazilian	brasiilia	N	ADJ
creed	creed	creed	creed		N;NOM;SG
technologies	tehnoloogiad	technologies	tehnoloogia		N;NOM;PL
technologies	tehnoloogiate	technologies	tehnoloogia		N;GEN;PL
technologies	tehnoloogiaid	technologies	tehnoloogia		N;PRT;PL
malfoy	malfoy	malfoy	malfoy		N;NOM;SG
trail	jälg	trail	jälg		N;NOM;SG
trail	rada	trail	rada		N;PRT;SG
shore	kalda	shore	kallas		N;NOM;SG
shore	kaldal	shore	kallas		N;AT+ESS
;SG
shore	shore	shore	shore		N;NOM;SG
billie	billie	billie	billi		N;NOM;SG
umbrella	vihmavari	umbrella	vihma_vari		N;NOM;SG
candida	candida	candida	candida	N	V;NFIN
oskar	oskar	oskar	oskar		N;NOM;SG
cramer	cramer	cramer	cramer		N;NOM;SG
rostock	rostock	rostock	rostock	NUM	N;NOM;SG
marin	marin	marin	marin	NUM	N;NOM;SG
montbéliard	montbéliard	montbéliard	montbli_ard		N;NOM;SG
keller	keller	keller	keller		N;NOM;SG
boyle	boyle	boyle	boyle		N;NOM;SG
spot	spot	spot	spot		N;NOM;SG
divaricata	divaricata	divaricata	divaricata		N;NOM;SG
matter	matid	matter	matt		N;NOM;PL
matter	mats	matter	mats		N;NOM;SG
martial	martial	martial	martial		N;NOM;SG
schumann	schumann	schumann	schumann		N;NOM;SG
kyu	kyu	kyu	kyu		N;NOM;SG
tar	tõrva	tar	tõrva		N;NOM;SG
mureș	mureși	mureș	murel		N;NOM;SG
roux	roux	roux	roux		N;NOM;SG
tribune	tribune	tribune	tribune		N;NOM;SG
elias	elias	elias	elias		N;NOM;SG
reinhard	reinhard	reinhard	reinhar		N;NOM;SG
idf	idf	idf	idf		N;NOM;SG
chevalier	rüütel	chevalier	rüütel		N;NOM;SG
ishikawa	ishikawa	ishikawa	ishikar		N;NOM;SG
frozen	külmutatud	frozen	külmutama	N	ADJ;PST;V.PTCP;PASS
frozen	külmunud	frozen	külmunud	N	ADJ;PST;V.PTCP;ACT
huron	huron	huron	huron		N;NOM;SG
cunningham	cunningham	cunningham	cunningham		N;NOM;SG
dyer	dyer	dyer	dyer		N;NOM;SG
shawn	shawn	shawn	shawn		N;NOM;SG
josephine	josephine	josephine	josephine		N;NOM;SG
embraer	embraer	embraer	embraer		N;NOM;SG
xíu	pisike	xíu	pisike		ADJ;NOM;SG
xíu	tilluke	xíu	tilluke		ADJ;NOM;SG
aubin	aubin	aubin	aupima		N;NOM;SG
atlantis	atlantis	atlantis	atlant		N;NOM;SG
dewey	dewey	dewey	dewey		N;NOM;SG
margarita	margarita	margarita	margar		N;NOM;SG
stavka	stavka	stavka	stavka		N;NOM;SG
charter	harta	charter	hartma		N;NOM;SG
oliveira	oliveira	oliveira	olivera		N;NOM;SG
pamplona	pamplona	pamplona	pamplona	NUM	N;NOM;SG
kyiv	kyiv	kyiv	kyiv		N;NOM;SG
bark	koore	bark	koor		N;GEN;SG
spy	okse	spy	oks		N;NOM;SG
nikolay	nikolai	nikolay	nikolai		N;NOM;SG
garten	garten	garten	garten		N;NOM;SG
murcia	murcia	murcia	murcia	NUM	N;NOM;SG
georgetown	georgetowni	georgetown	georgetowni	ADJ	N;PRT;SG
mcgraw	mcgraw	mcgraw	mcgraw		N;NOM;SG
falco	falco	falco	falco		N;NOM;SG
gettysburg	gettysburgi	gettysburg	gettysburgi	V	N;PRT;SG
pulcher	pulcher	pulcher	pulcher		N;NOM;SG
vida	vida	vida	vida		N;NOM;SG
giulia	giulia	giulia	giulia		N;NOM;SG
nora	nora	nora	nora		N;NOM;SG
spice	vürtsi	spice	vürts		N;PRT;SG
radiohead	radiohead	radiohead	radio_hea		N;NOM;PL
octopus	kaheksajalg	octopus	kaheksa_jalg		N;NOM;SG
zanthoxylum	zanthoxylum	zanthoxylum	zanthoxylum	V	N;NOM;SG
khít	pakkimine	khít	pakkimine	ADJ	N;NOM;SG
sink	tsink	sink	tsink		N;NOM;SG
saskatchewan	saskatchewan	saskatchewan	saskatchewan		N;NOM;SG
makarov	makarov	makarov	makarov		N;NOM;SG
harmony	harmoonia	harmony	harmoonia		N;NOM;SG
vầng	kuldsed	vầng	kuldne	N	ADJ;NOM;PL
vầng	kuldne	vầng	kuldne	N	ADJ;NOM;SG
gui	gui	gui	gui		N;NOM;SG
progressive	progresseeruva	progressive	progresseeru=v	N	ADJ;GEN;SG;PRS;V.PTCP;ACT
chernobyl	tšernobõli	chernobyl	tšernobõl	V	N;NOM;SG
olsen	olsen	olsen	olema		N;NOM;SG
fairchild	fairchild	fairchild	fairchild		N;NOM;SG
biella	biella	biella	biella		N;NOM;SG
consolidated	konsolideeritud	consolidated	konsolideeri=tud	N	ADJ;PST;V.PTCP;PASS
găm	pistoda	găm	pistoma	V	N;NOM;SG
booth	kabiin	booth	kabiin		N;NOM;SG
booth	booth	booth	booth		N;NOM;SG
cristina	cristina	cristina	cristina		N;NOM;SG
demosthenes	demosthenes	demosthenes	demosthene		N;NOM;SG
bitburg	bitburg	bitburg	bitburg		N;NOM;SG
tyra	tyra	tyra	tyra		N;NOM;SG
gorky	gorki	gorky	gork		N;NOM;SG
steam	auru	steam	aur		N;PRT;SG
steam	aur	steam	aur		N;NOM;SG
huntington	huntington	huntington	huntington		N;NOM;SG
styles	stiilid	styles	stiil		N;NOM;PL
boyd	boyd	boyd	boyd		N;NOM;SG
vin	vin	vin	vin	V	N;NOM;SG
dmt	dmt	dmt	dmt		N;NOM;SG
montagne	montagne	montagne	montagne		N;NOM;SG
chorus	koori	chorus	koorima		N;NOM;SG
chorus	refrään	chorus	refrään		N;NOM;SG
dolly	dolly	dolly	dolly		N;NOM;SG
paxton	paxton	paxton	paxton		N;NOM;SG
prüm	prümi	prüm	prümi		N;NOM;SG
kramer	kramer	kramer	kramer		N;NOM;SG
rae	rae	rae	rade		N;NOM;SG
genesis	genesis	genesis	genema		N;NOM;SG
frosinone	frosinone	frosinone	frosinone	NUM	N;NOM;SG
mir	mir	mir	mir		N;NOM;SG
gabrielle	gabrielle	gabrielle	gabrielle		N;NOM;SG
fernandez	fernandez	fernandez	fernandez		N;NOM;SG
gustaf	gustaf	gustaf	gustaf		N;NOM;SG
peterson	peterson	peterson	peterson		N;NOM;SG
garrett	garrett	garrett	garrett		N;NOM;SG
vent	vent	vent	vent		N;NOM;SG
reuters	reuters	reuters	reuters		N;NOM;SG
nilsson	nilsson	nilsson	nilsson		N;NOM;SG
rình	jälitamine	rình	jälitamine	V	N;NOM;SG
rình	jälitaja	rình	jälitaja	V	N;NOM;SG
aix	aix	aix	aix		N;NOM;SG
gpl	gpl	gpl	gpl		N;NOM;SG
hodgson	hodgson	hodgson	hodgson	V	N;NOM;SG
pitchfork	hang	pitchfork	hang	V	N;NOM;SG
abruzzo	abruzzo	abruzzo	abruzzo		N;NOM;SG
providence	providence	providence	providence		N;NOM;SG
generic	üldine	generic	üldine	V	ADJ;NOM;SG
malmö	malmö	malmö	malmö	NUM	N;NOM;SG
sampson	sampson	sampson	sampson		N;NOM;SG
daniels	daniels	daniels	daniels		N;NOM;SG
vitis	vitis	vitis	vitt		N;NOM;SG
identity	identiteedi	identity	identiteet		N;GEN;SG
identity	identiteet	identity	identiteet		N;NOM;SG
launch	start	launch	start		N;NOM;SG
launch	käivitamine	launch	käivitamine		N;NOM;SG
telescope	teleskoobi	telescope	tele_skoop	V	N;PRT;SG
rodgers	rodgers	rodgers	rodgers		N;NOM;SG
dolphin	delfiin	dolphin	delfiin		N;NOM;SG
swing	hoos	swing	hoog		N;IN+ESS;SG
buena	buena	buena	buena		N;NOM;SG
baikal	baikali	baikal	baikali		N;NOM;SG
oro	oro	oro	oro		N;NOM;SG
steiner	steiner	steiner	steiner	V	N;NOM;SG
mackenzie	mackenzie	mackenzie	mackenzie	V	N;NOM;SG
scene	uml	scene	uml		N;NOM;SG
packard	packard	packard	packard		N;NOM;SG
sedgwick	sedgwick	sedgwick	sedgwick		N;NOM;SG
siegfried	siegfried	siegfried	siegfri		N;NOM;SG
vat	käibemaks	vat	käibem		N;NOM;SG
vat	käibemaksu	vat	käibe_maks		N;PRT;SG
vat	märg	vat	märg		ADJ;NOM;SG
vat	märjad	vat	märg		ADJ;NOM;PL
vat	märjaks	vat	märg		ADJ;TRANS;SG
liberec	liberec	liberec	liberec	NUM	N;NOM;SG
mateo	matteo	mateo	matteo		N;NOM;SG
mateo	mateo	mateo	mateo		N;NOM;SG
vigna	vigna	vigna	vigna		N;NOM;SG
chelyabinsk	tšeljabinski	chelyabinsk	tšeljabinski		N;NOM;SG
astoria	astoria	astoria	astoria		N;NOM;SG
pskov	pihkva	pskov	pihkev	N	ADJ
sylvester	sylvester	sylvester	sylvester		N;NOM;SG
horace	horace	horace	horace		N;NOM;SG
hilary	hillary	hilary	hillary		N;NOM;SG
hilary	hilary	hilary	hilary		N;NOM;SG
mel	mel	mel	mel		N;NOM;SG
nest	pesa	nest	pesa		N;NOM;SG
dress	ülikond	dress	ülikond		N;NOM;SG
guevara	guevara	guevara	guevar		N;NOM;SG
pinto	pinto	pinto	pinto		N;NOM;SG
conquest	vallutus	conquest	vallutus		N;NOM;SG
avec	avec	avec	avec	NUM	N;NOM;SG
beatrice	beatrice	beatrice	beatrice		N;NOM;SG
daisy	daisy	daisy	daisy		N;NOM;SG
katie	katie	katie	katie		N;NOM;SG
navarra	navarra	navarra	navarra		ADJ
osborne	osborne	osborne	osborne		N;NOM;SG
rhus	rhus	rhus	rhus		N;NOM;SG
proxima	proxima	proxima	proxima		N;NOM;SG
ker	ker	ker	ker	NUM	N;NOM;SG
reese	reese	reese	rees		N;NOM;SG
sergipe	sergipe	sergipe	serkima		N;NOM;SG
freshwater	magevee	freshwater	magevee		N;NOM;SG
natasha	natasha	natasha	natasha		N;NOM;SG
nhọ	tahma	nhọ	tahma	V	N;PRT;SG
molly	moll	molly	moll		N;NOM;SG
molly	molly	molly	molly		N;NOM;SG
wen	wen	wen	wen		N;NOM;SG
sassari	sardiinia	sassari	sardiinia	NUM	N;NOM;SG
sassari	sardiinias	sassari	sardiinia	NUM	N;IN+ESS;SG
soprano	soprano	soprano	soprano		N;NOM;SG
vát	pead	vát	pea	V	N;PRT;SG
vát	päid	vát	päid	V	N;PRT;PL
sanskrit	sanskriti	sanskrit	sanskriti	N	ADJ
crash	avarii	crash	avarii		N;NOM;SG
aki	aki	aki	aki		N;NOM;SG
hanna	hanna	hanna	hand		N;NOM;SG
challenger	väljakutsuja	challenger	välja_kutsu=ja		N;NOM;SG
balboa	balboa	balboa	balboa		N;NOM;SG
rieti	rieti	rieti	riet	ADJ	N;NOM;SG
stirling	stirling	stirling	stirling		N;NOM;SG
duffy	duffy	duffy	duffy		N;NOM;SG
ula	ula	ula	ula		N;NOM;SG
terrier	terjer	terrier	terjer		N;NOM;SG
seasons	hooaega	seasons	hoo_aeg		N;PRT;SG
proctor	proctor	proctor	proctor		N;NOM;SG
karabakh	karabahhi	karabakh	karabahh		N;NOM;SG
vẩn	jama	vẩn	jama	PART	N;NOM;SG
emilio	emilio	emilio	emilio	NUM	N;NOM;SG
distrito	distrito	distrito	distrito		N;NOM;SG
mayo	majonees	mayo	majonees		N;NOM;SG
vip	vip	vip	vip	V	N;NOM;SG
locke	locke	locke	locke		N;NOM;SG
bmg	bmg	bmg	bmg		N;NOM;SG
booker	booker	booker	booker		N;NOM;SG
raphael	raphael	raphael	rapha		N;NOM;SG
louisville	louisville	louisville	louis_vill		N;NOM;SG
payne	payne	payne	payne		N;NOM;SG
ami	ami	ami	ami		N;NOM;SG
szolnok	szolnok	szolnok	szolnok		N;NOM;SG
zulu	zulu	zulu	zulu		N;NOM;SG
pub	pubi	pub	pubi		N;NOM;SG
mccarthy	mccarthy	mccarthy	mccarthy		N;NOM;SG
sal	sal	sal	s		N;NOM;SG
ulmus	jalakate	ulmus	jalakas		N;GEN;PL
daimler	daimler	daimler	daimler		N;NOM;SG
malpensa	malpensa	malpensa	malpensama		N;NOM;SG
kremlin	kremli	kremlin	kreml	V	N;NOM;SG
westphalia	westfalenis	westphalia	westfalen		N;IN+ESS;SG
griffith	griffith	griffith	griffith		N;NOM;SG
pensacola	pensacola	pensacola	pensacola		N;NOM;SG
everett	everett	everett	everett		N;NOM;SG
naturelle	naturelle	naturelle	naturell		N;PRT;PL
mercy	halastus	mercy	halastus	V	N;NOM;SG
mercy	halastust	mercy	halastus	V	N;PRT;SG
somebody	keegi	somebody	keegi		PRO;NOM;SG
scarlet	scarlet	scarlet	scarlet		N;NOM;SG
villar	villar	villar	villar		N;NOM;SG
firefly	firefly	firefly	firefly		N;NOM;SG
lyndon	lyndon	lyndon	lyndon		N;NOM;SG
burnett	burnett	burnett	burnett		N;NOM;SG
iași	iași	iași	iași		N;NOM;SG
blanche	blanche	blanche	blanche		N;NOM;SG
calcutta	calcutta	calcutta	calcutta		N;NOM;SG
spence	spence	spence	spence		N;NOM;SG
hystrix	okassiga	hystrix	okas_siga		N;COM;SG
northumberland	northumberland	northumberland	northumber_land		N;NOM;SG
hollow	õõnsad	hollow	õõnes		ADJ;NOM;PL
laeta	laeta	laeta	lage		V;NFIN
fifth	viies	fifth	viies	N	NUM;NOM;SG
fifth	viiendaks	fifth	viies	N	ADJ;TRANS;SG
schlegel	schlegel	schlegel	schlegel	V	N;NOM;SG
trent	trent	trent	trent		N;NOM;SG
celle	celle	celle	celle	N	PRO;NOM;SG;1
willie	willie	willie	willie		N;NOM;SG
anita	anita	anita	anima		N;NOM;SG
evan	evan	evan	evama		N;NOM;SG
stafford	stafford	stafford	staffor		N;NOM;SG
georgy	georgi	georgy	georg	ADJ	N;NOM;SG
luanda	luanda	luanda	lugnm		N;NOM;SG
wichita	wichita	wichita	wichita		N;NOM;SG
thin	õhuke	thin	õhuke		ADJ;NOM;SG
thin	peenike	thin	peenike		ADJ;NOM;SG
thin	õhukesed	thin	õhuke		ADJ;NOM;PL
sql	sql	sql	szl		N;NOM;SG
brooke	brooke	brooke	brooke		N;NOM;SG
eddy	eddy	eddy	eddy		N;NOM;SG
dinar	dinaar	dinar	dinaar		N;NOM;SG
isabelle	isabelle	isabelle	isabelle		N;NOM;SG
expo	expo	expo	expo		N;NOM;SG
vince	vince	vince	vince		N;NOM;SG
barber	juuksur	barber	juuksur		N;NOM;SG
danish	taani	danish	taani	N	ADJ
cologne	kölni	cologne	köln	N	ADJ
stevenson	stevenson	stevenson	stevenson		N;NOM;SG
schwerin	schwerin	schwerin	schwerin	V	N;NOM;SG
chesapeake	chesapeake	chesapeake	chesapeake		N;NOM;SG
kirill	kirill	kirill	kirill		N;NOM;SG
inger	inger	inger	inger		N;NOM;SG
marxist	marksist	marxist	marks		N;IN+ABL;SG
willy	willy	willy	willy		N;NOM;SG
maori	maoori	maori	maoor		ADJ
maori	raba	maori	raba		N;NOM;SG
maori	rabas	maori	rabama		N;IN+ESS;SG
pygmy	kääbus	pygmy	kääbus	V	N;NOM;SG
kami	kami	kami	kami		N;NOM;SG
xịt	müts	xịt	müts	V	N;NOM;SG
xịt	mütsi	xịt	müts	V	N;PRT;SG
xịt	kaabu	xịt	kaabu	V	N;NOM;SG
xịt	kübar	xịt	kübar	V	N;NOM;SG
bunker	punker	bunker	punker		N;NOM;SG
còng	rauad	còng	raud	V	N;NOM;PL
bernstein	bernstein	bernstein	bernstein		N;NOM;SG
morse	morse	morse	mors	V	N;NOM;SG
cullen	cullen	cullen	cullen		N;NOM;SG
hedge	heki	hedge	hekk		N;NOM;SG
emerald	smaragd	emerald	smaragd		N;NOM;SG
frey	frey	frey	frey		N;NOM;SG
cory	cory	cory	cory		N;NOM;SG
beer	õlut	beer	õlu		N;PRT;SG
beer	õlle	beer	õlu		N;GEN;SG
beer	õlu	beer	õlu		N;NOM;SG
einer	einer	einer	einer		N;NOM;SG
frisia	friisi	frisia	friis		ADJ
freddie	freddie	freddie	freddi		N;NOM;SG
avant	avant	avant	avama		N;NOM;SG
brenda	brenda	brenda	brenda		N;NOM;SG
xắt	tükeldatud	xắt	tükeldama	N	V;PST;V.PTCP;PASS
xắt	hakitud	xắt	haki=tud	N	ADJ;PST;V.PTCP;PASS
guido	guido	guido	guido		N;NOM;SG
cranmer	cranmer	cranmer	cranmer		N;NOM;SG
bir	bir	bir	bir		N;NOM;SG
groß	groß	groß	gro		N;NOM;SG
rudolph	rudolph	rudolph	rudol_ph	V	N;NOM;SG
anatomy	anatoomia	anatomy	anatoomia		N;NOM;SG
avon	avoni	avon	avon		N;PRT;SG
willard	willard	willard	willard		N;NOM;SG
neuville	neuville	neuville	neu_ville		N;NOM;SG
caltech	caltech	caltech	caltech		N;NOM;SG
sousa	sousa	sousa	sous		N;NOM;SG
shine	sära	shine	sära		N;NOM;SG
steele	steele	steele	steel		N;NOM;SG
dietrich	dietrich	dietrich	dietrich		N;NOM;SG
grayson	grayson	grayson	grayson		N;NOM;SG
romain	romain	romain	romain		N;NOM;SG
flensburg	flensburgi	flensburg	flensburg		N;PRT;SG
crop	kärpimine	crop	kärpimine		N;NOM;SG
pirates	piraadid	pirates	piraat		N;NOM;PL
doris	doris	doris	doris		N;NOM;SG
myth	müüdi	myth	müüma		V;IND;PST;FIN;PASS
myth	müüt	myth	müüt		N;NOM;SG
elder	vanem	elder	vanem	N	ADJ;NOM;CMPR;SG
vittorio	vittorio	vittorio	vittorio	NUM	N;NOM;SG
moody	moody	moody	moody		N;NOM;SG
simmons	simmons	simmons	simmons		N;NOM;SG
observer	jälgija	observer	jälgija		N;NOM;SG
observer	vaatleja	observer	vaatleja		N;NOM;SG
isu	isu	isu	isu		N;NOM;SG
caligula	caligula	caligula	caligula		N;NOM;SG
mitch	mitch	mitch	mitch		N;NOM;SG
avellino	avellino	avellino	avellino	NUM	N;NOM;SG
marks	märgid	marks	märk		N;NOM;PL
marks	marks	marks	marks		N;NOM;SG
levine	levine	levine	levine		N;NOM;SG
langley	langley	langley	langley		N;NOM;SG
sibiu	sibiu	sibiu	sibi		N;NOM;SG
siena	siena	siena	siena	NUM	N;NOM;SG
uniflora	uniflora	uniflora	unif_lora		N;NOM;SG
lago	iago	lago	iago		N;NOM;SG
marty	marty	marty	marty		N;NOM;SG
triton	triton	triton	triton		N;NOM;SG
anatoly	anatoli	anatoly	anatoli		N;NOM;SG
nichols	nichols	nichols	nichols		N;NOM;SG
ich	ich	ich	ich		N;NOM;SG
omsk	omski	omsk	omski		N;NOM;SG
evelyn	evelyn	evelyn	evelyn		N;NOM;SG
emery	emery	emery	emery		N;NOM;SG
