rosario	rosario	rosario	rosario		PROPN;NOM;FEM;SG;POS
suite	apartmá	suite	apartmá		N;NOM;FEM;SG;POS
rollins	rollins	rollins	rollins	N	PROPN;ANIM;NOM;MASC;SG;POS
clair	clair	clair	clair		PROPN;ANIM;NOM;MASC;SG;POS
aurea	aurea	aurea	aurea		N;NOM;FEM;SG;POS
mirror	zrcátko	mirror	zrcátko		N;NOM;NEUT;SG;POS
mirror	zrcadla	mirror	zrcadlo		N;NOM;NEUT;PL;POS
mirror	zrcadlo	mirror	zrcadlo		N;NOM;NEUT;SG;POS
macrophylla	macrophylla	macrophylla	macrophylla	V	N;NOM;FEM;SG;POS
potentilla	mochna	potentilla	mochna	V	N;NOM;FEM;SG;POS
lesotho	lesotho	lesotho	lesoto	N	PROPN;NOM;NEUT;SG;POS
aristotle	aristoteles	aristotle	aristotel		N;ANIM;NOM;MASC;SG;POS
xxx	xxx	xxx	xxx		PROPN;MASC;SG;POS
ústí	ústí	ústí	ústí	NUM	N;NOM;NEUT;SG;POS
wasp	wasp	wasp	wasp	N	PROPN;MASC;SG;POS
spectabilis	himálajská	spectabilis	himálajský		ADJ;NOM;FEM;SG;POS
pratt	pratt	pratt	pratt	N	PROPN;ANIM;NOM;MASC;SG;POS
andalusia	andalusie	andalusia	andalusie	N	PROPN;NOM;FEM;SG;POS
lindau	lindau	lindau	linda	N	PROPN;INAN;NOM;MASC;SG;POS
malcolm	malcolm	malcolm	malcolm		N;ANIM;NOM;MASC;SG;POS
malcolm	malcolma	malcolm	malcolma		N;ANIM;ACC;MASC;SG;POS
joker	joker	joker	joker		N;ANIM;NOM;MASC;SG;POS
joker	vtipálek	joker	vtipálka		N;ANIM;NOM;MASC;SG;POS
yves	yves	yves	yves		PROPN;ANIM;NOM;MASC;SG;POS
mrkos	mrkos	mrkos	mrkos		PROPN;ANIM;NOM;MASC;SG;POS
winchester	winchester	winchester	winchester		PROPN;INAN;NOM;MASC;SG;POS
cnn	cnn	cnn	cnn	N	PROPN;NEUT;POS
guillaume	guillaume	guillaume	guillauma	N	PROPN;ANIM;NOM;MASC;SG;POS
juss	juss	juss	juss		PROPN;MASC;SG;POS
thây	zombie	thây	zombie		N;INAN;NOM;MASC;SG;POS
kant	kant	kant	kanta	N	PROPN;ANIM;NOM;MASC;SG;POS
trifolium	trifolium	trifolium	trifolium		N;NOM;NEUT;SG;POS
nhấp	kliknutí	nhấp	kliknutí	V	N;NOM;NEUT;SG;POS
fallax	fallax	fallax	fallax		N;INAN;NOM;MASC;SG;POS
chronicle	chronicle	chronicle	chronicle		N;NOM;MASC;PL;POS
bradford	bradford	bradford	bradford		PROPN;INAN;NOM;MASC;SG;POS
gaius	gaius	gaius	gaius	N	PROPN;ANIM;NOM;MASC;SG;POS
ein	ejn	ein	ejn	N	PROPN;INAN;NOM;MASC;SG;POS
messina	messina	messina	messina	N	PROPN;NOM;FEM;SG;POS
sếu	crane	sếu	crane	N	PROPN;ANIM;NOM;MASC;SG;POS
mandela	mandela	mandela	mandel	N	PROPN;ANIM;NOM;MASC;SG;POS
kanagawa	kanagawa	kanagawa	kanagawa		PROPN;NOM;FEM;SG;POS
asm	asm	asm	asm	N	PROPN;NOM;MASC;SG;POS
dom	dome	dom	dome	N	PROPN;INAN;NOM;MASC;SG;POS
dom	dom	dom	dom	N	PROPN;INAN;NOM;MASC;SG;POS
dae	dae	dae	dae	N	PROPN;ANIM;NOM;MASC;SG;POS
erwin	erwin	erwin	erwin	N	PROPN;ANIM;NOM;MASC;SG;POS
linn	linn	linn	linn	N	PROPN;NOM;MASC;SG;POS
picta	picta	picta	picta		N;NOM;FEM;SG;POS
joy	joy	joy	joj	N	PROPN;NOM;FEM;SG;POS
verdun	verdunu	verdun	verduna	N	PROPN;INAN;GEN;MASC;SG;POS
macau	macau	macau	maca	N	PROPN;INAN;NOM;MASC;SG;POS
sint	sint	sint	sint	N	PROPN;ANIM;NOM;MASC;SG;POS
erysimum	trýzel	erysimum	trýzet		V;IPFV;MASC;SG;POS;PST;V.PTCP;ACT
bryansk	brjansk	bryansk	brjansk	N	PROPN;INAN;NOM;MASC;SG;POS
hare	hare	hare	hare		PROPN;ANIM;NOM;MASC;SG;POS
hare	zajíc	hare	zajíc		N;ANIM;NOM;MASC;SG;POS
jasper	jasper	jasper	jasper	N	PROPN;ANIM;NOM;MASC;SG;POS
nba	nba	nba	nba	N	PROPN;FEM;POS
tristis	tristis	tristis	tristis		N;INAN;NOM;MASC;SG;POS
plata	plata	plata	plat	N	PROPN;NOM;FEM;SG;POS
trafford	trafford	trafford	trafford	N	PROPN;INAN;NOM;MASC;SG;POS
terme	terme	terme	terme	N	PROPN;INAN;NOM;MASC;SG;POS
sum	částka	sum	částka		N;NOM;FEM;SG;POS
sum	suma	sum	suma		N;NOM;FEM;SG;POS
sum	součet	sum	součet		N;INAN;NOM;MASC;SG;POS
swiss	švýcarsko	swiss	švýcarský	N	PROPN;NOM;NEUT;SG;POS
swiss	švýcarský	swiss	švýcarský	N	ADJ;ANIM;NOM;MASC;SG;POS
swiss	švýcarská	swiss	švýcarský	N	ADJ;NOM;FEM;SG;POS
swiss	švýcarské	swiss	švýcarský	N	ADJ;NOM;MASC;SG;POS
aconitum	aconitum	aconitum	aconitum		N;INAN;NOM;MASC;SG;POS
chin	chin	chin	chin	N	PROPN;ANIM;NOM;MASC;SG;POS
chin	china	chin	china	N	PROPN;NOM;FEM;SG;POS
himmler	himmler	himmler	himmler		N;ANIM;NOM;MASC;SG;POS
ahn	ivanov	ahn	ivanov	N	PROPN;ANIM;NOM;MASC;SG;POS
ahn	ahn	ahn	ahn	N	PROPN;ANIM;NOM;MASC;SG;POS
khoe	ukazuje	khoe	ukazovat	N	V;IPFV;IND;SG;3;POS;PRS;FIN;ACT
khoe	zobrazí	khoe	zobrazit	N	V;PFV;IND;SG;3;POS;PRS;FIN;ACT
düsseldorf	düsseldorf	düsseldorf	düsseldorf	NUM	PROPN;INAN;NOM;MASC;SG;POS
düsseldorf	düsseldorfu	düsseldorf	düsseldorf	NUM	PROPN;INAN;GEN;MASC;SG;POS
usda	usda	usda	usda	N	PROPN;INAN;NOM;MASC;SG;POS
lives	žije	lives	žít		V;IPFV;IND;SG;3;POS;PRS;FIN;ACT
lives	životy	lives	život		N;INAN;NOM;MASC;PL;POS
lives	životů	lives	život		N;INAN;GEN;MASC;PL;POS
tyson	tyson	tyson	tyson	N	PROPN;ANIM;NOM;MASC;SG;POS
johor	johor	johor	johory	N	PROPN;INAN;NOM;MASC;SG;POS
agm	agm	agm	agm		PROPN;POS
dượng	vernon	dượng	vernon	N	PROPN;ANIM;NOM;MASC;SG;POS
cecil	cecil	cecil	cecil		PROPN;ANIM;NOM;MASC;SG;POS
larvae	larvy	larvae	larva	ADJ	N;NOM;FEM;PL;POS
takeda	takeda	takeda	takeda		PROPN;ANIM;NOM;MASC;SG;POS
mercedes	mercedes	mercedes	Mercedes	N	PROPN;INAN;NOM;MASC;SG;POS
adventures	dobrodružství	adventures	dobrodružství		N;NOM;NEUT;SG;POS
ryū	rjú	ryū	rej		N;NOM;FEM;SG;POS
tallinn	tallinnu	tallinn	tallinn	N	PROPN;INAN;DAT;MASC;SG;POS
vito	vita	vito	vita		N;NOM;FEM;SG;POS
vito	vito	vito	vito		PROPN;ANIM;NOM;MASC;SG;POS
varese	varese	varese	vares	NUM	PROPN;NOM;FEM;SG;POS
sparrow	sparrow	sparrow	sparrow	N	PROPN;ANIM;NOM;MASC;SG;POS
origins	původ	origins	původ		N;INAN;NOM;MASC;SG;POS
banh	ball	banh	ballo	N	PROPN;ANIM;NOM;MASC;SG;POS
heli	helium	heli	helium		N;NOM;NEUT;SG;POS
wii	wii	wii	wii	N	PROPN;MASC;POS
orléans	orléans	orléans	orléans		PROPN;NOM;FEM;SG;POS
amazonas	amazonas	amazonas	amazonas	N	PROPN;NOM;MASC;SG;POS
almería	almería	almería	almerí	N	PROPN;NOM;FEM;SG;POS
martínez	martínez	martínez	martínez	N	PROPN;ANIM;NOM;MASC;SG;POS
thames	thames	thames	thames	N	PROPN;NOM;MASC;SG;POS
guadeloupe	guadeloupe	guadeloupe	guadeloupa	N	PROPN;NOM;FEM;SG;POS
lamarck	lamarck	lamarck	lamarck		PROPN;ANIM;NOM;MASC;SG;POS
btr	btr	btr	btr		PROPN;NOM;MASC;SG;POS
leslie	leslie	leslie	leslie		PROPN;ANIM;NOM;MASC;SG;POS
kirby	kirby	kirby	kirba		N;ANIM;NOM;MASC;SG;POS
mustafa	mustafa	mustafa	mustaf	N	PROPN;ANIM;NOM;MASC;SG;POS
romero	romero	romero	romero	N	PROPN;ANIM;NOM;MASC;SG;POS
pittsburgh	pittsburghu	pittsburgh	pittsburgh		PROPN;INAN;GEN;MASC;SG;POS
asturias	asturie	asturias	asturie	N	PROPN;NOM;FEM;SG;POS
weimar	výmarské	weimar	výmarský	N	ADJ;NOM;NEUT;SG;POS
synonym	synonymum	synonym	synonymum		N;NOM;NEUT;SG;POS
yoshida	yoshida	yoshida	yoshida		N;NOM;FEM;SG;POS
vaughan	vaughan	vaughan	vaughan		PROPN;ANIM;NOM;MASC;SG;POS
seydlitz	seydlitz	seydlitz	seydlitz	N	V;PFV;POS;NFIN
gauss	gauss	gauss	gauzs	N	PROPN;ANIM;NOM;MASC;SG;POS
esp}}	esp}}	esp}}	esp}}		PROPN;NOM;MASC;SG;POS
seth	setha	seth	setha		N;ANIM;ACC;MASC;SG;POS
seth	seth	seth	seth		PROPN;ANIM;NOM;MASC;SG;POS
regia	regia	regia	regium		PROPN;NOM;FEM;SG;POS
pao	pao	pao	pao	N	PROPN;NOM;MASC;SG;POS
mega	mega	mega	mega		PROPN;NOM;MASC;SG;POS
mindanao	mindanao	mindanao	mindanao	N	PROPN;NOM;MASC;SG;POS
claire	claire	claire	claire		PROPN;NOM;FEM;SG;POS
meridionalis	meridionalis	meridionalis	meridionalis	ADJ	N;INAN;NOM;MASC;SG;POS
hessen	hesensko	hessen	hesenský	N	ADJ;POS
tribus	tribus	tribus	tribus		N;INAN;NOM;MASC;SG;POS
montréal	montrealu	montréal	montreal		PROPN;INAN;GEN;MASC;SG;POS
makoto	makoto	makoto	makoto		PROPN;ANIM;NOM;MASC;SG;POS
jesse	jesse	jesse	jesse	N	PROPN;ANIM;NOM;MASC;SG;POS
walsh	walsh	walsh	walsh	N	PROPN;ANIM;NOM;MASC;SG;POS
hey	čau	hey	čau		INTJ
adrian	adriano	adrian	adriano	N	PROPN;ANIM;NOM;MASC;SG;POS
adrian	adrian	adrian	adrian	N	PROPN;ANIM;NOM;MASC;SG;POS
kagome	kagome	kagome	kagome		N;NOM;FEM;SG;POS
prescott	prescott	prescott	prescott	N	PROPN;ANIM;NOM;MASC;SG;POS
ark	archu	ark	archa		N;INAN;GEN;MASC;SG;POS
ark	archy	ark	arch		N;INAN;NOM;MASC;PL;POS
ark	archa	ark	archa		N;NOM;FEM;SG;POS
ark	arše	ark	arše		N;DAT;FEM;SG;POS
albrecht	albrecht	albrecht	albrecht	N	PROPN;ANIM;NOM;MASC;SG;POS
marsh	marsh	marsh	marsh	N	PROPN;ANIM;NOM;MASC;SG;POS
suwon	suwon	suwon	suwon	N	PROPN;NOM;MASC;SG;POS
gómez	gomez	gómez	gomez	V	PROPN;ANIM;NOM;MASC;SG;POS
gómez	gómez	gómez	gómez	V	PROPN;ANIM;NOM;MASC;SG;POS
leach	leach	leach	leach		PROPN;ANIM;NOM;MASC;SG;POS
višnjan	višnjan	višnjan	višnjan		N;INAN;NOM;MASC;SG;POS
olga	olga	olga	olgo		PROPN;NOM;FEM;SG;POS
carnegie	carnegie	carnegie	carnegie		N;NOM;FEM;SG;POS
kwon	kwon	kwon	kwon	N	PROPN;ANIM;NOM;MASC;SG;POS
brit	britt	brit	britt	N	PROPN;NOM;FEM;SG;POS
rod	tyč	rod	tyč		N;NOM;FEM;SG;POS
rod	rod	rod	rod		N;INAN;NOM;MASC;SG;POS
rod	prut	rod	prut		N;INAN;NOM;MASC;SG;POS
bờm	mane	bờm	manout	N	PROPN;INAN;NOM;MASC;SG;POS
crepis	škarda	crepis	škarda	V	N;ANIM;NOM;MASC;SG;POS
amazing	úžasný	amazing	úžasný	N	ADJ;INAN;NOM;MASC;SG;POS
amazing	úžasné	amazing	úžasný	N	ADJ;NOM;NEUT;SG;POS
amazing	úžasná	amazing	úžasný	N	ADJ;NOM;FEM;SG;POS
nhờn	mastný	nhờn	mastný	N	ADJ;ANIM;NOM;MASC;SG;POS
nhờn	mastné	nhờn	mastný	N	ADJ;NOM;MASC;PL;POS
joshua	joshua	joshua	joshua	N	PROPN;ANIM;NOM;MASC;SG;POS
earl	earl	earl	earl		PROPN;ANIM;NOM;MASC;SG;POS
earl	earle	earl	earle		PROPN;ANIM;NOM;MASC;SG;POS
amber	amber	amber	amber		PROPN;NOM;MASC;SG;POS
nhk	nhk	nhk	nhk	N	PROPN;FEM;POS
montevideo	montevideo	montevideo	montevideo	N	PROPN;NOM;NEUT;SG;POS
neon	neon	neon	neon	N	PROPN;NOM;MASC;SG;POS
hoon	hoon	hoon	hoon	N	PROPN;NOM;MASC;SG;POS
kenny	kennyho	kenny	kenny		N;ANIM;ACC;MASC;SG;POS
kenny	kenny	kenny	kenna		PROPN;ANIM;NOM;MASC;SG;POS
hanoi	hanoi	hanoi	hanoe		N;NOM;FEM;SG;POS
richter	richter	richter	richter	N	PROPN;ANIM;NOM;MASC;SG;POS
kurd	kurdské	kurd	kurdský	N	ADJ;NOM;NEUT;SG;POS
mercer	mercer	mercer	mercer	N	PROPN;ANIM;NOM;MASC;SG;POS
bethlehem	betlémě	bethlehem	betléma	N	ADJ;INS;MASC;SG;POS
invincible	neporazitelný	invincible	porazitelný		ADJ;ANIM;NOM;MASC;SG;NEG
sidi	sidi	sidi	síd	N	PROPN;NOM;MASC;SG;POS
mainz	mainz	mainz	mainz	N	PROPN;INAN;NOM;MASC;SG;POS
pygmaea	pygmaea	pygmaea	pygmaea		N;NOM;FEM;SG;POS
tracy	tracy	tracy	traca		N;NOM;FEM;PL;POS
imf	mmf	imf	mmf	N	PROPN;INAN;MASC;POS
blanchard	blanchard	blanchard	blanchard		PROPN;ANIM;NOM;MASC;SG;POS
grenada	grenada	grenada	grenada	N	PROPN;NOM;FEM;SG;POS
uesac	uesac	uesac	uesac		N;NOM;MASC;SG;POS
xml	xml	xml	xml		N;INAN;NOM;MASC;SG;POS
antigua	antigua	antigua	antiguum	N	PROPN;NOM;FEM;SG;POS
claudia	claudia	claudia	claudium	N	PROPN;NOM;FEM;SG;POS
aung	aun	aung	aun	N	PROPN;FEM;POS
stella	stella	stella	stella		N;NOM;FEM;SG;POS
stoke	stoke	stoke	stoka	N	PROPN;INAN;NOM;MASC;SG;POS
baku	baku	baku	bak	N	PROPN;INAN;NOM;MASC;SG;POS
car	auto	car	auto		N;NOM;NEUT;SG;POS
car	automobil	car	automobil		N;INAN;NOM;MASC;SG;POS
car	vůz	car	vůz		N;INAN;NOM;MASC;SG;POS
car	car	car	car		PROPN;ANIM;NOM;MASC;SG;POS
eduardo	eduardo	eduardo	eduardo	N	PROPN;ANIM;NOM;MASC;SG;POS
quăng	hod	quăng	hodina	V	N;FEM;POS
werder	werder	werder	werder	N	PROPN;INAN;NOM;MASC;SG;POS
seal	seal	seal	seál	N	PROPN;ANIM;NOM;MASC;SG;POS
elliot	elliot	elliot	elliot		PROPN;ANIM;NOM;MASC;SG;POS
pasteur	pasteur	pasteur	pasteur		PROPN;ANIM;NOM;MASC;SG;POS
albany	albany	albany	alban	N	PROPN;NOM;FEM;SG;POS
achaea	achaia	achaea	achaia	N	PROPN;NOM;FEM;SG;POS
decipiens	decipiens	decipiens	decipiens	V	N;NOM;MASC;SG;POS
bloch	bloch	bloch	bloch	N	PROPN;ANIM;NOM;MASC;SG;POS
yoga	jógu	yoga	jóg	V	N;ACC;FEM;SG;POS
yoga	jóga	yoga	jóg	V	N;NOM;FEM;SG;POS
yoga	jógy	yoga	jóg	V	N;NOM;FEM;PL;POS
albacete	albacete	albacete	albacet	N	PROPN;NOM;FEM;SG;POS
mat	mat	mat	mat	N	PROPN;ANIM;NOM;MASC;SG;POS
nuevo	nuevo	nuevo	nuevo	N	PROPN;NOM;NEUT;SG;POS
gsub	gsub	gsub	gsub		PROPN;ANIM;NOM;MASC;SG;POS
asp	asp	asp	asp		PROPN;ANIM;NOM;MASC;SG;POS
yuki	yuki	yuki	Yuki		N;INAN;NOM;MASC;SG;POS
sunni	sunnitské	sunni	sunnitský	N	ADJ;NOM;MASC;PL;POS
eve	eva	eve	eva		PROPN;NOM;FEM;SG;POS
eve	eve	eve	eve		PROPN;NOM;FEM;SG;POS
eve	předvečer	eve	předvečer		N;INAN;NOM;MASC;SG;POS
eve	evi	eve	evi		PROPN;NOM;MASC;SG;POS
minamoto	minamoto	minamoto	minamoto	N	PROPN;ANIM;NOM;MASC;SG;POS
hacker	hacker	hacker	hacker		N;ANIM;NOM;MASC;SG;POS
hacker	hackeři	hacker	hacker		N;ANIM;NOM;MASC;PL;POS
sendai	sendai	sendai	senda		PROPN;NOM;FEM;SG;POS
christophe	christophe	christophe	christopha		PROPN;ANIM;NOM;MASC;SG;POS
ming	ming	ming	ming	N	PROPN;ANIM;NOM;MASC;SG;POS
engels	engels	engels	engels	N	PROPN;ANIM;NOM;MASC;SG;POS
znojmo	znojmo	znojmo	znojmo	NUM	PROPN;NOM;NEUT;SG;POS
lynn	lynn	lynn	lynn	N	PROPN;ANIM;NOM;MASC;SG;POS
olomouc	olomouc	olomouc	olomouc		PROPN;NOM;FEM;SG;POS
durham	durham	durham	durham	N	PROPN;INAN;NOM;MASC;SG;POS
chong	chong	chong	chong	N	PROPN;ANIM;NOM;MASC;SG;POS
hót	zpívám	hót	zpívam	N	V;IPFV;IND;SG;1;POS;PRS;FIN;ACT
hót	zpívá	hót	zpívat	N	V;IPFV;IND;SG;3;POS;PRS;FIN;ACT
padova	padova	padova	padova	N	PROPN;NOM;FEM;SG;POS
ruby	ruby	ruby	ruba		N;NOM;MASC;SG;POS
ruby	rubín	ruby	rubín		N;INAN;NOM;MASC;SG;POS
dwight	dwight	dwight	dwight	N	PROPN;ANIM;NOM;MASC;SG;POS
selena	salina	selena	salina		N;NOM;FEM;SG;POS
selena	selena	selena	selený		N;NOM;FEM;SG;POS
fulton	fulton	fulton	fulton		PROPN;ANIM;NOM;MASC;SG;POS
xavier	xavier	xavier	xavier		N;ANIM;NOM;MASC;SG;POS
candy	bonbóny	candy	bonbón		N;INAN;NOM;MASC;PL;POS
candy	cukroví	candy	cukroví		N;NOM;NEUT;SG;POS
candy	sladkosti	candy	sladkost		N;NOM;FEM;PL;POS
candy	candy	candy	cand		N;NOM;FEM;SG;POS
sheridan	sheridan	sheridan	sheridan		PROPN;ANIM;NOM;MASC;SG;POS
griffin	griffin	griffin	griffin		N;ANIM;NOM;MASC;SG;POS
fao	fao	fao	fao	N	PROPN;FEM;POS
menzies	menzies	menzies	menzies		PROPN;ANIM;NOM;MASC;SG;POS
khuấy	pohnutí	khuấy	pohnutí	V	N;NOM;NEUT;SG;POS
konstantin	konstantin	konstantin	konstantina		PROPN;ANIM;NOM;MASC;SG;POS
boa	boa	boa	boa		PROPN;NOM;MASC;SG;POS
cube	kostku	cube	kostka		N;ACC;FEM;SG;POS
cube	kostka	cube	kostka		N;NOM;FEM;SG;POS
emil	emile	emil	emile	N	PROPN;ANIM;NOM;MASC;SG;POS
emil	emil	emil	emil	N	PROPN;ANIM;NOM;MASC;SG;POS
rahman	rahman	rahman	rahman	V	PROPN;ANIM;NOM;MASC;SG;POS
glen	glen	glen	glen		PROPN;ANIM;NOM;MASC;SG;POS
klaus	klaus	klaus	klaus	N	PROPN;ANIM;NOM;MASC;SG;POS
benz	benz	benz	benza		PROPN;INAN;MASC;POS
hampton	hampton	hampton	hampton		N;INAN;NOM;MASC;SG;POS
chandler	chandler	chandler	chandler		PROPN;ANIM;NOM;MASC;SG;POS
williamson	williamson	williamson	williamson		PROPN;ANIM;NOM;MASC;SG;POS
göring	göring	göring	göring		PROPN;ANIM;NOM;MASC;SG;POS
göring	göring	göring	göring		PROPN;ANIM;NOM;MASC;SG;POS
quinn	quinn	quinn	quinn		PROPN;ANIM;NOM;MASC;SG;POS
castel	castel	castel	castel	N	PROPN;ANIM;NOM;MASC;SG;POS
bmw	bmw	bmw	bmw	N	PROPN;NEUT;POS
sumer	sumerské	sumer	sumerský	N	ADJ;NOM;NEUT;SG;POS
irene	irena	irene	iren		N;NOM;FEM;SG;POS
irene	irene	irene	irene		PROPN;NOM;FEM;SG;POS
penang	penangu	penang	penang		N;INAN;GEN;MASC;SG;POS
gớm	zánětu	gớm	zánět	PART	N;INAN;GEN;MASC;SG;POS
gớm	zánět	gớm	zánět	PART	N;INAN;NOM;MASC;SG;POS
zeller	zeller	zeller	zeller		PROPN;ANIM;NOM;MASC;SG;POS
scheer	scheer	scheer	scheer		PROPN;ANIM;NOM;MASC;SG;POS
oberösterreich	oberösterreich	oberösterreich	oberösterreich		N;INAN;NOM;MASC;SG;POS
kahn	kahn	kahn	kahn	N	PROPN;ANIM;NOM;MASC;SG;POS
toro	toro	toro	toro	N	PROPN;ANIM;NOM;MASC;SG;POS
gaon	gaon	gaon	gaon	NUM	PROPN;NOM;MASC;SG;POS
sủa	kůra	sủa	kůra	ADJ	N;NOM;FEM;SG;POS
sủa	kůry	sủa	kůra	ADJ	N;NOM;FEM;SG;POS
sủa	štěká	sủa	štěký	ADJ	V;IPFV;IND;SG;3;POS;PRS;FIN;ACT
sủa	štěká	sủa	štěký	ADJ	V;IPFV;IND;SG;3;POS;PRS;FIN;ACT
carr	carr	carr	carr		PROPN;ANIM;NOM;MASC;SG;POS
betty	betty	betty	betta		PROPN;FEM;SG;POS
wilkinson	wilkinson	wilkinson	wilkinson		PROPN;ANIM;NOM;MASC;SG;POS
cholesterol	cholesterolu	cholesterol	cholesterol	V	N;INAN;GEN;MASC;SG;POS
cholesterol	cholesterol	cholesterol	cholesterol	V	N;INAN;NOM;MASC;SG;POS
constantinople	konstantinopole	constantinople	konstantinopole		N;GEN;FEM;SG;POS
ancona	ancona	ancona	ancona	N	PROPN;NOM;FEM;SG;POS
descartes	descartes	descartes	descartes	N	PROPN;ANIM;NOM;MASC;SG;POS
tran	tran	tran	tran	N	PROPN;ANIM;NOM;MASC;SG;POS
bath	vana	bath	vana		N;NOM;FEM;SG;POS
bath	koupel	bath	koupel		N;NOM;FEM;SG;POS
blanc	blanc	blanc	blanc	N	PROPN;INAN;NOM;MASC;SG;POS
medici	medici	medici	medik	N	PROPN;ANIM;NOM;MASC;SG;POS
gien	gene	gien	gene	N	PROPN;ANIM;NOM;MASC;SG;POS
uae	sae	uae	sae	N	PROPN;NOM;FEM;SG;POS
bains	bains	bains	bains	N	PROPN;INAN;NOM;MASC;SG;POS
luzula	bika	luzula	bika	N	PROPN;ANIM;NOM;MASC;SG;POS
androsace	pochybek	androsace	pochybek		N;INAN;NOM;MASC;SG;POS
marche	marche	marche	marche	N	PROPN;NOM;MASC;SG;POS
bremer	bremer	bremer	bremer	N	PROPN;ANIM;NOM;MASC;SG;POS
hormone	hormonální	hormone	hormonální	N	ADJ;NOM;MASC;SG;POS
udine	udine	udine	udine	NUM	PROPN;NOM;FEM;SG;POS
kan	kan	kan	kana	N	PROPN;INAN;MASC;POS
gập	skládací	gập	skládací	V	ADJ;NOM;MASC;SG;POS
gập	skládání	gập	skládání	V	N;NOM;NEUT;SG;POS
gập	rozkládací	gập	rozkládací	V	ADJ;NOM;MASC;SG;POS
lens	čočky	lens	čočka		N;NOM;FEM;PL;POS
lens	únik	lens	únik		N;INAN;NOM;MASC;SG;POS
beirut	bejrútu	beirut	bejrút	N	PROPN;INAN;GEN;MASC;SG;POS
hahn	hahn	hahn	hahno	N	PROPN;ANIM;NOM;MASC;SG;POS
yamada	yamada	yamada	yamada		N;NOM;FEM;SG;POS
linearis	linearis	linearis	linearis		N;NOM;MASC;SG;POS
dot	dot	dot	dot	N	PROPN;NOM;MASC;SG;POS
andersson	andersson	andersson	andersson	N	PROPN;ANIM;NOM;MASC;SG;POS
willem	willem	willem	will	N	PROPN;ANIM;NOM;MASC;SG;POS
tatar	tatar	tatar	tatar	N	PROPN;ANIM;NOM;MASC;SG;POS
boom	bang	boom	banga	N	PROPN;NOM;MASC;SG;POS
luigi	luigi	luigi	luigi		PROPN;ANIM;NOM;MASC;SG;POS
polygonum	polygonum	polygonum	polygon		N;NOM;NEUT;SG;POS
boone	boone	boone	boon		PROPN;ANIM;NOM;MASC;SG;POS
reo	pochyby	reo	pochyba	V	N;NOM;FEM;PL;POS
reo	pochybnost	reo	pochybnost	V	N;NOM;FEM;SG;POS
reo	pochybnosti	reo	pochybnost	V	N;NOM;FEM;PL;POS
reo	zvonění	reo	zvonění	V	N;NOM;NEUT;SG;POS
reo	vyzvání	reo	vyzvání	V	N;NOM;NEUT;SG;POS
garrison	garrison	garrison	garrison		PROPN;ANIM;NOM;MASC;SG;POS
khun	khun	khun	khun	N	PROPN;ANIM;NOM;MASC;SG;POS
sidney	sidney	sidney	sidney		PROPN;ANIM;NOM;MASC;SG;POS
repens	repens	repens	repens	V	N;INAN;NOM;MASC;SG;POS
lindsey	lindsey	lindsey	lindsey		N;FEM;SG;POS
hyundai	hyundai	hyundai	hyunda		N;NOM;MASC;SG;POS
direct	přímé	direct	přímý		ADJ;NOM;MASC;SG;POS
direct	přímý	direct	přímý		ADJ;INAN;NOM;MASC;SG;POS
direct	direct	direct	direct		N;NOM;MASC;SG;POS
direct	přímá	direct	přímý		ADJ;NOM;FEM;SG;POS
primula	primula	primula	primula		N;NOM;FEM;SG;POS
craven	craven	craven	craven		N;INAN;NOM;MASC;SG;POS
kato	kato	kato	kato	N	PROPN;ANIM;NOM;MASC;SG;POS
nomura	nomura	nomura	nomura	V	N;NOM;MASC;SG;POS
diane	diane	diane	diane		PROPN;NOM;FEM;SG;POS
rivière	rivière	rivière	rivičra		PROPN;INAN;NOM;MASC;SG;POS
borealis	borealis	borealis	borealis		N;NOM;FEM;SG;POS
anders	anders	anders	anders	N	PROPN;ANIM;NOM;MASC;SG;POS
sugar	cukr	sugar	cukr		N;INAN;NOM;MASC;SG;POS
sugar	cukru	sugar	cukr		N;INAN;GEN;MASC;SG;POS
doc	doc	doc	docent		N;ANIM;MASC;POS
budějovice	budějovice	budějovice	budějovice	NUM	PROPN;NOM;FEM;PL;POS
kyushu	kjúšú	kyushu	kjaší	N	PROPN;NOM;MASC;SG;POS
handel	handel	handel	handel	N	PROPN;NOM;MASC;SG;POS
turing	turing	turing	turing		N;INAN;NOM;MASC;SG;POS
talbot	talbot	talbot	talbot		PROPN;ANIM;NOM;MASC;SG;POS
piston	pístové	piston	pístový	N	ADJ;NOM;MASC;PL;POS
admiralty	admirality	admiralty	admiralita		N;NOM;FEM;PL;POS
kyle	kyle	kyle	kyla		PROPN;ANIM;NOM;MASC;SG;POS
dale	dale	dale	daleko		PROPN;ANIM;NOM;MASC;SG;POS
gloria	glorie	gloria	glorie		N;NOM;FEM;SG;POS
gloria	glorii	gloria	glorie		N;ACC;FEM;SG;POS
gloria	gloria	gloria	gloria		N;NOM;FEM;SG;POS
oder	odru	oder	odra	V	N;NOM;FEM;SG;POS
lange	lange	lange	lange	N	PROPN;ANIM;NOM;MASC;SG;POS
shannon	shannon	shannon	shannon		PROPN;NOM;FEM;SG;POS
mehmed	mehmed	mehmed	mehmed	N	PROPN;ANIM;NOM;MASC;SG;POS
cayman	calgary	cayman	calgar	N	PROPN;NEUT;POS
cayman	kajmanských	cayman	kajmanský	N	ADJ;GEN;MASC;PL;POS
martinique	martinik	martinique	martinik	N	PROPN;INAN;NOM;MASC;SG;POS
villiers	villiers	villiers	villiers		PROPN;ANIM;NOM;MASC;SG;POS
gotha	gotha	gotha	gotha		PROPN;ANIM;NOM;MASC;SG;POS
wanda	wanda	wanda	wanda	N	PROPN;NOM;FEM;SG;POS
wilcox	wilcox	wilcox	wilcox		PROPN;ANIM;NOM;MASC;SG;POS
martino	martino	martino	martino		N;INAN;NOM;MASC;SG;POS
friedman	friedman	friedman	friedman		N;ANIM;NOM;MASC;SG;POS
vanessa	vanessa	vanessa	vanesso		N;NOM;FEM;SG;POS
baghdad	bagdádu	baghdad	bagdád	N	PROPN;INAN;GEN;MASC;SG;POS
haas	haas	haas	haas	N	PROPN;ANIM;NOM;MASC;SG;POS
schwartz	schwartz	schwartz	schwartz		PROPN;ANIM;NOM;MASC;SG;POS
hohenzollern	hohenzollern	hohenzollern	hohenzollern	V	N;INAN;NOM;MASC;SG;POS
para	para	para	para	N	PROPN;MASC;SG;POS
howell	howell	howell	howel		PROPN;ANIM;NOM;MASC;SG;POS
neptune	neptune	neptune	ptun	N	PROPN;INAN;NOM;MASC;SG;POS
velvet	samet	velvet	samet		N;INAN;NOM;MASC;SG;POS
mia	mia	mia	miu		PROPN;NOM;FEM;SG;POS
mia	miu	mia	miue		PROPN;FEM;SG;POS
mia	mio	mia	mio		N;NOM;MASC;SG;POS
alfonso	alfonso	alfonso	alfonso	N	PROPN;ANIM;NOM;MASC;SG;POS
lara	lara	lara	lara		N;NOM;FEM;SG;POS
bromley	bromley	bromley	bromley		PROPN;NOM;FEM;SG;POS
training	trénink	training	trénink	DET	N;INAN;NOM;MASC;SG;POS
training	výcvik	training	výcvik	DET	N;INAN;NOM;MASC;SG;POS
training	školení	training	školení	DET	N;NOM;NEUT;SG;POS
acta	acta	acta	acta	N	PROPN;NOM;FEM;SG;POS
gilles	gilles	gilles	gilles		PROPN;ANIM;NOM;MASC;SG;POS
funk	funk	funk	funk	N	PROPN;ANIM;NOM;MASC;SG;POS
robustus	robustus	robustus	robustus		N;ANIM;NOM;MASC;SG;POS
microphylla	microphylla	microphylla	microphylla	V	N;NOM;FEM;SG;POS
lil	lil	lil	liliten		PROPN;ANIM;NOM;MASC;SG;POS
dmitry	dmitrij	dmitry	dmitrij	N	PROPN;ANIM;NOM;MASC;SG;POS
apiaceae	miříkovité	apiaceae	miříkovitý	N	ADJ;NOM;MASC;SG;POS
cowan	cowan	cowan	cowan	N	PROPN;ANIM;NOM;MASC;SG;POS
randolph	randolph	randolph	randolph		PROPN;ANIM;NOM;MASC;SG;POS
