yoga	γιόγκα	yoga	γιόγκα	V	N;NOM;FEM;SG
albacete	αλμπαθέτε	albacete	αλμπάνω	N	
nuevo	nuevo	nuevo	nuevo	N	
gsub	gsub	gsub	gsub		
asp	asp	asp	asp		
penny	πένι	penny	πένι	N	
penny	πέννυ	penny	πέννυ	N	PROPN;NOM;FEM;SG
penny	penny	penny	penny	N	
penny	πένυ	penny	πένυ	N	PROPN;NOM;FEM;SG
eve	ιβ	eve	ιβ		NUM;NOM;MASC;SG
eve	εύα	eve	εύμαι		PROPN;NOM;FEM;SG
eve	ηβ	eve	ηβ		N
eve	παραμονή	eve	παραμονή		N;ACC;FEM;SG
hacker	χάκερ	hacker	χάκερ		N;NOM;MASC;SG
hacker	χάκερ	hacker	χάκερ		N;NOM;MASC;SG
tiberius	τιβέριος	tiberius	τιβέριος	N	PROPN;NOM;MASC;SG
christophe	κριστόφ	christophe	κριστόφ		
ming	μινγκ	ming	μινγκ	N	
xúi	γρουσουζιά	xúi	γρουσουζιά	V	N;NOM;FEM;SG
lynn	λιν	lynn	λιν	N	
durham	ντάραμ	durham	ντάραμ	N	
chong	τσονγκ	chong	τσονγκ	N	
hót	τραγουδάει	hót	τραγούδαι	N	V;IPFV;IND;SG;3;PRS;FIN;ACT
hót	τραγουδάμε	hót	τραγούδαι	N	V;IPFV;IND;PL;1;PRS;FIN;ACT
hót	τραγουδώντας	hót	τραγουδώ	N	V;IPFV;V.CVB;ACT
hót	τραγουδούν	hót	τραγούδαι	N	V;IPFV;IND;PL;3;PRS;FIN;ACT
hót	τραγουδάει	hót	τραγούδαι	N	V;IPFV;IND;SG;3;PRS;FIN;ACT
hót	τραγουδά	hót	τραγουδά	N	V;IPFV;IND;SG;3;PRS;FIN;ACT
thor	θωρ	thor	θωρ	N	
thor	θορ	thor	θορ	N	
sandbox	sandbox	sandbox	sandbox	N	
padova	padova	padova	padova	N	
incertae	incertae	incertae	incertae	N	
ruby	ρούμπι	ruby	ρούμπι		
ruby	ruby	ruby	ruby		
ruby	ρουμπίνι	ruby	ρουμπίνι		N;NOM;NEUT;SG
dwight	d	dwight	d	N	
dwight	ντουάιτ	dwight	ντουάιτ	N	
selena	σελίνα	selena	σελίνα		PROPN;NOM;FEM;SG
fulton	φούλτον	fulton	φούλτον		N;SG
palustris	palustris	palustris	palustris	N	
xavier	ξαβιέ	xavier	ξαβιός		
candy	γλυκά	candy	γλυκά		N;NOM;NEUT;PL
candy	καραμέλες	candy	καράμελος		N;NOM;FEM;PL
candy	καραμέλα	candy	καραμέλα		N;NOM;FEM;SG
candy	κάντυ	candy	κάντυ		PROPN;NOM;FEM;SG
superordo	superordo	superordo	superordo		
sheridan	σέρινταν	sheridan	σέριν		
griffin	γκρίφιν	griffin	γκρίφιν		
fao	fao	fao	fao	N	
menzies	μένζις	menzies	μένζις		ADV
konstantin	κονσταντίν	konstantin	κονσταντίν		
boa	μπόα	boa	μπόα		
cube	κύβο	cube	κύβο		N;NOM;NEUT;SG
cube	κύβος	cube	κύβος		N;NOM;MASC;SG
r}}	r}}	r}}	r}}		N
emil	εμίλ	emil	εγίλος	N	PROPN;NOM;MASC;SG
rahman	rahman	rahman	rahman	V	
glen	glen	glen	glen		
glen	γκλεν	glen	γκλεν		
klaus	κλάους	klaus	κλάος	N	PROPN;NOM;MASC;SG
klaus	klaus	klaus	klaus	N	
gorbachev	γκορμπατσόφ	gorbachev	γκορμπατσόφ	N	
resort	resort	resort	resort	N	
benz	benz	benz	benz		
hampton	χάμπτον	hampton	χάμπτος		
chandler	τσάντλερ	chandler	τσάντλερ		PROPN;NOM;FEM;SG
williamson	γουίλιαμσον	williamson	γουίλιαμσον		N;NOM;NEUT;SG
göring	γκέρινγκ	göring	γκέρινγκ		
göring	γκέρινγκ	göring	γκέρινγκ		
nordrhein	nordrhein	nordrhein	nordrhein	V	
quinn	quinn	quinn	quinn		
quinn	κουίν	quinn	κουίν		
castel	castel	castel	castel	N	
bmw	bmw	bmw	bmw	N	
irene	αϊρίν	irene	αϊρίν		
cartoon	καρτούν	cartoon	κάρτω		N;NOM;NEUT;PL
gớm	φλεγμονή	gớm	φλεγμονή	PART	N;ACC;MASC;SG
scheer	scheer	scheer	scheer		
vocals	φωνητικά	vocals	φωνητικά	N	ADV
sủa	φλοιού	sủa	φλοιού	ADJ	N;GEN;NEUT;SG
sủa	φλοιός	sủa	φλοιός	ADJ	N;NOM;MASC;SG
sủa	φλοιό	sủa	φλοιός	ADJ	N;NOM;NEUT;SG
sủa	γαβγίζει	sủa	γαβγίζω	ADJ	V;IPFV;IND;SG;3;PRS;FIN;ACT
sủa	γαβγίζει	sủa	γαβγίζω	ADJ	V;IPFV;IND;SG;3;PRS;FIN;ACT
carr	καρ	carr	καρ		
betty	μπέτι	betty	μπέτι		
betty	μπέτυ	betty	μπέτυ		N;NOM;FEM;SG
betty	betty	betty	betty		
wilkinson	γουίλκινσον	wilkinson	γουίλκινσον		PROPN;NOM;MASC;SG
cholesterol	χοληστερόλη	cholesterol	χοληστερόλος	V	N;NOM;FEM;SG
cholesterol	χοληστερίνη	cholesterol	χοληστερίνος	V	ADJ;NOM;FEM;SG
constantinople	κωνσταντινούπολη	constantinople	κωνσταντινούπολη		PROPN;ACC;FEM;SG
allmusic	allmusic	allmusic	allmusic	N	
chihuahua	τσιουάουα	chihuahua	τσιουάουο	N	PROPN;NOM;NEUT;SG
ancona	ancona	ancona	ancona	N	
descartes	descartes	descartes	descartes	N	
micro	micro	micro	micro	N	
bath	μπάνιο	bath	μπάνιο		N;NOM;NEUT;SG
bath	λουτρό	bath	λουτρό		N;NOM;NEUT;SG
blanc	blanc	blanc	blanc	N	
gien	τζην	gien	τζεν	N	
gien	gene	gien	gene	N	
cornwall	κορνουάλη	cornwall	κορνουάλος	N	PROPN;NOM;FEM;SG
scharnhorst	scharnhorst	scharnhorst	scharnhorst	N	
bains	bains	bains	bains	N	
marche	marche	marche	marche	N	
bremer	bremer	bremer	bremer	N	
udine	ούντινε	udine	ούντινος	NUM	PROPN;NOM;FEM;SG
kan	kan	kan	kan	N	
lens	φακός	lens	φακός		N;NOM;MASC;SG
lens	φακό	lens	φακός		N;ACC;MASC;SG
lens	διαρροή	lens	διαρροή		N;NOM;FEM;SG
beirut	βηρυτό	beirut	βηρυτός	N	PROPN;NOM;MASC;SG
carabus	carabus	carabus	carabus	N	
dot	βούλα	dot	βούλα	N	PROPN;NOM;FEM;SG
andersson	άντερσον	andersson	άντερσον	N	PROPN;NOM;MASC;SG
andersson	andersson	andersson	andersson	N	
lafayette	λαφαγιέτ	lafayette	λαφαγιέτ	N	
willem	willem	willem	willem	N	
boom	μπανγκ	boom	μπανγκ	N	
boom	μπαμ	boom	μπαμ	N	
boom	μπουμ	boom	μπουμ	N	
luigi	λουίτζι	luigi	λουίτζι		
boone	μπουν	boone	μπου		V;PFV;IND;PL;3;FIN;ACT
dumbledore	ντάμπλντορ	dumbledore	ντάμπλντορ	N	
reo	αμφιβολία	reo	αμφιβολία	V	N;NOM;FEM;SG
khun	κουν	khun	κλυ	N	
sidney	σίντνεϊ	sidney	σίντνεϊ		PROPN;NOM;FEM;SG
repens	repens	repens	repens	V	
musashi	μουσάσι	musashi	μουσάσι	N	
adobe	adobe	adobe	adobe	N	
lexikon	lexikon	lexikon	lexikon		
lindsey	λίντσεϊ	lindsey	λίνωσε		V;PFV;IND;SG;3;PST;FIN;ACT
hyundai	hyundai	hyundai	hyundai		
direct	άμεσο	direct	άμεσος		ADJ;NOM;NEUT;SG
direct	απευθείας	direct	απευθείας		ADV
direct	direct	direct	direct		
direct	άμεση	direct	άμεσος		ADJ;NOM;FEM;SG
direct	άμεσος	direct	άμεσος		ADJ;NOM;MASC;SG
primula	primula	primula	primula		
vermont	βερμόντ	vermont	βερμόντ	N	
craven	κρέιβεν	craven	κρέιβεν		V;PFV;IND;SG;3;PST;FIN;ACT
nomura	νομούρα	nomura	νομούρα	V	N;VOC;MASC;SG
diane	diane	diane	diane		
diane	νταϊάν	diane	νταϊάν		
thrace	θράκη	thrace	θράκη	N	PROPN;ACC;FEM;SG
rivière	ριβιέρ	rivière	ριβιέρ		
borealis	borealis	borealis	borealis		
anders	άντερς	anders	άντερς	N	
sugar	ζάχαρη	sugar	ζάχαρος		N;NOM;FEM;SG
doc	doc	doc	doc		
doc	ντοκ	doc	ντοκ		
schalke	schalke	schalke	schalke	N	
kyushu	κιούσου	kyushu	κίον	N	PROPN;NOM;NEUT;SG
cremona	cremona	cremona	cremona	N	
turing	τούρινγκ	turing	τούρινγκ		N;NOM;MASC;SG
talbot	τάλμποτ	talbot	τάλμποτ		PROPN;NOM;MASC;SG
admiralty	ναυαρχείο	admiralty	ναυαρχείο		N;NOM;NEUT;SG
kyle	κάιλ	kyle	κάιλ		PROPN;NOM;MASC;SG
kyle	kyle	kyle	kyle		
dale	ντέιλ	dale	ντέιλ		
gloria	γκλόρια	gloria	γκλόριος		PROPN;NOM;FEM;SG
gloria	gloria	gloria	gloria		
oder	oder	oder	oder	V	
lange	λανγκ	lange	λανγκ	N	
lange	lange	lange	lange	N	
shannon	σάνον	shannon	σάνος		
shannon	shannon	shannon	shannon		
mehmed	μεχμέτ	mehmed	μεχμέτ	N	
cayman	κάλγκαρι	cayman	κάλγκαρι	N	PROPN;NOM;NEUT;SG
cayman	κέιμαν	cayman	κέιμαν	N	
martinique	μαρτινίκα	martinique	μαρτινίκα	N	PROPN;NOM;FEM;SG
villiers	villiers	villiers	villiers		
gotha	gotha	gotha	gotha		
wilcox	γουίλκοξ	wilcox	γουίλκοξ		N;NOM;NEUT;SG
martino	μαρτίνο	martino	μαρτίνο		PROPN;ACC;MASC;SG
obscurus	obscurus	obscurus	obscurus		
friedman	φρίντμαν	friedman	φρίντμαν		
canescens	canescens	canescens	canescens	ADJ	
vanessa	βανέσσα	vanessa	βανέσσα		N;NOM;FEM;SG
vanessa	βανέσα	vanessa	βανέσας		
baghdad	βαγδάτη	baghdad	βαγδάτης	N	PROPN;NOM;FEM;SG
schwartz	σβαρτζ	schwartz	σβαρτζ		N
hohenzollern	χοεντσόλερν	hohenzollern	χοεντσόλλω	V	N
para	para	para	para	N	
howell	χάουελ	howell	χάουελ		N
neptune	ποσειδώνας	neptune	ποσειδώνας	N	PROPN;NOM;MASC;SG
neptune	ποσειδώνα	neptune	ποσειδώνω	N	PROPN;NOM;MASC;SG
jupiter	δίας	jupiter	δία	N	PROPN;NOM;MASC;SG
velvet	βελούδο	velvet	βελούδος		N;NOM;NEUT;SG
mia	mia	mia	mia		
alfonso	αλφόνσο	alfonso	αλφόνσο	N	
lara	λάρα	lara	λάρα		PROPN;NOM;FEM;SG
bromley	μπρόμλεϊ	bromley	μπρόμλεϊ		V;IPFV;IND;SG;1;PST;FIN;ACT
proxy	πληρεξούσιος	proxy	πληρεξούσιος	N	ADJ;NOM;MASC;SG
djibouti	τζιμπουτί	djibouti	τζιμπουτί	N	PROPN;NOM;NEUT;SG
training	επιμόρφωση	training	επιμόρφωση	DET	N;ACC;FEM;SG
training	εκπαίδευση	training	εκπαίδευση	DET	N;ACC;FEM;SG
training	κατάρτισης	training	κατάρτιση	DET	N;GEN;FEM;SG
training	κατάρτιση	training	κατάρτιση	DET	N;ACC;FEM;SG
training	προπόνηση	training	προπόνηση	DET	N;ACC;FEM;SG
acta	acta	acta	acta	N	
gilles	ζιλ	gilles	ζιλ		
funk	funk	funk	funk	N	
shepard	σέπαρντ	shepard	σέπαρντ		
zanzibar	ζανζιβάρη	zanzibar	ζανζιβάρης	N	PROPN;NOM;FEM;SG
lil	λιλ	lil	λιλ		
apiaceae	apiaceae	apiaceae	apiaceae	N	
randolph	ράντολφ	randolph	ράντολφ		
oakland	όκλαντ	oakland	όκλαντ	N	PROPN;NOM;FEM;SG
toscana	τοσκάνη	toscana	τοσκάνη	N	NUM;NOM;FEM;SG
ambrose	άμπροουζ	ambrose	άμπροουζ	N	
aurelius	αυρήλιος	aurelius	αυρήλιος	N	PROPN;NOM;MASC;SG
andorra	ποντγκόριτσα	andorra	ποντγκόριτσα	N	
olympique	ολιμπίκ	olympique	ολιμπίκ	N	
benedict	μπένεντικτ	benedict	μπένεντικτ	N	
palmer	πάλμερ	palmer	πάλμερ	N	
irving	ίρβινγκ	irving	ίρβινγκ		
trau	κούραση	trau	κούραση	V	N;ACC;FEM;SG
bison	βίσωνα	bison	βίσωνα		N;GEN;NEUT;PL
lat	λατ	lat	λατ	N	
lat	τεμπέλης	lat	τεμπέλης	N	ADJ;NOM;MASC;SG
ferula	ferula	ferula	ferula		
crane	κρέιν	crane	κρέιν		
crane	γερανός	crane	γερανός		N;NOM;MASC;SG
clement	κλέμεντ	clement	κλέμεντ	N	
nobilis	nobilis	nobilis	nobilis	N	
darren	ντάρεν	darren	ντάρεν	N	
beaver	κάστορας	beaver	κάστορα		N;NOM;MASC;SG
beaver	κάστορες	beaver	κάστορος		N;NOM;FEM;PL
beaver	κάστορα	beaver	κάστορα		N;NOM;MASC;SG
chopin	σοπέν	chopin	σοπέν	V	
canterbury	καντέρμπουρι	canterbury	καντέρμπουρι		PROPN;NOM;MASC;SG
gerhard	γκέρχαρντ	gerhard	γκέρχαρντ		
ariel	άριελ	ariel	άριελ		
fasciatus	fasciatus	fasciatus	fasciatus	N	
maxima	maxima	maxima	maxima	N	
indie	ίντι	indie	ίντι		
indie	indie	indie	indie		
konrad	konrad	konrad	konrad		
castillo	καστίγιο	castillo	καστίγιο		
kung	kung	kung	kung	N	
kung	κουνγκ	kung	κουνγκ	N	
championships	πρωταθλήματα	championships	πρωτάθλημα	V	N;NOM;NEUT;PL
beograd	βελιγράδι	beograd	βελιγράδι	N	PROPN;NOM;NEUT;SG
beograd	βελιγραδίου	beograd	βελιγράδιο	N	PROPN;GEN;NEUT;SG
martha	μάρθα	martha	μάρθα		N
bloom	μπλουμ	bloom	μπλουμ		
marius	μάριος	marius	μάριος		N;NOM;MASC;SG
espírito	espírito	espírito	espírito		
helmut	χέλμουτ	helmut	χέλμουτ	N	PROPN;NOM;MASC;SG
avril	avril	avril	avril	N	
kure	κούρε	kure	κλύρω		N
khuya	αργά	khuya	αργά	N	ADV
suffolk	σάφολκ	suffolk	σάφολκ	N	
liststyle	liststyle	liststyle	liststyle		
kimi	κίμι	kimi	κίμι	N	
kimi	κύμη	kimi	κύμη	N	PROPN;ACC;FEM;SG
maui	μάουι	maui	μάου	N	
tone	τόνο	tone	τόνος		N;ACC;MASC;SG
tone	τόνος	tone	τόνος		N;NOM;MASC;SG
rue	rue	rue	rue	N	
ferrari	φεράρι	ferrari	φεράρι	N	
ferrari	ferrari	ferrari	ferrari	N	
stan	stan	stan	stan		
stan	σταν	stan	σταν		
rebel	επαναστάτης	rebel	επαναστάτης		N;NOM;MASC;SG
rebel	επαναστάτη	rebel	επαναστάτης		N;ACC;MASC;SG
loi	loi	loi	loi		
regina	ρετζίνα	regina	ρετζίνα		PROPN;ACC;FEM;SG
laporte	laporte	laporte	laporte		
cherry	κεράσι	cherry	κεράσι		N;NOM;NEUT;SG
cherry	τσέρι	cherry	τσέρι		
cherry	κεράσια	cherry	κεράσιος		N;NOM;NEUT;PL
scout	ανιχνευτής	scout	ανιχνευτής		N;NOM;MASC;SG
coburg	κόμπουργκ	coburg	κόμπουργκ		N;NOM;MASC;SG
pereira	περέιρα	pereira	περέιρα	N	
interscope	interscope	interscope	interscope	V	
bruxelles	βρυξέλλες	bruxelles	βρυξέλλες	N	PROPN;NOM;FEM;PL
gaston	γκαστόν	gaston	γκαστός		
citation	μνεία	citation	μνείο		N;NOM;FEM;SG
citation	παράθεση	citation	παράθεση		N;NOM;FEM;SG
fairey	fairey	fairey	fairey	N	
curie	κιουρί	curie	κιουρί	N	PROPN;NOM;MASC;SG
chuck	τσακ	chuck	τσακ		NUM;NOM;MASC;SG
chuck	chuck	chuck	chuck		
dora	ντόρα	dora	ντόρα	N	PROPN;NOM;FEM;SG
aerospace	αεροδιαστημική	aerospace	αεροδιαστημικός	N	ADJ;NOM;FEM;SG
donau	donau	donau	donau	N	
romagna	romagna	romagna	romagna		
bergen	μπέργκεν	bergen	μπέργκεν	N	
hora	hora	hora	hora	NUM	
laevis	laevis	laevis	laevis		
scottish	σκωτίας	scottish	σκωτία	NUM	PROPN;GEN;FEM;SG
turkish	τουρκικό	turkish	τουρκικός		ADJ;NOM;NEUT;SG
turkish	τουρκικά	turkish	τουρκικός		ADV
turkish	τούρκος	turkish	τούρκος		N;NOM;MASC;SG
turkish	τουρκική	turkish	τουρκικός		ADJ;NOM;FEM;SG
trinity	τριάδα	trinity	τριάδα	NUM	N;NOM;FEM;SG
shop	shop	shop	shop	N	
roche	roche	roche	roche		
lamiaceae	lamiaceae	lamiaceae	lamiaceae	N	
gallo	γκάλο	gallo	γκάλος	N	
sonora	σονόρα	sonora	σονόρα		PROPN;NOM;FEM;SG
leiden	leiden	leiden	leiden	N	
hubert	χιούμπερτ	hubert	χιούμπερτ		V;IPFV;IND;SG;1;PST;FIN;ACT
schumacher	σουμάχερ	schumacher	σουμάχερ	N	PROPN;NOM;MASC;SG
bertrand	μπερτράν	bertrand	μπερτράν		
turin	τορίνο	turin	τορίνο	NUM	PROPN;NOM;NEUT;SG
valentin	βαλεντίν	valentin	βαλεντίν		
holly	χόλυ	holly	χόλυ		N
holly	χόλι	holly	χόλι		
holly	holly	holly	holly		
fidel	φιντέλ	fidel	φιντέλ		
ash	στάχτη	ash	στάχτης		N;NOM;FEM;SG
ash	τέφρα	ash	τέφρα		N;NOM;FEM;SG
brittany	μπρίτανι	brittany	μπρίτανι		V;IPFV;IND;PL;3;PST;FIN;PASS
ret	ret	ret	ret		
benoist	benoist	benoist	benoist		
pohl	pohl	pohl	pohl		
giặt	μπουγάδα	giặt	μπουγάδα	V	N;NOM;FEM;SG
giặt	πλυντήριο	giặt	πλυντήριο	V	N;NOM;NEUT;SG
wrestlemania	wrestlemania	wrestlemania	wrestlemania		
middlesbrough	μίντλεσμπρο	middlesbrough	μίντλεσμπρο	N	
barker	μπάρκερ	barker	μπάρκερ		
spitfire	spitfire	spitfire	spitfire		
gurevich	gurevich	gurevich	gurevich		
andre	αντρέ	andre	αντρέ		
andre	άντρε	andre	άντρε		N
andre	andre	andre	andre		
andre	αντρέ	andre	αντρέ		
andre	andré	andre	andré		
andre	andre	andre	andre		
barton	μπάρτον	barton	μπάρτον		
pierce	πιρς	pierce	πιρς		
pierce	πηρς	pierce	πηρς		N
rfc	rfc	rfc	rfc	N	
catania	catania	catania	catania	N	
santana	σαντάνα	santana	σαντάνα		
hilton	χίλτον	hilton	χίλτον	N	
hilton	hilton	hilton	hilton	N	
spotted	εντοπίστηκε	spotted	εντοπίζω		V;PFV;IND;SG;3;PST;FIN;PASS
paniculata	paniculata	paniculata	paniculata	N	
sexy	sexy	sexy	sexy	N	
lars	λαρς	lars	λαός	N	
jia	jia	jia	jia	N	
wikimapia	wikimapia	wikimapia	wikimapia		
chẻ	οπή	chẻ	οπή		N;NOM;FEM;SG
chẻ	τρύπα	chẻ	τρύπα		N;NOM;FEM;SG
rainer	ράινερ	rainer	ράινερ	N	
vilnius	βίλνιους	vilnius	βίλνιος	N	PROPN;NOM;NEUT;PL
trieste	τεργέστη	trieste	τεργέστης	N	PROPN;NOM;FEM;SG
sirius	σείριος	sirius	σείριος	N	PROPN;NOM;MASC;SG
arafat	αραφάτ	arafat	αραφάτ	N	
leonid	λεονίντ	leonid	λεονίντ	N	
fuller	φούλερ	fuller	φούλερ	N	
kino	κίνο	kino	κίνο	V	
phoebe	φοίβη	phoebe	φοίβος	N	PROPN;NOM;FEM;SG
concorde	concorde	concorde	concorde	N	
benevento	μπενεβέντο	benevento	μπενεβέντος	N	PROPN;NOM;MASC;SG
cervus	cervus	cervus	cervus	N	
boleslav	boleslav	boleslav	boleslav	N	
brevipes	brevipes	brevipes	brevipes		
sec	sec	sec	sec	N	
natalie	νάταλι	natalie	νάταλι	N	
barca	barca	barca	barca	N	
cassini	cassini	cassini	cassini	N	
halloween	απόκριες	halloween	απόκριος	V	N;NOM;FEM;PL
midland	midland	midland	midland	N	
nottingham	νότιγχαμ	nottingham	νότιγχαμ	N	
angelica	αντζέλικα	angelica	αντζέλικος		N;NOM;FEM;SG
angelica	αγγελική	angelica	αγγελικός		ADJ;NOM;FEM;SG
labrador	λαμπραντόρ	labrador	λαμπραντόρ	N	PROPN;NOM;FEM;SG
mono	mono	mono	mono	N	
charlton	τσάρλτον	charlton	τσάρλτος	N	
sites	τοποθεσίες	sites	τοποθεσία		N;NOM;FEM;PL
sites	χώροι	sites	χώρος		N;NOM;MASC;PL
skin	δέρμα	skin	δέρμα		N;NOM;NEUT;SG
skin	πετσί	skin	πετσί		N;NOM;NEUT;SG
skin	δερμα	skin	δερμα		N;NOM;NEUT;SG
doyle	doyle	doyle	doyle	N	
doyle	ντόιλ	doyle	ντόιλ	N	
gamespot	gamespot	gamespot	gamespot		
tít	ακούσω	tít	ακούω		V;IPFV;IND;SG;1;PRS;FIN;ACT
hilbert	hilbert	hilbert	hilbert	N	
rising	ανεβαίνει	rising	ανεβαίνω		V;IPFV;IND;SG;3;PRS;FIN;ACT
eight	eight	eight	eight	NUM	
cobain	κομπέιν	cobain	κομπέιν	N	
hogg	χογκ	hogg	χογκ		
núm	έσφιξε	núm	σφίχνω	N	V;PFV;IND;SG;3;PST;FIN;ACT
cody	cody	cody	cody	N	
cody	κόντι	cody	κόντι	N	
biếng	τεμπέλα	biếng	τεμπέλα	ADJ	N;NOM;FEM;SG
biếng	τεμπέληδες	biếng	τεμπέληδα	ADJ	N;NOM;MASC;PL
shiva	σίβα	shiva	σίβα	N	PROPN;NOM;FEM;SG
gmelin	gmelin	gmelin	gmelin		
anchor	άγκυρα	anchor	άγκυρα	N	PROPN;NOM;FEM;SG
ascii	as	ascii	as	N	
vice	ηθών	vice	ηθός		N;GEN;MASC;PL
phillip	phillip	phillip	phillip		
phillip	φίλιπ	phillip	φίλιπ		
surrey	surrey	surrey	surrey	NUM	
barset	barset	barset	barset		
bolzano	bolzano	bolzano	bolzano	N	
martinez	martinez	martinez	martinez	N	
martinez	μαρτίνεζ	martinez	μαρτίνω	N	
phalaenopsis	phalaeno	phalaenopsis	phalaeno	N	
teaser	teaser	teaser	teaser		
hilaire	hilaire	hilaire	hilaire		
edison	έντισον	edison	έντισον	N	
orton	όρτον	orton	όρτον	N	
djokovic	τζόκοβιτς	djokovic	τζόκοβιτος	N	
oppenheimer	οπενχάιμερ	oppenheimer	οπενχάιμερ		
bravo	μπράβο	bravo	μπράβος		V;IPFV;IND;SG;1;PRS;FIN;ACT
bravo	bravo	bravo	bravo		
tahiti	ταϊτή	tahiti	ταστός	N	PROPN;NOM;FEM;SG
bauer	μπάουερ	bauer	μπάουερ	N	
eurovision	eurovision	eurovision	eurovision	N	
wolfsburg	wolfsburg	wolfsburg	wolfsburg	N	
hopper	χόπερ	hopper	χόπερ	V	
goa	γκόα	goa	γκόα		
nicholson	nicholson	nicholson	nicholson		
nicholson	νίκολσον	nicholson	νίκολσον		PROPN;NOM;MASC;SG
dhabi	ντάμπι	dhabi	ντάμπι	N	
guderian	γκουντέριαν	guderian	γκουντέριαν		PROPN;NOM;MASC;SG
mladá	μλάντα	mladá	μλάντα	NUM	ADV
soft	απαλά	soft	απαλός		N;NOM;NEUT;PL
soft	μαλακός	soft	μαλακός		ADJ;NOM;MASC;SG
soft	μαλακά	soft	μαλακά		N;NOM;NEUT;PL
soft	μαλακό	soft	μαλακός		ADJ;NOM;NEUT;SG
caproni	capron	caproni	capron	N	
laguna	λαγκούνα	laguna	λαγκούνα	N	
theodosius	θεοδόσιος	theodosius	θεοδόσιος	N	ADJ;NOM;MASC;SG
ornatus	ornatus	ornatus	ornatus		
coca	κόκα	coca	κόκα	N	
coca	κόκα	coca	κόκα	N	
coca	coca	coca	coca	N	
králové	κράλοβε	králové	κραλώβω	V	N;VOC;MASC;SG
pixel	pixel	pixel	pixel	N	
pixel	pixel	pixel	pixel	N	
jörg	jörg	jörg	jörg	NUM	
breed	ράτσα	breed	ράτσα		N;NOM;FEM;SG
cronquist	cronquist	cronquist	cronquist	N	
philippi	φίλιπποι	philippi	φίλιππος	V	ADJ;NOM;MASC;PL
titlestyle	titlestyle	titlestyle	titlestyle	V	
lcd	lcd	lcd	lcd	N	
sphinx	σφίγγα	sphinx	σφίγγα		N;NOM;FEM;SG
tsubasa	tsubasa	tsubasa	tsubasa	N	
rogue	ρογκ	rogue	ρογκ	N	PROPN;NOM;MASC;SG
crimea	κριμαία	crimea	κριμαία	V	PROPN;NOM;FEM;SG
breslau	μπρεσλάου	breslau	μπρεσλάου	N	
factbook	factbook	factbook	factbook	N	
bonus	bonus	bonus	bonus	N	
abkhazia	αμπχαζία	abkhazia	αμπχαζία		PROPN;ACC;FEM;SG
pepper	πιπέρι	pepper	πιπέρι		N;NOM;NEUT;SG
pepper	πιπεριά	pepper	πιπερία		N;NOM;FEM;SG
pepper	πέπερ	pepper	πέπερ		N
jammu	τζαμού	jammu	τζαμός	N	
koh	koh	koh	koh	N	
castanea	castanea	castanea	castanea	N	
ramsey	ράμσεϊ	ramsey	ράμσεϊ		
ramsey	ράμσι	ramsey	ράμσι		
hayes	χέιζ	hayes	χέιζ	N	
waterhouse	waterhouse	waterhouse	waterhouse		
bịp	τρικ	bịp	τρικ	N	ADV
molina	μολίνα	molina	μολίνα		
forrest	φόρεστ	forrest	φόρεστ	N	
tankōbon	tankōbon	tankōbon	tankōbon	N	
composite	σύνθετο	composite	σύνθετος	N	ADJ;NOM;NEUT;SG
composite	σύνθετη	composite	σύνθετος	N	ADV
composite	σύνθετα	composite	σύνθετος	N	ADJ;NOM;NEUT;PL
andrés	αντρές	andrés	αντρός	N	
medieval	μεσαιωνικό	medieval	μεσαιωνικός	N	ADJ;NOM;NEUT;SG
medieval	μεσαιωνική	medieval	μεσαιωνικός	N	ADJ;NOM;FEM;SG
tonumber	tonumber	tonumber	tonumber		
brie	μπρι	brie	μπρι		
robbie	ρόμπι	robbie	ρόμπι	N	
sally	σάλι	sally	σάλι		N;NOM;FEM;SG
sally	σάλλυ	sally	σάλλυ		N
zurich	ζυρίχη	zurich	ζυρίχη	N	PROPN;ACC;FEM;SG
choáng	θραύση	choáng	θραύση	V	N;NOM;FEM;SG
dressler	ντρέσλερ	dressler	ντρέσλερ		N
jaén	jaén	jaén	jaén	NUM	N
patton	πάτον	patton	πάτον		
drew	ντρου	drew	ντρος		
bernhard	bernhard	bernhard	bernhard	N	
dentata	οδοντωτός	dentata	οδοντωτός		ADJ;NOM;MASC;SG
tna	tna	tna	tna	N	
hpa	hpa	hpa	hpa	N	
benny	benny	benny	benny	N	
benny	μπένι	benny	μπένι	N	
cherokee	τσερόκι	cherokee	τσερόκι		N;NOM;MASC;SG
hindenburg	χίντεμπουργκ	hindenburg	χίντεμπουργκ		N;NOM;NEUT;SG
smile	χαμογέλα	smile	χαμογέλα		N;VOC;NEUT;SG
smile	χαμογελάστε	smile	χαμογελάζω		V;PFV;IND;PL;2;PRS;FIN;ACT
smile	χαμόγελο	smile	χαμόγελο		N;NOM;NEUT;SG
leverkusen	leverkusen	leverkusen	leverkusen	N	
tbilisi	τιφλίδα	tbilisi	τιφλίδα	N	PROPN;ACC;FEM;SG
rochester	ρότσεστερ	rochester	ρότσεστερ		V;PFV;IND;PL;2;PST;FIN;PASS
rugby	ράγκμπι	rugby	ράγκμπι	N	
kira	κίρα	kira	κίρα	N	
kaoru	wada	kaoru	wada	N	
marguerite	μαργκερίτ	marguerite	μαργκερίτ		
navbox	navbox	navbox	navbox		
laden	λάντεν	laden	λάντεν	N	
aka	aka	aka	aka		
ramesses	ραμσής	ramesses	ραμσός	N	PROPN;NOM;MASC;SG
ngứa	κνησμός	ngứa	κνησμός	V	N;NOM;MASC;SG
ngứa	φαγούρα	ngứa	φαγούρα	V	N;NOM;FEM;SG
ngứa	φαγούρα	ngứa	φαγούρα	V	N;NOM;FEM;SG
ngứa	φαγούρα	ngứa	φαγούρα	V	N;NOM;FEM;SG
ngứa	νύχια	ngứa	νύχιος	V	N;NOM;NEUT;PL
aeroflot	aeroflot	aeroflot	aeroflot	N	
rebecca	ρεβέκκα	rebecca	ρεβέκκω		N;NOM;FEM;SG
rebecca	rebecca	rebecca	rebecca		
rebecca	ρεμπέκα	rebecca	ρεμπέκα		
satoshi	σατόσι	satoshi	σατόσι		N
stones	πέτρες	stones	πέτρα		N;NOM;FEM;PL
stones	λίθοι	stones	λίθος		ADJ;NOM;MASC;PL
panorama	panorama	panorama	panorama	N	
panorama	πανοραμική	panorama	πανοραμικός	N	ADJ;NOM;FEM;SG
schultz	σουλτς	schultz	σουλτ	N	PROPN;NOM;MASC;SG
prop	στήριγμα	prop	στήριγμα		N;NOM;NEUT;SG
trumpet	τρομπέτα	trumpet	τρομπέτα	N	
martens	martens	martens	martens		
pot	ποτ	pot	ποτ		
pot	χόρτο	pot	χόρτος		N;NOM;NEUT;SG
pot	γλάστρα	pot	γλάστρα		N;NOM;FEM;SG
mexicanus	mexicanus	mexicanus	mexicanus	N	
patterson	πάτερσον	patterson	πάτερσον		
patterson	patterson	patterson	patterson		
alma	άλμα	alma	άλμα	NUM	N;NOM;NEUT;SG
gsm	gsm	gsm	gsm	N	
hwan	χουαν	hwan	χω	N	
myers	μάιερς	myers	μάιη		N
myers	μάγιερς	myers	μάγιερς		N
ligue	ligue	ligue	ligue	N	
hmas	hmas	hmas	hmas	N	
fourier	fourier	fourier	fourier	N	
tivi	τηλεόραση	tivi	τηλεόραση	ADJ	N;ACC;FEM;SG
tivi	tv	tivi	tv	ADJ	
tivi	τηλεοραση	tivi	τηλεοραση	ADJ	N;ACC;FEM;SG
tivi	τηλεοράσεις	tivi	τηλεόραση	ADJ	N;NOM;FEM;PL
prinz	prinz	prinz	prinz	N	
gifford	γκίφορντ	gifford	γκίφορντ		N
argentine	αργεντινής	argentine	αργεντινός	N	ADJ;GEN;FEM;SG
benin	μπενίν	benin	μπενίν	N	
intercontinental	intercontinental	intercontinental	intercontinental		
aquino	ακίνο	aquino	ακίνο	N	
tina	τίνα	tina	τίνα		PROPN;NOM;FEM;SG
tina	tina	tina	tina		
saddam	σαντάμ	saddam	σαντάμ	N	
mystery	μυστήριο	mystery	μυστήριο		N;NOM;NEUT;SG
ruth	ruth	ruth	ruth		
ruth	ρουθ	ruth	ρουθ		
carolyn	κάρολιν	carolyn	κάρολιν		N
psv	psv	psv	psv	N	
monde	monde	monde	monde	N	
hyllus	ύλλος	hyllus	ύλλος		PROPN;NOM;MASC;SG
bien	ορατά	bien	ορατός	N	ADJ;NOM;NEUT;PL
bien	ορατή	bien	ορατός	N	ADJ;NOM;FEM;SG
bien	ορατός	bien	ορατός	N	ADJ;NOM;MASC;SG
bien	ορατές	bien	ορατός	N	ADJ;NOM;FEM;PL
bien	ουρανός	bien	ουρανός	N	ADJ;NOM;MASC;SG
hoffmann	hoffmann	hoffmann	hoffmann		
hoffmann	χόφμαν	hoffmann	χόφμαν		
hinton	χίντον	hinton	χίντον		N
heather	χέδερ	heather	χέδερ	N	
geo	geo	geo	geo		
sussex	σάσεξ	sussex	σάσεξ	N	
joey	τζόι	joey	τζόι	N	
joey	joey	joey	joey	N	
nuremberg	νυρεμβέργη	nuremberg	νυρεμβέργη	N	PROPN;NOM;FEM;SG
silicon	σιλικόνη	silicon	σιλικόνη	N	ADJ;NOM;FEM;SG
silicon	σιλικόνη	silicon	σιλικόνη	N	ADJ;NOM;FEM;SG
isabel	ιζαμπέλ	isabel	ιζαμπέλ		
isabel	ίζαμπελ	isabel	ίζαμπελ		
damascus	δαμασκό	damascus	δαμασκός	N	PROPN;ACC;FEM;SG
batista	μπατίστα	batista	μπατίστα		
pirata	pirata	pirata	pirata		
highland	χάιλαντ	highland	χάιλαντ		
avenue	avenue	avenue	avenue		
avenue	λεωφόρος	avenue	λεωφόρος		N;NOM;FEM;SG
avenue	λεωφόρο	avenue	λεωφόρο		N;ACC;FEM;SG
alegre	αλέγκρε	alegre	αλαγκρω		
aspx	aspx	aspx	aspx	N	
toyotomi	τογιοτόμι	toyotomi	τογιοτόμιο	PROPN	N;SG
schwarzenegger	σβαρτζενέγκερ	schwarzenegger	σβαρτζενέγκερ		V;IPFV;IND;SG;3;PST;FIN;ACT
chatham	τσάταμ	chatham	τσάταμ	N	
una	una	una	una	N	
niels	niels	niels	niels	N	
imp	μοπ	imp	μοπ		N
sinai	σινά	sinai	σινά	N	PROPN;NOM;NEUT;SG
huelva	huelva	huelva	huelva	N	
albus	άλμπους	albus	άλμπος		N
pmid	pmid	pmid	pmid		
beckham	μπέκαμ	beckham	μπέκαμ	N	
xuyến	σπείρα	xuyến	σπείρα	V	N;NOM;FEM;SG
reyes	ρέγιες	reyes	ρέγιος	N	ADJ;NOM;MASC;PL
camille	καμίλ	camille	κανέλαλ	N	
wendy	γουέντυ	wendy	γουέντυ		N
wendy	wendy	wendy	wendy		
wendy	γουέντι	wendy	γουέντι		
blackwell	μπλάκγουελ	blackwell	μπλάκγουελ		V;IPFV;IND;PL;1;PRS;FIN;ACT
phoiac	phoiac	phoiac	phoiac	V	
eteeq	eteeq	eteeq	eteeq		
echo	έκο	echo	έκο	N	
echo	echo	echo	echo	N	
tbs	tbs	tbs	tbs		
holiday	γιορτή	holiday	γιορτής		N;NOM;FEM;SG
holiday	αργία	holiday	αργία		N;NOM;FEM;SG
holiday	διακοπές	holiday	διακοπή		N;NOM;FEM;PL
ribera	ριμπέρα	ribera	ριμπέρα	NUM	
dornier	dornier	dornier	dornier	N	
supermarine	supermarine	supermarine	supermarine	N	
timur	τιμούρ	timur	τιμώ	N	PROPN;NOM;MASC;SG
hemingway	χέμινγουεϊ	hemingway	χέμινγω		N;NOM;NEUT;SG
táp	δάγκωμα	táp	δάγκωμα	V	N;NOM;NEUT;SG
spl	spl	spl	spl		N
psoe	psoe	psoe	psoe		
capcom	capcom	capcom	capcom	N	
hybrid	υβριδικά	hybrid	υβριδικά	N	ADV
hybrid	υβριδικό	hybrid	υβριδικός	N	ADJ;NOM;NEUT;SG
euonymus	ευώνυμο	euonymus	ευώνυμος		N;NOM;MASC;SG
bittorrent	bittorrent	bittorrent	bittorrent	N	
gibbs	γκιμπς	gibbs	γκιμπς	CONJ	
gibbs	gibbs	gibbs	gibbs	CONJ	
canis	canis	canis	canis	N	
pushkin	πούσκιν	pushkin	πούσκιν	N	PROPN;NOM;MASC;SG
neutrino	νετρίνων	neutrino	νετρίνος	N	ADJ;GEN;NEUT;PL
elton	έλτον	elton	έλτον	N	
griswold	γκρίζγουολντ	griswold	γκρίζγουολντ		N;NOM;NEUT;SG
fiat	fiat	fiat	fiat	N	
montpellier	μονπελιέ	montpellier	μονπελιά	N	PROPN;NOM;NEUT;SG
atatürk	ατατούρκ	atatürk	ατατούρκ	N	
dawson	ντόσον	dawson	ντόσον	N	
ivoire	ivoire	ivoire	ivoire	N	
stress	στρες	stress	στρες		N;NOM;NEUT;SG
stress	άγχος	stress	άγχος		N;NOM;NEUT;SG
sei	sei	sei	sei		
pattern	μοτίβο	pattern	μοτίβο	V	N;NOM;NEUT;SG
greece	ελλάδα	greece	ελλάδα	N	PROPN;ACC;FEM;SG
greece	greece	greece	greece	N	
greece	ελλάς	greece	ελλάς	N	PROPN;NOM;FEM;SG
oliva	oliva	oliva	oliva		
brain	εγκεφάλους	brain	εγκέφαλος	V	N;ACC;MASC;PL
brain	μυαλό	brain	μυαλός	V	N;NOM;NEUT;SG
brain	μυαλά	brain	μυαλώ	V	N;NOM;NEUT;PL
levant	levant	levant	levant	N	
fragilis	fragilis	fragilis	fragilis		
vila	vila	vila	vila		
manduca	μαντούκα	manduca	μαντούκα	N	
buchanan	μπιουκάναν	buchanan	μπιουκάναν		
alive	ζωντανός	alive	ζωντανός		ADJ;NOM;MASC;SG
alive	ζωντανό	alive	ζωντανός		ADJ;NOM;NEUT;SG
alive	ζωντανοί	alive	ζωντανός		ADJ;NOM;MASC;PL
alive	ζωντανή	alive	ζωντανός		ADJ;NOM;FEM;SG
rodriguez	ροντρίγκεζ	rodriguez	ροντρίγκω		
cent	σεντ	cent	σεντ		
sandy	σάντι	sandy	σάντι		
sandy	sandy	sandy	sandy		
sandy	σάντυ	sandy	σάντυ		PROPN;NOM;FEM;SG
fra	fra	fra	fra		
cuốc	τυχαίος	cuốc	τυχαίος	N	ADJ;NOM;MASC;SG
cuốc	τυχαίο	cuốc	τυχαίος	N	ADJ;NOM;NEUT;SG
cuốc	τυχαία	cuốc	τυχαίος	N	ADV
ftp	ftp	ftp	ftp	N	
desmond	ντέσμοντ	desmond	ντέσμοντ		PROPN;NOM;MASC;SG
paranaense	παραναένσε	paranaense	παραναένω		V;PFV;IND;SG;3;PST;FIN;ACT
terra	tera	terra	tera		
terra	terra	terra	terra		
tudor	τυδώρ	tudor	τυδώρ	N	NUM
wikisource	βικιθήκη	wikisource	βικιθήκη	V	N;NOM;FEM;SG
neville	νέβιλ	neville	νέβιλ		
novara	νοβάρα	novara	νοβάρα	NUM	
charmed	γοητευμένος	charmed	γοητευμένος		V;PFV;NOM;MASC;SG;V.PTCP;PASS
kelvin	κέλβιν	kelvin	κέλβιν		
poltava	πολτάβα	poltava	πολτάβα	N	PROPN;NOM;FEM;SG
sergio	σέρτζιο	sergio	σέρτζιος	N	
hawking	χόκινγκ	hawking	χόκινγκ	N	
trier	trier	trier	trier	N	
sistema	sistema	sistema	sistema	V	
nihon	nihon	nihon	nihon	N	
medium	μέτρια	medium	μέτρι		N;NOM;FEM;SG
medium	μεσαία	medium	μεσαίος		ADV
medium	μεσαίο	medium	μεσαίος		N;NOM;NEUT;SG
medium	μέσο	medium	μέσος		N;ACC;NEUT;SG
jakob	jakob	jakob	jakob	N	
somali	σομαλία	somali	σομαλία	N	PROPN;NOM;FEM;SG
shane	shane	shane	shane		
shane	σέιν	shane	σέιν		
cal	καλ	cal	καλ		N
cal	cal	cal	cal		
cool	δροσερό	cool	δροσερός		ADJ;NOM;NEUT;SG
cool	κουλ	cool	κουλ		N;NOM;MASC;SG
cool	cool	cool	cool		
hardcore	hardcore	hardcore	hardcore	N	
sizedefault	sizedefault	sizedefault	sizedefault	N	
moreno	μορένο	moreno	μορένο		
telegraph	telegraph	telegraph	telegraph		
hcv	hcv	hcv	hcv	N	
milk	γάλα	milk	γάλα		N;NOM;NEUT;SG
stadion	stadion	stadion	stadion		
daphne	daphne	daphne	daphne	N	
daphne	δάφνη	daphne	δάφνη	N	PROPN;NOM;FEM;SG
jackie	jackie	jackie	jackie	N	
livingston	λίβινγκστον	livingston	λίβινγκστον		
wollaston	wollaston	wollaston	wollaston	V	
thierry	thierry	thierry	thierry	N	
graz	γκρατς	graz	γκρα		
fiorentina	fiorentina	fiorentina	fiorentina	N	
malus	malus	malus	malus	N	
mons	mons	mons	mons	N	
angolensis	angolen	angolensis	angolen	ADJ	
kangaroo	καγκουρό	kangaroo	καγκουρός		PROPN;NOM;NEUT;SG
kangaroo	καγκουρό	kangaroo	καγκουρός		PROPN;NOM;NEUT;SG
chrome	chrome	chrome	chrome	N	
ismail	ισμαήλ	ismail	ισμαήλ	N	
saratoga	σαρατόγκα	saratoga	σαρατόγκα		PROPN;NOM;NEUT;SG
irkutsk	ιρκούτσκ	irkutsk	ιρκούτσκ	N	
liếm	γλείψιμο	liếm	γλείψιμο	V	N;NOM;NEUT;SG
liếm	γλείψιμο	liếm	γλείψιμο	V	N;NOM;NEUT;SG
alejandro	αλεχάντρο	alejandro	αλεχάντρο	N	
friuli	friuli	friuli	friuli		
lancashire	lancashire	lancashire	lancashire	N	
albedo	albedo	albedo	albedo		
infinite	άπειρα	infinite	άπειρα	N	PRO;NOM;NEUT;PL;3
infinite	άπειρος	infinite	άπειρος	N	ADJ;NOM;MASC;SG
infinite	άπειρες	infinite	άπειρα	N	ADJ;NOM;FEM;PL
castello	castello	castello	castello	N	
myspace	myspace	myspace	myspace	N	
saab	saab	saab	saab	N	
hale	χέιλ	hale	χέιλ	N	
gloucester	γκλόστερ	gloucester	γκλόστερ		
breda	breda	breda	breda	N	
macrocarpa	macrocarpa	macrocarpa	macrocarpa	N	
res	res	res	res		
marvin	μάρβιν	marvin	μάρβιν	N	
lift	ανύψωση	lift	ανύψωση		N;ACC;FEM;SG
lift	ασανσέρ	lift	ασανσέρ		N;NOM;NEUT;SG
lift	ανελκυστήρας	lift	ανελκυστήρας		N;NOM;MASC;SG
inn	inn	inn	inn	N	
inn	ιν	inn	ιν	N	
sonny	sonny	sonny	sonny		
sonny	σόνι	sonny	σόνι		
sonny	σόνυ	sonny	σόνυ		N
esp	esp	esp	esp	N	
encyclopædia	encyclopædia	encyclopædia	encyclopædia	V	
aguilar	αγκιλάρ	aguilar	αγκιλάρ		N
gore	γκορ	gore	γκορ		
sega	sega	sega	sega		
phuket	phuket	phuket	phuket	N	
donna	ντόνα	donna	ντόνος		
kauai	καουάι	kauai	καουάι		
halle	halle	halle	halle	N	
ulrich	ούλριχ	ulrich	ούλριχ		
checkuser	checkuser	checkuser	checkuser	N	
gap	χάσμα	gap	χάσμα	V	N;NOM;NEUT;SG
gap	κενό	gap	κενό	V	N;NOM;NEUT;SG
tirana	τίρανα	tirana	τίρανα	N	PROPN;NOM;NEUT;PL
tirana	τιράνων	tirana	τιράνας	N	PROPN;GEN;NEUT;PL
karelia	καρελία	karelia	καρελία	N	PROPN;NOM;FEM;SG
mourinho	μουρίνιο	mourinho	μουρίνιος	N	
ogg	ogg	ogg	ogg	N	
frances	φράνσις	frances	φράνσις		PROPN;NOM;MASC;SG
adriatic	αδριατικής	adriatic	αδριατικός		ADJ;GEN;FEM;SG
adriatic	αδριατική	adriatic	αδριατικός		ADJ;NOM;FEM;SG
viva	viva	viva	viva		
conmebol	conmebol	conmebol	conmebol	N	
cafe	cafe	cafe	cafe	N	
assassin	δολοφόνος	assassin	δολοφόνος	N	ADJ;NOM;MASC;SG
farm	farm	farm	farm	N	
vanilla	κεραυνός	vanilla	κεραυνός		N;NOM;MASC;SG
vanilla	κεραυνό	vanilla	κεραυνός		NUM;NOM;MASC;SG
vanilla	βανίλια	vanilla	βανίλι		N;NOM;FEM;SG
lepidium	le	lepidium	le	V	
société	société	société	société	N	
extreme	ακραία	extreme	ακραίος		ADV
extreme	ακραίες	extreme	ακραίος		ADJ;NOM;FEM;PL
extreme	ακραίο	extreme	ακραίο		ADJ;NOM;NEUT;SG
bilbao	μπιλμπάο	bilbao	μπιλμπάο	N	
bun	βούλγαρος	bun	βούλγαρος		PROPN;NOM;MASC;SG
bun	βουλγαρική	bun	βουλγάρικος		ADJ;NOM;FEM;SG
bun	βούλγαροι	bun	βούλγαρος		PROPN;NOM;MASC;PL
bun	ψωμάκι	bun	ψωμάκι		N;NOM;NEUT;SG
bun	κουλούρι	bun	κουλούρι		N;NOM;NEUT;SG
newark	νιούαρκ	newark	νιούαρκ	N	
isidro	isidro	isidro	isidro	NUM	
woody	γούντι	woody	γούντι		
fat	χοντρός	fat	χοντρός	N	ADJ;NOM;MASC;SG
luffy	luffy	luffy	luffy	N	
myrtaceae	myrtaceae	myrtaceae	myrtaceae	N	
andrey	αντρέι	andrey	αντρέι	N	PROPN;NOM;MASC;SG
pegasus	πήγασος	pegasus	πήγασος		N;NOM;MASC;SG
monogatari	monogatari	monogatari	monogatari	N	
wilde	γουάιλντ	wilde	γουάιλντ	N	
glycine	γλυκίνη	glycine	γλυκίνος	N	PROPN;NOM;FEM;SG
olympus	ολύμπου	olympus	ολύμπος	N	PROPN;GEN;MASC;SG
tashkent	τασκένδη	tashkent	τασκένδη	N	PROPN;NOM;FEM;SG
lex	lex	lex	lex		
lex	λεξ	lex	λεξ		
magnifica	magnifica	magnifica	magnifica		
fukushima	φουκουσίμα	fukushima	φουκουσίμα	N	PROPN;ACC;FEM;SG
episodes	επεισόδια	episodes	επεισόδιο		N;NOM;NEUT;PL
herb	χερμπ	herb	χερμπ		N
herb	βότανο	herb	βότανο		N;NOM;NEUT;SG
ringo	ρίνγκο	ringo	ρίνγκο		
nicola	νικόλα	nicola	νικόλα	N	PROPN;NOM;MASC;SG
nicola	νίκολα	nicola	νίκολα	N	
burgundy	μπορντό	burgundy	μπορντό	N	PROPN;NOM;NEUT;SG
renault	ρενό	renault	ρενό		
renault	renault	renault	renault		
bleach	χλωρίνη	bleach	χλωρίνος		N;NOM;FEM;SG
avengers	εκδικητές	avengers	εκδικητής		N;NOM;MASC;PL
weiss	γουάις	weiss	γουά	N	
mecca	μέκκα	mecca	μέκκα	N	PROPN;NOM;NEUT;SG
kamakura	καμακούρα	kamakura	καμάκουρα	N	PROPN;NOM;FEM;SG
augsburg	augsburg	augsburg	augsburg	N	
fide	fide	fide	fide	N	
dickinson	ντίκινσον	dickinson	ντίκινσον		PROPN;NOM;FEM;SG
melanie	μέλανι	melanie	μέλανι		
holloway	χόλογουεϊ	holloway	χολογούμος	V	N;NOM;MASC;SG
hume	hume	hume	hume	N	
kar	καρ	kar	καρ	N	
ngơ	αγνοώντας	ngơ	αγνοώ		V;IPFV;V.CVB;ACT
chamberlain	τσάμπερλεν	chamberlain	τσάμπερλο	V	N;NOM;MASC;SG
gala	γκαλά	gala	γκαλά		
bye	αντίο	bye	αντίο		N
cằm	τσιν	cằm	τσεν	N	
pioneer	πρωτοπόρος	pioneer	πρωτοπόρος	N	ADJ;NOM;MASC;SG
paula	πόλα	paula	πόλα		
paula	πάολα	paula	πάολα		PROPN;NOM;FEM;SG
paula	πώλα	paula	πώλα		N
imdb	imdb	imdb	imdb		
toulon	τουλόν	toulon	τουλόν	N	PROPN;NOM;FEM;SG
romano	ρομάνο	romano	ρομάνος		
romano	romano	romano	romano		
wizard	μάγο	wizard	μάγος		N;ACC;MASC;SG
wizard	μάγος	wizard	μάγος		N;NOM;MASC;SG
selim	σελίμ	selim	σελίμ	N	
yom	γιομ	yom	γιομ		
damian	ντέμιαν	damian	ντέμιαν	N	
bedford	μπέντφορντ	bedford	μπέντφορντ	N	
haifa	χάιφα	haifa	χάιφα	N	
bor	μπορ	bor	μπορ		V;IPFV;IND;SG;1;PRS;FIN;ACT
cash	κας	cash	κας		
cash	μετρητά	cash	μετρητά		N;NOM;NEUT;SG
lugo	λούγκο	lugo	λούγκος	NUM	N
teo	τέο	teo	τέος	V	
kenji	κέντζι	kenji	κέντζι		N
sardegna	sardegna	sardegna	sardegna	N	
nur	νουρ	nur	νουρ	N	
robson	ρόμπσον	robson	ρόμπσον	N	
mask	μάσκα	mask	μάσκα		N;NOM;FEM;SG
coa	coa	coa	coa	V	
cluj	cluj	cluj	cluj	NUM	
sinclair	σινκλέρ	sinclair	σινκλέρ		N
asparagus	σπαράγγια	asparagus	σπαράγγιος		N;NOM;NEUT;PL
rojas	ρόχας	rojas	ρόχος		PROPN;NOM;MASC;SG
dahl	νταλ	dahl	νταλ	N	
nhả	απελευθέρωση	nhả	απελευθέρωση	V	N;NOM;FEM;SG
nhả	αποδέσμευση	nhả	αποδέσμευση	V	N;ACC;FEM;SG
nhả	ελευθέρωση	nhả	ελευθέρωση	V	N;ACC;FEM;SG
charlemagne	καρλομάγνου	charlemagne	καρλομάγνο		N;GEN;MASC;SG
heathrow	heathrow	heathrow	heathrow	N	
jenkins	τζένκινς	jenkins	τζένκινς		
minneapolis	μινεάπολη	minneapolis	μινεάπολη		PROPN;NOM;FEM;SG
pack	πακέτο	pack	πακέτος		N;NOM;NEUT;SG
pack	αγέλη	pack	αγέλος		N;NOM;FEM;SG
pack	συσκευασία	pack	συσκευασία		N;NOM;FEM;SG
modena	modena	modena	modena	NUM	
buckingham	μπάκιγχαμ	buckingham	μπάκιγχαμ		
kitty	κίτι	kitty	κίτι		
kitty	γατάκι	kitty	γατάκι		N;NOM;NEUT;SG
kitty	γατούλα	kitty	γατούλα		N;NOM;FEM;SG
omer	ομέρ	omer	ομέρ		PROPN;NOM;MASC;SG
sholokhov	σόλοχοφ	sholokhov	σόλοχοφ		N;NOM;MASC;SG
mona	μόνα	mona	μόνος	N	ADJ;NOM;NEUT;PL
elsa	έλσα	elsa	έλσα	N	PROPN;NOM;FEM;SG
maritima	maritima	maritima	maritima		
madeleine	μαντλέν	madeleine	μαντλέν	N	PROPN;NOM;FEM;SG
baba	μπάμπα	baba	μπάμπα		
ost	ost	ost	ost		
backstreet	backstreet	backstreet	backstreet		
tulagi	τουλάγκι	tulagi	τουλάγκι	N	
campagne	campagne	campagne	campagne	V	
nagano	ναγκάνο	nagano	ναγκάνος	N	
spielberg	σπίλμπεργκ	spielberg	σπίλμπεργκ		
kana	kana	kana	kana	N	
coventry	κόβεντρι	coventry	κόβεντρι	N	PROPN;NOM;FEM;SG
lathyrus	lathyrus	lathyrus	lathyrus	V	
pbs	pbs	pbs	pbs		
pau	pau	pau	pau	N	
ararat	αραράτ	ararat	αραράτ	N	
lhasa	λάσα	lhasa	λάσα	N	PROPN;NOM;FEM;SG
ito	ίτο	ito	ίτο		N
calvert	κάλβερτ	calvert	κάλβερτ		N
nolan	νόλαν	nolan	νόλος		
fitzgerald	φιτζέραλντ	fitzgerald	φιτζέραλντ	N	
fitzgerald	fitzgerald	fitzgerald	fitzgerald	N	
treviso	τρεβίζο	treviso	τρεβίζο	N	
linum	linum	linum	linum		
romeo	ρομέο	romeo	ρομέο	N	
romeo	ρωμαίος	romeo	ρωμαίος	N	PROPN;NOM;MASC;SG
didier	ντιντιέ	didier	ντιντιέ	N	
liguria	liguria	liguria	liguria	N	
joyce	τζόις	joyce	τζόις	N	
wai	wai	wai	wai	N	
meet	συναντήσω	meet	συναντώ	ADJ	V;PFV;IND;SG;1;FIN;ACT
meet	συνάντηση	meet	συνάντηση	ADJ	N;ACC;FEM;SG
alexis	αλέξις	alexis	αλέξις	N	PROPN;NOM;MASC;SG
avenger	εκδικητής	avenger	εκδικητής		N;NOM;MASC;SG
greenwich	γκρίνουιτς	greenwich	γκρίνω	N	PROPN;NOM;NEUT;SG
caserta	caserta	caserta	caserta	N	
usaf	usaf	usaf	usaf		
titus	τάιτους	titus	τάιτος	N	NUM
hayek	χάγιεκ	hayek	χάγιεκ	N	
messenger	messenger	messenger	messenger	N	
messenger	αγγελιοφόρος	messenger	αγγελιοφόρος	N	ADJ;NOM;MASC;SG
messenger	αγγελιαφόρος	messenger	αγγελιαφόρος	N	ADJ;NOM;MASC;SG
por	por	por	por		
lagos	λάγκος	lagos	λάγκος	N	
stream	ροή	stream	ροή		N;NOM;FEM;SG
stream	ρέμα	stream	ρέμα		N;NOM;NEUT;SG
stream	ρυάκι	stream	ρυάκι		N;NOM;NEUT;SG
stream	stream	stream	stream		
palmas	πάλμας	palmas	πάλμα	N	PROPN;NOM;MASC;SG
oldenburg	oldenburg	oldenburg	oldenburg		
jacobs	jacobs	jacobs	jacobs	N	
jacobs	τζέικομπς	jacobs	τζέικομπς	N	PROPN;NOM;MASC;SG
ngẫm	μάσα	ngẫm	μάσα	V	
reims	reims	reims	reims	N	
ensign	σημαιοφόρος	ensign	σημαιοφόρος		ADJ;NOM;MASC;SG
carlsen	κάρλσεν	carlsen	κάρλω	N	V;PFV;IND;SG;3;PST;FIN;ACT
ericsson	έρικσον	ericsson	έρικσον	N	
ericsson	ericsson	ericsson	ericsson	N	
achilles	αχιλλέα	achilles	αχιλλέα	N	PROPN;ACC;MASC;SG
achilles	αχιλλέα	achilles	αχιλλέα	N	PROPN;ACC;MASC;SG
gerard	ζεράρ	gerard	ζεράρ		
gerard	τζεράρντ	gerard	τζεράρντ		N
gerard	τζεράρντ	gerard	τζεράρντ		N
yerevan	γερεβάν	yerevan	γερεβάν	N	PROPN;NOM;NEUT;SG
bergman	μπέργκμαν	bergman	μπέργκμαν		
cast	καστ	cast	καστ	N	
oran	οράν	oran	οράν		PROPN;NOM;NEUT;SG
ortiz	ορτίζ	ortiz	ορτίζ		N
focke	focke	focke	focke		
constance	κόνστανς	constance	κόνστανς	N	ADV
boca	μπόκα	boca	μπόκα	N	
nếm	γεύση	nếm	γεύση	V	N;NOM;FEM;SG
nếm	γούστο	nếm	γούστος	V	N;NOM;NEUT;PL
ski	σκι	ski	σκι	N	
guetta	guetta	guetta	guetta		
dhaka	ντάκα	dhaka	ντάκα	N	
seem	sem	seem	sem	ADJ	
amour	amour	amour	amour	N	
amor	amor	amor	amor		
theresia	theresia	theresia	theresia	N	
zara	ζάρα	zara	ζάρα		
richelieu	ρισελιέ	richelieu	ρισελιά	N	PROPN;NOM;MASC;SG
snape	σνέιπ	snape	σνέιπ	N	PROPN;NOM;MASC;SG
guadalupe	γουαδελούπης	guadalupe	γουαδελούπος	N	PROPN;GEN;FEM;SG
españa	españa	españa	españa	N	
mendoza	μεντόζα	mendoza	μεντόζα	N	PROPN;NOM;NEUT;SG
lampard	λάμπαρντ	lampard	λάμπαρντ	N	
tunis	τύνιδα	tunis	τύνιδα	N	PROPN;NOM;NEUT;SG
nigel	νάιτζελ	nigel	νάιτζελ	N	
sue	sue	sue	sue		
sue	σου	sue	σου		V;IPFV;IND;SG;1;PRS;FIN;ACT
garfield	γκάρφιλντ	garfield	γκάρφιλντ		
alicia	alicia	alicia	alicia		
alicia	αλίσια	alicia	αλίσιος		PROPN;NOM;FEM;SG
registry	μητρώο	registry	μητρώο		N;NOM;NEUT;SG
eindhoven	eindhoven	eindhoven	eindhoven	N	
archipelago	αρχιπέλαγος	archipelago	αρχιπέλαγος	V	N;NOM;NEUT;SG
gogh	γκογκ	gogh	γκογκ		
jedi	jedi	jedi	jedi	N	
jedi	τζεντάι	jedi	τζεντάι	N	
iglesias	iglesias	iglesias	iglesias	N	
nirvana	νιρβάνα	nirvana	νιρβάνα		N;NOM;FEM;SG
harley	χάρλεϊ	harley	χάρλεϊ	N	V;IPFV;IND;SG;1;PST;FIN;ACT
wanted	καταζητούμενος	wanted	καταζητούμενος	N	ADJ;NOM;MASC;SG
wanted	καταζητείται	wanted	καταζητώ	N	V;IPFV;IND;SG;3;PRS;FIN;PASS
wanted	ήθελε	wanted	θέλω	N	V;IPFV;IND;SG;3;PST;FIN;ACT
wanted	ηθελε	wanted	αθέρω	N	V;IPFV;IND;SG;3;PST;FIN;ACT
parvifolia	parvifolia	parvifolia	parvifolia		
survivor	survivor	survivor	survivor	N	
gauge	μετρητής	gauge	μετρητής		N;NOM;MASC;SG
reno	ρίνο	reno	ρίνο	N	
reno	ρήνο	reno	ρήνο	N	PROPN;ACC;MASC;SG
nháp	προσχέδιο	nháp	προσχέδιο	V	N;NOM;NEUT;SG
nháp	σχέδιο	nháp	σχέδιο	V	N;NOM;NEUT;SG
chát	τσατ	chát	τσατ	ADJ	N;NOM;NEUT;SG
chát	συνομιλία	chát	συνομιλία	ADJ	N;ACC;FEM;SG
chát	chat	chát	chat	ADJ	
melody	μελωδία	melody	μελωδία		N;NOM;FEM;SG
sterling	στέρλινγκ	sterling	στέρλινγκ	V	
chambers	θάλαμοι	chambers	θάλαμος		N;NOM;MASC;PL
chambers	τσέιμπερς	chambers	τσέιμπερς		N
mari	mari	mari	mari		
sikh	σιχ	sikh	σιχ	N	NUM;NOM;SG
humbert	χάμπερτ	humbert	χάμπερτ		N
corsair	corsair	corsair	corsair	N	
vaux	vaux	vaux	vaux	N	
ivy	άιβι	ivy	άιβι		N
ivy	ήβη	ivy	ήβη		PROPN;NOM;FEM;SG
northampton	νορθάμπτον	northampton	νορθάμπτος		
penaltyscore	penaltyscore	penaltyscore	penaltyscore	V	
judith	τζούντιθ	judith	τζούντιθ	N	
constantius	κωνστάντιος	constantius	κωνστάντιος	N	ADJ;NOM;MASC;SG
shirley	σίρλεϊ	shirley	σίρλεϊ		PROPN;NOM;FEM;SG
michelangelo	μικελάντζελο	michelangelo	μικελάντζελος		N;GEN;NEUT;SG
nairobi	ναϊρόμπι	nairobi	ναϊρόμπι	N	
xui	άτυχο	xui	άτυχος	ADJ	N;ACC;MASC;SG
xui	άτυχη	xui	άτυχος	ADJ	N;NOM;FEM;SG
xui	ατυχία	xui	ατυχία	ADJ	N;ACC;FEM;SG
lou	λου	lou	λου	N	
lou	lou	lou	lou	N	
pulitzer	πούλιτζερ	pulitzer	πούλιτζερ		N;NOM;NEUT;SG
akbar	ακμπάρ	akbar	ακμπάρ	N	
sandra	σάντρα	sandra	σάντρα		N;NOM;FEM;SG
krasnoyarsk	κρασνογιάρσκ	krasnoyarsk	κρασνογιάρσκ	N	PROPN;NOM;FEM;SG
buch	buch	buch	buch		
interwiki	inter	interwiki	inter	N	
acad	acad	acad	acad	N	
angry	θυμωμένος	angry	θυμωμένος	N	V;PFV;NOM;MASC;SG;V.PTCP;PASS
angry	θυμωμένη	angry	θυμώμανος	N	V;PFV;NOM;FEM;SG;V.PTCP;PASS
angry	οργισμένος	angry	οργισμένος	N	ADJ;NOM;MASC;SG
angry	θυμωμένοι	angry	θυμώμένος	N	V;PFV;NOM;MASC;PL;V.PTCP;PASS
nịnh	κολακεία	nịnh	κολακεία	V	N;NOM;FEM;SG
lisboa	λισαβόνα	lisboa	λισαβόνα		
lisboa	λισσαβόνα	lisboa	λισσαβόνα		N;SG
lisboa	λισαβόνας	lisboa	λισσαβώνα		PROPN;GEN;FEM;SG
lisboa	λισσαβώνα	lisboa	λισσαβώνα		N;NOM;FEM;SG
sorbus	sorbus	sorbus	sorbus	N	
stamford	στάμφορντ	stamford	στάμφορντ	N	
klm	klm	klm	klm		
kansai	κανσάι	kansai	κανσάι		N
marca	marca	marca	marca	N	
lineatus	lineatus	lineatus	lineatus		
mannheim	mannheim	mannheim	mannheim	N	
mannheim	μάνχαϊμ	mannheim	μάνχαϊμ	N	PROPN;NOM;NEUT;SG
everest	everest	everest	everest	N	
nationale	nationale	nationale	nationale	N	
mpeg	mpeg	mpeg	mpeg	N	
ida	ida	ida	ida		
atm	atm	atm	atm	N	
deutsch	deutsch	deutsch	deutsch	N	
cantor	κάντορ	cantor	κάντορ		NUM;NOM;SG
dorset	ντόρσετ	dorset	ντόρσετ	N	
dover	ντόβερ	dover	ντόβερ	N	
avia	avia	avia	avia		
tarsus	ταρσού	tarsus	ταρσού		N
bohr	μπορ	bohr	μπορ	N	V;IPFV;IND;SG;1;PRS;FIN;ACT
lamb	λαμπ	lamb	λαμπ	N	
noir	νουάρ	noir	νουάρ		N;NOM;NEUT;SG
brezhnev	μπρέζνιεφ	brezhnev	μπρέζνιεφ	N	
bray	μπρέι	bray	μπρέι	NUM	N
giỏ	καλάθι	giỏ	καλάθι	N	
sap	sap	sap	sap		
lauren	lauren	lauren	lauren		
lauren	λόρεν	lauren	λόρος		PROPN;NOM;FEM;SG
marta	μάρτα	marta	μάρτα	N	PROPN;NOM;FEM;SG
tạt	μουστάρδα	tạt	μουστάρδα	ADJ	N;NOM;NEUT;SG
ars	ars	ars	ars		
hana	χάνα	hana	χάνας	N	
tristan	τρίσταν	tristan	τρίσκω		
howe	χάου	howe	χάος	N	
saunders	σόντερς	saunders	σόντερς		N
wyatt	γουάιτ	wyatt	γουάιτ		
wyatt	γουάιατ	wyatt	γουάιατ		N
katherine	κάθριν	katherine	κάθριν		
manitoba	μανιτόμπα	manitoba	μανιτόμπα	N	PROPN;ACC;FEM;SG
cật	νεφρά	cật	νεφρά	V	N;NOM;NEUT;PL
eliot	έλιοτ	eliot	έλιοτ	N	
stern	πρύμνη	stern	πρύμνη		N;NOM;FEM;SG
stern	στερν	stern	στερν		
teddy	τέντυ	teddy	τέντυ		NUM;NOM;MASC;SG
teddy	τέντι	teddy	τέντι		
teddy	teddy	teddy	teddy		
marek	μάρεκ	marek	μάρεκ		V;IPFV;IND;PL;1;PST;FIN;ACT
breaking	σπάσιμο	breaking	σπάσιμο		N;NOM;NEUT;SG
breaking	σπάζοντας	breaking	σπάζω		V;IPFV;V.CVB;ACT
alien	εξωγήινος	alien	εξωγήινος		ADJ;NOM;MASC;SG
alien	εξωγήινη	alien	εξωγήινος		N;NOM;FEM;SG
alien	αλλοδαπός	alien	αλλοδαπός		ADJ;NOM;MASC;SG
alien	εξωγήινο	alien	εξωγήινος		N;NOM;NEUT;SG
schindler	σίντλερ	schindler	σίντλερ		
lydia	λυδία	lydia	λυδία		PROPN;NOM;FEM;SG
lydia	λύντια	lydia	λύντια		ADV
lydia	λίντια	lydia	λίντια		PROPN;NOM;FEM;SG
fun	διασκεδαστικό	fun	διασκεδαστικός	N	ADJ;NOM;NEUT;SG
kumamoto	κουμαμότο	kumamoto	κούμαμότος		N;NOM;NEUT;SG
lorenz	lorenz	lorenz	lorenz		
hillary	χίλαρι	hillary	χίλαρι	N	PROPN;NOM;FEM;SG
clermont	κλερμόν	clermont	κλερμόν	N	PROPN;NOM;MASC;SG
dalton	ντάλτον	dalton	ντάλτον		
gottfried	γκότφριντ	gottfried	γκότφριντ		
byrne	μπερν	byrne	μπερν	N	
lesser	μικρότερο	lesser	μικρός		ADJ;NOM;CMPR;NEUT;SG
bluetooth	bluetooth	bluetooth	bluetooth	N	
compton	κόμπτον	compton	κόμπτος	N	
mgm	mgm	mgm	mgm	N	
brock	μπροκ	brock	μπροκ		
conway	κόνγουεϊ	conway	κόνγω	N	V;IPFV;IND;PL;1;PRS;FIN;ACT
msn	msn	msn	msn		
fleming	φλέμινγκ	fleming	φλέμινγκ	N	
rodrigues	rodrigues	rodrigues	rodrigues		
snyder	σνάιντερ	snyder	σνάιντερ		
credit	πιστωτική	credit	πιστωτικός		ADJ;NOM;FEM;SG
credit	πίστωση	credit	πίστωση		N;ACC;FEM;SG
credit	credit	credit	credit		
carrie	κάρι	carrie	κάρι		
carrie	κέρι	carrie	κέρι		PROPN;NOM;MASC;SG
classics	κλασικές	classics	κλασικός	N	ADJ;NOM;FEM;PL
classics	κλασσικά	classics	κλασσικός	N	ADV
classics	κλασικά	classics	κλασικός	N	ADV
axel	axel	axel	axel	N	
corp	corp	corp	corp	N	
punic	καρχηδονιακός	punic	καρχηδονιακός	N	ADJ;NOM;MASC;SG
molotov	μολότοφ	molotov	μολότοφ		N;NOM;NEUT;SG
novosibirsk	νοβοσιμπίρσκ	novosibirsk	νοβοσιμπίρσκ		
galápagos	γκαλαπάγκος	galápagos	γκαλαπάγκος		PROPN;NOM;NEUT;SG
frost	φροστ	frost	φροστ		
frost	παγωνιά	frost	παγωνία		N;NOM;FEM;SG
bratislava	μπρατισλάβα	bratislava	μπρατισλάβος	N	PROPN;NOM;FEM;SG
utrecht	ουτρέχτη	utrecht	ουτρέχτης	N	PROPN;ACC;FEM;SG
herschel	χέρσελ	herschel	χέρσελ	N	V;PFV;IND;SG;3;PST;FIN;ACT
wiltshire	wiltshire	wiltshire	wiltshire	N	
lausanne	lausanne	lausanne	lausanne	N	
jacqueline	ζακλίν	jacqueline	ζακλίν	N	PROPN;NOM;FEM;SG
café	cafe	café	cafe	N	
café	cafe	café	cafe	N	
norris	νόρις	norris	νόρις		PROPN;NOM;MASC;SG
freiburg	φράιμπουργκ	freiburg	φράιμπουργκ	N	PROPN;NOM;NEUT;SG
sui	sui	sui	sui	N	
gekko	γκέκο	gekko	γκέκο	V	N
nikita	νικίτα	nikita	νικίτα		PROPN;NOM;MASC;SG
pleasant	ευχάριστα	pleasant	ευχάριστα		ADV
pleasant	ευχάριστη	pleasant	ευχάριστος		ADJ;NOM;FEM;SG
pleasant	ευχάριστο	pleasant	ευχάριστος		ADJ;NOM;NEUT;SG
pleasant	ευχάριστος	pleasant	ευχάριστος		ADJ;NOM;MASC;SG
davy	ντέιβι	davy	ντέιβι	N	
magdalena	μαγδαληνή	magdalena	μαγδαληνός	N	ADJ;NOM;FEM;SG
magdalena	magdalena	magdalena	magdalena	N	
arras	αρράς	arras	αρρά	N	PROPN;NOM;FEM;SG
tot	tot	tot	tot	ADJ	
điếc	κουφός	điếc	κουφός	V	N;NOM;MASC;SG
điếc	κουφό	điếc	κουφός	V	PROPN;NOM;NEUT;SG
subfamilia	subfamilia	subfamilia	subfamilia	N	
xxi	xxi	xxi	xxi	NUM	
archimedes	αρχιμήδη	archimedes	αρχιμήδη	N	ADJ;NOM;NEUT;SG
neu	neu	neu	neu		
annona	annona	annona	annona		
casino	casino	casino	casino	N	
sami	σάμι	sami	σάμι		
marilyn	μέριλιν	marilyn	μέριλιν	N	
vincennes	vincennes	vincennes	vincennes		
morebits	more	morebits	more		
hyde	χάιντ	hyde	χάιντ	N	
lugubris	lugubris	lugubris	lugubris		
simone	σιμόν	simone	σιμόν		
simone	simone	simone	simone		
ulysses	οδυσσέας	ulysses	οδυσσέας	N	PROPN;NOM;MASC;SG
ulysses	οδυσσέα	ulysses	οδυσσέας	N	PROPN;ACC;MASC;SG
rệp	μπαγκς	rệp	μπαγκς	N	
bourg	μπουργκ	bourg	μπουργκ	N	
tanganyika	ταγκανίκα	tanganyika	ταγκανίκα		PROPN;NOM;FEM;SG
sacramento	σακραμέντο	sacramento	σακραμέντος	N	PROPN;NOM;NEUT;SG
genji	γκέντζι	genji	γκέντζι		
wallis	wallis	wallis	wallis	N	
jericho	τζέρικο	jericho	τζέρικο	N	
thatcher	θάτσερ	thatcher	θάτσερ	V	N;NOM;FEM;SG
byron	μπάιρον	byron	μπάιρον		
faber	φέιμπερ	faber	φέιμπερ	N	V;PFV;IND;SG;3;PST;FIN;ACT
zip	zip	zip	zip	N	
toni	τόνι	toni	τόνι		
itachi	itachi	itachi	itachi	N	
alexios	αλέξιος	alexios	αλέξιος	N	PROPN;NOM;MASC;SG
raoul	ραούλ	raoul	ραούλ		PROPN;NOM;MASC;SG
colt	κολτ	colt	κολτ	N	
clarence	κλάρενς	clarence	κλάρενς		PROPN;NOM;MASC;SG
watt	watt	watt	watt		
watt	watt	watt	watt		
watt	γουάτς	watt	γουάτς		
watt	watts	watt	watts		
senegalensis	senegalen	senegalensis	senegalen	ADJ	
yoko	γιόκο	yoko	γιόκο		
livingstone	λίβινγκστον	livingstone	λίβινγκστον		
caracas	καράκας	caracas	καράκας	N	PROPN;NOM;FEM;SG
ned	νεντ	ned	νεντ	N	
sarkozy	σαρκοζί	sarkozy	σαρκοζί	N	
jerzy	jerzy	jerzy	jerzy	N	
gội	αγλαΐα	gội	αγλαΐα	V	PROPN;NOM;FEM;SG
judy	τζούντυ	judy	τζούντυ	N	
judy	τζούντι	judy	τζούντι	N	
neue	neue	neue	neue	N	
crassus	κράσσος	crassus	κράσσος	N	PROPN;NOM;MASC;SG
poker	πόκερ	poker	πόκερ	N	
poker	poker	poker	poker	N	
higgins	χίγκινς	higgins	χίγκινς		N;NOM;MASC;SG
tal	ταλ	tal	ο	N	
aya	aya	aya	aya		
nevis	νέβις	nevis	νέβις	N	
internazionale	internazionale	internazionale	internazionale	N	
vẫy	θρόισμα	vẫy	θρόισμα	V	N;NOM;NEUT;PL
germania	germania	germania	germania	V	
meade	μιντ	meade	μιντ		N
dorothy	ντόροθι	dorothy	ντόροθι		PROPN;NOM;MASC;SG
dorothy	ντόροθυ	dorothy	ντόρος		N;VOC;MASC;SG
mcmahon	mcmahon	mcmahon	mcmahon	N	
hartley	χάρτλεϊ	hartley	χάρτζω		V;IPFV;IND;SG;1;PST;FIN;ACT
jobs	δουλειές	jobs	δουλειή		N;NOM;FEM;PL
jobs	εργασίες	jobs	εργασία		N;NOM;FEM;PL
atr	atr	atr	atr		
bonnie	μπόνι	bonnie	μπόνι	N	
bonnie	bonnie	bonnie	bonnie	N	
som	som	som	som	N	
gnome	gnome	gnome	gnome		
gutenberg	gutenberg	gutenberg	gutenberg		
terre	terre	terre	terre	N	
rumble	rumble	rumble	rumble	N	
novo	novo	novo	novo		
gloster	gloster	gloster	gloster		
doubleday	doubleday	doubleday	doubleday	N	
vita	vita	vita	vita		
armata	armata	armata	armata	N	
nantes	νάντη	nantes	νάντης	N	PROPN;NOM;FEM;SG
stay	μείνετε	stay	μένω	N	V;PFV;IND;PL;2;FIN;ACT
stay	μείνε	stay	μένω	N	V;IPFV;IND;SG;1;PRS;FIN;ACT
panthera	panthera	panthera	panthera	N	
hersilia	ερσιλία	hersilia	ερσιλία		N;NOM;FEM;SG
worms	σκουλήκια	worms	σκουλήκιο		N;NOM;NEUT;PL
kamov	kamov	kamov	kamov	N	
enrico	ενρίκο	enrico	ενρίκο	N	
mei	μέι	mei	μέι	N	
nháy	φλας	nháy	φλας	V	N
nháy	λάμψη	nháy	λάμψη	V	N;ACC;FEM;SG
nháy	flash	nháy	flash	V	
nháy	αναλαμπή	nháy	αναλαμπή	V	N;NOM;FEM;SG
église	église	église	église		
alfredo	αλφρέντο	alfredo	αλφρένω	N	PROPN;NOM;MASC;SG
castilla	καστίλης	castilla	καστίλης	N	PROPN;GEN;FEM;SG
dayton	ντέιτον	dayton	ντέιτον	N	
bougainville	bougainville	bougainville	bougainville	N	
thun	thun	thun	thun	N	
superman	σούπερμαν	superman	σούπερνα	N	
superman	superman	superman	superman	N	
corbett	corbett	corbett	corbett		
champ	πρωταθλητής	champ	πρωταθλητής		N;NOM;MASC;SG
champ	πρωταθλητή	champ	πρωταθλητής		N;ACC;MASC;SG
saints	άγιοι	saints	άγιος	N	ADJ;NOM;MASC;PL
pall	pall	pall	pall		
aves	aves	aves	aves		
jerome	τζερόμ	jerome	τζερόμ	N	
rapunzel	ραπουνζέλ	rapunzel	ραπουνζέλ	V	
gupta	γκούπτα	gupta	γκούπτα		N
trọc	φαλακρός	trọc	φαλακρός	V	N;NOM;MASC;SG
trọc	φαλακρό	trọc	φαλακρός	V	PROPN;NOM;NEUT;SG
trọc	νεοναζί	trọc	νεοναζί	V	N;NOM;MASC;PL
als	als	als	als		
als	al	als	al		
neal	νηλ	neal	νηλ		
neal	νιλ	neal	νιλ		
sạc	φόρτιση	sạc	φόρτιση	V	N;ACC;FEM;SG
sạc	χρέωση	sạc	χρέωση	V	N;ACC;FEM;SG
sạc	φόρτιση	sạc	φόρτιση	V	N;ACC;FEM;SG
sạc	χρέωσης	sạc	χρέωση	V	N;GEN;FEM;SG
imax	imax	imax	imax	N	
fossil	απολίθωμα	fossil	απολίθωμα	NUM	N;NOM;NEUT;SG
bart	μπαρτ	bart	μπαρτ		
rightarm	rightarm	rightarm	rightarm		
karachi	καράτσι	karachi	καράτσι	N	
bourne	μπορν	bourne	μπορν	N	
leroy	λιρόι	leroy	λιρός		N
laurence	λόρενς	laurence	λόρης	N	PROPN;NOM;FEM;SG
callas	κάλλας	callas	κάλλος	N	PROPN;GEN;FEM;SG
dinamo	dinamo	dinamo	dinamo	N	
lester	λέστερ	lester	λέστερ		
