vaccinium	vaccinium	vaccinium	vaccinium	N	PROPN
indo	indo	indo	indo	N	
videos	video	videos	video		N;NOM;NEUT;SG
videos	musikvideos	videos	musikvideos		ADV
rubra	rubra	rubra	rubra	N	PROPN
chat	chatten	chat	chatte	N	V;NFIN
chat	chat	chat	chat	N	
chat	plaudern	chat	plaudern	N	V;NFIN
zen	zen	zen	zer	N	
goth	goth	goth	goth		ADJ
goth	gotische	goth	gotisch		ADJ;NOM;FEM;PL
goth	gotischen	goth	gotisch		ADJ
goth	gothic	goth	gothic		PROPN
scarlett	scarlett	scarlett	scarlett		PROPN
derek	derek	derek	der	N	PROPN;NOM;MASC;SG
belgrade	wolgograd	belgrade	wolgograd	N	PROPN;NOM;MASC;SG
belgrade	belgrad	belgrade	belgrad	N	PROPN;NOM;SG
teresa	teresa	teresa	teresa	N	PROPN;NOM;SG
đuốc	fackeln	đuốc	fackeln	N	V;NFIN
đuốc	taschenlampe	đuốc	taschenlampe	N	ADJ;NOM;FEM;SG
đuốc	fackel	đuốc	fackel	N	
bibliography	bibliographie	bibliography	bibliographie		N;NOM;FEM;SG
bibliography	bibliographische	bibliography	bibliographisch		ADJ;NOM;FEM;PL
bibliography	literatur	bibliography	literatur		ADJ
schaus	schaus	schaus	schaus	V	
tru	heulen	tru	heulen		V;NFIN
tru	drohen	tru	drohen		V;NFIN
tru	bedrohen	tru	bedrohen		V;NFIN
katy	katy	katy	katy		PROPN;NOM;SG
jeremy	jeremy	jeremy	jeremy	N	PROPN;NOM;MASC;SG
léon	léon	léon	léon		PROPN;NOM;MASC;SG
nakamura	nakamura	nakamura	nakamura	N	PROPN;NOM;SG
veronica	veronica	veronica	veronica		PROPN;NOM;SG
veronica	veronika	veronica	veronika		PROPN;NOM;FEM;SG
vision	leitbild	vision	leitbild	N	
vision	vision	vision	vision	N	
glenn	glenn	glenn	glenn		PROPN;SG
manning	manning	manning	manning	N	PROPN;NOM;MASC;SG
mận	pflaumen	mận	pflaum	N	V;NFIN
mận	plum	mận	plum	N	PROPN;NOM;SG
mận	pflaumen	mận	pflaum	N	V;NFIN
nách	gruben	nách	graben	N	V;FIN
hartmann	hartmann	hartmann	hartmann		PROPN;SG
euphrasia	euphrasia	euphrasia	euphrasia	N	PROPN;NOM;MASC;SG
firenze	florenz	firenze	florenz	N	PROPN;NOM;SG
firenze	firenze	firenze	firenz	N	PROPN;NOM;SG
polish	polnisch	polish	polnisch	NUM	ADJ
polish	polnischen	polish	polnisch	NUM	ADJ;NOM;MASC;PL
polish	polnische	polish	polnisch	NUM	ADJ;NOM;FEM;PL
polish	polnisches	polish	polnisch	NUM	ADJ;NOM;NEUT;SG
elvis	elvis	elvis	elvis	N	PROPN;NOM;MASC;SG
benson	benson	benson	benson		PROPN;SG
sting	sting	sting	stehen		PROPN;NOM;SG
sting	stechen	sting	stechen		V;NFIN
royce	royce	royce	royce		PROPN;NOM;MASC;SG
hesse	hessen	hesse	hessen	N	PROPN;NOM;NEUT;SG
hesse	hesse	hesse	hessen	N	PROPN;NOM;SG
mayer	mayer	mayer	mayer		PROPN;NOM;MASC;SG
marcos	marcos	marcos	marcos		PROPN;NOM;SG
française	française	française	française	N	PROPN;NOM;SG
greenwood	greenwood	greenwood	greenwood		PROPN
parks	nationalparks	parks	nationalparks		N;NOM;PL
parks	freizeitparks	parks	freizeitparks		ADV
parks	naturparks	parks	naturparks		N;NOM
parks	parkanlagen	parks	parkanlagen		N;NOM;FEM;PL
xốp	schaum	xốp	schaum	N	
ilyushin	iljuschin	ilyushin	iljuschin	N	ADJ
sưởi	heizkörper	sưởi	heizkörper	V	ADJ
holocaust	holocaust	holocaust	holocaust		PROPN;NOM;SG
lucien	lucien	lucien	lucien		PROPN;NOM;MASC;SG
lisbon	lissabon	lisbon	lissabon	N	PROPN;NOM;SG
arachnida	arachnida	arachnida	arachnida	N	
reggio	reggio	reggio	reggio	N	PROPN
hyderabad	hyderabad	hyderabad	hyderabad	N	PROPN;NOM;SG
opuntia	opuntia	opuntia	opuntia		ADJ
dion	dion	dion	dion		PROPN;NOM;MASC;SG
kay	kay	kay	kay		PROPN;NOM;MASC;SG
paramount	paramount	paramount	paramount	N	PROPN
ellen	ellen	ellen	ellen		PROPN;NOM;MASC;SG
ellen	eilen	ellen	eil		V;NFIN
benton	benton	benton	benton	N	PROPN
baron	baron	baron	baron		PROPN
continental	continental	continental	continental	N	
continental	kontinentale	continental	kontinental	N	ADJ;NOM;FEM;PL
continental	kontinentales	continental	kontinental	N	ADJ;NOM;NEUT;SG
continental	kontinent	continental	kontinent	N	
continental	kontinentalen	continental	kontinental	N	ADJ
rus	rus	rus	rus	N	PROPN;NOM;SG
rus	evu	rus	evu	N	
canaria	canaria	canaria	canaria	N	PROPN
nexus	nexus	nexus	nexus	N	PROPN;NOM;SG
magiê	magnesium	magiê	magnesium	N	PROPN
kabul	kabul	kabul	kabul	N	PROPN;NOM;MASC;SG
còi	summer	còi	summer	ADJ	PROPN
còi	pfeifen	còi	pfeifen	ADJ	V;NFIN
còi	pfeife	còi	pfeif	ADJ	
còi	pfeifen	còi	pfeifen	ADJ	V;NFIN
còi	pfeift	còi	pfeifen	ADJ	V;IND;SG;3;PRS;FIN
pre	pre	pre	pre	N	
pre	vorab	pre	vorab	N	ADV
pre	vor	pre	vor	N	ADP
preston	preston	preston	preston	N	PROPN
phraya	phraya	phraya	phraya	N	PROPN;NOM;MASC;SG
emi	emi	emi	emi		PROPN;NOM;MASC;SG
ulithi	ulithi	ulithi	ulithi	N	
luca	luca	luca	luca	N	PROPN;NOM;SG
saitama	saitama	saitama	saitama	N	PROPN;NOM;MASC;SG
jake	jake	jake	jaken		PROPN;NOM;SG
acanthodelta	achaia	acanthodelta	achaia	V	PROPN;NOM;MASC;SG
bel	bel	bel	bel	N	PROPN;NOM;SG
brabant	brabant	brabant	brabant	N	PROPN
cave	cave	cave	cave	N	
cave	grotte	cave	grott	N	
cave	höhle	cave	höhlen	N	
brandt	brandt	brandt	branden		PROPN
villosa	villosa	villosa	villosa		PROPN;NOM;SG
jensen	jensen	jensen	jensen		PROPN;NOM;SG
tito	tito	tito	tito		PROPN;NOM;SG
lille	lille	lille	lille	N	
splendens	splendens	splendens	splendens	N	ADV
herrera	herrera	herrera	herrera		PROPN;NOM;SG
vahl	vahl	vahl	vahl		PROPN;SG
gustave	gustave	gustave	gustave	N	PROPN;NOM;MASC;SG
wembley	wembley	wembley	wembley	N	PROPN;NOM;NEUT;SG
vale	vale	vale	vale	N	PROPN
mustang	mustang	mustang	mustang	N	PROPN;NOM;SG
wwf	wwf	wwf	wwf	N	PROPN;NOM;MASC;SG
berger	berger	berger	berger		PROPN;NOM;SG
vulgaris	vulgaris	vulgaris	vulgaris	N	PROPN;NOM;SG
ballet	ballet	ballet	ballen	N	
ballet	ballett	ballet	ballett	N	PROPN
bali	bali	bali	bali	N	PROPN;NOM;SG
click	klick	click	klick	V	
malay	malaiischen	malay	malaiisch	N	ADJ
malay	persische	malay	persisch	N	ADJ;NOM;FEM;PL
burke	burke	burke	burk		PROPN;NOM;SG
habana	habana	habana	habana	N	PROPN;NOM;MASC;SG
baldwin	baldwin	baldwin	baldwin	N	PROPN
glauca	glauca	glauca	glauca	N	PROPN;NOM;SG
gomez	gomez	gomez	gomez	N	PROPN;NOM;MASC;SG
gomez	gómez	gomez	gkezen	N	PROPN;NOM;MASC;SG
diva	diva	diva	diva	N	PROPN;NOM;SG
mills	mühlen	mills	mühlen		V;NFIN
mills	mills	mills	mills		PROPN
mills	mühle	mills	mühlen		
vogel	vogel	vogel	vogel	N	
exo	exo	exo	exo	N	
aquila	aquila	aquila	aquila	N	PROPN;NOM;SG
riley	riley	riley	riley		PROPN;NOM;SG
apache	apache	apache	apache	N	PROPN;NOM;SG
apache	apachen	apache	apach	N	
swaziland	swasiland	swaziland	swasiland	N	PROPN;NOM;MASC;SG
ngất	ohnmacht	ngất	ohnmacht	V	ADJ
ngất	ohnmächtig	ngất	ohnmächtig	V	ADJ
ngất	ohnmächtig	ngất	ohnmächtig	V	ADJ
thymus	thymus	thymus	thymus	N	PROPN;SG
kirk	kirk	kirk	kirk		PROPN;NOM;MASC;SG
villers	villers	villers	villers		PROPN;NOM;MASC;SG
bissau	bissau	bissau	bissau		PROPN;NOM;SG
humboldt	humboldt	humboldt	humboldt		PROPN;NOM;MASC;SG
angels	engel	angels	engel	N	
angels	angels	angels	angels	N	PROPN;NOM;SG
angels	engeln	angels	engeln	N	
cincinnati	cincinnati	cincinnati	cincinnati	N	PROPN;NOM;MASC;SG
stein	stein	stein	stein		PROPN;NOM;MASC;SG
jalisco	jalisco	jalisco	jalisco	N	ADJ
linden	linden	linden	linden	N	
linden	linde	linden	linde	N	PROPN;NOM;SG
ada	adda	ada	adda		PROPN;NOM;MASC;SG
albion	albion	albion	albion	N	PROPN;NOM;MASC;SG
wade	wade	wade	wade	N	PROPN;NOM;MASC;SG
strong	starke	strong	stark		ADJ;NOM;FEM;PL
strong	strong	strong	strong		PROPN
strong	stark	strong	stark		ADJ
strong	starken	strong	stark		ADJ;ACC;PL
wto	welthandelsorganisation	wto	welthandelsorganisation		ADJ
wto	wto	wto	wto		PROPN;NOM;MASC;SG
gould	gould	gould	gould		PROPN;NOM;SG
morales	morales	morales	moral		N;NOM;NEUT;SG
pixar	pixar	pixar	pixar	N	PROPN;SG
campos	campos	campos	campos	N	PROPN
kohl	kohl	kohl	kohl	N	PROPN;NOM;MASC;SG
gardens	gärten	gardens	gart		V;NFIN
gardens	gartenanlage	gardens	gartenanlage		ADJ;NOM;FEM;SG
gardens	gartens	gardens	gartens		N;NOM;NEUT;SG
gardens	garten	gardens	garten		V;NFIN
gardens	parkanlagen	gardens	parkanlagen		N;NOM;FEM;PL
quincy	quincy	quincy	quincy	N	PROPN;NOM;SG
ornata	ornata	ornata	ornata	N	
shizuoka	shizuoka	shizuoka	shizuoka		PROPN;NOM;MASC;SG
paz	paz	paz	paz		PROPN;NOM;MASC;SG
dante	dante	dante	dant		PROPN;NOM;SG
gérard	gérard	gérard	gérard		PROPN;NOM;SG
fury	fury	fury	fury	N	PROPN;NOM;MASC;SG
fury	zorn	fury	zorn	N	
fury	wut	fury	wut	N	
savage	savage	savage	savage		PROPN;NOM;SG
savage	wilden	savage	wild		
savage	wilde	savage	wilden		
savage	wilder	savage	wilder		ADJ
hogwarts	hogwarts	hogwarts	hogwarts	V	
oahu	oahu	oahu	oahu	N	PROPN;NOM;MASC;SG
gil	gil	gil	gil	N	PROPN;NOM;SG
cabo	cabo	cabo	cabo	N	PROPN;SG
jolie	jolie	jolie	jolie	N	PROPN;NOM;SG
rolls	walzen	rolls	walzen		V;NFIN
rolls	rollen	rolls	roll		V;NFIN
rolls	rolls	rolls	rolls		PROPN
rolls	brötchen	rolls	brötchen		V;NFIN
lviv	lwiw	lviv	lwiw	NUM	PROPN;NOM;SG
lviv	lemberg	lviv	lemberg	NUM	PROPN
rehder	rehder	rehder	rehder		ADJ
kota	kota	kota	kota	N	PROPN;NOM;MASC;SG
alessandro	alessandro	alessandro	alessandro	N	PROPN;NOM;SG
ekman	ekman	ekman	ekman		PROPN;NOM;MASC;SG
log	protokoll	log	protokoll	N	ADJ
log	anmelden	log	anmelden	N	V;NFIN
log	log	log	liegen	N	
log	einloggen	log	einloggen	N	V;NFIN
springer	springer	springer	spring	N	ADJ
barnard	barnard	barnard	barnard	N	ADJ
sabre	sabre	sabre	seben	N	PROPN;NOM;SG
thebes	theben	thebes	theben	N	PROPN
claudius	claudius	claudius	claudius	N	PROPN;NOM;SG
tricolor	tricolor	tricolor	tricolor		ADJ
schulz	schulz	schulz	schulz		PROPN;NOM;SG
bari	bari	bari	bari		PROPN
plasma	plasma	plasma	plasma	N	
versicolor	versicolor	versicolor	versicolor	ADJ	PROPN;SG
nathan	nathan	nathan	nathan	N	PROPN;NOM;SG
avro	avro	avro	avro	N	PROPN;NOM;MASC;SG
taekwondo	taekwondo	taekwondo	taekwondo	N	
shinsengumi	shinsengumi	shinsengumi	shinsengumi	N	
turk	turk	turk	turk		PROPN;NOM;SG
turk	türken	turk	türken		N;PL
patricia	patricia	patricia	patricia		PROPN;NOM;FEM;SG
minutus	minutus	minutus	minutus	N	
eduard	eduard	eduard	eduard		PROPN;NOM;MASC;SG
yangon	yangon	yangon	yangon	N	PROPN;NOM;SG
calamus	calamus	calamus	calamus	N	PROPN
enrique	enrique	enrique	enrique		PROPN;NOM;MASC;SG
strike	strike	strike	strik	N	
strike	schlag	strike	schlagen	N	
ranger	ranger	ranger	rang		ADJ
yard	werft	yard	werfen		N;NOM;FEM;SG
bucharest	bukarest	bucharest	bukarest	N	PROPN;NOM;NEUT;SG
konstantinos	konstantin	konstantinos	konstantin	N	PROPN;NOM;SG
konstantinos	constantine	konstantinos	constantine	N	PROPN
konstantinos	constantin	konstantinos	constantin	N	PROPN;NOM;SG
konstantinos	konstantinos	konstantinos	konstantinos	N	PROPN;NOM;MASC;SG
int	int	int	int	N	
shelby	shelby	shelby	shelby		PROPN;NOM;SG
lufthansa	lufthansa	lufthansa	lufthansa	N	PROPN;NOM;SG
taken	getroffen	taken	treffen|triefen		V;V.PTCP
taken	genommen	taken	nehmen		V;V.PTCP
taken	mitgenommen	taken	mitnehmen		V;V.PTCP
taken	aufgenommen	taken	aufnehmen		V;V.PTCP
connor	connor	connor	connor	N	PROPN;NOM;SG
dynamo	dynamo	dynamo	dynamo	N	PROPN;NOM;SG
harrier	harrier	harrier	harrier	N	PROPN
hon	lieben	hon	lieben		V;FIN
hon	liebe	hon	lieb		PROPN;NOM;SG
hon	liebes	hon	lieb		;NOM;SG
ôliu	olive	ôliu	olive	N	
ôliu	olivenöl	ôliu	olivenöl	N	V;NFIN
ôliu	oliven	ôliu	olive	N	V;NFIN
ôliu	oliven	ôliu	olive	N	V;NFIN
nola	nola	nola	nola	N	PROPN;SG
liechtenstein	liechtenstein	liechtenstein	liechtenstein		PROPN;NOM;NEUT;SG
shakira	shakira	shakira	shakira	N	PROPN;NOM;SG
sứa	quallen	sứa	quallen	N	V;NFIN
benoit	benoit	benoit	benoit	N	PROPN;NOM;SG
benoit	benoît	benoit	benoîen	N	PROPN;NOM;MASC;SG
rabaul	rabaul	rabaul	rabaul		PROPN;NOM;SG
atlantique	atlantique	atlantique	atlantique	N	PROPN;NOM;SG
cromwell	cromwell	cromwell	cromwell	N	PROPN
queens	damen	queens	damen	N	
queens	queens	queens	queens	N	PROPN;NOM
plain	schlicht	plain	schlicht		ADJ
plain	glatt	plain	glatt		ADJ
cello	cello	cello	cello	N	
robertson	robertson	robertson	robertson	N	PROPN
ser	ser	ser	sein	N	
rán	braten	rán	braten	N	V;NFIN
rán	fry	rán	fry	N	PROPN;NOM;SG
quầy	küchenchef	quầy	küchenchef	N	ADJ
quầy	chefkoch	quầy	chefkoch	N	PROPN;SG
quầy	köchin	quầy	köchin	N	
quầy	koch	quầy	koch	N	
hae	hae	hae	haben	N	
dracula	dracula	dracula	dracula	N	PROPN;NOM;SG
metropolitan	metropolen	metropolitan	Metropole	N	ADJ
metropolitan	metropolregion	metropolitan	metropolregion	N	ADJ
metropolitan	metropolitan	metropolitan	metropolitan	N	PROPN
vendée	vendée	vendée	vendée	N	PROPN;NOM;MASC;SG
tonga	tonga	tonga	tonga	N	PROPN;NOM;MASC;SG
territoire	territoire	territoire	territoire	N	PROPN;NOM;MASC;SG
pass	armbanduhr	pass	armbanduhr	N	PROPN
pass	beobachten	pass	beobachten	N	V;NFIN
pass	ansehen	pass	ansehen	N	V;NFIN
pass	anschauen	pass	anschauen	N	V;NFIN
pass	bestanden	pass	bestehen	N	V;V.PTCP
pass	weitergeben	pass	weitergeben	N	V;NFIN
pass	übergeben	pass	übergeben	N	V;V.PTCP
pass	vergehen	pass	vergehen	N	V;V.PTCP
pass	pass	pass	pass	N	
baja	baja	baja	baja	N	PROPN;SG
dam	talsperre	dam	talsperre	N	PROPN;NOM;SG
dam	damm	dam	damm	N	
dam	dam	dam	der	N	
yeltsin	jelzin	yeltsin	jelzin		PROPN;NOM;MASC;SG
lori	lori	lori	lori		PROPN;NOM;MASC;SG
canyon	canyon	canyon	canyon	N	PROPN;NOM;SG
malacca	malakka	malacca	malakka	N	PROPN;NOM;SG
walther	walther	walther	walth	N	PROPN
christie	christie	christie	christie	N	PROPN
oeste	oeste	oeste	oeste		PROPN;NOM;SG
dominique	dominique	dominique	dominique		PROPN;NOM;SG
garnier	garnier	garnier	garnier		PROPN;NOM;SG
ultimate	ultimative	ultimate	ultimativ		ADJ;NOM;FEM;PL
ultimate	ultimativen	ultimate	ultimativ		ADJ;ACC;SG
dieu	dieu	dieu	dieu	N	
gleason	gleason	gleason	gleason		PROPN
crimean	krim	crimean	krim		PROPN;NOM;SG
crimean	krim	crimean	krim		PROPN;NOM;SG
quentin	quentin	quentin	quentin		PROPN
marlborough	marlborough	marlborough	marlborough	N	ADJ
uta	uta	uta	uta		PROPN;NOM;MASC;SG
fleet	flotte	fleet	flott	N	ADJ;NOM;FEM;SG
fleet	flotten	fleet	flott	N	ADJ;PL
tours	führungen	tours	führingen	N	V;NFIN
tours	besichtigungen	tours	besichtigung	N	V;NFIN
tours	reisen	tours	reisen	N	V;NFIN
tours	touren	tours	touer	N	V;NFIN
girona	katalonien	girona	katalonien	NUM	PROPN;NOM;SG
girona	girona	girona	girona	NUM	PROPN;NOM;SG
tales	geschichten	tales	geschecht		V;NFIN
tales	erzählungen	tales	erzählingen		N;NOM;FEM;PL
tales	märchen	tales	märchen		V;NFIN
canadensis	canadensis	canadensis	canadensis	N	PROPN
maldives	malediven	maldives	malediv	N	ADJ
rennes	rennes	rennes	rennes	NUM	PROPN;NOM;NEUT;SG
castellón	castellón	castellón	castellón	N	PROPN
javier	javier	javier	javier	N	PROPN;NOM;MASC;SG
brod	brod	brod	brod	NUM	PROPN;NOM;SG
sharon	sharon	sharon	sharon		PROPN;NOM;MASC;SG
rosario	rosario	rosario	rosario		PROPN
rosea	rosea	rosea	rosea	N	PROPN;NOM;SG
suite	suiten	suite	suiten		N;NOM;PL
rollins	rollins	rollins	rollins	N	PROPN;NOM;SG
rollins	rawlins	rollins	rawlins	N	
clair	clair	clair	clair		PROPN
woodson	woodson	woodson	woodson		PROPN;SG
antwerp	antwerpen	antwerp	antwerpen	N	
sevastopol	sewastopol	sevastopol	sewastopol	N	PROPN;NOM;SG
aurea	aurea	aurea	aurea		PROPN;NOM;SG
jeju	jeju	jeju	jeju	N	PROPN;NOM;SG
mirror	spiegelbild	mirror	spiegelbild		ADJ
mirror	spiegeln	mirror	spiegeln		V;NFIN
mirror	mirror	mirror	mirror		PROPN
diếp	salate	diếp	salat	N	PROPN;SG
diếp	salat	diếp	Salat	N	PROPN
macrophylla	macrophylla	macrophylla	macrophylla	V	PROPN
lesotho	lesotho	lesotho	lesotho	N	PROPN;NOM;SG
aristotle	aristoteles	aristotle	aristoteles		ADJ;NOM;NEUT;SG
ultra	ultra	ultra	ultra	N	
arcade	spielautomaten	arcade	spielautomaten	N	V;PL;FIN
arcade	arcade	arcade	arcade	N	
ústí	ústí	ústí	ústí	NUM	PROPN;SG
kolkata	kalkutta	kolkata	kalkutta	N	PROPN;NOM;MASC;SG
reef	riff	reef	reifen	N	
reef	reef	reef	reef	N	PROPN;SG
wasp	wasp	wasp	wasp	N	PROPN;NOM;SG
boong	decks	boong	decks	N	
boong	kartenspiel	boong	kartenspiel	N	ADJ
boong	deck	boong	deck	N	
spectabilis	spectabilis	spectabilis	spectabilis		PROPN
pratt	pratt	pratt	praten	N	PROPN
andalusia	andalusien	andalusia	andalusien	N	PROPN;NOM;SG
lindau	lindau	lindau	lindau	N	
kawasaki	kawasaki	kawasaki	kawasaki	N	PROPN;NOM;SG
bactria	baktrien	bactria	baktrien	N	PROPN;NOM;SG
amanda	amanda	amanda	amanda	N	PROPN;NOM;MASC;SG
malcolm	malcolm	malcolm	malcolm		PROPN;NOM;SG
joker	joker	joker	joker		PROPN
joker	witzbold	joker	witzbold		N;NOM;SG
yves	yves	yves	yves		PROPN;NOM;SG
goethe	goethe	goethe	goethe	N	
cnn	cnn	cnn	cnn	N	PROPN;NOM;SG
guillaume	guillaume	guillaume	guillaume	N	PROPN;NOM;SG
cúi	bend	cúi	bend	V	PROPN;NOM;SG
kant	kant	kant	kant	N	PROPN;NOM;MASC;SG
japonicus	japonicus	japonicus	japonicus	N	PROPN;NOM;SG
chum	chum	chum	chum	N	
nhấp	klick	nhấp	klick	V	
fallax	fallax	fallax	fallax		
birdlife	birdlife	birdlife	birdlif	N	PROPN;NOM;SG
turku	turku	turku	turku	NUM	PROPN;NOM;SG
bradford	bradford	bradford	bradford		PROPN
gaius	gaius	gaius	gaius	N	PROPN;NOM;MASC;SG
antilles	antillen	antilles	antill	N	PROPN
seki	seki	seki	seki	N	
ekaterina	jekaterina	ekaterina	jekaterina	N	PROPN;NOM;SG
populus	populus	populus	populus	N	
shark	hai	shark	hai	N	
shark	haie	shark	haie	N	
flagstaff	flagstaff	flagstaff	flagstaff	N	PROPN;SG
ein	ein	ein	ein	N	ADV
messina	messina	messina	messina	N	PROPN
sếu	crane	sếu	crane	N	PROPN;NOM;SG
sếu	kran	sếu	kran	N	
mandela	mandela	mandela	mandela	N	PROPN;NOM;SG
metallica	metallica	metallica	metallica	N	PROPN;NOM;SG
ramírez	ramírez	ramírez	ramírez		PROPN;NOM;MASC;SG
ramírez	ramirez	ramírez	ramirez		PROPN;NOM;SG
kanagawa	kanagawa	kanagawa	kanagawa		PROPN;NOM;MASC;SG
asm	asm	asm	asm	N	
xiếc	zirkus	xiếc	zirkus	N	
xiếc	circus	xiếc	circus	N	
dom	dom	dom	dom	N	PROPN;NOM;MASC;SG
gigas	gigas	gigas	gigas	N	PROPN;NOM;MASC;SG
dae	dae	dae	der	N	;NOM;SG
erwin	erwin	erwin	erwin	N	PROPN;NOM;MASC;SG
belfast	belfast	belfast	belfast	N	PROPN;SG
linn	linn	linn	linn	N	
joy	joy	joy	joy	N	PROPN;NOM;SG
joy	lebensfreude	joy	lebensfreude	N	
joy	freude	joy	freude	N	
haplochromis	haplochromis	haplochromis	haplochromis	V	PROPN
verdun	verdun	verdun	verdun	N	PROPN;NOM;MASC;SG
macau	macau	macau	macau	N	PROPN;NOM;MASC;SG
sint	sint	sint	sein	N	
bryansk	brjansk	bryansk	brjansk	N	PROPN;NOM;SG
jasper	jasper	jasper	jasper	N	PROPN;NOM;SG
jasper	jaspers	jasper	jaspers	N	PROPN;NOM;MASC;SG
nba	nba	nba	nba	N	PROPN;NOM;MASC;SG
plata	plata	plata	plata	N	PROPN;NOM;SG
phở	pho	phở	pho	N	PROPN;NOM;SG
trafford	trafford	trafford	trafford	N	PROPN
affairs	angelegenheiten	affairs	angelegenheit	N	V;NFIN
emirates	emirate	emirates	emirat	N	PROPN;NOM;SG
terme	terme	terme	termen	N	
sum	betrag	sum	betragen		N
swiss	swiss	swiss	sweß	N	
swiss	schweizerische	swiss	schweizerisch	N	ADJ;NOM;FEM;PL
swiss	schweizer	swiss	schweizer	N	ADJ
aconitum	aconitum	aconitum	aconitum		
chin	kinn	chin	kinn	N	
chin	chin	chin	chin	N	PROPN;NOM;MASC;SG
clemson	clemson	clemson	clemson	N	PROPN;NOM;MASC;SG
ahn	iwanow	ahn	iwanow	N	PROPN;NOM;MASC;SG
ahn	ähm	ahn	er|es	N	
ahn	äh	ahn	äh	N	
ahn	ahn	ahn	ahn	N	PROPN;NOM;MASC;SG
dĩa	kennzeichen	dĩa	kennzeichen	N	
dĩa	platte	dĩa	platen	N	
dĩa	teller	dĩa	teller	N	
valenciennes	valenciennes	valenciennes	valenciennes	N	PROPN;NOM;NEUT;SG
muang	muang	muang	muengen	N	PROPN;SG
rna	rna	rna	rna	N	PROPN;NOM;SG
khoe	zeigt	khoe	zeigen	N	V;IND;SG;3;PRS;FIN
düsseldorf	düsseldorf	düsseldorf	düsseldorf	NUM	PROPN;NOM;NEUT;SG
düsseldorf	düsseldorf	düsseldorf	düsseldorf	NUM	PROPN;NOM;NEUT;SG
maha	maha	maha	maha	N	
usda	usda	usda	usda	N	;NOM;SG
lives	lebt	lives	leben		V;IND;SG;3;PRS;FIN
lives	wohnt	lives	wohnen		V;IND;SG;3;PRS;FIN
tyson	tyson	tyson	tyson	N	PROPN;NOM;MASC;SG
sonic	sonic	sonic	sonic	N	PROPN;SG
sonic	schall	sonic	schall	N	PROPN
johor	johor	johor	johor	N	PROPN;NOM;SG
agm	agm	agm	agm		;SG
agm	hauptversammlung	agm	hauptversammlung		ADJ
dượng	vernon	dượng	vernon	N	PROPN
dượng	stiefvater	dượng	stiefvat	N	ADJ
cecil	cecil	cecil	cecil		PROPN;NOM;MASC;SG
larvae	larven	larvae	larven	ADJ	N;PL
larvae	raupen	larvae	raupen	ADJ	N;NOM;PL
besançon	besançon	besançon	besançon		PROPN;NOM;SG
javascript	javascript	javascript	javascript	N	ADJ
rzhev	rschew	rzhev	rschew	N	ADJ
takeda	takeda	takeda	takeda		PROPN;NOM;MASC;SG
mercedes	mercedes	mercedes	mercedes	N	PROPN;NOM;SG
sigma	sigma	sigma	sigma	N	
adventures	erlebnisse	adventures	erlebnis		ADJ;NOM;PL
licania	licania	licania	licania		PROPN;NOM;SG
ubuntu	ubuntu	ubuntu	ubuntu	N	PROPN;NOM;SG
kagoshima	kagoshima	kagoshima	kagoshima		PROPN;NOM;MASC;SG
tallinn	estland	tallinn	estlind	N	
tallinn	tallinn	tallinn	tallinn	N	PROPN;NOM;SG
vito	vito	vito	vito		PROPN;NOM;MASC;SG
varese	varese	varese	vares	NUM	PROPN;NOM;NEUT;SG
sparrow	spatz	sparrow	spatz	N	
sparrow	sparrow	sparrow	sparrow	N	PROPN;NOM;SG
origins	entstehungsgeschichte	origins	entstehungsgeschichte		ADJ;NOM;FEM;SG
origins	ursprünge	origins	ursprüngen		ADJ
origins	ursprung	origins	ursprung		ADV
origins	herkunft	origins	herkunft		N;NOM;FEM;SG
banh	ball	banh	ball	N	PROPN
banh	kugel	banh	kugeln	N	
banh	bälle	banh	bäll	N	ADJ
yucatán	yucatan	yucatán	yucatan	N	PROPN;NOM;MASC;SG
yucatán	yucatán	yucatán	yucatán	N	PROPN;NOM;MASC;SG
heli	helium	heli	helium		
wakayama	wakayama	wakayama	wakayama	N	PROPN;NOM;MASC;SG
wii	wii	wii	wii	N	PROPN;NOM;SG
orléans	orleans	orléans	orleans		PROPN;NOM;NEUT;SG
orléans	orléans	orléans	orléans		PROPN;NOM;MASC;SG
amazonas	amazonas	amazonas	amazonas	N	PROPN;NOM;SG
almería	almería	almería	almería	N	PROPN;NOM;MASC;SG
ponte	ponte	ponte	pont	N	PROPN;NOM;SG
agamidae	agamen	agamidae	agamen		V;NFIN
martínez	martínez	martínez	martínez	N	PROPN;NOM;MASC;SG
thames	themse	thames	themse	N	PROPN;NOM;SG
thames	thames	thames	thames	N	PROPN;NOM;NEUT;SG
guadeloupe	guadeloupe	guadeloupe	guadeloupe	N	PROPN;NOM;FEM;SG
cumberland	cumberland	cumberland	cumberland	N	PROPN
lamarck	lamarck	lamarck	lamarck		PROPN;NOM;MASC;SG
btr	btr	btr	btr		
leslie	leslie	leslie	leslie		PROPN;SG
mụn	akne	mụn	akne	N	
mụn	pickel	mụn	pickel	N	
kirby	kirby	kirby	kirby		PROPN;NOM;SG
mustafa	mustafa	mustafa	mustafa	N	PROPN;NOM;SG
zona	zona	zona	zona	N	PROPN;NOM;SG
romero	romero	romero	romero	N	PROPN;NOM;MASC;SG
messerschmitt	messerschmitt	messerschmitt	messerschmitt	N	ADJ
pittsburgh	pittsburgh	pittsburgh	pittsburgh		PROPN;NOM;MASC;SG
saladin	saladin	saladin	saladin	N	PROPN;SG
asturias	asturien	asturias	asturien	N	PROPN;NOM;SG
weimar	weimar	weimar	weimar	N	PROPN;NOM;MASC;SG
weimar	weimarer	weimar	weimar	N	ADJ
synonym	synonyme	synonym	synonym		ADJ
synonym	synonym	synonym	synonym		ADJ
yoshida	yoshida	yoshida	yoshida		PROPN;NOM;MASC;SG
vaughan	vaughan	vaughan	vaughan		PROPN;NOM;SG
seydlitz	seydlitz	seydlitz	seydlitz	N	PROPN;NOM;SG
gauss	gaußsche	gauss	gaußsche	N	ADJ;NOM;FEM;PL
gauss	gauß	gauss	gauß	N	
sakhalin	sachalin	sakhalin	sachalin	N	PROPN;NOM;SG
banner	pfad	banner	pfad	N	
banner	wege	banner	wege	N	
banner	pfaden	banner	pfaden	N	V;NFIN
banner	pfade	banner	pfaden	N	
banner	banner	banner	bann	N	
banner	fahne	banner	fahnen	N	
pallas	pallas	pallas	pallas	N	PROPN;NOM;SG
seth	seth	seth	seth		PROPN;NOM;MASC;SG
regia	regia	regia	regia		PROPN;NOM;SG
pao	pfund	pao	pfund	N	
pao	lbs	pao	lbs	N	
pao	bao	pao	bao	N	
pao	pao	pao	pao	N	
tơi	korrekturen	tơi	korrekturen	N	V;NFIN
tơi	behebt	tơi	beheben	N	V;IND;SG;3;PRS;FIN
mindanao	mindanao	mindanao	mindanao	N	PROPN;NOM;MASC;SG
nigricans	nigricans	nigricans	nigricans		PROPN;NOM;MASC;SG
claire	claire	claire	claire		PROPN;NOM;SG
maru	maru	maru	maru	N	PROPN;NOM;SG
meridionalis	meridionalis	meridionalis	meridionalis	ADJ	PROPN
hessen	hessen	hessen	hessen	N	PROPN;NOM;NEUT;SG
africanus	africanus	africanus	africanus	N	PROPN;NOM;MASC;SG
heliconia	heliconia	heliconia	heliconia		PROPN;NOM;MASC;SG
hindi	hindi	hindi	hindi	N	;NOM;SG
tango	tango	tango	tango	N	PROPN;NOM;SG
montréal	montreal	montréal	montreal		PROPN
makoto	makoto	makoto	makoto		PROPN;NOM;SG
thank	dankeschön	thank	dankeschön		ADJ
thank	danken	thank	danken		V;NFIN
empires	empires	empires	empir	N	PROPN;NOM;NEUT;SG
empires	imperien	empires	imperien	N	
jesse	jesse	jesse	jes	N	PROPN;NOM;MASC;SG
walsh	walsh	walsh	walsh	N	PROPN
adrian	adrian	adrian	adrian	N	PROPN;NOM;MASC;SG
indicus	indicus	indicus	indicus	N	
prescott	prescott	prescott	prescott	N	PROPN
ark	arche	ark	archen		PROPN;NOM;SG
ark	lade	ark	lade		V;SG;FIN
albrecht	albrecht	albrecht	albrecht	N	PROPN
marsh	marsch	marsh	marsch	N	ADJ
marsh	moor	marsh	moor	N	
marsh	marsh	marsh	marsh	N	PROPN
govaerts	govaerts	govaerts	govaerts		PROPN;SG
suwon	suwon	suwon	suwon	N	PROPN;NOM;SG
gómez	gomez	gómez	gomez	V	PROPN;NOM;MASC;SG
gómez	gómez	gómez	gkezen	V	PROPN;NOM;MASC;SG
gómez	gómez	gómez	gkezen	V	PROPN;NOM;MASC;SG
leach	leach	leach	leach		PROPN;SG
coldplay	coldplay	coldplay	coldplay	N	PROPN;SG
české	české	české	české	NUM	PROPN;NOM;MASC;SG
olga	olga	olga	olga		PROPN;NOM;FEM;SG
carnegie	carnegie	carnegie	carnegie		PROPN;NOM;SG
kwon	kwon	kwon	kwon	N	;SG
yamaguchi	yamaguchi	yamaguchi	yamaguchi	N	PROPN;NOM;MASC;SG
brit	britt	brit	breten	N	PROPN
brit	brite	brit	brit	N	
brit	briten	brit	breten	N	
brit	brit	brit	brit	N	PROPN;NOM;SG
rod	rod	rod	rod		PROPN;NOM;MASC;SG
rod	stäbe	rod	staben		N;NOM
bờm	mähne	bờm	mähnen	N	ADJ
crepis	crepis	crepis	crepis	V	
hermione	hermine	hermione	hermin		PROPN;NOM;FEM;SG
phẩy	komma	phẩy	komma	N	
zeno	zeno	zeno	zeno	N	PROPN;NOM;SG
mussolini	mussolini	mussolini	mussolini	N	PROPN;NOM;MASC;SG
amazing	erstaunliche	amazing	erstaunlich	N	ADJ;NOM;FEM;PL
amazing	wahnsinn	amazing	wahnsinn	N	
amazing	erstaunlich	amazing	erstaunlich	N	ADJ
amazing	verblüffend	amazing	verblüffend	N	ADJ
amazing	unglaublich	amazing	unglaublich	N	ADJ
nhờn	ölige	nhờn	ölige	N	ADJ;NOM;FEM;PL
nhờn	fettig	nhờn	fettig	N	ADJ
joshua	joshua	joshua	joshua	N	PROPN;NOM;MASC;SG
earl	earl	earl	earl		PROPN;NOM;MASC;SG
earl	earls	earl	earls		PROPN;NOM;SG
demetrios	demetrius	demetrios	demetrius	N	PROPN;NOM;MASC;SG
amber	amber	amber	amber		PROPN;NOM;SG
amber	gelb	amber	gelb		ADJ
nhk	nhk	nhk	nhk	N	
montevideo	montevideo	montevideo	montevideo	N	PROPN;NOM;NEUT;SG
combretum	combretum	combretum	combretum	N	PROPN
neon	neon	neon	neon	N	
hoon	hoon	hoon	hoon	N	PROPN;NOM;SG
kenny	kenny	kenny	kenny		PROPN;NOM;MASC;SG
hanoi	hanoi	hanoi	hanoi		PROPN;NOM;SG
richter	richter	richter	richter	N	ADJ
gamble	glücksspiel	gamble	glücksspiel	N	
gamble	spielen	gamble	spielen	N	V;NFIN
shiki	shiki	shiki	shiki	N	
kurd	kurdische	kurd	kurdisch	N	ADJ;NOM;FEM;PL
kurd	kurdischen	kurd	kurdisch	N	ADJ;NOM;MASC;PL
kurd	kurden	kurd	kurd	N	
kurd	kurd	kurd	kurd	N	PROPN;NOM;MASC;SG
mercer	mercer	mercer	mercer	N	PROPN;NOM;SG
bolt	bolzen	bolt	bolzen	N	V;NFIN
bolt	bolt	bolt	bolt	N	PROPN
bolt	schraube	bolt	schraub	N	
invincible	unbesiegbar	invincible	unbesiegbar		ADJ
sidi	sidi	sidi	siden	N	PROPN;NOM;SG
mainz	mainz	mainz	mainz	N	PROPN;NOM;NEUT;SG
mainz	mainzer	mainz	mainzer	N	PROPN
tracy	tracy	tracy	tracy		PROPN;NOM;SG
imf	iwf	imf	iwf	N	PROPN;NOM;MASC;SG
imf	währungsfonds	imf	währungsfonds	N	PROPN;NOM;SG
lactuca	lactuca	lactuca	lactuca	N	PROPN
blanchard	blanchard	blanchard	blanchard		PROPN;NOM;SG
mickey	mickey	mickey	mickey	N	PROPN;NOM;SG
mickey	micky	mickey	micky	N	PROPN;SG
grenada	grenada	grenada	grenada	N	PROPN;NOM;MASC;SG
xml	xml	xml	xml		PROPN;NOM;SG
antigua	antigua	antigua	antigua	N	PROPN
claudia	claudia	claudia	claudia	N	PROPN;NOM;SG
shogun	shogun	shogun	shogun		PROPN;NOM;SG
aung	aung	aung	aung	N	PROPN;NOM;MASC;SG
toei	toei	toei	toei		PROPN;NOM;SG
dynamics	dynamik	dynamics	dynamik	N	
stella	stella	stella	stella		PROPN;NOM;SG
sunda	sunda	sunda	sunda	N	
stoke	stoke	stoke	stoken	N	PROPN;NOM;SG
baku	baku	baku	baku	N	PROPN;NOM;MASC;SG
car	mietwagen	car	mietwagen		V;NFIN
car	auto	car	auto		N;NOM;SG
car	autovermietung	car	autovermietung		N;NOM;MASC;SG
eduardo	eduardo	eduardo	eduardo	N	PROPN;NOM;SG
quăng	wurf	quăng	werfen	V	N;SG
yen	¥	yen	¥	N	
yen	yen	yen	yen	N	
sedis	sedis	sedis	sedis	N	
werder	werder	werder	werder	N	
seal	versiegeln	seal	versiegeln	N	V;NFIN
seal	dichtungen	seal	dichtung	N	V;NFIN
seal	dichtung	seal	dichtung	N	
seal	siegel	seal	siegel	N	
seal	gütesiegel	seal	gütesiegel	N	ADJ;NOM
elliot	elliot	elliot	elliot		PROPN
pasteur	pasteur	pasteur	pasteur		PROPN;NOM;SG
albany	albany	albany	albany	N	PROPN;NOM;SG
achaea	achaia	achaea	achaia	N	PROPN;NOM;MASC;SG
decipiens	decipiens	decipiens	decipiens	V	
bloch	bloch	bloch	bloch	N	PROPN
yoga	yoga	yoga	yoga	V	
albacete	albacete	albacete	albacet	N	
blade	klinge	blade	klinge	N	
blade	blade	blade	blade	N	
blade	schwert	blade	schwern	N	
gundam	gundam	gundam	gundam	N	PROPN;NOM;MASC;SG
mat	lebensmittel	mat	lebensmittel	N	
mat	essen	mat	essen	N	V;NFIN
mat	verpflegung	mat	verpflegung	N	ADJ
mat	matte	mat	maten	N	
mat	mat	mat	mat	N	;SG
nuevo	nuevo	nuevo	nuevo	N	PROPN
disco	disco	disco	disco	N	PROPN
rufa	rufa	rufa	rufa	N	PROPN;NOM;MASC;SG
heinkel	heinkel	heinkel	heinkel	N	PROPN;NOM;SG
pounder	pounder	pounder	pounder	N	
asp	asp	asp	asp		
penny	penny	penny	penny	N	PROPN;NOM;SG
penny	pfennig	penny	pfennig	N	
penny	cent	penny	cent	N	
agrochola	gelbbraune	agrochola	gelbrraun		ADJ;NOM;FEM;PL
yuki	yuki	yuki	yuki		PROPN;NOM;MASC;SG
quýt	mandarin	quýt	mandarin	N	PROPN
sunni	sunnitischen	sunni	sunnitisch	N	ADJ;NOM;PL
eve	eva	eve	eva		PROPN;NOM;FEM;SG
eve	eve	eve	eve		PROPN;NOM;SG
eve	vorabend	eve	vorabend		ADJ
minamoto	minamoto	minamoto	minamoto	N	PROPN;NOM;MASC;SG
node	knoten	node	knot	N	V;NFIN
node	knotenpunkt	node	knotenpunkt	N	ADJ
hacker	hacken	hacker	hacken		V;NFIN
sendai	sendai	sendai	sendai		PROPN;NOM;SG
tiberius	tiberius	tiberius	tiberius	N	PROPN;NOM;SG
christophe	christophe	christophe	christophe		PROPN;NOM;MASC;SG
ming	ming	ming	meigen	N	
engels	engels	engels	engels	N	
znojmo	znojmo	znojmo	znojmo	NUM	PROPN;NOM;SG
xúi	jinx	xúi	jinx	V	PROPN;NOM;MASC;SG
lynn	lynn	lynn	lynn	N	PROPN;SG
olomouc	olomouc	olomouc	olomouc		PROPN;NOM;SG
durham	durham	durham	durham	N	PROPN;NOM;MASC;SG
chae	chae	chae	chae	N	
chong	chong	chong	chong	N	PROPN;NOM;MASC;SG
hót	gesang	hót	gesingen	N	ADJ
hót	gesungen	hót	singen	N	V;V.PTCP
hót	singt	hót	singen	N	V;IND;SG;3;PRS;FIN
hót	singen	hót	singen	N	V;NFIN
hót	singt	hót	singen	N	V;IND;SG;3;PRS;FIN
coloma	coloma	coloma	coloma	N	PROPN;NOM;SG
thor	thors	thor	thors	N	PROPN;NOM;MASC;SG
thor	thor	thor	thor	N	PROPN;NOM;SG
sandbox	sandkasten	sandbox	sandkasten	N	V;NFIN
padova	padua	padova	padua	N	PROPN;NOM;MASC;SG
padova	padua	padova	padua	N	PROPN;NOM;MASC;SG
padova	padova	padova	padova	N	PROPN;SG
ovata	ovata	ovata	ovata	N	
ruby	rubin	ruby	rubin		PROPN;NOM;SG
ruby	ruby	ruby	ruby		PROPN;NOM;SG
dwight	dwight	dwight	dwight	N	PROPN
selena	salina	selena	salina		PROPN;NOM;SG
selena	selena	selena	selena		PROPN;NOM;SG
comoros	komoren	comoros	komor	N	
fulton	fulton	fulton	fulton		PROPN;NOM;SG
palustris	palustris	palustris	palustris	N	PROPN;SG
xavier	xavier	xavier	xavier		PROPN;NOM;MASC;SG
xavier	xaver	xavier	xaver		PROPN;NOM;MASC;SG
blücher	blücher	blücher	blüch	N	
candy	süßes	candy	süß		N;NOM;NEUT;SG
candy	süßigkeiten	candy	süßigkeit		V;NFIN
candy	candy	candy	candy		PROPN;NOM;SG
sheridan	sheridan	sheridan	sheridan		PROPN
pauly	pauly	pauly	pauly	N	PROPN;NOM;SG
pauly	paulie	pauly	paulie	N	
xòe	tutu	xòe	tutu	N	PROPN;NOM;SG
griffin	griffin	griffin	griffin		PROPN;SG
fao	fao	fao	fao	N	PROPN;NOM;MASC;SG
menzies	menzies	menzies	menzies		PROPN
konstantin	konstantin	konstantin	konstantin		PROPN;NOM;SG
boa	boa	boa	boa		PROPN;NOM;SG
cube	würfeln	cube	würfeln		V;NFIN
r}}	r	r}}	r		PROPN
emil	emil	emil	emil	N	PROPN;NOM;MASC;SG
rahman	rahman	rahman	rahman	V	PROPN;NOM;MASC;SG
glen	glen	glen	glen		PROPN
glen	glenn	glen	glenn		PROPN;SG
klaus	klaus	klaus	klaus	N	PROPN;NOM;MASC;SG
gorbachev	gorbatschow	gorbachev	gorbatschow	N	ADJ
resort	resort	resort	resort	N	PROPN;SG
resort	ferienort	resort	ferienort	N	ADJ
resort	kurort	resort	kurort	N	
resort	urlaubsort	resort	urlaubsort	N	ADJ
corinna	corinna	corinna	corinna	N	PROPN;NOM;FEM;SG
hampton	hamptons	hampton	hamptons		PROPN
hampton	hampton	hampton	hampton		PROPN
chandler	chandler	chandler	chandler		PROPN;NOM;SG
williamson	williamson	williamson	williamson		PROPN;SG
pers	pers	pers	pers	N	
nordrhein	nordrhein	nordrhein	nordrhein	V	PROPN;NOM;NEUT;SG
samar	samar	samar	samar	N	PROPN;NOM;SG
quinn	quinn	quinn	quinn		PROPN;NOM;MASC;SG
taira	taira	taira	taira	N	PROPN;NOM;MASC;SG
castel	castel	castel	castel	N	PROPN;NOM;SG
bmw	bmw	bmw	bmw	N	PROPN;NOM
sumer	sumerische	sumer	sumerische	N	ADJ;NOM;FEM;PL
irene	irene	irene	iren		PROPN;NOM;FEM;SG
cartoon	cartoons	cartoon	cartoons		ADV
cartoon	comic	cartoon	comic		PROPN;NOM;SG
cartoon	cartoon	cartoon	cartoon		PROPN
cartoon	karikaturen	cartoon	karikatur		N;NOM;FEM;PL
penang	penang	penang	penang		PROPN;NOM;SG
gớm	entzündungen	gớm	entzündingen	PART	V;NFIN
gớm	entzündung	gớm	entzündung	PART	
zeller	zeller	zeller	zeller		PROPN;SG
scheer	scheer	scheer	scheer		PROPN;SG
vocals	gesang	vocals	gesingen	N	ADJ
kahn	kahn	kahn	kahn	N	
toro	toro	toro	toro	N	PROPN;NOM;SG
gaon	gaon	gaon	gaon	NUM	PROPN;NOM;MASC;SG
sủa	bellt	sủa	bellen	ADJ	V;IND;SG;3;PRS;FIN
sủa	bellen	sủa	bellen	ADJ	
sủa	rinde	sủa	rinder	ADJ	
sủa	bellt	sủa	bellen	ADJ	V;IND;SG;3;PRS;FIN
sủa	bellt	sủa	bellen	ADJ	V;IND;SG;3;PRS;FIN
sủa	bellen	sủa	bellen	ADJ	
carr	carr	carr	carr		PROPN;NOM;SG
betty	betty	betty	betty		PROPN;NOM;SG
wilkinson	wilkinson	wilkinson	wilkinson		PROPN
cholesterol	cholesterin	cholesterol	cholesterin	V	ADJ;NOM
constantinople	konstantinopel	constantinople	konstantinopel		PROPN;NOM;MASC;SG
chihuahua	chihuahua	chihuahua	chihuahua	N	
ancona	ancona	ancona	ancona	N	PROPN;NOM;SG
tran	tran	tran	tran	N	PROPN;NOM;SG
madeira	madeira	madeira	madeira	N	PROPN;SG
madeira	azoren	madeira	azor	N	PROPN;NOM
micro	mikro	micro	mikro	N	
micro	mikroorganismen	micro	mikroorganismen	N	
micro	kleinstunternehmen	micro	kleinstunternehmen	N	
micro	micro	micro	micro	N	
micro	mikro	micro	mikro	N	
micro	mikrofon	micro	mikrofon	N	
micro	mikrophon	micro	mikrophon	N	ADJ
thìa	löffel	thìa	löffel	N	
thìa	löffel	thìa	löffel	N	
bath	bäder	bath	bad		ADJ
cristata	cristata	cristata	cristata	N	
blanc	blanc	blanc	blanc	N	PROPN;NOM;SG
medici	medici	medici	medici	N	PROPN;NOM;MASC;SG
gien	gene	gien	gen	N	
gien	genen	gien	genen	N	
gien	gene	gien	gen	N	
gien	gen	gien	gen	N	
gien	gens	gien	gens	N	
cornwall	cornwall	cornwall	cornwall	N	PROPN
uae	vae	uae	vae	N	PROPN;NOM;SG
scharnhorst	scharnhorst	scharnhorst	scharnhorst	N	PROPN;NOM;SG
bains	bains	bains	bains	N	PROPN;NOM;SG
marche	marken	marche	marken	N	V;NFIN
bremer	bremer	bremer	bremer	N	PROPN
hormone	hormonen	hormone	hormonen	N	
hormone	hormone	hormone	hormon	N	
hormone	hormonen	hormone	hormonen	N	
hormone	hormone	hormone	hormon	N	
udine	udine	udine	udine	NUM	PROPN;NOM;SG
kan	kan	kan	kan	N	
lens	objektive	lens	objektiv		ADJ;NOM;FEM;PL
lens	objektiv	lens	objektiv		ADJ
lens	linsen	lens	linsen		V;NFIN
lens	austreten	lens	austreten		V;NFIN
beirut	beirut	beirut	beirutzen	N	PROPN;NOM;MASC;SG
hahn	hahn	hahn	hahn	N	
yamada	yamada	yamada	yamada		PROPN;NOM;MASC;SG
dot	punkt	dot	punken	N	
dot	dot	dot	dot	N	
andersson	andersson	andersson	andersson	N	PROPN;NOM;SG
elip	ellipse	elip	ellips	N	
lafayette	lafayette	lafayette	lafayette	N	PROPN;NOM;SG
willem	willem	willem	willem	N	PROPN;NOM;SG
tatar	tatar	tatar	tatar	N	
boom	knall	boom	knall	N	
boom	bang	boom	bingen	N	PROPN;NOM;SG
boom	ausleger	boom	ausleger	N	ADJ
boom	boom	boom	boom	N	PROPN;SG
boom	bumm	boom	bumm	N	
luigi	luigi	luigi	luigi		PROPN;NOM;MASC;SG
polygonum	polygonum	polygonum	polygonum		PROPN
boone	boone	boone	boon		PROPN
dumbledore	dumbledore	dumbledore	dumbledor	N	
reo	zweifel	reo	zweifel	V	
garrison	garrison	garrison	garrison		PROPN
khun	khun	khun	khun	N	
fiction	fiktion	fiction	fiktion	N	PROPN
fiction	fiction	fiction	fiction	N	PROPN
sidney	sidney	sidney	sidney		PROPN;NOM;MASC;SG
repens	repens	repens	repens	V	PROPN;SG
musashi	musashi	musashi	musashi	N	PROPN;NOM;SG
pluto	pluto	pluto	pluto	N	PROPN
adobe	adobe	adobe	adobe	N	PROPN;NOM;SG
shizuka	shizuka	shizuka	shizuka	N	
lindsey	lindsey	lindsey	lindsey		PROPN;NOM;SG
hyundai	hyundai	hyundai	hyundai		PROPN;NOM;SG
direct	direkten	direct	direkt		ADJ
direct	direkte	direct	direkt		ADJ;NOM;FEM;PL
direct	direkt	direct	direkt		ADJ
direct	direkter	direct	direkt		ADJ
direct	direktes	direct	direkt		ADJ;NOM;NEUT;SG
primula	primula	primula	primula		PROPN;SG
vermont	vermont	vermont	vermonen	N	PROPN;NOM;SG
sụn	knorpel	sụn	knorpel	N	PROPN
craven	craven	craven	crav		PROPN;NOM;SG
kato	kato	kato	kato	N	
nomura	nomura	nomura	nomura	V	PROPN;NOM;SG
diane	diane	diane	dian		PROPN;NOM;FEM;SG
thrace	thrakien	thrace	thrakien	N	PROPN;NOM;SG
rivière	rivière	rivière	rivière		PROPN;NOM;SG
borealis	borealis	borealis	borealis		PROPN
anders	anders	anders	anders	N	ADV
sugar	zuckergehalt	sugar	zuckergehalt		ADJ
sugar	zucker	sugar	zucker		ADJ
sugar	sugar	sugar	sugar		PROPN;SG
bouchet	bouchet	bouchet	bouchet	N	PROPN;SG
doc	doktor	doc	doktor		N;SG
dianthus	dianthus	dianthus	dianthus	N	ADJ
budějovice	budějovice	budějovice	budějovice	NUM	PROPN;NOM;MASC;SG
khalip	kalif	khalip	kalif	N	PROPN;NOM;SG
antiochos	antiochos	antiochos	antiochos	N	PROPN;NOM;MASC;SG
schalke	schalke	schalke	schalk	N	PROPN;NOM;SG
kyushu	kyushu	kyushu	kyushu	N	PROPN;NOM;MASC;SG
cremona	cremona	cremona	cremona	N	PROPN;NOM;SG
handel	händel	handel	händel	N	
turing	turing	turing	turing		PROPN;NOM;SG
talbot	talbot	talbot	talbot		PROPN
piston	pistons	piston	pistons	N	PROPN;NOM;SG
piston	kolben	piston	kolben	N	
piston	kolben	piston	kolben	N	
kyle	kyle	kyle	kyl		PROPN;NOM;SG
dale	dale	dale	dalen		PROPN
gloria	gloria	gloria	gloria		PROPN;NOM;SG
oder	oder	oder	oder	V	CONJ
lange	lange	lange	lange	N	ADV
lange	langes	lange	lang	N	ADJ;NOM;NEUT;SG
shannon	shannon	shannon	shannon		PROPN;SG
liti	lithium	liti	lithium	N	
mehmed	mehmet	mehmed	mehmen	N	PROPN
mehmed	mehmed	mehmed	mehmed	N	PROPN;NOM;SG
cayman	calgary	cayman	calgary	N	PROPN;NOM;SG
cayman	cayman	cayman	cayman	N	PROPN;NOM;MASC;SG
summit	gipfel	summit	gipfel	N	ADV
summit	gipfeltreffen	summit	gipfeltreffen	N	V;NFIN
martinique	martinique	martinique	martinique	N	PROPN;NOM;SG
villiers	villiers	villiers	villiers		PROPN;NOM;MASC;SG
gotha	gotha	gotha	gotha		PROPN;NOM;SG
wanda	wanda	wanda	wanda	N	PROPN;NOM;MASC;SG
wilcox	wilcox	wilcox	wilcox		PROPN;NOM;MASC;SG
martino	martino	martino	martino		PROPN;NOM;SG
saxophone	saxophon	saxophone	saxophon	N	ADJ
friedman	friedman	friedman	friedman		PROPN;NOM;MASC;SG
vanessa	vanessa	vanessa	vanessa		PROPN;NOM;FEM;SG
baghdad	bagdad	baghdad	bagdad	N	PROPN;NOM;MASC;SG
haas	haas	haas	haas	N	PROPN;NOM;MASC;SG
ryukyu	ryūkyū	ryukyu	ryūkyū	N	
schwartz	schwartz	schwartz	schwartz		PROPN
hohenzollern	hohenzollern	hohenzollern	hohenzollern	V	ADJ;PL
para	ziffer	para	ziffern	N	
para	para	para	para	N	PROPN
howell	howell	howell	howell		PROPN
tolstoy	tolstoi	tolstoy	tolstoi	N	PROPN;NOM;MASC;SG
palawan	palawan	palawan	palawan	N	PROPN;NOM;SG
neptune	neptun	neptune	neptun	N	
jupiter	jupiter	jupiter	jupiter	N	PROPN;NOM;SG
velvet	velvet	velvet	velven		PROPN;SG
velvet	samt	velvet	samt		ADP
mia	mia	mia	mia		PROPN;NOM;SG
alfonso	alfons	alfonso	alfons	N	PROPN;NOM;MASC;SG
alfonso	alfonso	alfonso	alfonso	N	PROPN;NOM;MASC;SG
lara	lara	lara	lara		PROPN
bromley	bromley	bromley	bromley		PROPN
proxy	vollmacht	proxy	vollmacht	N	V;SG;FIN
proxy	proxy	proxy	proxy	N	PROPN;NOM;SG
djibouti	dschibuti	djibouti	dschibuti	N	PROPN;NOM;MASC;SG
hattori	hattori	hattori	hattori	N	PROPN;NOM;MASC;SG
training	ausbildung	training	ausbildung	DET	N;FEM;SG
training	schulungen	training	schulung	DET	N;NOM;FEM;PL
training	weiterbildung	training	weiterbildung	DET	ADJ
training	schulung	training	schulung	DET	N;NOM;FEM;SG
training	fortbildung	training	fortbildung	DET	N;NOM;FEM;SG
musa	mose	musa	mose	N	
musa	musa	musa	musaen	N	PROPN;NOM;SG
acta	acta	acta	acta	N	
marcello	marcello	marcello	marcello	N	PROPN
gilles	gilles	gilles	gill		PROPN;NOM;MASC;SG
shogakukan	shōgakukan	shogakukan	shōgakukan	N	PROPN;NOM;MASC;SG
norodom	norodom	norodom	norodom	N	
funk	funk	funk	funk	N	ADJ
jharkhand	jharkhand	jharkhand	jharkhand	N	
shepard	shepard	shepard	shepard		PROPN;NOM;SG
zanzibar	tansania	zanzibar	tansania	N	PROPN;NOM;MASC;SG
zanzibar	sansibar	zanzibar	sansibar	N	PROPN;NOM;MASC;SG
dmitry	dmitri	dmitry	dmitri	N	PROPN;NOM;MASC;SG
cowan	cowan	cowan	cowan	N	PROPN;SG
randolph	randolph	randolph	randolph		PROPN
