summerh	summerh	summerh	summerh		N;NOM;MASC;SG
rehder	rehder	rehder	rehder		N;NOM;MASC;SG
bauhinia	bauhinia	bauhinia	bauhin	N	PROPN;NOM;MASC;SG
schulz	schulz	schulz	schulz		N;NOM;MASC;SG
bari	bari	bari	bariti		PROPN;NOM;MASC;SG
sturm	sturm	sturm	sturm		ADP
nathan	nathan	nathan	nathan	N	PROPN;NOM;MASC;SG
turk	turčin	turk	turčin		N;NOM;MASC;SG
turk	turka	turk	turak		N;ACC;MASC;SG
turk	turk	turk	turk		PROPN;NOM;MASC;SG
patricia	patricia	patricia	patricia		N;NOM;FEM;SG
eduard	eduard	eduard	eduard		N;NOM;MASC;SG
enrique	enrique	enrique	enriqua		N;NOM;MASC;SG
asperula	asperula	asperula	asperul		N;NOM;MASC;SG
elymus	elymus	elymus	elymus	V	PROPN;NOM;MASC;SG
ranger	rendžer	ranger	rendžer		N;NOM;MASC;SG
ranger	rendžera	ranger	rendžer		N;ACC;MASC;SG
yard	yard	yard	yard		PROPN;NOM;MASC;SG
yard	dvorištu	yard	dvorište		N;DAT;NEUT;SG
yard	dvorište	yard	dvorište		N;NOM;NEUT;SG
int	int	int	int	N	PROPN;NOM;MASC;SG
shelby	shelby	shelby	shelby		PROPN;NOM;MASC;SG
taken	uzeto	taken	uzeto		ADJ;NOM;DEF;NEUT;SG;V.PTCP
rufus	rufus	rufus	rufus		N;NOM;MASC;SG
connor	connor	connor	connor	N	ADV
harrier	harrier	harrier	harrier	N	
hon	dragi	hon	drag		ADJ;NOM;DEF;MASC;SG
hon	draga	hon	draga		N;NOM;FEM;SG
ôliu	olive	ôliu	oliviti	N	ADP
ôliu	maslinovo	ôliu	maslinov	N	ADJ;NOM;DEF;NEUT;SG
rabaul	rabaul	rabaul	rabaul		N;NOM;MASC;SG
richland	richland	richland	richland	N	
queens	queens	queens	queens	N	PROPN;NOM;MASC;SG
plain	ravnica	plain	ravnica		N;NOM;FEM;SG
robertson	robertson	robertson	robertson	N	PROPN;NOM;MASC;SG
ser	ser	ser	ser	N	PROPN;NOM;MASC;SG
rán	fry	rán	fry	N	PROPN;NOM;MASC;SG
metropolitan	metropolitan	metropolitan	metropolitan	N	PROPN;NOM;MASC;SG
capparis	capparis	capparis	capparis		N;NOM;MASC;SG
vendée	vendée	vendée	venda	N	
pass	pazi	pass	paziti	N	V;IMP;SG;2;PRS;FIN
dam	brani	dam	braniti	N	V;IND;SG;3;PRS;FIN
yeltsin	jeljcin	yeltsin	jeljcin		N;NOM;FEM;SG
lori	lori	lori	lora		V;IND;SG;3;PRS;FIN
canyon	canyon	canyon	canyon	N	PROPN;NOM;MASC;SG
lineata	lineata	lineata	lineat		N;ACC;MASC;SG
dominique	dominique	dominique	dominiqati		N;NOM;MASC;SG
garnier	garnier	garnier	garnier		N;NOM;MASC;SG
ultimate	krajnja	ultimate	krajnji		ADJ;NOM;DEF;FEM;SG
ultimate	ultimate	ultimate	ultimati		N;ACC;MASC;PL
dieu	dieu	dieu	die	N	ADP
gleason	gleason	gleason	gleason		N;NOM;MASC;SG
crimean	krim	crimean	krim		PROPN;NOM;MASC;SG
crimean	krimski	crimean	krimski		ADV
quentin	quentin	quentin	quentin		N;NOM;MASC;SG
reeder	reeder	reeder	reeder	ADJ	N;NOM;MASC;SG
girona	girona	girona	girona	NUM	N;NOM;MASC;SG
hokkaido	hokkaidu	hokkaido	hokkaid		N;ACC;MASC;SG
tales	priče	tales	priča		N;NOM;FEM;PL
rennes	rennes	rennes	rennes	NUM	N;NOM;MASC;SG
castellón	castellón	castellón	castellón	N	
sharon	sharon	sharon	sharon		PROPN;NOM;MASC;SG
rosario	rosario	rosario	rosariti		PROPN;NOM;MASC;SG
suite	apartman	suite	apartman		N;NOM;MASC;SG
clair	clair	clair	clair		N;NOM;MASC;SG
aurea	aurea	aurea	aure		N;NOM;MASC;SG
jeju	jeju	jeju	on	N	PROPN;NOM;MASC;SG
mirror	zrcalo	mirror	zrcati		N;NOM;NEUT;SG
mirror	ogledalo	mirror	ogledati		N;NOM;NEUT;SG
cyclophora	cyclophora	cyclophora	cyclophora	V	N;ACC;MASC;SG
macrophylla	macrophylla	macrophylla	macrophyla	V	PROPN;NOM;MASC;SG
potentilla	potentilla	potentilla	potentilao	V	N;NOM;MASC;SG
aristotle	aristotel	aristotle	aristotel		N;NOM;MASC;SG
xxx	xxx	xxx	xxx		NUM
ústí	ústí	ústí	ústí	NUM	PROPN;NOM;MASC;SG
spectabilis	spectabilis	spectabilis	spectabilis		V;MASC;PL;PST;V.PTCP;ACT
furnariidae	furnariidae	furnariidae	furnariida		N;NOM;MASC;SG
malcolm	malcolm	malcolm	malcolm		N;NOM;MASC;SG
joker	joker	joker	joker		N;NOM;MASC;SG
yves	yves	yves	yves		PROPN;NOM;MASC;SG
winchester	winchester	winchester	winchester		N;NOM;MASC;SG
sericea	sericea	sericea	serice		N;NOM;MASC;SG
thây	zombije	thây	zombijati		N;ACC;MASC;PL
thây	zombiji	thây	zombijati		N;NOM;MASC;PL
trifolium	trifolium	trifolium	trifolium		N;NOM;FEM;SG
tanikawa	tanikawa	tanikawa	tanikaw		N;ACC;MASC;SG
nhấp	klik	nhấp	klik	V	N;NOM;MASC;SG
fallax	fallax	fallax	fallax		
chronicle	kronika	chronicle	kronik		N;NOM;FEM;SG
pumila	pumila	pumila	pumiti		V;FEM;SG;PST;V.PTCP;ACT
bradford	bradford	bradford	bradford		PROPN;NOM;MASC;SG
seki	seki	seki	seko	N	PROPN;NOM;MASC;SG
ein	ein	ein	ein	N	ADP
burret	burret	burret	burret		N;NOM;FEM;SG
dom	dome	dom	dom	N	
joy	joy	joy	joy	N	ADP
haplochromis	haplochromis	haplochromis	haplochromis	V	N;INS;MASC;SG
bryansk	brjansk	bryansk	brjansk	N	
hare	zec	hare	zec		N;NOM;MASC;SG
hare	hare	hare	hare		N;NOM;MASC;SG
nba	nba	nba	nba	N	PROPN;NOM;MASC;SG
phở	pho	phở	pho	N	ADP
sum	zbroj	sum	zbroj		N;NOM;MASC;SG
sum	sum	sum	sum		ADP
sum	suma	sum	suma		N;NOM;FEM;SG
swiss	švicarski	swiss	švicarski	N	ADJ;NOM;DEF;MASC;SG
swiss	švicarske	swiss	švicarski	N	ADJ;NOM;FEM;PL
aconitum	aconitum	aconitum	aconitum		N;NOM;MASC;SG
chin	chin	chin	chin	N	ADP
clemson	clemson	clemson	clemson	N	PROPN;NOM;MASC;SG
himmler	himmler	himmler	himmler		N;NOM;MASC;SG
ahn	ivanov	ahn	ivanov	N	PROPN;NOM;MASC;SG
ahn	ahn	ahn	ahn	N	
khoe	prikazuje	khoe	prikazivati	N	V;IND;SG;3;PRS;FIN
khoe	pokazuje	khoe	pokazivati	N	V;IND;SG;3;PRS;FIN
düsseldorf	düsseldorf	düsseldorf	düsseldorf	NUM	N;NOM;MASC;SG
usda	usda	usda	usda	N	PROPN;NOM;MASC;SG
lives	živi	lives	živjeti		V;IND;SG;3;PRS;FIN
lives	životi	lives	život		N;NOM;MASC;PL
lives	živote	lives	život		N;ACC;MASC;PL
tyson	tyson	tyson	tyson	N	PROPN;NOM;MASC;SG
agm	agm	agm	agm		PROPN;NOM;MASC;SG
cecil	cecil	cecil	cecil		N;NOM;MASC;SG
larvae	larve	larvae	larva	ADJ	N;NOM;FEM;PL
besançon	besançonu	besançon	besanton		N;DAT;MASC;SG
takeda	takeda	takeda	takeda		N;NOM;MASC;SG
adventures	avanture	adventures	avantura		N;NOM;FEM;PL
adventures	pustolovine	adventures	pustolovina		N;NOM;FEM;PL
licania	licania	licania	lican		N;NOM;MASC;SG
kagoshima	kagoshima	kagoshima	kagosh		N;INS;MASC;PL
vito	vito	vito	vito		N;NOM;MASC;SG
peruviana	peruviana	peruviana	peruvian		ADJ;NOM;DEF;FEM;SG
varese	varese	varese	vares	NUM	N;NOM;MASC;SG
origins	porijeklo	origins	porijeklo		N;NOM;NEUT;SG
banh	ball	banh	ball	N	ADP
yucatán	yucatan	yucatán	yucatan	N	PROPN;NOM;MASC;SG
heli	helij	heli	helij		N;NOM;MASC;SG
amazonas	amazonas	amazonas	amazonas	N	PROPN;NOM;MASC;SG
lutea	lutea	lutea	lut		N;NOM;FEM;SG
ponte	ponte	ponte	ponta	N	PROPN;NOM;MASC;SG
agamidae	agamidae	agamidae	agamida		N;NOM;MASC;SG
martínez	martínez	martínez	martínez	N	ADJ;NOM;DEF;FEM;SG
kmh	kmh	kmh	kmh		N
lamarck	lamarck	lamarck	lamarck		N;NOM;MASC;SG
craugastor	craugastor	craugastor	craugastor		ADV
leslie	leslie	leslie	leslia		PROPN;NOM;MASC;SG
kirby	kirby	kirby	kirby		PROPN;NOM;MASC;SG
romero	romero	romero	romero	N	PROPN;NOM;MASC;SG
pittsburgh	pittsburgh	pittsburgh	pittsburg		N;NOM;MASC;SG
pittsburgh	pittsburghu	pittsburgh	pittsburiha		N;DAT;MASC;SG
synonym	sinonim	synonym	sinon		ADJ;NOM;DEF;NEUT;SG
yoshida	yoshida	yoshida	yoshida		PROPN;ANIM;ACC;MASC;SG
vaughan	vaughan	vaughan	vaughan		PROPN;NOM;MASC;SG
seth	seth	seth	seth		N;NOM;MASC;SG
mega	mega	mega	meg		N;NOM;MASC;SG
tơi	popravlja	tơi	popravljati	N	V;IND;SG;3;PRS;FIN
nigricans	nigricans	nigricans	nigricans		ADJ;NOM;MASC;SG
claire	kler	claire	kler		N;NOM;MASC;SG
claire	claire	claire	claira		N;NOM;FEM;SG
meridionalis	meridionalis	meridionalis	meridionalis	ADJ	N;NOM;MASC;SG
africanus	africanus	africanus	africanus	N	ADJ;NOM;INDF;MASC;SG;V.PTCP
tribus	tribus	tribus	tribus		N;NOM;MASC;SG
montréal	montrealu	montréal	montreal		N;DAT;MASC;SG
montréal	montreal	montréal	montreal		PROPN;NOM;MASC;SG
makoto	makoto	makoto	makoto		N;NOM;MASC;SG
thank	hvala	thank	hvati		V;FEM;SG;PST;V.PTCP;ACT
jesse	jesse	jesse	biti	N	PROPN;NOM;MASC;SG
walsh	walsh	walsh	walsh	N	PROPN;NOM;MASC;SG
kagome	kagome	kagome	kagom		ADP
ark	arku	ark	ark		N;ACC;FEM;SG
ark	kovčeg	ark	kovčeg		N;NOM;MASC;SG
ark	arka	ark	ark		N;NOM;MASC;SG
marsh	marsh	marsh	marsh	N	PROPN;NOM;MASC;SG
govaerts	govaerts	govaerts	govaerts		N;NOM;MASC;SG
gómez	gomez	gómez	gomez	V	N;NOM;MASC;SG
leach	leach	leach	leach		N;NOM;MASC;SG
české	české	české	české	NUM	PROPN;NOM;MASC;SG
olga	olga	olga	olga		N;NOM;FEM;SG
carnegie	carnegie	carnegie	carneg		N;NOM;MASC;SG
kwon	kwon	kwon	kwon	N	PROPN;NOM;MASC;SG
yamaguchi	yamaguchi	yamaguchi	yamaguchi	N	PROPN;NOM;MASC;SG
brit	britanac	brit	britanac	N	ADJ;NOM;INDF;MASC;SG
rod	rod	rod	rod		N;NOM;MASC;SG
rod	rode	rod	roditi		N;NOM;FEM;PL
crepis	crepis	crepis	crepis	V	
hermione	hermione	hermione	hermion		N;NOM;MASC;SG
amazing	nevjerojatno	amazing	nevjerojatno	N	ADV
nhờn	masna	nhờn	masna	N	ADJ;NOM;DEF;FEM;SG
nhờn	masni	nhờn	masan	N	ADJ;NOM;DEF;MASC;SG
nhờn	masna	nhờn	masna	N	ADJ;NOM;DEF;FEM;SG
nhờn	masno	nhờn	masno	N	ADV
earl	earl	earl	earl		N;NOM;MASC;SG
amber	amber	amber	amber		N;NOM;FEM;SG
neon	neon	neon	neon	N	ADP
hoon	hoon	hoon	hoon	N	
kenny	kenny	kenny	kenny		PROPN;NOM;MASC;SG
pallidus	pallidus	pallidus	pallidus		N;ACC;MASC;SG
hanoi	hanoi	hanoi	hano		PROPN;NOM;MASC;SG
shiki	shiki	shiki	shika	N	
kurd	kurdski	kurd	kurdski	N	ADJ;NOM;MASC;SG
bolt	grome	bolt	groma	N	
invincible	nepobjediv	invincible	nepobjediv		ADJ;NOM;INDF;MASC;SG
invincible	nepobjedivi	invincible	nepobjediv		ADJ;NOM;DEF;MASC;SG
sidi	sidi	sidi	sidjeti	N	PROPN;NOM;MASC;SG
mainz	mainz	mainz	mainz	N	PROPN;NOM;MASC;SG
tracy	tracy	tracy	tracy		PROPN;NOM;MASC;SG
imf	mmf	imf	mmf	N	PROPN;NOM;MASC;SG
blanchard	blanchard	blanchard	blanchard		N;NOM;MASC;SG
mickey	miki	mickey	mik	N	PROPN;NOM;MASC;SG
xml	xml	xml	xml		PROPN;NOM;MASC;SG
shogun	šogun	shogun	šogun		N;NOM;MASC;SG
aung	aung	aung	aung	N	PROPN;NOM;MASC;SG
stella	stella	stella	stella		N;NOM;FEM;SG
stella	stela	stella	stel		N;NOM;FEM;SG
car	auto	car	auto		N;NOM;MASC;SG
car	automobil	car	automobil		N;NOM;MASC;SG
car	kola	car	kolo		N;NOM;NEUT;PL
yen	jena	yen	jena	N	PROPN;NOM;MASC;SG
elliot	elliot	elliot	elliot		PROPN;NOM;MASC;SG
pasteur	pasteur	pasteur	pasteur		N;NOM;MASC;SG
albany	albany	albany	albany	N	PROPN;NOM;MASC;SG
achaea	ahaji	achaea	ahaja	N	
decipiens	decipiens	decipiens	decipiens	V	PROPN;NOM;MASC;SG
yoga	joga	yoga	joga	V	N;NOM;FEM;SG
yoga	yoga	yoga	yog	V	PROPN;NOM;MASC;SG
yoga	jogu	yoga	jog	V	N;ACC;FEM;SG
yoga	joge	yoga	joge	V	N;NOM;MASC;SG
mat	mat	mat	mat	N	PROPN;NOM;MASC;SG
nuevo	nuevo	nuevo	nuevo	N	PROPN;NOM;MASC;SG
penny	pjeni	penny	pjena	N	V;IND;SG;3;PRS;FIN
penny	penny	penny	penny	N	PROPN;NOM;MASC;SG
yuki	yuki	yuki	yuk		PROPN;NOM;MASC;SG
blackwall	blackwall	blackwall	blackwall		N;NOM;MASC;SG
quýt	mandarinski	quýt	mandarinski	N	ADV
eve	eva	eve	eva		PROPN;NOM;FEM;SG
eve	eve	eve	eva		N;NOM;FEM;SG
hacker	haker	hacker	haker		N;NOM;MASC;SG
hacker	hakera	hacker	haker		N;ACC;MASC;SG
hacker	hakeri	hacker	haker		N;NOM;MASC;PL
hacker	hack	hacker	hack		N;NOM;MASC;SG
sendai	sendai	sendai	sendai		PROPN;NOM;MASC;SG
christophe	christophe	christophe	christophe		N;NOM;MASC;SG
ming	ming	ming	ming	N	PROPN;NOM;MASC;SG
xúi	jinx	xúi	jinx	V	PROPN;NOM;MASC;SG
lynn	lynn	lynn	lynn	N	PROPN;NOM;MASC;SG
olomouc	olomouc	olomouc	olomouc		N;NOM;MASC;SG
hót	pjevam	hót	pjevati	N	V;IND;SG;1;PRS;FIN
hót	pjevajući	hót	pjevati	N	ADV;RL
hót	peva	hót	pevati	N	V;IND;SG;3;PRS;FIN
hót	pjeva	hót	pjevati	N	V;IND;SG;3;PRS;FIN
hót	pjeva	hót	pjevati	N	V;IND;SG;3;PRS;FIN
hót	peva	hót	pevati	N	V;IND;SG;3;PRS;FIN
coloma	coloma	coloma	colom	N	
thor	thor	thor	thor	N	PROPN;NOM;MASC;SG
ovata	ovata	ovata	ovat	N	PROPN;NOM;MASC;SG
ruby	rubin	ruby	rubin		N;NOM;MASC;SG
ruby	ruby	ruby	ruby		PROPN;NOM;MASC;SG
selena	salina	selena	salina		N;NOM;FEM;SG
selena	selena	selena	selena		N;NOM;FEM;SG
fulton	fulton	fulton	fulton		N;NOM;MASC;SG
palustris	palustris	palustris	palustris	N	
xavier	xavier	xavier	xavier		PROPN;NOM;MASC;SG
candy	slatkiš	candy	slatkiš		N;NOM;MASC;SG
candy	slatkiše	candy	slatkoša		N;ACC;MASC;PL
candy	slatkiši	candy	slatkiš		N;NOM;MASC;PL
candy	candy	candy	candy		PROPN;NOM;MASC;SG
sheridan	sheridan	sheridan	sheridan		PROPN;NOM;MASC;SG
griffin	griffin	griffin	griffin		PROPN;NOM;MASC;SG
fao	fao	fao	fao	N	PROPN;NOM;MASC;SG
konstantin	konstantin	konstantin	konstantin		N;NOM;MASC;SG
boa	boa	boa	boa		N;NOM;FEM;SG
cube	kocku	cube	kock		N;ACC;FEM;SG
cube	kocka	cube	kock		N;NOM;FEM;SG
cube	kockica	cube	kockica		N;NOM;FEM;SG
emil	emil	emil	emil	N	PROPN;NOM;MASC;SG
rahman	rahman	rahman	rahman	V	N;NOM;MASC;SG
glen	glen	glen	glen		PROPN;NOM;MASC;SG
klaus	klaus	klaus	klaus	N	PROPN;NOM;MASC;SG
gorbachev	gorbačov	gorbachev	gorbačov	N	PROPN;NOM;MASC;SG
corinna	corinna	corinna	corinan	N	PROPN;NOM;FEM;SG
benz	benz	benz	benz		N;MASC;SG
hampton	hampton	hampton	hampton		N;NOM;MASC;SG
chandler	chandler	chandler	chandler		N;NOM;MASC;SG
williamson	williamson	williamson	williamson		PROPN;NOM;MASC;SG
pers	pers	pers	pers	N	PROPN;NOM;MASC;SG
göring	göring	göring	göring		N;NOM;MASC;SG
quinn	quinn	quinn	quinn		N;NOM;MASC;SG
taira	taira	taira	tairati	N	
sumer	sumerski	sumer	sumerski	N	ADJ;NOM;DEF;MASC;SG
irene	irena	irene	irena		N;NOM;FEM;SG
irene	irene	irene	irena		ADJ;NOM;DEF;FEM;PL
cartoon	crtić	cartoon	crtić		N;NOM;MASC;SG
cartoon	crtani	cartoon	crtan		ADJ;NOM;DEF;MASC;SG
penang	penang	penang	penang		N;NOM;MASC;SG
gớm	upale	gớm	upala	PART	N;NOM;FEM;PL
gớm	upala	gớm	upala	PART	N;NOM;FEM;SG
zeller	zeller	zeller	zeller		
toro	toro	toro	toro	N	PROPN;NOM;MASC;SG
sủa	kore	sủa	kora	ADJ	N;NOM;FEM;PL
sủa	kora	sủa	kor	ADJ	N;NOM;FEM;SG
sủa	laju	sủa	laj	ADJ	V;IND;PL;3;PRS;FIN
carr	carr	carr	carr		N;NOM;MASC;SG
betty	beti	betty	beta		N;NOM;FEM;SG
betty	betty	betty	betty		PROPN;NOM;MASC;SG
wilkinson	wilkinson	wilkinson	wilkinson		N;NOM;MASC;SG
cholesterol	kolesterol	cholesterol	kolesterol	V	N;NOM;MASC;SG
constantinople	carigrad	constantinople	carigrad		N;NOM;MASC;SG
madeira	madeira	madeira	madeir	N	
bath	kupanje	bath	kupanje		N;NOM;NEUT;SG
bath	kupka	bath	kupak		ADJ;NOM;DEF;FEM;SG
blanc	blanc	blanc	blanc	N	PROPN;NOM;MASC;SG
medici	medici	medici	medik	N	PROPN;NOM;MASC;SG
uae	uae	uae	ua	N	PROPN;NOM;MASC;SG
bains	bains	bains	bains	N	ADP
bremer	bremer	bremer	bremer	N	PROPN;NOM;MASC;SG
udine	udine	udine	udina	NUM	N;NOM;MASC;SG
gập	slaganje	gập	slaganje	V	N;NOM;NEUT;SG
lens	leća	lens	leće		N;NOM;NEUT;PL
lens	objektiv	lens	objektiv		N;NOM;MASC;SG
lens	curi	lens	curiti		V;IND;SG;3;PRS;FIN
hahn	hahn	hahn	hahn	N	PROPN;NOM;MASC;SG
yamada	yamada	yamada	yamada		PROPN;NOM;MASC;SG
linearis	linearis	linearis	linearis		N;NOM;MASC;SG
dot	dot	dot	dot	N	ADP
andersson	andersson	andersson	andersson	N	PROPN;NOM;MASC;SG
lafayette	lafayette	lafayette	lafayetta	N	PROPN;NOM;MASC;SG
willem	willem	willem	willem	N	PROPN;NOM;MASC;SG
tatar	tatar	tatar	tatar	N	PROPN;NOM;MASC;SG
boom	bang	boom	bang	N	ADP
luigi	luigi	luigi	luiga		PROPN;NOM;MASC;SG
polygonum	polygonum	polygonum	polygonum		PROPN;NOM;MASC;SG
boone	boone	boone	booni		N;NOM;MASC;SG
reo	sumnja	reo	sumnjati	V	N;NOM;FEM;SG
reo	zvoni	reo	zvon	V	N;NOM;MASC;SG
garrison	garrison	garrison	garrison		N;NOM;MASC;SG
garrison	garnizon	garrison	garnizon		N;NOM;MASC;SG
brunnea	brunnea	brunnea	brunan		N;ACC;MASC;SG
repens	repens	repens	repens	V	N;NOM;MASC;SG
lexikon	lexikon	lexikon	lexikon		ADP
lindsey	lindsey	lindsey	lindsey		PROPN;NOM;MASC;SG
hyundai	hyundai	hyundai	hyundai		N;NOM;MASC;SG
direct	izravno	direct	izravno		ADV
direct	direktno	direct	direktno		ADV
direct	izravna	direct	izravan		ADJ;NOM;DEF;FEM;SG
direct	direct	direct	direct		N;NOM;MASC;SG
primula	primula	primula	primula		N;NOM;FEM;SG
craven	craven	craven	craven		N;NOM;MASC;SG
kato	kato	kato	kato	N	
nomura	nomura	nomura	nomura	V	N;NOM;MASC;SG
diane	diane	diane	diana		N;NOM;FEM;PL
rivière	rivière	rivière	rividar		N;NOM;FEM;SG
borealis	borealis	borealis	borealis		N;NOM;MASC;SG
anders	anders	anders	anders	N	PROPN;NOM;MASC;SG
sugar	šećer	sugar	šećer		N;NOM;MASC;SG
sugar	šećera	sugar	šećer		N;GEN;MASC;SG
doc	doc	doc	doc		PROPN;NOM;MASC;SG
budějovice	budějovice	budějovice	budsjovica	NUM	N;NOM;FEM;PL
phidippus	phidippus	phidippus	phidippus	V	
turing	turing	turing	turing		N;NOM;MASC;SG
talbot	talbot	talbot	talbot		PROPN;NOM;MASC;SG
admiralty	admiraliteta	admiralty	admiralitet		N;GEN;MASC;SG
cattleya	cattleya	cattleya	cattley	N	PROPN;NOM;MASC;SG
kyle	kyle	kyle	kyle		PROPN;NOM;MASC;SG
dale	dale	dale	dati		V;FEM;PL;PST;V.PTCP;ACT
gloria	gloria	gloria	glor		N;NOM;FEM;SG
gloria	glorija	gloria	glorija		N;NOM;FEM;SG
oder	oder	oder	oder	V	ADP
lange	lange	lange	lang	N	PROPN;NOM;MASC;SG
shannon	shannon	shannon	shannon		PROPN;NOM;MASC;SG
mehmed	mehmed	mehmed	mehmed	N	PROPN;NOM;MASC;SG
wilcox	wilcox	wilcox	wilcox		PROPN;NOM;MASC;SG
martino	martino	martino	martin		PROPN;NOM;MASC;SG
friedman	friedman	friedman	friedman		N;NOM;MASC;SG
canescens	canescens	canescens	canescens	ADJ	N;NOM;MASC;SG
vanessa	vanessa	vanessa	vanessa		N;NOM;FEM;SG
haas	haas	haas	haas	N	PROPN;NOM;MASC;SG
ryukyu	ryukyu	ryukyu	ryuky	N	PROPN;DAT;MASC;SG
schwartz	schwartz	schwartz	schwartz		N;NOM;MASC;SG
hohenzollern	hohenzollern	hohenzollern	hohenzollern	V	N;NOM;MASC;SG
howell	howell	howell	howell		PROPN;NOM;MASC;SG
velvet	baršun	velvet	baršun		N;NOM;MASC;SG
violacea	violacea	violacea	violaca		N;ANIM;ACC;MASC;SG
mia	mia	mia	mia		PROPN;NOM;FEM;SG
lara	lara	lara	lar		N;NOM;FEM;SG
hattori	hattori	hattori	hattor	N	ADP
training	trening	training	trening	DET	N;NOM;MASC;SG
training	obuka	training	obuka	DET	N;NOM;FEM;SG
training	treniranje	training	treniranje	DET	N;NOM;NEUT;SG
acta	acta	acta	acta	N	ADP
encyclia	encyclia	encyclia	encycli	N	PROPN;NOM;MASC;SG
gilles	gilles	gilles	gilles		PROPN;NOM;MASC;SG
robustus	robustus	robustus	robustus		N;NOM;MASC;SG
shepard	shepard	shepard	shepard		N;NOM;MASC;SG
microphylla	microphylla	microphylla	microphyla	V	PROPN;NOM;MASC;SG
lil	lil	lil	lil		PROPN;NOM;MASC;SG
dmitry	dmitry	dmitry	dmitry	N	PROPN;NOM;MASC;SG
boisduval	boisduval	boisduval	boisduval		N;NOM;MASC;SG
cowan	cowan	cowan	cowan	N	
randolph	randolph	randolph	randolph		PROPN;NOM;MASC;SG
oakland	oakland	oakland	oakland	N	PROPN;NOM;MASC;SG
gerstaecker	gerstaecker	gerstaecker	gerstaecker	V	N;NOM;MASC;SG
irving	irving	irving	irving		N;NOM;MASC;SG
trau	umorna	trau	umoran	V	ADJ;NOM;DEF;FEM;SG
trau	umorni	trau	umoran	V	ADJ;NOM;DEF;MASC;PL
trau	umoran	trau	umoran	V	ADJ;NOM;INDF;MASC;SG
bison	bizon	bison	bizon		N;NOM;MASC;SG
bison	bizona	bison	bizon		N;ACC;MASC;SG
lat	lijeni	lat	lijena	N	ADJ;NOM;DEF;MASC;PL
lat	lijen	lat	lijen	N	ADJ;NOM;INDF;MASC;SG
ferula	ferula	ferula	ferul		N;NOM;MASC;SG
coruña	coruña	coruña	coruka		N;NOM;MASC;SG
crane	crane	crane	crana		N;NOM;FEM;SG
crane	dizalica	crane	dizalica		N;NOM;FEM;SG
fulva	fulva	fulva	fulva		N;NOM;MASC;SG
beaver	dabar	beaver	dabar		N;NOM;MASC;SG
chopin	chopin	chopin	chopin	V	N;NOM;MASC;SG
canterbury	canterbury	canterbury	canterbury		PROPN;NOM;MASC;SG
gerhard	gerhard	gerhard	gerhard		PROPN;NOM;MASC;SG
ariel	ariel	ariel	ariel		N;NOM;MASC;SG
indie	indie	indie	inditi		N;NOM;MASC;SG
konrad	konrad	konrad	konrad		N;NOM;MASC;SG
castillo	castillo	castillo	castillo		ADV
kung	kung	kung	kung	N	ADP
championships	prvenstvu	championships	prvenstvo	V	N;DAT;NEUT;SG
championships	prvenstva	championships	prvenstvo	V	N;NOM;NEUT;PL
beograd	beograd	beograd	beograd	N	PROPN;NOM;MASC;SG
martha	marta	martha	mart		N;NOM;FEM;SG
martha	martha	martha	martha		N;NOM;FEM;SG
bloom	cvatu	bloom	cvat		N;NOM;MASC;PL
bloom	bloom	bloom	blo		N;NOM;MASC;SG
marius	marius	marius	marius		N;NOM;MASC;SG
espírito	espírito	espírito	esprrito		PROPN;NOM;MASC;SG
khuya	kasni	khuya	kasni	N	ADJ;NOM;DEF;MASC;SG
khuya	kasno	khuya	kasno	N	ADV
kimi	kimi	kimi	kima	N	ADP
beaufort	beaufort	beaufort	beaufort	N	PROPN;NOM;MASC;SG
tone	tone	tone	tona		N;NOM;FEM;SG
tone	ton	tone	ton		N;NOM;MASC;SG
rue	rue	rue	rua	N	ADP
michoacán	michoacán	michoacán	michoacán	V	PROPN;NOM;MASC;SG
stan	stan	stan	stan		N;NOM;MASC;SG
stan	stana	stan	stan		N;GEN;MASC;SG
stan	sten	stan	sten		N;NOM;MASC;SG
rebel	buntovnik	rebel	buntovnik		N;NOM;MASC;SG
rebel	pobunjenika	rebel	pobunjenik		N;ANIM;ACC;MASC;SG
rebel	pobunjenik	rebel	pobunjenik		N;NOM;MASC;SG
regina	regina	regina	regina		N;NOM;FEM;SG
laporte	laporte	laporte	laport		N;NOM;MASC;SG
cherry	cherry	cherry	cherry		ADP
cherry	trešnja	cherry	trešanj		N;NOM;FEM;SG
cherry	višnje	cherry	visnja		N;NOM;FEM;PL
cherry	trešnje	cherry	trešnji		N;NOM;FEM;PL
cherry	trešnje	cherry	trešnji		N;NOM;FEM;PL
scout	skaut	scout	skaut		N;NOM;MASC;SG
scout	izviđač	scout	izviđač		N;NOM;MASC;SG
coburg	coburg	coburg	coburg		N;NOM;MASC;SG
lozère	lozère	lozère	lozpra	N	
pereira	pereira	pereira	pereirati	N	PROPN;NOM;MASC;SG
borneensis	borneensis	borneensis	borneensis		ADV
interscope	interscope	interscope	interscop	V	N;NOM;MASC;SG
orissa	orissa	orissa	oriss	N	
bruxelles	brussels	bruxelles	brussels	N	ADP
gaston	gaston	gaston	gaston		N;NOM;MASC;SG
clannad	clannad	clannad	clannad		N;NOM;MASC;SG
fairey	fairey	fairey	fairey	N	PROPN;NOM;MASC;SG
chuck	chuck	chuck	chuck		N;NOM;MASC;SG
benn	benn	benn	benn		N;NOM;MASC;SG
punctatus	punctatus	punctatus	punctatus		N;ACC;MASC;SG
romagna	romagna	romagna	romagan		N;NOM;FEM;SG
scottish	škotska	scottish	škotski	NUM	ADJ;NOM;DEF;FEM;SG
scottish	škot	scottish	škot	NUM	N;NOM;MASC;SG
scottish	škotski	scottish	škotski	NUM	ADJ;NOM;DEF;MASC;SG
turkish	tursko	turkish	turski		ADJ;NOM;NEUT;SG
turkish	turski	turkish	turski		ADJ;NOM;MASC;SG
trinity	trojstvo	trinity	trojstvo	NUM	N;NOM;NEUT;SG
trinity	trinity	trinity	trinity	NUM	PROPN;NOM;MASC;SG
roche	roche	roche	rocha		N;NOM;MASC;SG
parva	parva	parva	parva		N;NOM;FEM;SG
gallo	gallo	gallo	gallo	N	PROPN;NOM;MASC;SG
sonora	sonora	sonora	sonor		N;NOM;MASC;SG
truncata	truncata	truncata	truncat		N;ACC;MASC;SG
hubert	hubert	hubert	hubert		N;NOM;MASC;SG
bertrand	bertrand	bertrand	bertrand		N;NOM;MASC;SG
turin	torinu	turin	torina	NUM	N;DAT;MASC;SG
wikitext	wikitext	wikitext	wikitext		N;NOM;MASC;SG
valentin	valentin	valentin	valentin		N;NOM;MASC;SG
holly	holly	holly	holly		PROPN;NOM;MASC;SG
albuca	albuca	albuca	albuca		N;NOM;FEM;SG
sensu	sensu	sensu	sens	N	
fidel	fidel	fidel	fidel		N;NOM;MASC;SG
ash	pepeo	ash	pepeo		N;NOM;MASC;SG
ash	ash	ash	ash		PROPN;NOM;MASC;SG
ash	pepela	ash	pepel		N;NOM;MASC;SG
brittany	brittany	brittany	brittany		PROPN;NOM;FEM;SG
ret	ret	ret	ret		PROPN;NOM;MASC;SG
gentry	gentry	gentry	gentry		PROPN;NOM;MASC;SG
pohl	pohl	pohl	pohl		PROPN;NOM;MASC;SG
giặt	rublje	giặt	rublje	V	N;NOM;NEUT;SG
barker	barker	barker	barker		PROPN;NOM;MASC;SG
spitfire	spitfire	spitfire	spitfirati		N;NOM;MASC;SG
philipp	philipp	philipp	philipp		PROPN;NOM;MASC;SG
andre	andre	andre	andar		N;NOM;MASC;SG
andre	andre	andre	andar		N;NOM;MASC;SG
andre	andré	andre	andré		PROPN;NOM;MASC;SG
barton	barton	barton	barton		PROPN;NOM;MASC;SG
pierce	pierce	pierce	pierce		PROPN;NOM;MASC;SG
catania	catania	catania	catania	N	PROPN;NOM;MASC;SG
scandens	scandens	scandens	scandens		N;NOM;MASC;SG
santana	santana	santana	santan		N;NOM;MASC;SG
smithii	smithii	smithii	smithii		V;NFIN
spotted	uočio	spotted	uoči		V;MASC;SG;PST;V.PTCP;ACT
cược	bet	cược	bet	N	PROPN;NOM;MASC;SG
jia	jia	jia	jia	N	PROPN;NOM;MASC;SG
krasnodar	krasnodar	krasnodar	krasnodar	N	ADV
wikimapia	wikimapia	wikimapia	wikimapia		N;NOM;MASC;SG
chẻ	rupu	chẻ	rupa		N;ACC;FEM;SG
chẻ	rupa	chẻ	rupa		N;NOM;FEM;SG
formosana	formosana	formosana	formosan		N;NOM;MASC;SG
rainer	rainer	rainer	rainer	N	PROPN;NOM;MASC;SG
trieste	trst	trieste	trst	N	PROPN;NOM;MASC;SG
phineas	phineas	phineas	phineas	N	ADP
bèo	jadno	bèo	jadno	N	ADJ;NOM;DEF;NEUT;SG
leonid	leonid	leonid	leonid	N	PROPN;NOM;MASC;SG
fernald	fernald	fernald	fernald		N;NOM;MASC;SG
micrantha	micrantha	micrantha	micranth		N;ACC;MASC;SG
seok	seok	seok	seok	N	
brevipes	brevipes	brevipes	brevipes		N;NOM;MASC;SG
narcissus	narcis	narcissus	narcis		N;NOM;MASC;SG
spaeth	spaeth	spaeth	spatiti		N;NOM;MASC;SG
angelica	angelica	angelica	angelica		N;NOM;FEM;SG
skin	koža	skin	koža		N;NOM;FEM;SG
skin	puti	skin	put		N;NOM;FEM;PL
ocotea	ocotea	ocotea	ocote	N	
gamespot	gamespot	gamespot	gamespot		N;NOM;MASC;SG
tít	čuti	tít	čuti		V;NFIN
rising	raste	rising	rasti		V;IND;SG;3;PRS;FIN
rising	ustanak	rising	ustanak		N;NOM;MASC;SG
leigh	leigh	leigh	leigh		N;NOM;MASC;SG
mitra	mitra	mitra	mitar		N;NOM;MASC;SG
biếng	mokasine	biếng	mokasina	ADJ	N;NOM;FEM;PL
biếng	lijena	biếng	lijena	ADJ	N;NOM;FEM;SG
cryptantha	cryptantha	cryptantha	cryptanth		N;NOM;MASC;SG
vice	porok	vice	porok		N;NOM;MASC;SG
vice	vice	vice	vice		N;NOM;MASC;SG
phillip	phillip	phillip	phillip		N;NOM;MASC;SG
phillip	filipe	phillip	filip		INTJ
surrey	surrey	surrey	surrey	NUM	PROPN;NOM;MASC;SG
barset	barset	barset	barset		N;NOM;FEM;SG
martinez	martinez	martinez	martinez	N	PROPN;NOM;MASC;SG
phalaenopsis	phalaenopsis	phalaenopsis	phalaenopsis	N	ADV
gill	gill	gill	gill		PROPN;NOM;MASC;SG
globe	globus	globe	globus		N;NOM;MASC;SG
orton	orton	orton	orton	N	
djokovic	đoković	djokovic	đoković	N	PROPN;NOM;MASC;SG
chằng	ligament	chằng	ligament	V	N;NOM;MASC;SG
oppenheimer	oppenheimer	oppenheimer	oppenheimer		N;NOM;MASC;SG
cyanea	cyanea	cyanea	Cyane		PROPN;ANIM;ACC;MASC;SG
bravo	bravo	bravo	bravo		N;NOM;MASC;SG
lateralis	lateralis	lateralis	lateralis		N;NOM;MASC;SG
vittata	vittata	vittata	vittat		N;ACC;MASC;SG
hopper	hopper	hopper	hopper	V	N;NOM;MASC;SG
goa	goa	goa	goa		N;NOM;MASC;SG
hyperolius	hyperolius	hyperolius	hyperolius		PROPN;NOM;MASC;SG
nicholson	nicholson	nicholson	nicholson		N;NOM;MASC;SG
dhabi	dhabi	dhabi	dhab	N	PROPN;NOM;MASC;SG
guderian	guderian	guderian	guderian		N;NOM;MASC;SG
mladá	mladá	mladá	mladá	NUM	
soft	mekani	soft	mekan		ADJ;NOM;DEF;MASC;SG
soft	mekana	soft	mekan		ADJ;NOM;DEF;FEM;SG
soft	meko	soft	meko		ADJ;NOM;NEUT;SG
soft	mekano	soft	mekan		ADJ;NOM;DEF;NEUT;SG
caproni	caproni	caproni	caproniti	N	
satyrium	satyrium	satyrium	satyrium		N;NOM;MASC;SG
ornatus	ornatus	ornatus	ornatus		N;ACC;MASC;SG
králové	králové	králové	králové	V	N;NOM;MASC;PL
estadio	estadio	estadio	estadio		N;NOM;MASC;SG
jörg	jörg	jörg	jörg	NUM	N;NOM;MASC;SG
breed	sorta	breed	sort		N;NOM;FEM;SG
cronquist	cronquistov	cronquist	cronquistov	N	PROPN;NOM;MASC;SG
sphinx	sfinga	sphinx	sfing		N;NOM;FEM;SG
rogue	rogue	rogue	rogua	N	PROPN;NOM;MASC;SG
crimea	krim	crimea	krim	V	PROPN;NOM;MASC;SG
factbook	factbook	factbook	factbook	N	ADP
abkhazia	abhazije	abkhazia	abhazija		N;NOM;FEM;PL
mồm	mouth	mồm	mouth	N	ADP
genista	genista	genista	genista		N;NOM;MASC;SG
pepper	paprika	pepper	paprika		N;NOM;FEM;SG
pepper	pepper	pepper	pepper		ADP
pepper	papar	pepper	papar		N;NOM;MASC;SG
pepper	biber	pepper	biber		N;NOM;MASC;SG
baptist	baptističkoj	baptist	baptistički	N	ADJ;DAT;DEF;FEM;SG
jammu	jammu	jammu	jamm	N	ADP
ramsey	ramsey	ramsey	ramsey		PROPN;NOM;MASC;SG
infinity	beskonačno	infinity	beskonačno	N	ADV
hayes	hayes	hayes	hayes	N	PROPN;NOM;MASC;SG
waterhouse	waterhouse	waterhouse	waterhouse		N;NOM;MASC;SG
molina	molina	molina	molina		N;NOM;FEM;SG
composite	kompozitni	composite	kompozitan	N	ADJ;NOM;DEF;MASC;SG
ciliata	ciliata	ciliata	ciliata		N;NOM;MASC;SG
medieval	srednjovjekovni	medieval	srednjovjekovan	N	ADJ;NOM;DEF;MASC;SG
pavonia	pavonia	pavonia	pavonia		N;NOM;MASC;SG
tvxq	tvxq	tvxq	tvxq	N	
brie	brie	brie	briti		N;NOM;MASC;SG
sally	sali	sally	sal		N;NOM;MASC;SG
sally	sally	sally	sally		PROPN;NOM;MASC;SG
choáng	zapanjen	choáng	zapaniti	V	ADJ;NOM;INDF;MASC;SG;V.PTCP
choáng	drobljenje	choáng	drobljenje	V	N;NOM;NEUT;SG
jaén	jaén	jaén	jaén	NUM	PROPN;NOM;MASC;SG
patton	patton	patton	patton		N;NOM;MASC;SG
drew	dru	drew	dru		N;NOM;MASC;SG
drew	drew	drew	drew		PROPN;NOM;MASC;SG
dentata	dentata	dentata	dentat		N;NOM;MASC;SG
oecophoridae	oecophoridae	oecophoridae	oecophorida	V	N;NOM;MASC;SG
elongatus	elongatus	elongatus	elongatus		N;DAT;MASC;SG
cherokee	cherokee	cherokee	cherokea		N;NOM;MASC;SG
hindenburg	hindenburg	hindenburg	hindenburg		N;NOM;MASC;SG
smile	osmijeh	smile	osmijeh		N;NOM;MASC;SG
smile	osmjeh	smile	osmjeh		N;NOM;MASC;SG
tbilisi	tbilisi	tbilisi	tbilis	N	PROPN;NOM;MASC;SG
rochester	rochester	rochester	rochester		N;NOM;MASC;SG
marguerite	marguerite	marguerite	marguerit		N;NOM;MASC;SG
navbox	navbox	navbox	navbox		N;NOM;MASC;SG
laden	ladena	laden	laden	N	ADJ;NOM;DEF;FEM;SG
aka	aka	aka	aka		N;NOM;MASC;SG
ambulyx	ambulyx	ambulyx	ambulyx	N	PROPN;NOM;MASC;SG
ngứa	svrbež	ngứa	svrbež	V	N;NOM;MASC;SG
ngứa	kandžama	ngứa	kandža	V	N;INS;FEM;PL
ngứa	kandže	ngứa	kandže	V	N;NOM;FEM;PL
rebecca	rebeka	rebecca	rebek		N;NOM;FEM;SG
rebecca	rebecca	rebecca	rebecc		N;NOM;FEM;SG
satoshi	satoshi	satoshi	satosha		ADP
stones	kamenje	stones	kamenje		N;NOM;NEUT;SG
prop	prop	prop	prop		PROPN;NOM;MASC;SG
martens	martens	martens	martens		N;NOM;FEM;PL
pot	lonac	pot	lonac		N;NOM;MASC;SG
pot	pot	pot	pot		N;NOM;MASC;SG
striatus	striatus	striatus	striatus		N;DAT;MASC;SG
mexicanus	mexicanus	mexicanus	mexicanus	N	ADJ;NOM;INDF;MASC;SG;V.PTCP
patterson	patterson	patterson	patterson		PROPN;NOM;MASC;SG
obi	obi	obi	obiti	N	PROPN;NOM;MASC;SG
alma	alma	alma	alma	NUM	N;NOM;FEM;SG
hwan	hwan	hwan	hwan	N	
smaragdina	smaragdina	smaragdina	smaragdin		N;NOM;MASC;SG
weasley	weasley	weasley	weasley		PROPN;NOM;MASC;SG
myers	myers	myers	myers		PROPN;NOM;MASC;SG
parvula	parvula	parvula	parvula		N;NOM;MASC;SG
allegheny	allegheny	allegheny	allegheny		ADP
tivi	televizija	tivi	televizija	ADJ	N;NOM;FEM;SG
argentine	argentinski	argentine	argentinski	N	ADJ;NOM;DEF;MASC;SG
philippinensis	philippinensis	philippinensis	philippinensis	V	N;NOM;MASC;SG
tina	tinu	tina	tin		N;ACC;FEM;SG
tina	tini	tina	tina		N;NOM;FEM;SG
tina	tina	tina	tina		N;NOM;FEM;SG
rugosa	rugosa	rugosa	rugos		N;NOM;MASC;SG
mystery	misterija	mystery	misterija		N;NOM;FEM;SG
mystery	misterij	mystery	misterij		N;NOM;MASC;SG
ruth	ruth	ruth	ruth		PROPN;NOM;FEM;SG
ruth	rut	ruth	rut		N;NOM;FEM;SG
carolyn	carolyn	carolyn	carolyn		PROPN;NOM;MASC;SG
monde	monde	monde	monda	N	ADP
bien	vidljiv	bien	vidljiv	N	ADJ;NOM;MASC;SG
bien	vidljiva	bien	vidljiv	N	ADJ;NOM;DEF;FEM;SG
bien	vidljive	bien	vidljiv	N	ADJ;NOM;DEF;FEM;PL
bien	vidljivo	bien	vidljiv	N	ADJ;NOM;DEF;NEUT;SG
bien	vidljivi	bien	vidljiv	N	ADJ;NOM;DEF;MASC;PL
bien	bien	bien	bien	N	ADP
hoffmann	hoffmann	hoffmann	hoffmann		N;NOM;MASC;SG
hinton	hinton	hinton	hinton		PROPN;NOM;MASC;SG
heather	heather	heather	heather	N	ADP
geo	geo	geo	geo		N;NOM;MASC;SG
joey	joey	joey	joey	N	PROPN;NOM;MASC;SG
silicon	silikonske	silicon	silikonski	N	ADJ;NOM;DEF;FEM;PL
isabel	isabel	isabel	isabel		N;NOM;FEM;SG
isabel	isabelle	isabel	isabela		N;NOM;FEM;PL
batista	batista	batista	batist		N;NOM;MASC;SG
velutina	velutina	velutina	velutina		N;NOM;FEM;SG
highland	highland	highland	highland		N;NOM;MASC;SG
olt	olt	olt	olt		N;NOM;FEM;SG
avenue	avenije	avenue	avenija		N;NOM;FEM;PL
avenue	avenue	avenue	avenue		N;NOM;MASC;SG
avenue	avenija	avenue	avenija		N;NOM;FEM;SG
alegre	alegre	alegre	alegra		PROPN;NOM;MASC;SG
paradoxa	paradoxa	paradoxa	paradox		N;NOM;MASC;SG
aspx	aspx	aspx	aspx	N	
schwarzenegger	schwarzenegger	schwarzenegger	schwarzenegger		ADJ;GEN;DEF;MASC;SG
niels	niels	niels	niels	N	PROPN;NOM;MASC;SG
holmberg	holmberg	holmberg	holmberg		N;NOM;FEM;SG
sinai	sinai	sinai	sinai	N	PROPN;NOM;MASC;SG
pmid	pmid	pmid	pmid		ADP
xuyến	torusa	xuyến	torus	V	N;GEN;MASC;SG
reyes	reyes	reyes	reyes	N	PROPN;NOM;MASC;SG
gin	gin	gin	gin	N	PROPN;NOM;MASC;SG
wendy	wendy	wendy	wendy		PROPN;NOM;MASC;SG
blackwell	blackwell	blackwell	blackwell		ADP
phoiac	phoiac	phoiac	phoiac	V	N;NOM;MASC;SG
multiflora	multiflora	multiflora	multiflor		N;ACC;MASC;SG
gneisenau	gneisenau	gneisenau	gneisena		ADJ;NOM;DEF;MASC;SG
holiday	odmor	holiday	odmor		N;NOM;MASC;SG
holiday	blagdan	holiday	blagdan		N;NOM;MASC;SG
holiday	praznik	holiday	praznik		N;NOM;MASC;SG
ribera	ribera	ribera	riber	NUM	N;NOM;MASC;SG
dornier	dornier	dornier	dornier	N	ADJ;NOM;DEF;MASC;SG
exilis	exilis	exilis	exilis	N	
hemingway	hemingway	hemingway	hemingway		N;NOM;MASC;SG
táp	ugriz	táp	ugriz	V	N;NOM;MASC;SG
táp	ugrizi	táp	ugriza	V	N;NOM;MASC;PL
táp	zalogaj	táp	zalogaj	V	N;NOM;MASC;SG
chapuis	chapuis	chapuis	chapuis	V	N;NOM;MASC;SG
viz	viz	viz	viz		PROPN;NOM;MASC;SG
euonymus	euonymus	euonymus	euonymus		ADP
gibbs	gibbs	gibbs	gibbs	CONJ	PROPN;NOM;MASC;SG
griswold	griswold	griswold	griswold		N;NOM;MASC;SG
platanthera	platanthera	platanthera	platanther		N;ACC;MASC;SG
dawson	dawson	dawson	dawson	N	PROPN;NOM;MASC;SG
stress	stres	stress	stres		N;NOM;MASC;SG
stress	stresa	stress	stres		N;GEN;MASC;SG
sei	sei	sei	seie		N;NOM;MASC;SG
baiano	baiano	baiano	baiano		ADV
tak	tak	tak	tak	N	ADV
pattern	uzorak	pattern	uzorak	V	N;NOM;MASC;SG
pattern	obrazac	pattern	obrazac	V	N;NOM;MASC;SG
etheostoma	etheostoma	etheostoma	etheost	ADJ	N;INS;FEM;SG
greece	grčka	greece	grčki	N	ADJ;NOM;FEM;SG
oliva	oliva	oliva	oliva		N;NOM;FEM;SG
brain	mozak	brain	mozak	V	N;NOM;MASC;SG
fragilis	fragilis	fragilis	fragilis		V;MASC;PL;PST;V.PTCP;ACT
vila	vila	vila	vila		N;NOM;FEM;SG
buchanan	buchanan	buchanan	buchanan		PROPN;NOM;MASC;SG
alive	živ	alive	živ		ADJ;NOM;INDF;MASC;SG
rodriguez	rodriguez	rodriguez	rodriguez		PROPN;NOM;MASC;SG
volkhov	volhov	volkhov	volhov	N	
cent	cent	cent	cent		N;NOM;MASC;SG
leste	leste	leste	lesta	N	
sandy	sandy	sandy	sandy		PROPN;NOM;MASC;SG
fra	fra	fra	fra		PROPN;NOM;MASC;SG
cuốc	slučajni	cuốc	slučajna	N	ADJ;NOM;DEF;MASC;SG
cuốc	slučajna	cuốc	slučajn	N	ADJ;NOM;DEF;FEM;SG
cuốc	nasumično	cuốc	nasumično	N	ADV
desmond	desmond	desmond	desmond		N;NOM;MASC;SG
paranaense	paranaense	paranaense	paranaens		N;NOM;FEM;SG
terra	terra	terra	terar		N;NOM;MASC;SG
nigripes	nigripes	nigripes	nigripes		N;NOM;MASC;SG
wikisource	wikizvor	wikisource	wikizvor	V	N;NOM;MASC;SG
hosakote	kodagu	hosakote	kodag		N;NOM;MASC;SG
neville	neville	neville	neville		PROPN;NOM;MASC;SG
novara	novara	novara	novar	NUM	N;NOM;MASC;SG
pal	pal	pal	pal		PROPN;NOM;MASC;SG
charmed	očarana	charmed	očaran		ADJ;NOM;DEF;FEM;SG;V.PTCP
kelvin	kelvin	kelvin	kelvin		N;NOM;FEM;SG
korlević	korlević	korlević	korlević		N;NOM;MASC;SG
sergio	sergio	sergio	sergiti	N	PROPN;NOM;MASC;SG
medium	medij	medium	medij		N;NOM;MASC;SG
medium	srednje	medium	srednji		ADJ;NOM;DEF;FEM;PL
medium	srednji	medium	srednji		ADJ;NOM;DEF;MASC;SG
medium	srednja	medium	srednji		ADJ;NOM;DEF;FEM;SG
somali	somalijski	somali	somalijski	N	ADV
shane	shane	shane	shan		N;NOM;MASC;SG
cal	cal	cal	cal		N;NOM;MASC;SG
cool	cool	cool	cool		ADP
moreno	moreno	moreno	moren		PROPN;NOM;MASC;SG
telegraph	telegraf	telegraph	telegraf		N;NOM;MASC;SG
milk	mlijeka	milk	mlijeko		N;NOM;NEUT;SG
milk	mlijeko	milk	mlijeko		N;NOM;NEUT;SG
leucas	leucas	leucas	leucas		N;NOM;MASC;SG
livingston	livingston	livingston	livingston		N;NOM;MASC;SG
grisea	grisea	grisea	gristi		N;NOM;MASC;SG
undulata	undulata	undulata	undulata		N;NOM;MASC;SG
wollaston	wollaston	wollaston	wollaston	V	ADV
thierry	thierry	thierry	thierry	N	PROPN;NOM;MASC;SG
rupestris	rupestris	rupestris	rupestris		N;NOM;MASC;SG
gracilipes	gracilipes	gracilipes	gracilipes		V;MASC;PL;PST;V.PTCP;ACT
graz	graz	graz	graz		PROPN;NOM;MASC;SG
angolensis	angolensis	angolensis	angolensis	ADJ	N;NOM;MASC;SG
kangaroo	klokan	kangaroo	klokan		N;NOM;MASC;SG
kangaroo	klokani	kangaroo	klokan		N;NOM;MASC;PL
calophyllum	calophyllum	calophyllum	calophyllum	V	PROPN;NOM;MASC;SG
saratoga	saratoge	saratoga	saratog		ADJ;GEN;DEF;MASC;SG
siamensis	siamensis	siamensis	siamensis		N;NOM;MASC;SG
isla	isla	isla	isla	N	V;MASC;SG;PST;V.PTCP;ACT
intermedius	intermedius	intermedius	intermedius		N;NOM;MASC;SG
debilis	debilis	debilis	debilis		V;MASC;PL;PST;V.PTCP;ACT
alejandro	alejandro	alejandro	alejandro	N	PROPN;NOM;MASC;SG
potamogeton	potamogeton	potamogeton	potamogeton		N;NOM;MASC;SG
friuli	friuli	friuli	friula		PROPN;NOM;MASC;SG
albedo	albedo	albedo	albedo		N;NOM;MASC;SG
infinite	beskonačno	infinite	beskonačno	N	ADV
castello	castello	castello	castello	N	PROPN;NOM;MASC;SG
erythroxylum	erythroxylum	erythroxylum	erythroxylum	V	PROPN;NOM;MASC;SG
zhao	zao	zhao	zao	N	ADJ;NOM;INDF;MASC;SG
gloucester	gloucester	gloucester	gloucester		N;NOM;MASC;SG
calamagrostis	calamagrostis	calamagrostis	calamagrostis		N;NOM;FEM;PL
res	res	res	res		ADP
sonny	sonny	sonny	sonny		N;NOM;MASC;SG
neill	neill	neill	neill	N	PROPN;NOM;MASC;SG
encyclopædia	encyclopædia	encyclopædia	encyclopadia	V	PROPN;NOM;MASC;SG
aguilar	aguilar	aguilar	aguilar		N;NOM;MASC;SG
hayashi	hayashi	hayashi	hayashi		PROPN;NOM;MASC;SG
sega	sega	sega	sege		N;NOM;FEM;SG
donna	dona	donna	dona		N;NOM;FEM;SG
donna	donna	donna	donan		N;NOM;FEM;SG
pham	pham	pham	pham	N	
kauai	kauai	kauai	kaua		N;NOM;MASC;SG
halle	halle	halle	halla	N	PROPN;NOM;MASC;SG
basalis	basalis	basalis	basalis		N;NOM;MASC;PL
notodontidae	notodontidae	notodontidae	notodontida		N;NOM;MASC;SG
ulrich	ulrich	ulrich	ulrich		PROPN;NOM;MASC;SG
gap	jaz	gap	jaz	V	N;NOM;MASC;SG
gap	gap	gap	gap	V	PROPN;NOM;MASC;SG
beaumont	beaumont	beaumont	beaumont	N	PROPN;NOM;MASC;SG
muhlenbergia	muhlenbergia	muhlenbergia	muhlenberg	V	N;NOM;MASC;SG
erie	erie	erie	eri	N	PROPN;NOM;MASC;SG
thulin	thulin	thulin	thulin	N	
ulsan	ulsan	ulsan	ulsan	N	ADJ;NOM;MASC;SG
frances	frances	frances	frances		N;NOM;FEM;SG
rigida	rigida	rigida	rigid	ADJ	N;NOM;MASC;SG
adriatic	jadranu	adriatic	jadrana		N;DAT;MASC;SG
adriatic	jadrana	adriatic	jadrana		N;NOM;FEM;SG
viva	viva	viva	vivo		N;NOM;MASC;SG
kwang	kwang	kwang	kwang	N	ADP
vanilla	thunder	vanilla	thunder		N;NOM;MASC;SG
vanilla	grmljavina	vanilla	grmljavina		N;NOM;FEM;SG
vanilla	grom	vanilla	grom		N;NOM;MASC;SG
vanilla	vanilija	vanilla	vanilija		N;NOM;FEM;SG
vanilla	vanilije	vanilla	vanilija		N;NOM;FEM;PL
lepidium	lepidium	lepidium	lepidium	V	N;NOM;MASC;SG
extreme	ekstremna	extreme	ekstreman		ADJ;NOM;DEF;FEM;SG
extreme	ekstremni	extreme	ekstreman		ADJ;NOM;DEF;MASC;SG
extreme	ekstremno	extreme	ekstremno		ADV
bun	bugarski	bun	bugarski		ADJ;NOM;MASC;SG
bun	bun	bun	bun		PROPN;NOM;MASC;SG
multi	multi	multi	mult	DET	N;NOM;MASC;SG
wiedemann	wiedemann	wiedemann	wiedemann	N	ADJ;NOM;MASC;SG
woody	woody	woody	woody		N;NOM;MASC;SG
fat	debelo	fat	debeti	N	V;NEUT;SG;PST;V.PTCP;ACT
fat	masno	fat	masno	N	ADV
fat	debela	fat	debel	N	V;FEM;SG;PST;V.PTCP;ACT
fat	debeli	fat	debeti	N	V;MASC;PL;PST;V.PTCP;ACT
pegasus	pegasus	pegasus	pegasus		N;NOM;MASC;SG
coriacea	coriacea	coriacea	coriace		N;ACC;MASC;SG
seymour	seymour	seymour	seymour		PROPN;NOM;MASC;SG
lex	lex	lex	lex		N;NOM;MASC;SG
magnifica	magnifica	magnifica	magnifica		N;NOM;FEM;SG
episodes	epizode	episodes	epizoda		N;NOM;FEM;PL
herb	herb	herb	herb		ADP
ringo	ringo	ringo	ring		N;NOM;MASC;SG
nicola	nicola	nicola	nicol	N	PROPN;NOM;MASC;SG
renault	renault	renault	renault		N;NOM;MASC;SG
minami	minami	minami	minam		N;NOM;FEM;SG
avengers	osvetnici	avengers	osvetnik		N;NOM;MASC;PL
tournefortia	tournefortia	tournefortia	tournefort		N;NOM;FEM;SG
mecca	meku	mecca	mek	N	ADJ;ACC;DEF;FEM;SG
mecca	meka	mecca	meka	N	ADJ;NOM;DEF;FEM;SG
mecca	meki	mecca	mek	N	ADJ;NOM;DEF;MASC;SG
mecca	meke	mecca	mek	N	ADJ;NOM;DEF;FEM;PL
switch	prebaci	switch	prebac	N	V;IND;SG;3;PRS;FIN
herald	herald	herald	herald		ADP
fide	fide	fide	fide	N	PROPN;NOM;MASC;SG
dickinson	dickinson	dickinson	dickinson		PROPN;NOM;MASC;SG
melanie	melanie	melanie	melan		N;NOM;FEM;SG
holloway	holloway	holloway	holloway	V	N;NOM;MASC;SG
ngơ	ignoriranje	ngơ	ignoriranje		N;NOM;NEUT;SG
chamberlain	chamberlain	chamberlain	chamberlain	V	N;NOM;MASC;SG
bruch	bruch	bruch	bruch		PROPN;NOM;MASC;SG
gala	gala	gala	gal		N;NOM;FEM;SG
gala	svečanost	gala	svečanost		N;NOM;FEM;SG
cằm	chin	cằm	chin	N	ADP
swartzia	swartzia	swartzia	swartzia		N;NOM;MASC;SG
paula	paula	paula	pautiti		N;NOM;MASC;SG
imdb	imdb	imdb	imdb		PROPN;NOM;MASC;SG
romano	romano	romano	romano		N;NOM;MASC;SG
wizard	čarobnjak	wizard	čarobnjak		N;NOM;MASC;SG
yom	yom	yom	yom		PROPN;NOM;MASC;SG
elliptica	elliptica	elliptica	elliptica		N;NOM;FEM;SG
armavir	armavir	armavir	armavir		N;NOM;MASC;SG
bor	bor	bor	bor		N;NOM;MASC;SG
bor	boru	bor	bor		N;ACC;FEM;SG
cash	gotovina	cash	gotovina		N;NOM;MASC;SG
cash	cash	cash	cash		N;NOM;MASC;SG
sorbonne	sorbonne	sorbonne	sorbonan	N	ADJ;NOM;DEF;FEM;SG
lugo	lugo	lugo	lugo	NUM	N;NOM;MASC;SG
teo	teo	teo	teo	V	PROPN;NOM;MASC;SG
villanueva	villanueva	villanueva	villanuev	N	ADJ;NOM;DEF;FEM;SG
nur	nur	nur	nur	N	ADP
robson	robson	robson	robson	N	PROPN;NOM;MASC;SG
méneville	méneville	méneville	mnnevill	N	V;FEM;PL;PST;V.PTCP;ACT
mask	masku	mask	maska		N;ACC;FEM;SG
mask	maske	mask	maska		N;NOM;FEM;PL
mask	maska	mask	maska		N;NOM;FEM;SG
merton	merton	merton	merton	N	PROPN;NOM;MASC;SG
coa	coa	coa	coa	V	N;NOM;MASC;SG
cluj	cluj	cluj	cluj	NUM	PROPN;NOM;MASC;SG
sinclair	sinclair	sinclair	sinclair		N;NOM;MASC;SG
asparagus	šparoge	asparagus	špar		N;NOM;FEM;PL
rojas	rojas	rojas	rojas		PROPN;NOM;MASC;SG
rufipes	rufipes	rufipes	rufipes		N;NOM;MASC;SG
dahl	dahl	dahl	dahl	N	PROPN;NOM;MASC;SG
jenkins	jenkins	jenkins	jenkins		PROPN;NOM;MASC;SG
minneapolis	minneapolisu	minneapolis	minneapolis		N;DAT;MASC;SG
pack	pakovanje	pack	pakovanje		N;NOM;NEUT;SG
tbd	tbd	tbd	tbd	N	
modena	modena	modena	moden	NUM	PROPN;NOM;FEM;SG
buckingham	buckingham	buckingham	buckingh		N;NOM;MASC;SG
kitty	maco	kitty	maco		N;NOM;MASC;SG
kitty	kitty	kitty	kitty		PROPN;NOM;MASC;SG
kitty	maca	kitty	mac		N;NOM;FEM;SG
schneid	schneid	schneid	schneid		N;NOM;MASC;SG
omer	omer	omer	omer		PROPN;NOM;MASC;SG
petersen	petersen	petersen	petersen	V	PROPN;NOM;MASC;SG
maritima	maritima	maritima	marit		N;NOM;FEM;SG
baba	baba	baba	baba		N;NOM;FEM;SG
ost	ost	ost	ost		N;NOM;MASC;SG
backstreet	backstreet	backstreet	backstreet		N;NOM;MASC;SG
taczanowski	taczanowski	taczanowski	taczanowski	N	ADV
nagano	nagano	nagano	nagano	N	PROPN;NOM;MASC;SG
spielberg	spielberg	spielberg	spielberg		N;NOM;MASC;SG
alagoas	alagoas	alagoas	alagoas	N	
pbs	pbs	pbs	pbs		ADP
pau	pau	pau	pau	N	PROPN;NOM;MASC;SG
taub	taub	taub	taub		N;NOM;MASC;SG
ito	ito	ito	ito		PROPN;NOM;MASC;SG
calvert	calvert	calvert	calvert		N;NOM;MASC;SG
bethune	bethune	bethune	bethun		N;NOM;FEM;PL
nolan	nolan	nolan	nolan		N;NOM;MASC;SG
treviso	treviso	treviso	treviso	N	PROPN;NOM;MASC;SG
linum	linum	linum	linum		N;INS;MASC;SG
joyce	joyce	joyce	joyac	N	PROPN;NOM;MASC;SG
wai	wai	wai	wai	N	PROPN;NOM;MASC;SG
meet	susret	meet	susret	ADJ	N;NOM;MASC;SG
meet	upoznati	meet	upoznati	ADJ	V;NFIN
meet	upoznajte	meet	upoznati	ADJ	V;IMP;PL;2;FIN
alexis	alexis	alexis	alexis	N	PROPN;NOM;MASC;SG
avenger	osvetnik	avenger	osvetnik		N;NOM;MASC;SG
nepalensis	nepalensis	nepalensis	nepalensis		N;NOM;MASC;SG
usaf	usaf	usaf	usaf		N;NOM;MASC;SG
nigriceps	nigriceps	nigriceps	nigriceps	V	N;NOM;FEM;SG
revue	revija	revue	revija		N;NOM;FEM;SG
asen	asen	asen	asen	N	PROPN;NOM;MASC;SG
rhacophorus	rhacophorus	rhacophorus	rhacophorus	V	N;DAT;MASC;SG
hayek	hayek	hayek	hayek	N	PROPN;NOM;MASC;SG
stream	potok	stream	potok		N;NOM;MASC;SG
gatwick	gatwick	gatwick	gatwick		N;NOM;MASC;SG
oldenburg	oldenburg	oldenburg	oldenburg		N;NOM;MASC;SG
sikorsky	sikorsky	sikorsky	sikorsky	N	ADJ;NOM;DEF;MASC;SG
reims	reims	reims	reims	N	PROPN;NOM;MASC;SG
ensign	zastavnik	ensign	zastavnik		N;NOM;MASC;SG
sio	sio	sio	sio	N	PROPN;NOM;MASC;SG
gerard	gérard	gerard	gérard		N;NOM;MASC;SG
gerard	gerrard	gerard	gerrard		N;NOM;MASC;SG
gerard	gerard	gerard	gerard		N;NOM;MASC;SG
zeyh	zeyh	zeyh	zeyh		PROPN;NOM;MASC;SG
bergman	bergman	bergman	bergman		N;NOM;MASC;SG
oran	oran	oran	oran		N;NOM;MASC;SG
ortiz	ortiz	ortiz	ortiz		PROPN;NOM;MASC;SG
boca	boki	boca	boka	N	PROPN;DAT;FEM;SG
nếm	okus	nếm	okus	V	N;NOM;MASC;SG
nếm	ukus	nếm	ukus	V	N;NOM;MASC;SG
nếm	okusa	nếm	okus	V	N;GEN;MASC;SG
nếm	okusi	nếm	okus	V	N;NOM;MASC;PL
alvania	alvania	alvania	alvania		N;NOM;MASC;SG
ski	ski	ski	ski	N	PROPN;NOM;MASC;SG
guetta	guetta	guetta	guetto		N;NOM;MASC;SG
amour	amour	amour	amour	N	ADP
amor	amor	amor	amor		N;NOM;FEM;SG
zara	zara	zara	zara		N;NOM;FEM;SG
michele	michele	michele	michel	N	PROPN;NOM;MASC;SG
españa	españa	españa	espas	N	ADP
virgata	virgata	virgata	virgati		N;ACC;MASC;SG
mendoza	mendoza	mendoza	mendoza	N	PROPN;NOM;MASC;SG
nigel	nigel	nigel	nigel	N	PROPN;NOM;MASC;SG
sue	sue	sue	biti		N;NOM;FEM;SG
garfield	garfield	garfield	garfield		N;NOM;MASC;SG
tula	tula	tula	tul	NUM	PROPN;NOM;MASC;SG
aff	ljub	aff	ljub	N	
alicia	alicia	alicia	alicia		N;NOM;FEM;SG
registry	registar	registry	registar		N;NOM;MASC;SG
archipelago	arhipelag	archipelago	arhipelag	V	N;NOM;MASC;SG
kakashi	kakashi	kakashi	kakasha		N;NOM;MASC;SG
gogh	gogh	gogh	gogh		N;NOM;MASC;SG
nirvana	nirvana	nirvana	nirvati		N;NOM;FEM;SG
harley	harley	harley	harley	N	PROPN;NOM;MASC;SG
wanted	tražen	wanted	tražiti	N	ADJ;NOM;MASC;SG;V.PTCP
wanted	traženi	wanted	tražiti	N	ADJ;NOM;DEF;MASC;PL;V.PTCP
wanted	htio	wanted	htjeti	N	V;MASC;SG;PST;V.PTCP;ACT
parvifolia	parvifolia	parvifolia	parvifolia		N;NOM;MASC;SG
survivor	preživjela	survivor	preživjeti	N	V;FEM;SG;PST;V.PTCP;ACT
survivor	preživjeli	survivor	preživjeti	N	V;MASC;PL;PST;V.PTCP;ACT
gauge	mjerilo	gauge	mjerilo		N;NOM;NEUT;SG
gauge	mjerač	gauge	mjerač		N;NOM;MASC;SG
suu	suu	suu	suu	NUM	PROPN;NOM;MASC;SG
nháp	skice	nháp	skica	V	N;NOM;FEM;PL
nháp	nacrt	nháp	nacrt	V	N;NOM;MASC;SG
nháp	skica	nháp	skica	V	N;NOM;FEM;SG
chát	grubo	chát	grubo	ADJ	ADV
chát	čavrljanje	chát	čavrljanje	ADJ	N;NOM;NEUT;SG
chát	razgovor	chát	razgovor	ADJ	N;NOM;MASC;SG
chát	chat	chát	chat	ADJ	N;NOM;MASC;SG
sande	sande	sande	sanda		N;NOM;FEM;PL
melody	melody	melody	melody		N;NOM;MASC;SG
melody	melodija	melody	melodija		N;NOM;FEM;SG
beretta	beretta	beretta	berett		N;NOM;FEM;SG
sterling	sterling	sterling	sterling	V	N;NOM;MASC;SG
chambers	chambers	chambers	chambers		N;NOM;MASC;SG
chambers	odaje	chambers	odavati		V;IND;SG;3;PRS;FIN
chambers	komore	chambers	komora		N;NOM;FEM;PL
agdistis	agdistis	agdistis	agdistis		N;NOM;MASC;SG
mari	mari	mari	mar		V;IND;SG;2;PRS;FIN
atelopus	atelopus	atelopus	atelopus	V	N;NOM;MASC;SG
humbert	humbert	humbert	humbert		N;NOM;MASC;SG
chevrolat	chevrolat	chevrolat	chevrolat		N;NOM;MASC;SG
franganillo	franganillo	franganillo	franganillo		V;NEUT;SG;PST;V.PTCP;ACT
vaux	vaux	vaux	vaux	N	PROPN;NOM;MASC;SG
acropora	acropora	acropora	acropor	V	N;NOM;MASC;SG
ivy	ivy	ivy	ivy		PROPN;NOM;MASC;SG
northampton	northampton	northampton	northampton		N;NOM;MASC;SG
pauciflora	pauciflora	pauciflora	pauciflor		N;ACC;MASC;SG
shirley	shirley	shirley	shirley		N;NOM;FEM;SG
tuberculata	tuberculata	tuberculata	tubercult		N;ACC;MASC;SG
michelangelo	michelangelo	michelangelo	michelangel		N;NOM;MASC;SG
lou	lou	lou	lou	N	PROPN;NOM;MASC;SG
advance	unaprijed	advance	unaprijed	N	
pulitzer	pulitzerovu	pulitzer	pulitzerov		ADJ;ACC;DEF;FEM;SG
sandra	sandra	sandra	sandar		N;NOM;FEM;SG
krasnoyarsk	krasnojarsk	krasnoyarsk	krasnojarsk	N	ADJ;NOM;DEF;FEM;SG
carinata	carinata	carinata	carinat		N;NOM;FEM;SG
interwiki	interwiki	interwiki	interwik	N	
acad	acad	acad	acad	N	
angry	ljut	angry	ljut	N	ADJ;NOM;INDF;MASC;SG
nịnh	laskanje	nịnh	laskanje	V	N;NOM;NEUT;SG
lisboa	lisbon	lisboa	lisbon		ADP
kansai	kansai	kansai	kansai		N;NOM;FEM;SG
oval	ovalnom	oval	ovalni	N	ADJ;INS;DEF;FEM;SG
lineatus	lineatus	lineatus	lineatus		N;DAT;MASC;SG
nationale	nationale	nationale	national	N	ADP
gaultheria	gaultheria	gaultheria	gaultheria		N;NOM;MASC;SG
ida	ida	ida	ida		N;NOM;FEM;SG
hainanensis	hainanensis	hainanensis	hainanensis		N;NOM;MASC;SG
deutsch	deutsch	deutsch	deutsch	N	ADP
cantor	cantor	cantor	cantor		N;NOM;MASC;SG
dorset	dorset	dorset	dorset	N	ADP
galiano	galiano	galiano	galiano		ADV
avia	avia	avia	avia		N;NOM;MASC;SG
tarsus	tarsus	tarsus	tarsus		N;NOM;MASC;SG
noir	noir	noir	noir		ADP
bray	bray	bray	bray	NUM	PROPN;NOM;MASC;SG
sap	sap	sap	sap		PROPN;NOM;MASC;SG
lauren	lauren	lauren	lauren		N;NOM;FEM;SG
lauren	loren	lauren	loren		N;NOM;FEM;SG
