piece	piece	piece	piece		N;SG
pana	pana	pana	pana	N	PROPN;SG
hubble	hubble	hubble	hubble	N	PROPN;SG
hewitt	hewitt	hewitt	hewitt		PROPN;SG
meisn	meisn	meisn	meisn		PROPN;SG
thick	thick	thick	thick		ADJ
nürnberg	nuremberg	nürnberg	nuremb	N	PROPN;SG
antonius	antony	antonius	antony	N	PROPN;SG
ibrahim	ibrahim	ibrahim	ibrahim	N	PROPN;SG
abbas	abbas	abbas	abbas	N	PROPN;SG
herman	herman	herman	herman		PROPN;SG
ashton	ashton	ashton	ashton	N	PROPN;SG
tripoli	tripoli	tripoli	tripoli	N	PROPN;SG
elbe	elbe	elbe	elbe	N	PROPN;SG
adm	adm	adm	adm	N	PROPN;SG
conrad	conrad	conrad	conrad		PROPN;SG
denver	denver	denver	denver		PROPN;SG
valentine	valentine	valentine	valentine		N;SG
rhode	rhode	rhode	rhode	N	PROPN;SG
keynes	keynes	keynes	keyne		PROPN;SG
christine	christine	christine	christine		PROPN;SG
falkland	falkland	falkland	falkland	N	PROPN;SG
asti	asti	asti	asti	NUM	PROPN;SG
motors	motors	motors	motor		N;PL
pisa	pisa	pisa	pisa	N	PROPN;SG
digitaria	digitaria	digitaria	digitaria	N	PROPN;SG
duncan	duncan	duncan	duncan		PROPN;SG
bombay	bombay	bombay	bombay		PROPN;SG
jenny	jenny	jenny	jenny	N	PROPN;SG
pouteria	pouteria	pouteria	pouteria	N	PROPN;SG
krishna	krishna	krishna	krishna	N	PROPN;SG
northrop	northrop	northrop	northrop		PROPN;SG
aurora	aurora	aurora	aurora		PROPN;SG
pulchra	pulchra	pulchra	pulchra	N	PROPN;SG
pat	pat	pat	pat		PROPN;SG
nachi	nachi	nachi	nachi	N	PROPN;SG
linkin	linkin	linkin	linkin	N	PROPN;SG
euclid	euclid	euclid	euclid	N	PROPN;SG
pike	pike	pike	pike		PROPN;SG
voronezh	voronezh	voronezh	voronezh	N	PROPN;SG
pasha	pasha	pasha	pasha		PROPN;SG
ieee	ieee	ieee	ieee	N	PROPN;SG
fokker	fokker	fokker	fokker	N	PROPN;SG
pearson	pearson	pearson	pearson	N	PROPN;SG
atriplex	atriplex	atriplex	atriplex		N;SG
cantabria	cantabria	cantabria	cantabria		PROPN;SG
cebu	cebu	cebu	cebu	N	PROPN;SG
moson	moson	moson	moson		PROPN;SG
fast	stuck	fast	stuck		ADJ
lodovico	lodovico	lodovico	lodovico	V	PROPN;SG
voldemort	voldemort	voldemort	voldemort		PROPN;SG
parviflora	parviflora	parviflora	parviflora		N;SG
liège	liège	liège	liège	NUM	PROPN;SG
popov	popov	popov	popov	N	PROPN;SG
concolor	concolor	concolor	concolor		PROPN;SG
geoffrey	geoffrey	geoffrey	geoffrey		PROPN;SG
bosch	bosch	bosch	bosch		N;SG
natal	natal	natal	natal	N	PROPN;SG
cohen	cohen	cohen	cohen		PROPN;SG
fern	fern	fern	fear		PROPN;SG
gasteracantha	gasteracantha	gasteracantha	gasteracantha		PROPN;SG
memphis	memphis	memphis	memphis	N	PROPN;SG
mas	mas	mas	mas	N	PROPN;SG
chapman	chapman	chapman	chapman		PROPN;SG
pulchella	pulchella	pulchella	pulchella		N;SG
anthidium	anthidium	anthidium	anthidium	N	PROPN;SG
eulophia	eulophia	eulophia	eulophia		N;SG
norwich	norwich	norwich	norwich	N	PROPN;SG
alta	alta	alta	alta	N	PROPN;SG
clo	clo	clo	clo	N	PROPN;SG
adelaide	adelaide	adelaide	adelaide	N	PROPN;SG
delphinium	delphinium	delphinium	delphinium	V	PROPN;SG
angelo	angelo	angelo	angelo		PROPN;SG
nile	nile	nile	nile	N	PROPN;SG
clapton	clapton	clapton	clapton		PROPN;SG
messier	messier	messier	messier	N	PROPN;SG
huesca	huesca	huesca	huesca	N	PROPN;SG
hector	hector	hector	hector		PROPN;SG
ling	ling	ling	ling	N	PROPN;SG
fusca	fusca	fusca	fusca		N;SG
maguire	maguire	maguire	maguire		PROPN;SG
kylie	kylie	kylie	kylie	N	PROPN;SG
cưng	dear	cưng	dear	V	ADJ
suez	suez	suez	suez	N	PROPN;SG
yorktown	yorktown	yorktown	yorktown	N	PROPN;SG
federer	federer	federer	federer	N	PROPN;SG
dãi	drool	dãi	drool	V	N;SG
zombie	zombie	zombie	zombie	N	PROPN;SG
aphonopelma	aphonopelma	aphonopelma	aphonopelma	V	PROPN;SG
ichigo	ichigo	ichigo	ichigo	N	PROPN;SG
mẩu	ark	mẩu	ark	N	PROPN;SG
brien	brien	brien	brien		PROPN;SG
turn	gymnastics	turn	gymnastic		N;PL
hen	seriously	hen	seriously	V	ADV
hen	asthma	hen	asthma	V	N;SG
tun	yard	tun	yard		N;SG
tun	tun	tun	tun		PROPN;SG
shō	shō	shō	shō	N	PROPN;SG
plymouth	plymouth	plymouth	plymouth		PROPN;SG
hwa	hwa	hwa	hwa	N	PROPN;SG
anglo	anglo	anglo	anglo	N	PROPN;SG
palm	palm	palm	palm	N	PROPN;SG
montreal	montreal	montreal	montreal	N	PROPN;SG
fulham	fulham	fulham	fulham	N	PROPN;SG
auf	auf	auf	auf	N	PROPN;SG
boheman	boheman	boheman	boheman	V	PROPN;SG
portugal	portugal	portugal	portugal	NUM	PROPN;SG
nhổ	spitting	nhổ	spitting	V	N;SG
nhổ	spit	nhổ	spit	V	N;SG
waterloo	waterloo	waterloo	waterloo	N	PROPN;SG
rành	connoisseur	rành	connoisseur	V	ADJ
halifax	halifax	halifax	halifax	N	PROPN;SG
germar	germar	germar	germar	V	PROPN;SG
milton	milton	milton	milton		PROPN;SG
mollis	mollis	mollis	mollis	N	PROPN;SG
kazan	kazan	kazan	kazan	N	PROPN;SG
serra	serra	serra	serra	N	PROPN;SG
cac	cac	cac	cac		PROPN;SG
cac	you	cac	you		PRO;ACC;2
archer	archer	archer	archer	N	PROPN;SG
noel	noel	noel	noel		PROPN;SG
ritter	ritter	ritter	ritter		PROPN;SG
strauss	strauss	strauss	strauss	N	PROPN;SG
naples	naples	naples	naple		N;PL
emmanuel	emmanuel	emmanuel	emmanuel	N	PROPN;SG
allison	allison	allison	allison	N	PROPN;SG
guérin	guérin	guérin	guérin		PROPN;SG
jäger	jäger	jäger	jäger	N	PROPN;SG
lionel	lionel	lionel	lionel	N	PROPN;SG
orchidee	orchidee	orchidee	orchidee		PROPN;SG
cuvier	cuvier	cuvier	cuvier	N	PROPN;SG
trick	trick	trick	trick		N;SG
mariah	mariah	mariah	mariah	N	PROPN;SG
aster	aster	aster	aster	N	PROPN;SG
oerlikon	oerlikon	oerlikon	oerlikon	N	PROPN;SG
rivera	rivera	rivera	rivera		PROPN;SG
curtiss	curtiss	curtiss	curtiss	N	PROPN;SG
serrata	serrata	serrata	serrata	N	PROPN;SG
tenerife	tenerife	tenerife	tenerife	N	PROPN;SG
borhidi	borhidi	borhidi	borhidi		PROPN;SG
thani	thani	thani	thani	N	PROPN;SG
burton	burton	burton	burton		PROPN;SG
catalan	catalan	catalan	catalan	N	ADJ
rita	rita	rita	rita		PROPN;SG
jtwc	jtwc	jtwc	jtwc	N	PROPN;SG
hua	hua	hua	hua	N	PROPN;SG
anobiidae	anobiidae	anobiidae	anobiidae		PROPN;SG
latreille	latreille	latreille	latreille	V	PROPN;SG
hwang	hwang	hwang	hwang	N	PROPN;SG
rpg	rpg	rpg	rpg	N	PROPN;SG
sành	connoisseurs	sành	connoisseur	V	N;PL
compact	compact	compact	compact	N	ADJ
cheng	cheng	cheng	cheng	N	PROPN;SG
cornell	cornell	cornell	cornell	N	PROPN;SG
ribes	ribes	ribes	ribe	ADJ	N;PL
heller	heller	heller	heller		PROPN;SG
calyptranthes	calyptranthes	calyptranthes	calyptranthe	V	N;PL
motor	motor	motor	motor		N;SG
sat	sat	sat	sit	NUM	V;IND;PST;FIN
christoph	christoph	christoph	christoph		PROPN;SG
andersen	andersen	andersen	andersen	N	PROPN;SG
orchideen	orchideen	orchideen	orchideen	N	PROPN;SG
elisabeth	elisabeth	elisabeth	elisabeth		PROPN;SG
rouge	rouge	rouge	rouge		PROPN;SG
darius	darius	darius	darius	N	PROPN;SG
chiapas	chiapas	chiapas	chiapa	N	PROPN;SG
benfica	benfica	benfica	benfica	N	PROPN;SG
saxon	saxon	saxon	saxon		PROPN;SG
smithsonian	smithsonian	smithsonian	smithsonian		N;SG
verhoeff	verhoeff	verhoeff	verhoeff	N	PROPN;SG
penn	penn	penn	penn	N	PROPN;SG
nhọc	hardships	nhọc	hardship	V	N;PL
nhọc	hardship	nhọc	hardship	V	N;SG
primates	primates	primates	primate		N;PL
variabilis	variabilis	variabilis	variabilis		N;SG
magnus	magnus	magnus	magnus		PROPN;SG
acontia	acontia	acontia	acontia		PROPN;SG
sục	power	sục	power	V	N;SG
abe	abe	abe	abe	N	PROPN;SG
ita}}	ita	ita}}	ita		N;SG
hòm	ark	hòm	ark	V	PROPN;SG
freeman	freeman	freeman	freeman		PROPN;SG
kurz	kurz	kurz	kurz		PROPN;SG
yan	yan	yan	yan	N	PROPN;SG
ramos	ramos	ramos	ramo	N	PROPN;SG
polo	polo	polo	polo	N	PROPN;SG
flores	flores	flores	flore		N;PL
prairie	prairie	prairie	prairie	N	PROPN;SG
timothy	timothy	timothy	timothy	N	PROPN;SG
ieyasu	ieyasu	ieyasu	ieyasu	N	PROPN;SG
cloud	cloud	cloud	cloud		PROPN;SG
bernardo	bernardo	bernardo	bernardo	N	PROPN;SG
nbc	nbc	nbc	nbc		PROPN;SG
rotterdam	rotterdam	rotterdam	rotterdam	N	PROPN;SG
tằng	zeng	tằng	zeng	NUM	PROPN;SG
kiel	kiel	kiel	kiel	N	PROPN;SG
hikaru	hikaru	hikaru	hikaru	N	PROPN;SG
mcdonald	mcdonald	mcdonald	mcdonald	N	PROPN;SG
eminem	eminem	eminem	eminem	N	PROPN;SG
rim	rim	rim	rim		PROPN;SG
rim	rhyme	rim	rhyme		N;SG
ferrara	ferrara	ferrara	ferrara	N	PROPN;SG
tryon	tryon	tryon	tryon		PROPN;SG
dido	dido	dido	dido	N	PROPN;SG
perth	perth	perth	perth	N	PROPN;SG
lev	lev	lev	lev	N	PROPN;SG
dmitri	dmitri	dmitri	dmitri	N	PROPN;SG
ozyptila	ozyptila	ozyptila	ozyptila		PROPN;SG
chad	chad	chad	chad	N	PROPN;SG
satsuma	satsuma	satsuma	satsuma	N	PROPN;SG
zagreb	zagreb	zagreb	zagreb	N	PROPN;SG
habronattus	habronattus	habronattus	habronattus		PROPN;SG
betula	betula	betula	betula	N	PROPN;SG
tesla	tesla	tesla	tesla		PROPN;SG
irish	irish	irish	irish		ADJ
mayenne	mayenne	mayenne	mayenne	N	PROPN;SG
sấy	anchovies	sấy	anchovy	V	N;PL
sấy	dryer	sấy	dryer	V	N;SG
sấy	drying	sấy	drying	V	N;SG
teamb	teamb	teamb	teamb		PROPN;SG
sitticus	sitticus	sitticus	sitticus		PROPN;SG
pine	pine	pine	pine	N	PROPN;SG
mol	mol	mol	mol	N	PROPN;SG
saussurea	saussurea	saussurea	saussurea		PROPN;SG
giăng	webs	giăng	web	V	N;PL
abel	abel	abel	abel		PROPN;SG
trút	pouring	trút	pour	V	N;SG
millidge	millidge	millidge	millidge		PROPN;SG
anatolia	anatolia	anatolia	anatolia	N	PROPN;SG
purpurea	purpurea	purpurea	purpurea	N	PROPN;SG
midlands	midlands	midlands	midland	N	PROPN;PL
sterculia	sterculia	sterculia	sterculia	N	PROPN;SG
spam	spam	spam	spam	V	N;SG
westwood	westwood	westwood	westwood		PROPN;SG
barack	barack	barack	barack	V	PROPN;SG
nitida	nitida	nitida	nitida		PROPN;SG
cardiff	cardiff	cardiff	cardiff	N	PROPN;SG
kerr	kerr	kerr	kerr	N	PROPN;SG
vaccinium	vaccinium	vaccinium	vaccinium	N	PROPN;SG
indo	indo	indo	indo	N	PROPN;SG
videos	videos	videos	video		N;PL
michener	michener	michener	michener		PROPN;SG
rubra	rubra	rubra	rubra	N	PROPN;SG
zen	zen	zen	zen	N	PROPN;SG
goth	goth	goth	goth		N;SG
goth	gothic	goth	gothic		ADJ
scarlett	scarlett	scarlett	scarlett		PROPN;SG
derek	derek	derek	derek	N	PROPN;SG
belgrade	volgograd	belgrade	volgograd	N	PROPN;SG
belgrade	belgrade	belgrade	belgrade	N	PROPN;SG
teresa	teresa	teresa	teresa	N	PROPN;SG
bibliography	bibliography	bibliography	bibliography		N;SG
tru	howling	tru	howling		N;SG
tru	threaten	tru	threaten		V;IMP;FIN
tru	tink	tru	tink		N;SG
katy	katy	katy	katy		PROPN;SG
jeremy	jeremy	jeremy	jeremy	N	PROPN;SG
léon	léon	léon	léon		PROPN;SG
nakamura	nakamura	nakamura	nakamura	N	PROPN;SG
veronica	veronica	veronica	veronica		PROPN;SG
glenn	glenn	glenn	glenn		PROPN;SG
mận	plum	mận	plum	N	PROPN;SG
hartmann	hartmann	hartmann	hartmann		PROPN;SG
euphrasia	euphrasia	euphrasia	euphrasia	N	PROPN;SG
agrostis	agrostis	agrostis	agrostis		N;SG
firenze	firenze	firenze	firenze	N	PROPN;SG
polish	polish	polish	polish	NUM	PROPN;SG
elvis	elvis	elvis	elvis	N	PROPN;SG
tegenaria	tegenaria	tegenaria	tegenaria		PROPN;SG
benson	benson	benson	benson		PROPN;SG
sting	sting	sting	sting		N;SG
royce	royce	royce	royce		PROPN;SG
hesse	hesse	hesse	hesse	N	PROPN;SG
mayer	mayer	mayer	mayer		PROPN;SG
marcos	marcos	marcos	marco		PROPN;SG
française	française	française	française	N	PROPN;SG
greenwood	greenwood	greenwood	greenwood		PROPN;SG
parks	parks	parks	park		N;PL
ilyushin	ilyushin	ilyushin	ilyushin	N	PROPN;SG
sưởi	heaters	sưởi	heater	V	N;PL
sưởi	mantel	sưởi	mantel	V	N;SG
fra}}	fra}	fra}}	fra}		N;SG
holocaust	holocaust	holocaust	holocaust		PROPN;SG
lucien	lucien	lucien	lucien		PROPN;SG
lisbon	lisbon	lisbon	lisbon	N	PROPN;SG
reggio	reggio	reggio	reggio	N	PROPN;SG
eriogonum	eriogonum	eriogonum	eriogonum	N	PROPN;SG
hyderabad	hyderabad	hyderabad	hyderabad	N	PROPN;SG
opuntia	opuntia	opuntia	opuntia		N;SG
dion	dion	dion	dion		PROPN;SG
kay	kay	kay	kay		PROPN;SG
paramount	paramount	paramount	paramount	N	PROPN;SG
ellen	ellen	ellen	ell		PROPN;SG
benton	benton	benton	benton	N	PROPN;SG
baron	baron	baron	baron		PROPN;SG
continental	continental	continental	continental	N	ADJ
sato	sato	sato	sato		PROPN;SG
rus	rus	rus	rus	N	PROPN;SG
canaria	canaria	canaria	canaria	N	PROPN;SG
nexus	nexus	nexus	nexus	N	PROPN;SG
kabul	kabul	kabul	kabul	N	PROPN;SG
còi	buzzer	còi	buzzer	ADJ	N;SG
còi	whistle	còi	whistle	ADJ	N;SG
còi	whistles	còi	whistle	ADJ	N;PL
pre	pre	pre	pre	N	PROPN;SG
preston	preston	preston	preston	N	PROPN;SG
phraya	phraya	phraya	phraya	N	PROPN;SG
emi	emi	emi	emi		PROPN;SG
ulithi	ulithi	ulithi	ulithi	N	PROPN;SG
luca	luca	luca	luca	N	PROPN;SG
aria	aria	aria	aria		PROPN;SG
börngen	börngen	börngen	börngen		PROPN;SG
saitama	saitama	saitama	saitama	N	PROPN;SG
jake	jake	jake	jake		PROPN;SG
acanthodelta	achaea	acanthodelta	achaea	V	PROPN;SG
ferruginea	ferruginea	ferruginea	ferruginea		N;SG
bel	bel	bel	bel	N	PROPN;SG
brabant	brabant	brabant	brabant	N	PROPN;SG
brandt	brandt	brandt	brandt		PROPN;SG
villosa	villosa	villosa	villosa		N;SG
jensen	jensen	jensen	jensen		PROPN;SG
tito	tito	tito	tito		PROPN;SG
lille	lille	lille	lille	N	PROPN;SG
herrera	herrera	herrera	herrera		PROPN;SG
fairy	fairy	fairy	fairy		N;SG
vahl	vahl	vahl	vahl		PROPN;SG
gustave	gustave	gustave	gustave	N	PROPN;SG
wembley	wembley	wembley	wembley	N	PROPN;SG
vale	vale	vale	vale	N	PROPN;SG
mustang	mustang	mustang	mustang	N	PROPN;SG
wwf	wwf	wwf	wwf	N	PROPN;SG
berger	berger	berger	berger		PROPN;SG
bali	bali	bali	bali	N	PROPN;SG
malay	malay	malay	malay	N	ADJ
burke	burke	burke	burke		PROPN;SG
habana	habana	habana	habana	N	PROPN;SG
baldwin	baldwin	baldwin	baldwin	N	PROPN;SG
gomez	gomez	gomez	gomez	N	PROPN;SG
mills	mills	mills	mill		N;PL
vogel	vogel	vogel	vogel	N	PROPN;SG
exo	exo	exo	exo	N	PROPN;SG
aquila	aquila	aquila	aquila	N	PROPN;SG
riley	riley	riley	riley		PROPN;SG
prain	prain	prain	prain		PROPN;SG
aubl	aubl	aubl	aubl		PROPN;SG
apache	apache	apache	apache	N	PROPN;SG
swaziland	swaziland	swaziland	swaziland	N	PROPN;SG
ngất	swoon	ngất	swoon	V	N;SG
kirk	kirk	kirk	kirk		PROPN;SG
villers	villers	villers	viller		PROPN;SG
dem	dem	dem	dem	N	PROPN;SG
bissau	bissau	bissau	bissau		PROPN;SG
cfg	cfg	cfg	cfg		N;SG
humboldt	humboldt	humboldt	humboldt		PROPN;SG
mnet	mnet	mnet	mnet	N	PROPN;SG
cincinnati	cincinnati	cincinnati	cincinnati	N	PROPN;SG
stein	stein	stein	stein		PROPN;SG
jalisco	jalisco	jalisco	jalisco	N	PROPN;SG
linden	linden	linden	linden	N	PROPN;SG
ada	adda	ada	adda		PROPN;SG
ada	ada	ada	ada		PROPN;SG
albion	albion	albion	albion	N	PROPN;SG
wade	wade	wade	wade	N	PROPN;SG
strong	strong	strong	strong		ADJ
wto	wto	wto	wto		PROPN;SG
gould	gould	gould	gould		PROPN;SG
morales	morales	morales	morale		PROPN;PL
pixar	pixar	pixar	pixar	N	PROPN;SG
campos	campos	campos	campos	N	PROPN;SG
kohl	kohl	kohl	kohl	N	PROPN;SG
gardens	gardens	gardens	garden		N;PL
quincy	quincy	quincy	quincy	N	PROPN;SG
shizuoka	shizuoka	shizuoka	shizuoka		PROPN;SG
mythimna	mythimna	mythimna	mythimna	N	PROPN;SG
paz	paz	paz	paz		PROPN;SG
dante	dante	dante	dante		PROPN;SG
pilosa	pilosa	pilosa	pilosa		N;SG
gérard	gérard	gérard	gérard		PROPN;SG
savage	savage	savage	savage		PROPN;SG
hogwarts	hogwarts	hogwarts	hogwart	V	N;PL
oahu	oahu	oahu	oahu	N	PROPN;SG
moy	moy	moy	moy		PROPN;SG
gil	gil	gil	gil	N	PROPN;SG
cabo	cabo	cabo	cabo	N	PROPN;SG
jolie	jolie	jolie	jolie	N	PROPN;SG
rolls	rolls	rolls	roll		N;PL
lviv	lviv	lviv	lviv	NUM	PROPN;SG
summerh	summerh	summerh	summerh		PROPN;SG
rehder	rehder	rehder	rehder		PROPN;SG
kota	kota	kota	kota	N	PROPN;SG
bauhinia	bauhinia	bauhinia	bauhinia	N	PROPN;SG
alessandro	alessandro	alessandro	alessandro	N	PROPN;SG
ekman	ekman	ekman	ekman		PROPN;SG
springer	springer	springer	springer	N	PROPN;SG
barnard	barnard	barnard	barnard	N	PROPN;SG
sabre	sabre	sabre	sabre	N	PROPN;SG
thebes	thebes	thebes	thebe	N	PROPN;SG
claudius	claudius	claudius	claudius	N	PROPN;SG
tricolor	tricolor	tricolor	tricolor		N;SG
schulz	schulz	schulz	schulz		PROPN;SG
bari	bari	bari	bari		PROPN;SG
guillaumin	guillaumin	guillaumin	guillaumin	N	PROPN;SG
versicolor	versicolor	versicolor	versicolor	ADJ	N;SG
sturm	sturm	sturm	sturm		PROPN;SG
nathan	nathan	nathan	nathan	N	PROPN;SG
shinsengumi	shinsengumi	shinsengumi	shinsengumi	N	PROPN;SG
turk	turk	turk	turk		PROPN;SG
patricia	patricia	patricia	patricia		PROPN;SG
eduard	eduard	eduard	eduard		PROPN;SG
bufonidae	bufonidae	bufonidae	bufonidae		PROPN;SG
yangon	yangon	yangon	yangon	N	PROPN;SG
calamus	calamus	calamus	calamus	N	PROPN;SG
enrique	enrique	enrique	enrique		PROPN;SG
asperula	asperula	asperula	asperula		PROPN;SG
elymus	elymus	elymus	elymus	V	N;SG
ranger	ranger	ranger	ranger		N;SG
yard	yard	yard	yard		N;SG
bucharest	bucharest	bucharest	bucharest	N	ADJ;RL
konstantinos	constantine	konstantinos	constantine	N	PROPN;SG
int	int	int	int	N	
shelby	shelby	shelby	shelby		PROPN;SG
shehbaz	shehbaz	shehbaz	shehbaz	N	PROPN;SG
eudonia	eudonia	eudonia	eudonia		PROPN;SG
lufthansa	lufthansa	lufthansa	lufthansa	N	PROPN;SG
taken	taken	taken	take		V;PST;V.PTCP
rufus	rufus	rufus	rufus		PROPN;SG
connor	connor	connor	connor	N	PROPN;SG
dynamo	dynamo	dynamo	dynamo	N	PROPN;SG
hon	hon	hon	hon		PROPN;SG
hon	dear	hon	dear		ADJ
ôliu	olive	ôliu	olive	N	PROPN;SG
nola	nola	nola	nola	N	PROPN;SG
liechtenstein	liechtenstein	liechtenstein	liechtenstein		PROPN;SG
shakira	shakira	shakira	shakira	N	PROPN;SG
benoit	benoit	benoit	benoit	N	PROPN;SG
rabaul	rabaul	rabaul	rabaul		PROPN;SG
richland	richland	richland	richland	N	PROPN;SG
atlantique	atlantique	atlantique	atlantique	N	PROPN;SG
cromwell	cromwell	cromwell	cromwell	N	PROPN;SG
plain	plain	plain	plain		ADJ
cello	cello	cello	cello	N	PROPN;SG
robertson	robertson	robertson	robertson	N	PROPN;SG
ser	ser	ser	ser	N	PROPN;SG
fungorum	fungorum	fungorum	fungorum	NUM	PROPN;SG
hae	hae	hae	have	N	INTJ
maxon	maxon	maxon	maxon		PROPN;SG
dracula	dracula	dracula	dracula	N	PROPN;SG
endl	endl	endl	endl		
metropolitan	metropolitan	metropolitan	metropolitan	N	PROPN;SG
capparis	capparis	capparis	capparis		N;SG
vendée	vendée	vendée	vendée	N	PROPN;SG
tonga	tonga	tonga	tonga	N	PROPN;SG
andaman	andaman	andaman	andaman	N	PROPN;SG
pass	watch	pass	watch	N	V;IMP;FIN
pass	pass	pass	pass	N	V;IMP;FIN
baja	baja	baja	baja	N	PROPN;SG
yeltsin	yeltsin	yeltsin	yeltsin		PROPN;SG
lori	lori	lori	lori		PROPN;SG
canyon	canyon	canyon	canyon	N	PROPN;SG
malacca	malacca	malacca	malacca	N	PROPN;SG
lineata	lineata	lineata	lineata		N;SG
walther	walther	walther	walther	N	PROPN;SG
christie	christie	christie	christie	N	PROPN;SG
eremophila	eremophila	eremophila	eremophila	V	N;SG
dominique	dominique	dominique	dominique		PROPN;SG
garnier	garnier	garnier	garnier		PROPN;SG
ultimate	ultimate	ultimate	ultimate		ADJ
dieu	dieu	dieu	dieu	N	PROPN;SG
gleason	gleason	gleason	gleason		PROPN;SG
crimean	crimea	crimean	crimea		PROPN;SG
crimean	crimean	crimean	crimean		PROPN;SG
quentin	quentin	quentin	quentin		PROPN;SG
marlborough	marlborough	marlborough	marlborough	N	PROPN;SG
uta	uta	uta	uta		PROPN;SG
reeder	reeder	reeder	reeder	ADJ	PROPN;SG
calanthe	calanthe	calanthe	calanthe		PROPN;SG
macquart	macquart	macquart	macquart	N	PROPN;SG
girona	girona	girona	girona	NUM	PROPN;SG
hokkaido	hokkaido	hokkaido	hokkaido		PROPN;SG
tales	tales	tales	tale		N;PL
rennes	rennes	rennes	renne	NUM	PROPN;SG
castellón	castellón	castellón	castellón	N	PROPN;SG
javier	javier	javier	javier	N	PROPN;SG
brod	brod	brod	brod	NUM	PROPN;SG
sharon	sharon	sharon	sharon		PROPN;SG
rosario	rosario	rosario	rosario		PROPN;SG
suite	suite	suite	suite		N;SG
rollins	rollins	rollins	rollin	N	PROPN;SG
rollins	rawlins	rollins	rawlin	N	PROPN;SG
clair	clair	clair	clair		PROPN;SG
woodson	woodson	woodson	woodson		PROPN;SG
antwerp	antwerp	antwerp	antwerp	N	PROPN;SG
sevastopol	sevastopol	sevastopol	sevastopol	N	PROPN;SG
aurea	aurea	aurea	aurea		PROPN;SG
pseudopoda	pseudopoda	pseudopoda	pseudopoda	V	PROPN;SG
jeju	jeju	jeju	jeju	N	PROPN;SG
mirror	mirror	mirror	mirror		N;SG
macrophylla	macrophylla	macrophylla	macrophylla	V	N;SG
potentilla	potentilla	potentilla	potentilla	V	N;SG
lesotho	lesotho	lesotho	lesotho	N	PROPN;SG
aristotle	aristotle	aristotle	aristotle		N;SG
maslin	maslin	maslin	maslin		PROPN;SG
ultra	ultra	ultra	ultra	N	PROPN;SG
xxx	xxx	xxx	xxx		PROPN;SG
arcade	arcade	arcade	arcade	N	PROPN;SG
ústí	ústí	ústí	ústí	NUM	PROPN;SG
kolkata	kolkata	kolkata	kolkata	N	PROPN;SG
wasp	wasp	wasp	wasp	N	PROPN;SG
spectabilis	spectabilis	spectabilis	spectabilis		N;SG
furnariidae	furnariidae	furnariidae	furnariidae		PROPN;SG
pratt	pratt	pratt	pratt	N	PROPN;SG
andalusia	andalusia	andalusia	andalusia	N	PROPN;SG
lindau	lindau	lindau	lindau	N	PROPN;SG
franciscolo	franciscolo	franciscolo	franciscolo		PROPN;SG
kawasaki	kawasaki	kawasaki	kawasaki	N	PROPN;SG
bactria	bactria	bactria	bactria	N	PROPN;SG
amanda	amanda	amanda	amanda	N	PROPN;SG
malcolm	malcolm	malcolm	malcolm		PROPN;SG
joker	joker	joker	joker		N;SG
yves	yves	yves	yves		PROPN;SG
mrkos	mrkos	mrkos	mrko		PROPN;SG
goethe	goethe	goethe	goethe	N	PROPN;SG
winchester	winchester	winchester	winchester		PROPN;SG
cnn	cnn	cnn	cnn	N	PROPN;SG
guillaume	guillaume	guillaume	guillaume	N	PROPN;SG
sericea	sericea	sericea	sericea		N;SG
cúi	bend	cúi	bend	V	N;SG
thây	zombies	thây	zomby		N;PL
kant	kant	kant	kant	N	PROPN;SG
japonicus	japonicus	japonicus	japonicus	N	ADJ
trifolium	trifolium	trifolium	trifolium		N;SG
granit	granit	granit	granit	N	PROPN;SG
tanikawa	tanikawa	tanikawa	tanikawa		PROPN;SG
fallax	fallax	fallax	fallax		PROPN;SG
chronicle	chronicle	chronicle	chronicle		PROPN;SG
pumila	pumila	pumila	pumila		PROPN;SG
turku	turku	turku	turku	NUM	PROPN;SG
bradford	bradford	bradford	bradford		PROPN;SG
gaius	gaius	gaius	gaius	N	PROPN;SG
seki	seki	seki	seki	N	PROPN;SG
ekaterina	ekaterina	ekaterina	ekaterina	N	PROPN;SG
populus	populus	populus	populus	N	PROPN;SG
flagstaff	flagstaff	flagstaff	flagstaff	N	PROPN;SG
ein	ein	ein	ein	N	PROPN;SG
gymnopilus	gymnopilus	gymnopilus	gymnopilus	V	N;SG
messina	messina	messina	messina	N	PROPN;SG
infraclassis	infraclassis	infraclassis	infraclassis		PROPN;SG
mandela	mandela	mandela	mandela	N	PROPN;SG
metallica	metallica	metallica	metallica	N	PROPN;SG
ramírez	ramírez	ramírez	ramírez		PROPN;SG
kanagawa	kanagawa	kanagawa	kanagawa		PROPN;SG
burret	burret	burret	burret		PROPN;SG
scorea	scorea	scorea	scorea		PROPN;SG
asm	asm	asm	asm	N	PROPN;SG
dom	dom	dom	dom	N	PROPN;SG
dae	dae	dae	dae	N	PROPN;SG
altlink	altlink	altlink	altlink		PROPN;SG
erwin	erwin	erwin	erwin	N	PROPN;SG
belfast	belfast	belfast	belfast	N	PROPN;SG
brandegee	brandegee	brandegee	brandegee	N	PROPN;SG
linn	linn	linn	linn	N	PROPN;SG
picta	picta	picta	picta		N;SG
verdun	verdun	verdun	verdun	N	PROPN;SG
macau	macau	macau	macau	N	PROPN;SG
sint	sint	sint	sint	N	PROPN;SG
erysimum	erysimum	erysimum	erysimum		N;SG
argia	argia	argia	argia		PROPN;SG
bryansk	bryansk	bryansk	bryansk	N	PROPN;SG
hare	hare	hare	hare		PROPN;SG
jasper	jasper	jasper	jasper	N	PROPN;SG
nba	nba	nba	nba	N	PROPN;SG
tristis	tristis	tristis	tristis		N;SG
trafford	trafford	trafford	trafford	N	PROPN;SG
terme	terme	terme	terme	N	PROPN;SG
sum	sum	sum	sum		N;SG
swiss	swiss	swiss	swiss	N	PROPN;SG
aconitum	aconitum	aconitum	aconitum		N;SG
clemson	clemson	clemson	clemson	N	PROPN;SG
himmler	himmler	himmler	himmler		PROPN;SG
ahn	ivanov	ahn	ivanov	N	PROPN;SG
ahn	ahn	ahn	ahn	N	PROPN;SG
valenciennes	valenciennes	valenciennes	valencienne	N	PROPN;SG
muang	muang	muang	mua	N	PROPN;SG
rna	rna	rna	rna	N	PROPN;SG
düsseldorf	düsseldorf	düsseldorf	düsseldorf	NUM	PROPN;SG
düsseldorf	dusseldorf	düsseldorf	dusseldorf	NUM	PROPN;SG
maha	maha	maha	maha	N	PROPN;SG
usda	usda	usda	usda	N	PROPN;SG
lives	lives	lives	life		N;PL
tyson	tyson	tyson	tyson	N	PROPN;SG
sonic	sonic	sonic	sonic	N	PROPN;SG
johor	johor	johor	johor	N	PROPN;SG
agm	agm	agm	agm		PROPN;SG
dượng	vernon	dượng	vernon	N	PROPN;SG
cecil	cecil	cecil	cecil		PROPN;SG
larvae	larvae	larvae	larvae	ADJ	N;PL
besançon	besançon	besançon	besançon		PROPN;SG
rzhev	rzhev	rzhev	rzhev	N	PROPN;SG
takeda	takeda	takeda	takeda		PROPN;SG
sigma	sigma	sigma	sigma	N	PROPN;SG
adventures	adventures	adventures	adventure		N;PL
licania	licania	licania	licania		PROPN;SG
ryū	ryū	ryū	ryū		PROPN;SG
ubuntu	ubuntu	ubuntu	ubuntu	N	PROPN;SG
kagoshima	kagoshima	kagoshima	kagoshima		PROPN;SG
tallinn	tallinn	tallinn	tallinn	N	PROPN;SG
vito	vito	vito	vito		PROPN;SG
peruviana	peruviana	peruviana	peruviana		PROPN;SG
varese	varese	varese	varese	NUM	PROPN;SG
sparrow	sparrow	sparrow	sparrow	N	PROPN;SG
origins	origins	origins	origin		N;PL
yucatán	yucatan	yucatán	yucatan	N	PROPN;SG
yucatán	yucatán	yucatán	yucatán	N	PROPN;SG
heli	helium	heli	helium		N;SG
wakayama	wakayama	wakayama	wakayama	N	PROPN;SG
wii	wii	wii	wii	N	PROPN;SG
orléans	orléans	orléans	orlyan		PROPN;SG
amazonas	amazonas	amazonas	amazonas	N	PROPN;SG
lutea	lutea	lutea	lutea		N;SG
almería	almería	almería	almería	N	PROPN;SG
ponte	ponte	ponte	ponte	N	PROPN;SG
agamidae	agamidae	agamidae	agamidae		PROPN;SG
martínez	martínez	martínez	martínez	N	PROPN;SG
kmh	kmh	kmh	kmh		N;SG
thames	thames	thames	thame	N	PROPN;SG
guadeloupe	guadeloupe	guadeloupe	guadeloupe	N	PROPN;SG
jma	jma	jma	jma		PROPN;SG
cumberland	cumberland	cumberland	cumberland	N	PROPN;SG
lamarck	lamarck	lamarck	lamarck		PROPN;SG
craugastor	craugastor	craugastor	craugastor		PROPN;SG
btr	btr	btr	btr		PROPN;SG
serv	serv	serv	serv		PROPN;SG
leslie	leslie	leslie	leslie		PROPN;SG
kirby	kirby	kirby	kirby		PROPN;SG
mustafa	mustafa	mustafa	mustafa	N	PROPN;SG
romero	romero	romero	romero	N	PROPN;SG
pittsburgh	pittsburgh	pittsburgh	pittsburgh		PROPN;SG
saladin	saladin	saladin	saladin	N	PROPN;SG
asturias	asturias	asturias	asturias	N	PROPN;SG
weimar	weimar	weimar	weimar	N	PROPN;SG
synonym	synonym	synonym	synonym		N;SG
yoshida	yoshida	yoshida	yoshida		PROPN;SG
vaughan	vaughan	vaughan	vaughan		PROPN;SG
seydlitz	seydlitz	seydlitz	seydlitz	N	PROPN;SG
gauss	gaussian	gauss	gaussian	N	ADJ
sakhalin	sakhalin	sakhalin	sakhalin	N	PROPN;SG
seth	seth	seth	seth		PROPN;SG
regia	regia	regia	regia		PROPN;SG
wikidata	wikidata	wikidata	wikidata	N	PROPN;SG
pao	pao	pao	pao	N	PROPN;SG
mega	mega	mega	mega		PROPN;SG
mindanao	mindanao	mindanao	mindanao	N	PROPN;SG
nigricans	nigricans	nigricans	nigrican		N;PL
claire	claire	claire	claire		PROPN;SG
maru	maru	maru	maru	N	PROPN;SG
trias	trias	trias	tria		PROPN;SG
mallinella	mallinella	mallinella	mallinella	N	PROPN;SG
hessen	hessen	hessen	hessen	N	PROPN;SG
heliconia	heliconia	heliconia	heliconia		N;SG
hindi	hindi	hindi	hindi	N	PROPN;SG
montréal	montreal	montréal	montreal		PROPN;SG
makoto	makoto	makoto	makoto		PROPN;SG
dubia	dubia	dubia	dubia		N;SG
thank	thank	thank	thank		V;IND;PRS;FIN
jesse	jesse	jesse	jesse	N	PROPN;SG
walsh	walsh	walsh	walsh	N	PROPN;SG
hey	hey	hey	hey		INTJ
adrian	adrian	adrian	adrian	N	PROPN;SG
prescott	prescott	prescott	prescott	N	PROPN;SG
ark	ark	ark	ark		PROPN;SG
albrecht	albrecht	albrecht	albrecht	N	PROPN;SG
marsh	marsh	marsh	marsh	N	PROPN;SG
govaerts	govaerts	govaerts	govaert		N;PL
suwon	suwon	suwon	suwon	N	PROPN;SG
gómez	gomez	gómez	gomez	V	PROPN;SG
gómez	gómez	gómez	gmmez	V	PROPN;SG
leach	leach	leach	leach		PROPN;SG
coldplay	coldplay	coldplay	coldplay	N	PROPN;SG
české	české	české	české	NUM	PROPN;SG
olga	olga	olga	olga		PROPN;SG
carnegie	carnegie	carnegie	carnegie		PROPN;SG
kwon	kwon	kwon	kwon	N	PROPN;SG
dyar	dyar	dyar	dyar		PROPN;SG
yamaguchi	yamaguchi	yamaguchi	yamaguchi	N	PROPN;SG
brit	britt	brit	britt	N	PROPN;SG
brit	brit	brit	brit	N	PROPN;SG
rod	rod	rod	rod		N;SG
crepis	crepis	crepis	crepis	V	PROPN;SG
hermione	hermione	hermione	hermione		PROPN;SG
zeno	zeno	zeno	zeno	N	PROPN;SG
mussolini	mussolini	mussolini	mussolini	N	PROPN;SG
amazing	amazing	amazing	amazing	N	ADJ
nhờn	oily	nhờn	oily	N	ADJ
joshua	joshua	joshua	joshua	N	PROPN;SG
earl	earl	earl	earl		PROPN;SG
demetrios	demetrius	demetrios	demetrius	N	PROPN;SG
amber	amber	amber	amber		N;SG
nhk	nhk	nhk	nhk	N	PROPN;SG
montevideo	montevideo	montevideo	montevideo	N	PROPN;SG
neon	neon	neon	neon	N	PROPN;SG
hoon	hoon	hoon	hoon	N	PROPN;SG
kenny	kenny	kenny	kenny		PROPN;SG
pallidus	pallidus	pallidus	pallidus		N;SG
hanoi	hanoi	hanoi	hanoi		PROPN;SG
richter	richter	richter	richter	N	PROPN;SG
shiki	shiki	shiki	shiki	N	PROPN;SG
kurd	kurdish	kurd	kurdish	N	ADJ
kurd	kurd	kurd	kurd	N	PROPN;SG
mercer	mercer	mercer	mercer	N	PROPN;SG
bethlehem	bethlehem	bethlehem	bethlehem	N	PROPN;SG
invincible	invincible	invincible	invincible		ADJ
sidi	sidi	sidi	sidi	N	PROPN;SG
mainz	mainz	mainz	main	N	PROPN;SG
pygmaea	pygmaea	pygmaea	pygmaea		N;SG
moure	moure	moure	moure		PROPN;SG
tracy	tracy	tracy	tracy		PROPN;SG
imf	imf	imf	imf	N	PROPN;SG
blanchard	blanchard	blanchard	blanchard		PROPN;SG
mickey	mickey	mickey	mickey	N	PROPN;SG
natalensis	natalensis	natalensis	natalensis	N	ADJ
grenada	grenada	grenada	grenada	N	PROPN;SG
uesac	uesac	uesac	uesac		PROPN;SG
xml	xml	xml	xml		PROPN;SG
antigua	antigua	antigua	antigua	N	PROPN;SG
claudia	claudia	claudia	claudia	N	PROPN;SG
shogun	shogun	shogun	shogun		PROPN;SG
aung	aung	aung	aung	N	PROPN;SG
toei	toei	toei	toei		PROPN;SG
disa	disa	disa	disa	N	PROPN;SG
stella	stella	stella	stella		PROPN;SG
sunda	sunda	sunda	sunda	N	PROPN;SG
stoke	stoke	stoke	steak	N	PROPN;SG
baku	baku	baku	baku	N	PROPN;SG
car	car	car	car		N;SG
eduardo	eduardo	eduardo	eduardo	N	PROPN;SG
yen	yen	yen	yen	N	PROPN;SG
werder	werder	werder	werder	N	PROPN;SG
elliot	elliot	elliot	elliot		PROPN;SG
pasteur	pasteur	pasteur	pasteur		PROPN;SG
albany	albany	albany	albany	N	PROPN;SG
achaea	achaea	achaea	achaea	N	PROPN;SG
nesom	nesom	nesom	nesom		PROPN;SG
decipiens	decipiens	decipiens	decipien	V	N;PL
bloch	bloch	bloch	bloch	N	PROPN;SG
yoga	yoga	yoga	yoga	V	N;SG
albacete	albacete	albacete	albacete	N	PROPN;SG
gundam	gundam	gundam	gundam	N	PROPN;SG
rufa	rufa	rufa	rufa	N	PROPN;SG
gsub	gsub	gsub	gsub		PROPN;SG
asp	asp	asp	asp		PROPN;SG
yuki	yuki	yuki	yuki		PROPN;SG
blackwall	blackwall	blackwall	blackwall		PROPN;SG
quýt	mandarin	quýt	mandarin	N	PROPN;SG
quýt	tangerine	quýt	tangerine	N	PROPN;SG
sunni	sunni	sunni	sunni	N	ADJ
eve	eve	eve	eve		PROPN;SG
minamoto	minamoto	minamoto	minamoto	N	PROPN;SG
hacker	hacker	hacker	hacker		N;SG
hacker	hackers	hacker	hacker		N;PL
hacker	hack	hacker	hack		N;SG
sendai	sendai	sendai	sendai		PROPN;SG
tiberius	tiberius	tiberius	tiberius	N	PROPN;SG
christophe	christophe	christophe	christophe		PROPN;SG
ming	ming	ming	ming	N	PROPN;SG
znojmo	znojmo	znojmo	znojmo	NUM	PROPN;SG
xúi	jinx	xúi	jinx	V	N;SG
lynn	lynn	lynn	lynn	N	PROPN;SG
olomouc	olomouc	olomouc	olomouc		PROPN;SG
durham	durham	durham	durham	N	PROPN;SG
chae	chae	chae	chae	N	PROPN;SG
chong	chong	chong	chong	N	PROPN;SG
hót	sings	hót	sing	N	V;IND;SG;3;PRS;FIN
coloma	coloma	coloma	coloma	N	PROPN;SG
thor	thor	thor	thor	N	PROPN;SG
padova	padua	padova	padua	N	PROPN;SG
padova	padova	padova	padova	N	PROPN;SG
ovata	ovata	ovata	ovata	N	PROPN;SG
ruby	ruby	ruby	ruby		PROPN;SG
dwight	dwight	dwight	dwight	N	PROPN;SG
selena	salina	selena	salina		PROPN;SG
selena	selena	selena	selena		PROPN;SG
comoros	comoros	comoros	comoro	N	PROPN;SG
fulton	fulton	fulton	fulton		PROPN;SG
xavier	xavier	xavier	xavier		PROPN;SG
blücher	blücher	blücher	blücher	N	PROPN;SG
candy	candy	candy	candy		N;SG
superordo	superordo	superordo	superordo		PROPN;SG
sheridan	sheridan	sheridan	sheridan		PROPN;SG
pauly	pauly	pauly	pauly	N	PROPN;SG
xòe	tutu	xòe	tutu	N	PROPN;SG
broun	broun	broun	broun		PROPN;SG
griffin	griffin	griffin	griffin		PROPN;SG
fao	fao	fao	fao	N	PROPN;SG
menzies	menzies	menzies	menzy		PROPN;SG
khuấy	stir	khuấy	stir	V	N;SG
konstantin	konstantin	konstantin	konstantin		PROPN;SG
boa	boa	boa	boa		PROPN;SG
cube	cube	cube	cube		N;SG
r}}	r}}	r}}	r}}		PROPN;SG
emil	emil	emil	emil	N	PROPN;SG
rahman	rahman	rahman	rahman	V	PROPN;SG
glen	glen	glen	glen		PROPN;SG
klaus	klaus	klaus	klaus	N	PROPN;SG
gorbachev	gorbachev	gorbachev	gorbach	N	PROPN;SG
corinna	corinna	corinna	corinna	N	PROPN;SG
benz	benz	benz	benz		PROPN;SG
hampton	hampton	hampton	hampton		PROPN;SG
chandler	chandler	chandler	chandler		PROPN;SG
williamson	williamson	williamson	williamson		PROPN;SG
pers	pers	pers	per	N	PROPN;SG
göring	goering	göring	goer		PROPN;SG
göring	göring	göring	göring		PROPN;SG
nordrhein	nordrhein	nordrhein	nordrhein	V	PROPN;SG
samar	samar	samar	samar	N	PROPN;SG
quinn	quinn	quinn	quinn		PROPN;SG
taira	taira	taira	taira	N	PROPN;SG
castel	castel	castel	castel	N	PROPN;SG
bmw	bmw	bmw	bmw	N	PROPN;SG
sumer	sumerian	sumer	sumerian	N	PROPN;SG
irene	irene	irene	irene		PROPN;SG
cartoon	cartoon	cartoon	cartoon		N;SG
penang	penang	penang	penang		PROPN;SG
gớm	inflammation	gớm	inflammation	PART	N;SG
zeller	zeller	zeller	zeller		PROPN;SG
scheer	scheer	scheer	scheer		PROPN;SG
kahn	kahn	kahn	kahn	N	PROPN;SG
toro	toro	toro	toro	N	PROPN;SG
gaon	gaon	gaon	gaon	NUM	PROPN;SG
sủa	bark	sủa	bark	ADJ	N;SG
sủa	barks	sủa	bark	ADJ	N;PL
sủa	barking	sủa	barking	ADJ	N;SG
carr	carr	carr	carr		PROPN;SG
fpt	fpt	fpt	fpt	N	PROPN;SG
betty	betty	betty	betty		PROPN;SG
wilkinson	wilkinson	wilkinson	wilkinson		PROPN;SG
cholesterol	cholesterol	cholesterol	cholesterol	V	N;SG
constantinople	constantinople	constantinople	constantinople		PROPN;SG
allmusic	allmusic	allmusic	allmusic	N	PROPN;SG
ancona	ancona	ancona	ancona	N	PROPN;SG
descartes	descartes	descartes	descarte	N	PROPN;SG
tran	tran	tran	tran	N	PROPN;SG
madeira	madeira	madeira	madeira	N	PROPN;SG
micro	micro	micro	micro	N	PROPN;SG
bath	bath	bath	bath		N;SG
cristata	cristata	cristata	cristata	N	PROPN;SG
blanc	blanc	blanc	blanc	N	PROPN;SG
medici	medici	medici	medici	N	PROPN;SG
cornwall	cornwall	cornwall	cornwall	N	PROPN;SG
uae	uae	uae	uae	N	PROPN;SG
scharnhorst	scharnhorst	scharnhorst	scharnhorst	N	PROPN;SG
bains	bains	bains	bain	N	PROPN;SG
luzula	luzula	luzula	luzula	N	PROPN;SG
androsace	androsace	androsace	androsace		PROPN;SG
marche	marche	marche	marche	N	PROPN;SG
bremer	bremer	bremer	bremer	N	PROPN;SG
udine	udine	udine	udine	NUM	PROPN;SG
michx	michx	michx	michx		PROPN;SG
kan	kan	kan	kan	N	PROPN;SG
gập	folding	gập	fold	V	N;SG
lens	lens	lens	lens		N;SG
lens	leak	lens	leak		N;SG
beirut	beirut	beirut	beirut	N	PROPN;SG
hahn	hahn	hahn	hahn	N	PROPN;SG
yamada	yamada	yamada	yamada		PROPN;SG
linearis	linearis	linearis	linearis		N;SG
carabus	carabus	carabus	carabus	N	PROPN;SG
andersson	andersson	andersson	andersson	N	PROPN;SG
lafayette	lafayette	lafayette	lafayette	N	PROPN;SG
willem	willem	willem	willem	N	PROPN;SG
tatar	tatar	tatar	tatar	N	ADJ
luigi	luigi	luigi	luigi		PROPN;SG
boone	boone	boone	boone		PROPN;SG
dumbledore	dumbledore	dumbledore	dumbledore	N	PROPN;SG
reo	doubt	reo	doubt	V	N;SG
reo	ringing	reo	ring	V	N;SG
garrison	garrison	garrison	garrison		N;SG
brunnea	brunnea	brunnea	brunnea		PROPN;SG
khun	khun	khun	khun	N	PROPN;SG
sidney	sidney	sidney	sidney		PROPN;SG
repens	repens	repens	repen	V	N;PL
musashi	musashi	musashi	musashi	N	PROPN;SG
bosmans	bosmans	bosmans	bosman	N	PROPN;PL
pluto	pluto	pluto	pluto	N	PROPN;SG
adobe	adobe	adobe	adobe	N	PROPN;SG
lexikon	lexikon	lexikon	lexikon		PROPN;SG
shizuka	shizuka	shizuka	shizuka	N	PROPN;SG
lindsey	lindsey	lindsey	lindsey		PROPN;SG
hyundai	hyundai	hyundai	hyundai		PROPN;SG
direct	direct	direct	direct		ADJ
primula	primula	primula	primula		N;SG
hochst	hochst	hochst	hochst		ADJ;RL
vermont	vermont	vermont	vermont	N	PROPN;SG
craven	craven	craven	crave		PROPN;SG
kato	kato	kato	kato	N	PROPN;SG
nomura	nomura	nomura	nomura	V	PROPN;SG
diane	diane	diane	diane		PROPN;SG
thrace	thrace	thrace	thrace	N	PROPN;SG
rivière	rivière	rivière	rivière		PROPN;SG
borealis	borealis	borealis	borealis		PROPN;SG
anders	anders	anders	ander	N	PROPN;SG
sugar	sugar	sugar	sugar		N;SG
hypercompe	hypercompe	hypercompe	hypercompe	N	PROPN;SG
bouchet	bouchet	bouchet	bouchet	N	PROPN;SG
evarcha	evarcha	evarcha	evarcha	N	PROPN;SG
doc	doc	doc	doc		N;SG
budějovice	budějovice	budějovice	budějovice	NUM	PROPN;SG
khalip	caliph	khalip	caliph	N	PROPN;SG
antiochos	antiochus	antiochos	antiochus	N	PROPN;SG
schalke	schalke	schalke	schalke	N	PROPN;SG
kyushu	kyushu	kyushu	kyush	N	PROPN;SG
phidippus	phidippus	phidippus	phidippus	V	N;SG
cremona	cremona	cremona	cremona	N	PROPN;SG
handel	handel	handel	handel	N	PROPN;SG
turing	turing	turing	turing		N;SG
talbot	talbot	talbot	talbot		PROPN;SG
admiralty	admiralty	admiralty	admiralty		N;SG
kyle	kyle	kyle	kyle		PROPN;SG
emerton	emerton	emerton	emerton	V	PROPN;SG
dale	dale	dale	dale		PROPN;SG
gloria	gloria	gloria	gloria		PROPN;SG
oder	oder	oder	oder	V	PROPN;SG
lange	lange	lange	lange	N	PROPN;SG
shannon	shannon	shannon	shannon		PROPN;SG
mehmed	mehmed	mehmed	mehm	N	PROPN;SG
cayman	calgary	cayman	calgary	N	PROPN;SG
cayman	cayman	cayman	cayman	N	PROPN;SG
martinique	martinique	martinique	martinique	N	PROPN;SG
villiers	villiers	villiers	villier		N;PL
gotha	gotha	gotha	gotha		PROPN;SG
wanda	wanda	wanda	wanda	N	PROPN;SG
wilcox	wilcox	wilcox	wilcox		PROPN;SG
martino	martino	martino	martino		PROPN;SG
obscurus	obscurus	obscurus	obscurus		N;SG
budde	budde	budde	budde		PROPN;SG
saxophone	saxophone	saxophone	saxophone	N	PROPN;SG
friedman	friedman	friedman	friedman		ADJ
canescens	canescens	canescens	canescens	ADJ	N;PL
vanessa	vanessa	vanessa	vanessa		PROPN;SG
baghdad	baghdad	baghdad	baghdad	N	PROPN;SG
haas	haas	haas	haas	N	PROPN;SG
ryukyu	ryukyu	ryukyu	ryukyu	N	PROPN;SG
kanon	kanon	kanon	kanon		PROPN;SG
schwartz	schwartz	schwartz	schwartz		PROPN;SG
hohenzollern	hohenzollern	hohenzollern	hohenzollern	V	PROPN;SG
para	para	para	para	N	PROPN;SG
howell	howell	howell	howell		PROPN;SG
tolstoy	tolstoy	tolstoy	tolstoy	N	PROPN;SG
palawan	palawan	palawan	palawan	N	PROPN;SG
neptune	neptune	neptune	neptune	N	PROPN;SG
jupiter	jupiter	jupiter	jupiter	N	PROPN;SG
velvet	velvet	velvet	velvet		N;SG
violacea	violacea	violacea	violacea		PROPN;SG
mia	mia	mia	mia		PROPN;SG
alfonso	alfonso	alfonso	alfonso	N	PROPN;SG
lara	lara	lara	lara		PROPN;SG
bromley	bromley	bromley	bromley		PROPN;SG
djibouti	djibouti	djibouti	djibouti	N	PROPN;SG
hattori	hattori	hattori	hattori	N	PROPN;SG
training	training	training	training	DET	N;SG
musa	musa	musa	musa	N	PROPN;SG
acta	acta	acta	acta	N	PROPN;SG
akb	akb	akb	akb		PROPN;SG
californica	californica	californica	californica	N	ADJ
marcello	marcello	marcello	marcello	N	PROPN;SG
encyclia	encyclia	encyclia	encyclia	N	PROPN;SG
gilles	gilles	gilles	gill		N;PL
shogakukan	shogakukan	shogakukan	shogakukan	N	PROPN;SG
norodom	norodom	norodom	norodom	N	PROPN;SG
funk	funk	funk	funk	N	PROPN;SG
robustus	robustus	robustus	robustus		N;SG
jharkhand	jharkhand	jharkhand	jharkhand	N	PROPN;SG
shepard	shepard	shepard	shepard		PROPN;SG
microphylla	microphylla	microphylla	microphylla	V	N;SG
zanzibar	zanzibar	zanzibar	zanzibar	N	PROPN;SG
lil	lil	lil	lil		PROPN;SG
dmitry	dmitry	dmitry	dmitry	N	PROPN;SG
boisduval	boisduval	boisduval	boisduval		PROPN;SG
sporobolus	sporobolus	sporobolus	sporobolus		PROPN;SG
cowan	cowan	cowan	cowan	N	PROPN;SG
randolph	randolph	randolph	randolph		PROPN;SG
