adventures	dogodivščine	adventures	dogodivščina		N;NOM;FEM;PL
adventures	avanture	adventures	avantura		N;NOM;FEM;PL
adventures	pustolovščine	adventures	pustolovščina		N;NOM;FEM;PL
vito	vito	vito	vito		N;NOM;MASC;SG
varese	varese	varese	varesti	NUM	PROPN;NOM;MASC;SG
origins	poreklo	origins	poreklo		N;NOM;NEUT;SG
heli	helij	heli	helija		N;NOM;MASC;SG
orléans	orléans	orléans	orllans		N;NOM;MASC;SG
lutea	lutea	lutea	lutea		N;NOM;FEM;SG
btr	btr	btr	btr		N;NOM;MASC;SG
leslie	leslie	leslie	leslet		PROPN;NOM;MASC;SG
kirby	kirby	kirby	kirby		N;NOM;MASC;SG
pittsburgh	pittsburgh	pittsburgh	pittsburg		N;ESS;MASC;PL
weimar	weimarske	weimar	weimarski	N	ADJ;NOM;FEM;PL
synonym	sinonim	synonym	sinoni		V;PFV;IND;SG;1;PRS;FIN
vaughan	vaughan	vaughan	vaughan		N;NOM;MASC;SG
seydlitz	seydlitz	seydlitz	seydlitz	N	
pallas	pallas	pallas	pallas	N	
seth	seth	seth	seth		
regia	regia	regia	regia		N;NOM;FEM;SG
claire	claire	claire	clair		N;NOM;FEM;SG
trias	trias	trias	trias		N;NOM;MASC;SG
meridionalis	meridionalis	meridionalis	meridionalis	ADJ	N;NOM;MASC;SG
hessen	hessen	hessen	hessen	N	PROPN;NOM;MASC;SG
tribus	tribus	tribus	tribus		N;NOM;MASC;SG
montréal	montrealu	montréal	montreal		N;DAT;MASC;SG
montréal	montreal	montréal	montreal		N;NOM;MASC;SG
makoto	makoto	makoto	makota		N;NOM;MASC;SG
walsh	walsh	walsh	walsh	N	PROPN;NOM;MASC;SG
ark	barko	ark	barka		N;ACC;FEM;SG
ark	skrinja	ark	skrinja		N;NOM;FEM;SG
gómez	gomez	gómez	gomez	V	N;NOM;FEM;SG
gómez	gómez	gómez	gómez	V	N;NOM;MASC;SG
leach	leach	leach	leach		N;NOM;MASC;SG
višnjan	višnjan	višnjan	višnjan		ADJ;NOM;INDF;MASC;SG
coldplay	coldplay	coldplay	coldplay	N	PROPN;NOM;MASC;SG
české	české	české	česek	NUM	PROPN;NOM;MASC;SG
olga	olga	olga	olg		PROPN;NOM;FEM;SG
brit	britt	brit	britt	N	
rod	roda	rod	rod		N;NOM;MASC;SG
rod	rod	rod	rod		N;NOM;MASC;SG
hermione	hermiona	hermione	hermion		N;NOM;FEM;SG
amazing	neverjetno	amazing	neverjetno	N	ADV
nhờn	mastna	nhờn	masten	N	ADJ;NOM;FEM;SG
nhờn	mastno	nhờn	masten	N	ADV
nhờn	masten	nhờn	masten	N	ADJ;NOM;INDF;MASC;SG
nhờn	mastna	nhờn	masten	N	ADJ;NOM;FEM;SG
earl	earl	earl	earla		N;NOM;MASC;SG
amber	amber	amber	amber		PROPN;NOM;FEM;SG
amber	oranžna	amber	oranžen		ADJ;NOM;FEM;SG
neon	neon	neon	neon	N	
kenny	kenny	kenny	kenny		PROPN;NOM;MASC;SG
pallidus	pallidus	pallidus	pallidus		N;NOM;MASC;SG
hanoi	hanoju	hanoi	hano		N;DAT;MASC;SG
kurd	kurdsko	kurd	kurdski	N	ADJ;NOM;NEUT;SG
kurd	kurd	kurd	kurda	N	
invincible	nepremagljiv	invincible	nepremagljiv		ADJ;NOM;INDF;MASC;SG
invincible	nepremagljivi	invincible	nepremagljiv		ADJ;NOM;MASC;SG
invincible	nepremagljiva	invincible	nepremagljiv		ADJ;NOM;FEM;SG
mainz	mainz	mainz	mainza	N	PROPN;NOM;MASC;SG
tracy	tracy	tracy	tracy		PROPN;NOM;MASC;SG
blanchard	blanchard	blanchard	blanchard		N;NOM;MASC;SG
xml	xml	xml	imeti		N;NOM;MASC;SG
claudia	claudia	claudia	claudia	N	PROPN;NOM;FEM;SG
shogun	šogun	shogun	šogun		N;NOM;MASC;SG
aung	aung	aung	aung	N	PROPN;NOM;MASC;SG
stella	stella	stella	stello		PROPN;NOM;FEM;SG
stella	neža	stella	než		PROPN;NOM;FEM;SG
stoke	stoke	stoke	stok	N	
car	car	car	car		N;NOM;MASC;SG
car	avto	car	avto		N;NOM;MASC;SG
car	avtomobil	car	avtomobil		N;NOM;MASC;SG
quăng	met	quăng	met	V	
elliot	elliot	elliot	elliot		N;NOM;MASC;SG
pasteur	pasteur	pasteur	pasteur		N;NOM;MASC;SG
yoga	joga	yoga	jog	V	N;NOM;FEM;SG
yoga	jogo	yoga	joga	V	N;ACC;FEM;SG
pounder	funtni	pounder	funten	N	ADJ;NOM;MASC;PL
asp	asp	asp	asp		N;NOM;MASC;SG
penny	penny	penny	penny	N	PROPN;NOM;MASC;SG
yuki	yuki	yuki	yuki		PROPN;NOM;MASC;SG
namedata	namedata	namedata	namedati	N	V;PFV;IND;DU;3;PRS;FIN
eve	eva	eve	eva		PROPN;NOM;FEM;SG
eve	eve	eve	ev		
hacker	heker	hacker	heker		N;NOM;MASC;SG
hacker	hekerji	hacker	hekerja		N;NOM;MASC;PL
hacker	kramp	hacker	kramp		N;NOM;MASC;SG
sendai	sendai	sendai	senda		N;NOM;MASC;SG
christophe	christophe	christophe	christopha		PROPN;NOM;MASC;SG
ming	ming	ming	ming	N	PROPN;NOM;MASC;SG
znojmo	znojmo	znojmo	znojma	NUM	V;PFV;IMP;PL;1;FIN
xúi	jinx	xúi	jinx	V	N;NOM;MASC;SG
lynn	lynn	lynn	lynn	N	PROPN;NOM;FEM;SG
olomouc	olomouc	olomouc	olomouc		N;NOM;MASC;SG
durham	durham	durham	durhati	N	PROPN;NOM;MASC;SG
hót	poje	hót	peti	N	V;IPFV;IND;SG;3;PRS;FIN
hót	poje	hót	peti	N	V;IPFV;IND;SG;3;PRS;FIN
hót	zapoje	hót	zapeti	N	V;PFV;IND;SG;3;PRS;FIN
ruby	rubin	ruby	rubin		N;NOM;MASC;SG
ruby	ruby	ruby	ruby		PROPN;NOM;MASC;SG
dwight	dwight	dwight	dwight	N	PROPN;NOM;MASC;SG
selena	salina	selena	salin		N;NOM;FEM;SG
selena	selena	selena	selen		N;NOM;FEM;SG
fulton	fulton	fulton	fulton		N;NOM;MASC;SG
xavier	xavier	xavier	xavier		N;NOM;MASC;SG
candy	sladkarije	candy	sladkarija		N;NOM;FEM;PL
candy	slaščice	candy	slaščica		N;NOM;FEM;PL
candy	bonboni	candy	bonbon		N;NOM;MASC;PL
candy	candy	candy	candy		N;NOM;MASC;SG
superordo	superordo	superordo	superordo		N;NOM;FEM;SG
sheridan	sheridan	sheridan	sheridan		N;NOM;MASC;SG
pauly	pauly	pauly	pauly	N	
xòe	tutu	xòe	tut	N	
griffin	griffin	griffin	griffin		
fao	fao	fao	fao	N	PROPN;NOM;MASC;SG
menzies	menzies	menzies	menzies		N;NOM;MASC;SG
konstantin	konstantin	konstantin	konstantin		N;NOM;MASC;SG
boa	boa	boa	boa		PROPN;NOM;MASC;SG
cube	kocko	cube	kocka		N;ACC;FEM;SG
cube	kocka	cube	kocka		N;NOM;FEM;SG
emil	emil	emil	emiti	N	PROPN;NOM;MASC;SG
rahman	rahman	rahman	rahman	V	N;NOM;MASC;SG
glen	glen	glen	glen		N;NOM;MASC;SG
glen	glenn	glen	glenn		PROPN;NOM;MASC;SG
benz	benz	benz	benz		PROPN;NOM;MASC;SG
hampton	hampton	hampton	hampton		N;NOM;MASC;SG
chandler	chandler	chandler	chandler		N;NOM;MASC;SG
williamson	williamson	williamson	williamson		N;NOM;MASC;SG
pers	pers	pers	pers	N	
göring	goering	göring	goering		N;NOM;MASC;SG
göring	göring	göring	göring		N;NOM;MASC;SG
samar	samar	samar	samar	N	
quinn	quinn	quinn	quinn		N;NOM;MASC;SG
castel	castel	castel	casteti	N	PROPN;NOM;MASC;SG
bmw	bmw	bmw	bmw	N	PROPN;NOM;MASC;SG
sumer	sumerski	sumer	sumerski	N	ADJ;NOM;MASC;SG
irene	irena	irene	irena		PROPN;NOM;FEM;SG
irene	irene	irene	irena		PROPN;NOM;FEM;SG
cartoon	risanko	cartoon	risanka		N;ACC;FEM;SG
cartoon	risanka	cartoon	risanka		N;NOM;FEM;SG
gớm	vnetja	gớm	vnetje	PART	N;NOM;NEUT;PL
gớm	vnetje	gớm	vnetje	PART	N;NOM;NEUT;SG
zeller	zeller	zeller	zeller		
scheer	scheer	scheer	scheera		N;NOM;MASC;SG
oberösterreich	oberösterreich	oberösterreich	oberösterreich		N;NOM;MASC;SG
gaon	gaon	gaon	gaon	NUM	
sủa	lubja	sủa	lubja	ADJ	N;NOM;NEUT;PL
sủa	laja	sủa	laj	ADJ	V;IPFV;IND;SG;3;PRS;FIN
sủa	laja	sủa	laj	ADJ	V;IPFV;IND;SG;3;PRS;FIN
carr	carr	carr	carr		PROPN;NOM;MASC;SG
betty	betty	betty	betty		PROPN;NOM;FEM;SG
wilkinson	wilkinson	wilkinson	wilkinson		ADJ;NOM;INDF;MASC;SG
cholesterol	holesterol	cholesterol	holesterol	V	N;NOM;MASC;SG
cholesterol	holesterola	cholesterol	holesterol	V	N;GEN;MASC;SG
constantinople	konstantinopel	constantinople	konstantinopel		N;NOM;MASC;SG
ancona	anconi	ancona	ancona	N	ADV
tran	tran	tran	tran	N	
bath	kopel	bath	kopel		N;NOM;FEM;SG
bath	kopanje	bath	kopanje		N;NOM;NEUT;SG
bath	kad	bath	kad		N;NOM;MASC;SG
cristata	cristata	cristata	cristat	N	V;IPFV;IND;DU;3;PRS;FIN
blanc	blanc	blanc	blanca	N	PROPN;NOM;MASC;SG
cornwall	cornwall	cornwall	cornwall	N	PROPN;NOM;MASC;SG
uae	zae	uae	zae	N	PROPN;NOM;MASC;SG
udine	videm	udine	videm	NUM	PROPN;NOM;MASC;SG
gập	zlaganje	gập	zlaganje	V	N;NOM;NEUT;SG
lens	lečo	lens	lečo		N;ACC;FEM;SG
lens	leče	lens	leča		N;NOM;FEM;PL
lens	objektiv	lens	objekt		N;NOM;MASC;SG
lens	leča	lens	leč		N;NOM;FEM;SG
lens	puščanje	lens	puščanje		N;NOM;NEUT;SG
hahn	hahn	hahn	hahn	N	PROPN;NOM;MASC;SG
yamada	yamada	yamada	yamada		N;NOM;FEM;SG
luigi	luigi	luigi	luiga		ADJ;NOM;DEF;MASC;SG
boone	boone	boone	boon		PROPN;NOM;MASC;SG
reo	dvom	reo	dvom	V	N;NOM;MASC;SG
reo	dvomi	reo	dvomiti	V	N;NOM;MASC;SG
reo	zvonjenje	reo	zvonjenje	V	N;NOM;NEUT;SG
garrison	garrison	garrison	garrison		
sidney	sidney	sidney	sidney		ADJ;NOM;DEF;MASC;SG
repens	repens	repens	repens	V	N;NOM;MASC;SG
lexikon	lexikon	lexikon	lexikon		
lindsey	lindsey	lindsey	lindsey		PROPN;NOM;FEM;SG
hyundai	hyundai	hyundai	hyundaš		N;NOM;FEM;SG
direct	neposredni	direct	neposreden		ADJ;NOM;MASC;SG
direct	neposreden	direct	neposreden		ADJ;NOM;INDF;MASC;SG
direct	neposredna	direct	neposreden		ADJ;NOM;FEM;SG
direct	neposredne	direct	neposreden		ADJ;NOM;FEM;PL
direct	neposredno	direct	neposredno		ADV
primula	primula	primula	primul		N;NOM;FEM;SG
vermont	vermont	vermont	vermont	N	PROPN;NOM;MASC;SG
craven	craven	craven	craven		N;NOM;MASC;SG
kato	kato	kato	kato	N	PROPN;NOM;MASC;SG
nomura	nomura	nomura	nomura	V	N;NOM;MASC;SG
diane	diane	diane	diana		N;NOM;FEM;SG
rivière	rivière	rivière	rivirer		N;NOM;MASC;SG
borealis	borealis	borealis	borealis		N;NOM;MASC;SG
sugar	sladkorja	sugar	sladkor		N;GEN;MASC;SG
sugar	sladkor	sugar	sladkor		N;NOM;MASC;SG
doc	dohtar	doc	dohtar		N;NOM;MASC;SG
doc	doc	doc	doc		N;NOM;MASC;SG
doc	dok	doc	dok		N;NOM;MASC;SG
budějovice	budějovice	budějovice	budojovica	NUM	N;NOM;FEM;PL
turing	turing	turing	turing		N;NOM;MASC;SG
talbot	talbot	talbot	talbot		N;NOM;MASC;SG
piston	batni	piston	baten	N	ADJ;NOM;DEF;MASC;SG
admiralty	admiraliteto	admiralty	admiraliteta		N;ACC;FEM;SG
kyle	kyle	kyle	kyl		PROPN;NOM;MASC;SG
dale	dale	dale	dati		V;PFV;FEM;PL;V.PTCP
gloria	gloria	gloria	gloria		N;NOM;FEM;SG
oder	odri	oder	oder	V	N;NOM;MASC;SG
lange	lange	lange	lang	N	PROPN;NOM;MASC;SG
shannon	shannon	shannon	shannon		
cayman	calgary	cayman	calgary	N	PROPN;NOM;MASC;SG
villiers	villiers	villiers	villiers		N;NOM;MASC;SG
gotha	gotha	gotha	gotha		N;NOM;MASC;SG
wilcox	wilcox	wilcox	wilcox		N;NOM;MASC;SG
martino	martino	martino	martina		N;ACC;FEM;SG
friedman	friedman	friedman	friedman		N;NOM;MASC;SG
vanessa	vanessa	vanessa	vanessa		PROPN;NOM;FEM;SG
haas	haas	haas	haas	N	PROPN;NOM;MASC;SG
schwartz	schwartz	schwartz	schwartz		N;NOM;MASC;SG
hohenzollern	hohenzollern	hohenzollern	hohenzollerna	V	N;NOM;MASC;SG
howell	howell	howell	howel		PROPN;NOM;MASC;SG
velvet	žamet	velvet	žamet		N;NOM;MASC;SG
mia	mia	mia	mia		PROPN;NOM;FEM;SG
mia	mio	mia	mio		N;NOM;MASC;SG
lara	lara	lara	lar		PROPN;NOM;FEM;SG
bromley	bromley	bromley	bromley		
training	trening	training	trening	DET	N;NOM;MASC;SG
training	usposabljanja	training	usposabljanje	DET	N;GEN;NEUT;SG
training	treningi	training	trening	DET	N;NOM;MASC;PL
training	usposabljanje	training	usposabljanje	DET	N;NOM;NEUT;SG
gilles	gilles	gilles	gilles		N;NOM;MASC;SG
robustus	robustus	robustus	robustus		N;DAT;MASC;SG
shepard	shepard	shepard	sheparda		N;NOM;MASC;SG
lil	lil	lil	liti		N;NOM;MASC;SG
cowan	cowan	cowan	cowan	N	PROPN;NOM;MASC;SG
randolph	randolph	randolph	randolph		PROPN;NOM;MASC;SG
toscana	toskani	toscana	toskan	N	ADJ;NOM;MASC;SG
krai	krai	krai	krai	N	
irving	irving	irving	irving		N;NOM;MASC;SG
trau	utrujena	trau	utrujen	V	ADJ;NOM;FEM;SG;V.PTCP
trau	utrujeni	trau	utrujen	V	ADJ;NOM;MASC;PL;V.PTCP
trau	utrujen	trau	utrujen	V	ADJ;NOM;INDF;MASC;SG;V.PTCP
trau	utrujeno	trau	utrujen	V	ADJ;NOM;NEUT;SG;V.PTCP
bison	bison	bison	bison		N;NOM;MASC;SG
crane	žerjav	crane	žerjav		N;NOM;MASC;SG
beaver	bober	beaver	bober		N;NOM;MASC;SG
paulus	paulus	paulus	paulus	N	
chopin	chopina	chopin	chopina	V	N;GEN;MASC;SG
canterbury	canterbury	canterbury	canterbury		N;NOM;MASC;SG
gerhard	gerhard	gerhard	gerhard		PROPN;NOM;MASC;SG
ariel	ariel	ariel	ariel		N;NOM;MASC;SG
indie	indie	indie	indie		N;NOM;MASC;SG
konrad	konrad	konrad	konrad		N;NOM;MASC;SG
castillo	castillo	castillo	castillo		N;NOM;NEUT;SG
martha	marta	martha	mart		N;NOM;FEM;SG
martha	martha	martha	marth		N;NOM;FEM;SG
bloom	bloom	bloom	bloom		
marius	marius	marius	marius		N;NOM;MASC;SG
kure	kure	kure	kura		N;NOM;FEM;PL
khuya	zamuja	khuya	zamujati	N	V;IPFV;IND;SG;3;PRS;FIN
khuya	pozno	khuya	pozno	N	ADV
khuya	pozen	khuya	pozen	N	ADJ;NOM;INDF;MASC;SG
khuya	pozni	khuya	pozen	N	ADJ;NOM;DEF;MASC;SG
khuya	pozna	khuya	poznati	N	V;IPFV;IND;SG;3;PRS;FIN
suffolk	suffolk	suffolk	suffolka	N	PROPN;NOM;MASC;SG
tone	tona	tone	tona		N;NOM;MASC;DU
tone	ton	tone	tona		N;NOM;MASC;SG
tone	tone	tone	tona		N;NOM;MASC;SG
rue	rue	rue	rue	N	
stan	stan	stan	stan		N;NOM;MASC;SG
stan	stana	stan	stan		N;NOM;MASC;SG
stan	stanu	stan	stan		N;DAT;MASC;SG
rebel	upornik	rebel	upornik		N;NOM;MASC;SG
rebel	upornikov	rebel	upornik		N;GEN;MASC;PL
rebel	uporniško	rebel	uporniški		ADV
rebel	uporniški	rebel	uporniški		ADJ;NOM;MASC;SG
loi	loi	loi	loš		N;NOM;MASC;SG
regina	regina	regina	regina		N;NOM;FEM;SG
cherry	cherry	cherry	cherry		
cherry	češnja	cherry	češnja		ADJ;NOM;FEM;SG
cherry	češnje	cherry	češnji		ADJ;NOM;FEM;PL
scout	skavt	scout	skavt		N;NOM;MASC;SG
scout	scout	scout	scout		N;NOM;MASC;SG
scout	izvidnik	scout	izvidnik		N;NOM;MASC;SG
coburg	coburg	coburg	coburg		N;NOM;MASC;SG
interscope	interscope	interscope	interscop	V	N;NOM;MASC;SG
bruxelles	bruselj	bruxelles	bruselj	N	PROPN;NOM;MASC;SG
gaston	gaston	gaston	gaston		N;NOM;MASC;SG
citation	navedba	citation	navedba		N;NOM;FEM;SG
sakai	sakai	sakai	sakaa		N;NOM;MASC;SG
chuck	chuck	chuck	chucka		N;NOM;MASC;SG
chuck	chucka	chuck	chucka		N;NOM;MASC;SG
donau	donau	donau	dona	N	
romagna	romanja	romagna	romanje		N;NOM;NEUT;PL
bergen	bergen	bergen	bergen	N	PROPN;NOM;MASC;SG
hora	hora	hora	hora	NUM	N;NOM;FEM;SG
scottish	škotsko	scottish	škotski	NUM	ADJ;NOM;NEUT;SG
scottish	škotske	scottish	škotski	NUM	ADJ;NOM;FEM;PL
scottish	škotski	scottish	škotski	NUM	ADJ;NOM;DEF;MASC;SG
scottish	škotska	scottish	škotski	NUM	ADJ;NOM;FEM;SG
turkish	turška	turkish	turški		ADJ;NOM;FEM;SG
turkish	turški	turkish	turški		ADJ;NOM;MASC;SG
turkish	turško	turkish	turški		ADJ;NOM;NEUT;SG
trinity	trojica	trinity	trojica	NUM	N;NOM;FEM;SG
trinity	trinity	trinity	trinity	NUM	PROPN;NOM;MASC;SG
shop	prodajalna	shop	prodajalna	N	ADJ;NOM;FEM;SG
shop	prodajalne	shop	prodajalna	N	ADJ;NOM;FEM;PL
roche	roche	roche	roche		
parva	parva	parva	parva		N;NOM;MASC;SG
gallo	gallo	gallo	gallo	N	ADV
leiden	leiden	leiden	leiden	N	
hubert	hubert	hubert	hubert		N;NOM;MASC;SG
schumacher	schumacher	schumacher	schumacher	N	PROPN;NOM;MASC;SG
bertrand	bertrand	bertrand	bertrand		N;NOM;MASC;SG
turin	torinu	turin	torin	NUM	PROPN;DAT;MASC;SG
valentin	valentin	valentin	valentina		N;NOM;MASC;SG
holly	holly	holly	holly		PROPN;NOM;MASC;SG
fidel	fidel	fidel	fideti		N;NOM;MASC;SG
ivanovich	ivanovič	ivanovich	ivanovič		N;NOM;MASC;SG
ash	pepel	ash	pepel		N;NOM;MASC;SG
ash	ash	ash	anh		N;NOM;MASC;SG
brittany	brittany	brittany	brittany		PROPN;NOM;FEM;SG
ret	ret	ret	reta		N;NOM;MASC;SG
benoist	benoist	benoist	benoist		N;NOM;MASC;SG
pohl	pohl	pohl	pohl		PROPN;NOM;MASC;SG
giặt	pralnica	giặt	pralnica	V	N;NOM;FEM;SG
giặt	perilo	giặt	perilo	V	N;NOM;NEUT;SG
barker	barker	barker	barker		N;NOM;MASC;SG
spitfire	spitfire	spitfire	spitfira		N;NOM;MASC;SG
gurevich	gurevič	gurevich	gurevič		N;NOM;MASC;SG
philipp	philipp	philipp	philipp		N;NOM;MASC;SG
andre	andre	andre	andre		PROPN;NOM;MASC;SG
andre	andre	andre	andre		PROPN;NOM;MASC;SG
andre	andré	andre	andré		PROPN;NOM;MASC;SG
barton	barton	barton	barton		N;NOM;MASC;SG
pierce	pierce	pierce	pierce		N;NOM;MASC;SG
canary	kanarskih	canary	kanarski	N	ADJ;GEN;MASC;PL
karst	kraški	karst	kraški	N	ADJ;NOM;DEF;MASC;SG
santana	santana	santana	santan		N;NOM;MASC;SG
spotted	opažena	spotted	opažen		ADJ;NOM;FEM;SG;V.PTCP
spotted	opažen	spotted	opažen		ADJ;NOM;INDF;MASC;SG;V.PTCP
spotted	opazili	spotted	opaziti		V;PFV;MASC;PL;V.PTCP
spotted	opaženo	spotted	opažen		ADJ;NOM;NEUT;SG;V.PTCP
blankname	blankname	blankname	blankma		ADJ;DAT;MASC;PL
lars	lars	lars	lars	N	PROPN;NOM;MASC;SG
jia	jia	jia	on	N	PROPN;NOM;MASC;SG
wikimapia	wikimapia	wikimapia	wikimapia		N;NOM;MASC;SG
chẻ	luknjo	chẻ	luknja		N;ACC;FEM;SG
chẻ	luknja	chẻ	luknja		N;NOM;FEM;SG
rainer	rainer	rainer	rainer	N	
vilnius	vilni	vilnius	vilen	N	ADJ;NOM;MASC;SG
bèo	bedno	bèo	bedno	N	ADJ;NOM;NEUT;SG
bèo	brezveze	bèo	brezvez	N	
fuller	fuller	fuller	fuller	N	
kino	kino	kino	kino	V	N;NOM;MASC;SG
concorde	concorde	concorde	concord	N	PROPN;NOM;MASC;SG
boleslav	boleslav	boleslav	boleslava	N	PROPN;NOM;MASC;SG
natalie	natalie	natalie	natalei	N	PROPN;NOM;FEM;SG
halloween	pust	halloween	pust	V	N;NOM;MASC;SG
midland	midland	midland	midlanda	N	PROPN;NOM;MASC;SG
angelica	angelica	angelica	angelica		N;NOM;FEM;SG
mono	mono	mono	mona	N	
skin	koža	skin	koža		N;NOM;FEM;SG
skin	koži	skin	koža		N;DAT;FEM;SG
skin	kože	skin	koža		N;GEN;FEM;SG
skin	kožo	skin	koža		N;ACC;FEM;SG
doyle	doyle	doyle	doyel	N	PROPN;NOM;MASC;SG
cedar	cedar	cedar	cedar	N	
thom	thom	thom	thom	N	PROPN;NOM;MASC;SG
gamespot	gamespot	gamespot	gamespot		N;NOM;MASC;SG
rising	dviga	rising	dvigati		V;IPFV;IND;SG;3;PRS;FIN
rising	narašča	rising	naraščati		V;IPFV;IND;SG;3;PRS;FIN
rising	naraščanje	rising	naraščanje		N;NOM;NEUT;SG
eight	osmica	eight	osmica	NUM	N;NOM;FEM;SG
leigh	leigh	leigh	leigh		PROPN;NOM;MASC;SG
núm	stisnil	núm	stisniti	N	V;PFV;MASC;SG;V.PTCP
cody	cody	cody	cody	N	PROPN;NOM;MASC;SG
mitra	mitra	mitra	miter		N;NOM;MASC;SG
biếng	lenoba	biếng	lenoba	ADJ	N;NOM;FEM;SG
biếng	len	biếng	len	ADJ	N;NOM;MASC;SG
massa	massa	massa	massa		N;NOM;MASC;SG
gmelin	gmelin	gmelin	gmelina		N;NOM;MASC;SG
vice	vice	vice	vica		N;NOM;MASC;SG
vice	podpredsednik	vice	podpredsednik		N;NOM;MASC;SG
phillip	phillip	phillip	phillip		N;NOM;MASC;SG
surrey	surrey	surrey	surrey	NUM	PROPN;NOM;MASC;SG
teaser	teaser	teaser	teaser		N;NOM;MASC;SG
gill	gill	gill	gill		PROPN;NOM;MASC;SG
hilaire	hilaire	hilaire	hilaira		N;NOM;MASC;SG
djokovic	đoković	djokovic	đoković	N	PROPN;NOM;MASC;SG
chằng	ligament	chằng	ligament	V	N;NOM;MASC;SG
oppenheimer	oppenheimer	oppenheimer	oppenheimer		N;NOM;MASC;SG
hopper	hopper	hopper	hopper	V	N;NOM;MASC;SG
goa	goa	goa	goa		N;NOM;MASC;SG
nicholson	nicholson	nicholson	nicholson		PROPN;NOM;MASC;SG
dhabi	dhabi	dhabi	dhab	N	PROPN;NOM;MASC;SG
guderian	guderian	guderian	guderian		N;NOM;MASC;SG
mladá	mladá	mladá	mlad	NUM	
soft	mehko	soft	mehek		ADJ;NOM;NEUT;SG
soft	mehka	soft	mehek		ADJ;NOM;FEM;SG
soft	mehke	soft	mehek		ADJ;NOM;FEM;PL
soft	mehak	soft	mehek		ADJ;NOM;INDF;MASC;SG
engelm	engelm	engelm	engel		N;NOM;MASC;SG
coca	coca	coca	coca	N	PROPN;NOM;MASC;SG
králové	králové	králové	kržlov	V	PROPN;NOM;FEM;SG
estadio	estadio	estadio	estadio		N;NOM;MASC;SG
brevis	brevis	brevis	brevis		N;NOM;FEM;SG
breed	pasme	breed	pasma		N;NOM;FEM;PL
titlestyle	titlestyle	titlestyle	titlestyle	V	
sphinx	sfinga	sphinx	sfing		N;NOM;FEM;SG
crimea	krim	crimea	krim	V	PROPN;NOM;MASC;SG
breslau	breslau	breslau	bresla	N	PROPN;NOM;MASC;SG
pepper	poper	pepper	poper		N;NOM;MASC;SG
ramsey	ramsey	ramsey	ramsey		N;NOM;MASC;SG
infinity	neskončno	infinity	neskončno	N	ADV
hayes	hayes	hayes	hayes	N	PROPN;NOM;MASC;SG
waterhouse	waterhouse	waterhouse	waterhous		PROPN;ACC;MASC;PL
molina	molina	molina	molina		N;NOM;MASC;SG
composite	sestavljeni	composite	sestavljen	N	ADJ;NOM;MASC;PL;V.PTCP
composite	sestavljena	composite	sestavljen	N	ADJ;NOM;FEM;SG;V.PTCP
composite	sestavljeno	composite	sestavljen	N	ADJ;NOM;NEUT;SG;V.PTCP
andrés	andrés	andrés	andrés	N	PROPN;NOM;MASC;SG
medieval	srednjeveški	medieval	srednjeveški	N	ADJ;NOM;MASC;SG
tonumber	tonumber	tonumber	tonumber		N;NOM;MASC;SG
cornelius	cornelius	cornelius	cornelius	N	PROPN;NOM;MASC;SG
brie	brie	brie	brie		PROPN;NOM;MASC;SG
zurich	zürichu	zurich	züriche	N	PROPN;DAT;MASC;SG
choáng	osupel	choáng	osupeti	V	N;NOM;MASC;SG
jyp	jyp	jyp	jyp	N	
patton	patton	patton	patton		N;NOM;MASC;SG
drew	narisal	drew	narisati		V;PFV;MASC;SG;V.PTCP
drew	drew	drew	drew		PROPN;NOM;MASC;SG
bernhard	bernhard	bernhard	bernhard	N	ADJ;NOM;INDF;MASC;SG
cherokee	cherokee	cherokee	cheroken		N;NOM;MASC;SG
hindenburg	hindenburg	hindenburg	hindenburg		N;NOM;MASC;SG
smile	nasmeh	smile	nasmeh		N;NOM;MASC;SG
smile	nasmešek	smile	nasmešek		N;NOM;MASC;SG
leverkusen	leverkusen	leverkusen	leverkusen	N	ADJ;NOM;INDF;MASC;SG
rochester	rochester	rochester	rochester		N;NOM;MASC;SG
marguerite	marguerite	marguerite	marguerit		V;PFV;IMP;PL;2;FIN
laden	obremenjen	laden	obremenjen	N	ADJ;NOM;INDF;MASC;SG;V.PTCP
ngứa	srbenje	ngứa	srbenje	V	N;NOM;NEUT;SG
ngứa	srbi	ngứa	srbeti	V	N;NOM;MASC;PL
ngứa	srbi	ngứa	srbeti	V	N;NOM;MASC;PL
ngứa	krempljev	ngứa	kremplj	V	N;GEN;MASC;PL
ngứa	kremplje	ngứa	kremplji	V	N;ACC;MASC;PL
ngứa	kremplji	ngứa	kremplji	V	N;NOM;MASC;PL
rebecca	rebeka	rebecca	rebek		N;NOM;FEM;SG
rebecca	rebecca	rebecca	rebecce		N;NOM;MASC;SG
satoshi	satoshi	satoshi	satosh		N;NOM;MASC;SG
stones	kamne	stones	kamen		ADJ;ACC;FEM;PL
stones	kamenje	stones	kamenje		N;ACC;MASC;PL
stones	kamni	stones	kamen		N;NOM;MASC;PL
prop	prop	prop	prop		N;NOM;MASC;SG
martens	martens	martens	martens		N;NOM;MASC;SG
pot	lonec	pot	lonec		N;NOM;MASC;SG
pot	travo	pot	trava		N;ACC;FEM;SG
heian	heian	heian	heian	N	
patterson	patterson	patterson	patterson		N;NOM;MASC;SG
alma	alma	alma	alma	NUM	N;NOM;FEM;SG
weasley	weasley	weasley	weasley		PROPN;NOM;FEM;SG
myers	myers	myers	myers		N;NOM;MASC;SG
hmas	hmas	hmas	hmas	N	PROPN;NOM;FEM;SG
allegheny	allegheny	allegheny	allegheny		N;NOM;MASC;SG
orchis	orchis	orchis	orchis		N;NOM;MASC;SG
tivi	televizijo	tivi	televizija	ADJ	N;ACC;FEM;SG
tivi	televizija	tivi	televizija	ADJ	N;NOM;FEM;SG
prinz	prinz	prinz	prinz	N	PROPN;NOM;MASC;SG
argentine	argentinska	argentine	argentinski	N	ADJ;NOM;FEM;SG
sar	sar	sar	sar	N	
intercontinental	medcelinski	intercontinental	medcelinski		ADJ;NOM;MASC;PL
aquino	aquino	aquino	aquina	N	ADV
tina	tine	tina	tina		N;NOM;MASC;SG
tina	tina	tina	tin		N;NOM;FEM;SG
mystery	skrivnost	mystery	skrivnost		N;NOM;FEM;SG
ruth	ruth	ruth	ruth		PROPN;NOM;MASC;SG
carolyn	carolyn	carolyn	carolyn		PROPN;NOM;MASC;SG
stall	kabino	stall	kabina		N;ACC;FEM;SG
bien	vidno	bien	vidno	N	ADV
bien	vidni	bien	viden	N	ADJ;NOM;MASC;PL
bien	viden	bien	viden	N	ADJ;NOM;INDF;MASC;SG
bien	vidna	bien	viden	N	ADJ;NOM;FEM;SG
bien	bien	bien	bien	N	
hoffmann	hoffmann	hoffmann	hoffmann		N;NOM;MASC;SG
hinton	hinton	hinton	hinton		N;NOM;MASC;SG
heather	heather	heather	heather	N	PROPN;NOM;MASC;SG
geo	geo	geo	geo		PROPN;NOM;MASC;SG
sussex	sussex	sussex	sussex	N	PROPN;NOM;MASC;SG
joey	joey	joey	joey	N	PROPN;NOM;MASC;SG
nuremberg	nürnbergu	nuremberg	nürnbergo	N	PROPN;DAT;MASC;SG
isabel	isabel	isabel	isabi		PROPN;NOM;FEM;SG
batista	batista	batista	batist		N;NOM;MASC;SG
highland	highland	highland	highlanda		N;NOM;MASC;SG
olt	olt	olt	olt		N;NOM;MASC;SG
avenue	avenijo	avenue	aveniti		N;ACC;FEM;SG
avenue	avenue	avenue	avenue		N;NOM;MASC;SG
avenue	avenija	avenue	avenija		N;NOM;FEM;SG
alegre	alegre	alegre	alegra		N;NOM;MASC;SG
schwarzenegger	schwarzenegger	schwarzenegger	schwarzenegger		ADJ;NOM;INDF;MASC;SG
chatham	chatham	chatham	chatha	N	PROPN;DAT;MASC;SG
niels	niels	niels	niels	N	PROPN;NOM;MASC;SG
imp	cpp	imp	cpp		N;NOM;MASC;SG
holmberg	holmberg	holmberg	holmberg		N;NOM;MASC;SG
albus	albus	albus	albus		N;NOM;MASC;SG
pmid	pmid	pmid	pmid		PROPN;NOM;MASC;SG
xuyến	svitek	xuyến	svitek	V	N;NOM;MASC;SG
reyes	reyes	reyes	reyes	N	PROPN;NOM;MASC;SG
camille	camille	camille	camilla	N	PROPN;NOM;FEM;SG
wendy	wendy	wendy	wendy		PROPN;NOM;FEM;SG
blackwell	blackwell	blackwell	blackwell		N;NOM;MASC;SG
phoiac	phoiac	phoiac	phoiac	V	N;NOM;MASC;SG
gneisenau	gneisenau	gneisenau	gneisen		N;DAT;MASC;SG
tbs	tvs	tbs	tvs		N;NOM;MASC;SG
holiday	dopust	holiday	dopust		N;NOM;MASC;SG
holiday	praznik	holiday	praznik		N;NOM;MASC;SG
holiday	počitnice	holiday	počitnice		N;NOM;FEM;PL
ribera	ribera	ribera	riber	NUM	N;NOM;MASC;SG
chocolate	čokoladna	chocolate	čokoladen	N	ADJ;NOM;FEM;SG
chocolate	čokoladno	chocolate	čokoladno	N	ADV
hemingway	hemingway	hemingway	hemingway		N;NOM;MASC;SG
táp	ugriz	táp	ugriz	V	N;NOM;MASC;SG
spl	spl	spl	spla		N;NOM;MASC;SG
viz	viz	viz	viz		N;NOM;FEM;SG
hybrid	hibridni	hybrid	hibriden	N	ADJ;NOM;DEF;MASC;SG
gibbs	gibbs	gibbs	gibbs	CONJ	PROPN;NOM;MASC;SG
dawson	dawson	dawson	dawson	N	PROPN;NOM;MASC;SG
stress	stres	stress	stres		N;NOM;MASC;SG
stress	stresa	stress	stres		N;GEN;MASC;SG
tak	tak	tak	tak	N	DET;NOM;MASC;SG
pattern	vzorec	pattern	vzorec	V	N;NOM;MASC;SG
brain	možgani	brain	možgani	V	N;NOM;MASC;PL
brain	možgane	brain	možgani	V	N;ACC;MASC;PL
fragilis	fragilis	fragilis	fragilis		N;NOM;MASC;SG
vila	vila	vila	vilo		N;NOM;FEM;SG
bazan	bazan	bazan	bazan	N	
buchanan	buchanan	buchanan	buchanan		N;NOM;MASC;SG
alive	živa	alive	živ		ADJ;NOM;FEM;SG
alive	živega	alive	živ		ADJ;GEN;NEUT;SG
alive	živ	alive	živ		ADJ;NOM;INDF;MASC;SG
rodriguez	rodriguez	rodriguez	rodriguez		N;NOM;MASC;SG
cent	centov	cent	cent		N;GEN;MASC;PL
cent	cent	cent	centa		N;NOM;MASC;SG
sandy	sandy	sandy	sandy		N;NOM;MASC;SG
cuốc	naključna	cuốc	naključen	N	ADJ;NOM;FEM;SG
cuốc	naključno	cuốc	naključno	N	ADV
cuốc	naključni	cuốc	naključen	N	ADJ;NOM;MASC;SG
cuốc	naključen	cuốc	naključen	N	ADJ;NOM;INDF;MASC;SG;V.PTCP
desmond	desmond	desmond	desmond		PROPN;NOM;MASC;SG
terra	tera	terra	tera		N;NOM;MASC;SG
terra	terra	terra	terer		N;NOM;FEM;SG
wikisource	wikivir	wikisource	wikivir	V	N;NOM;MASC;SG
neville	neville	neville	nevilel		N;NOM;MASC;SG
novara	novara	novara	novar	NUM	PROPN;NOM;FEM;SG
charmed	očarala	charmed	očarati		V;PFV;FEM;SG;V.PTCP
charmed	očaral	charmed	očarati		V;PFV;MASC;SG;V.PTCP
ceylon	ceylon	ceylon	ceylon	N	PROPN;NOM;MASC;SG
menu	meni	menu	meniti	N	V;IPFV;IND;SG;3;PRS;FIN
kelvin	kelvin	kelvin	kelvina		N;NOM;MASC;SG
korlević	korlević	korlević	korlević		N;NOM;MASC;SG
trier	trier	trier	trier	N	PROPN;NOM;MASC;SG
medium	srednje	medium	srednje		ADV
medium	srednja	medium	srednji		ADJ;NOM;FEM;SG
medium	gojišče	medium	gojišče		N;NOM;NEUT;SG
shane	shane	shane	shaniti		N;NOM;MASC;SG
cal	cal	cal	cal		N;NOM;MASC;SG
cool	kul	cool	kul		ADV
cool	fajn	cool	fajn		ADV
cool	cool	cool	cool		N;NOM;MASC;SG
lons	lons	lons	lons		N;NOM;MASC;SG
moreno	moreno	moreno	moren		ADJ;NOM;NEUT;SG;V.PTCP
telegraph	telegraf	telegraph	telegraf		N;NOM;MASC;SG
hcv	hcv	hcv	hcv	N	PROPN;NOM;MASC;SG
milk	mlečni	milk	mlečen		ADJ;NOM;MASC;PL
milk	mleka	milk	mleko		N;GEN;NEUT;SG
milk	mleko	milk	mleko		N;NOM;NEUT;SG
daphne	daphne	daphne	daphen	N	
jackie	jackie	jackie	jackie	N	PROPN;NOM;MASC;SG
livingston	livingston	livingston	livingston		N;NOM;MASC;SG
wollaston	wollaston	wollaston	wollaston	V	N;NOM;MASC;SG
graz	gradcu	graz	gradec		PROPN;DAT;MASC;SG
graz	gradec	graz	gradec		PROPN;NOM;MASC;SG
mons	mons	mons	mons	N	
cessna	cessna	cessna	cessen	N	ADJ;NOM;FEM;SG
across	počez	across	počez		ADV
across	čez	across	čez		ADP;ACC
zhuravleva	zhuravleva	zhuravleva	zhuravlevati		V;IPFV;IND;SG;3;PRS;FIN
kangaroo	kenguru	kangaroo	kengur		N;DAT;MASC;SG
kangaroo	kenguruji	kangaroo	kengurov		N;NOM;MASC;PL
lucida	lucida	lucida	lucida		N;NOM;MASC;SG
saratoga	saratoga	saratoga	saratoga		N;NOM;FEM;SG
intermedius	intermedius	intermedius	intermedius		N;NOM;MASC;SG
friuli	furlanija	friuli	furlanija		N;NOM;FEM;SG
albedo	albedo	albedo	albeda		N;NOM;MASC;SG
infinite	neskončne	infinite	neskončen	N	ADJ;NOM;FEM;PL
infinite	neskončno	infinite	neskončno	N	ADV
infinite	neskončna	infinite	neskončen	N	ADJ;NOM;FEM;SG
infinite	neskončen	infinite	neskončen	N	ADJ;NOM;INDF;MASC;SG
castello	castello	castello	castello	N	PROPN;NOM;NEUT;SG
gloucester	gloucester	gloucester	gloucester		N;NOM;MASC;SG
bács	bács	bács	bács		N;NOM;MASC;SG
sarajevo	sarajevo	sarajevo	sarajev	N	ADJ;NOM;NEUT;SG
breda	breda	breda	breda	N	PROPN;NOM;FEM;SG
kolín	kolín	kolín	koljen	NUM	
res	ove	res	ova		N;NOM;FEM;PL
inn	inn	inn	inn	N	
sonny	sonny	sonny	sonny		PROPN;NOM;MASC;SG
aguilar	aguilar	aguilar	aguilar		N;NOM;MASC;SG
gore	gore	gore	gora		N;NOM;FEM;PL
hayashi	hayashi	hayashi	hayash		N;NOM;MASC;SG
donna	donna	donna	donno		PROPN;NOM;FEM;SG
pham	pham	pham	phama	N	PROPN;NOM;MASC;SG
halle	halle	halle	halla	N	PROPN;NOM;FEM;SG
ulrich	ulrich	ulrich	ulrich		PROPN;NOM;MASC;SG
gap	vrzel	gap	vrzeti	V	N;NOM;MASC;SG
hàu	ostrige	hàu	ostrig	N	ADJ;NOM;FEM;PL
hàu	ostrige	hàu	ostrig	N	ADJ;NOM;FEM;PL
hàu	oyster	hàu	oyster	N	
frances	frances	frances	frances		N;NOM;MASC;SG
adriatic	jadranu	adriatic	jadran		N;DAT;MASC;SG
viva	živela	viva	živeti		V;IPFV;FEM;SG;V.PTCP
vanilla	grmenje	vanilla	grmenje		N;NOM;NEUT;SG
vanilla	grom	vanilla	grom		N;NOM;MASC;SG
vanilla	vanilija	vanilla	vanilij		N;NOM;FEM;SG
extreme	skrajna	extreme	skrajen		ADJ;NOM;FEM;SG
extreme	skrajno	extreme	skrajno		ADV
extreme	skrajni	extreme	skrajen		ADJ;NOM;DEF;MASC;SG
extreme	ekstremno	extreme	ekstremno		ADV
bilbao	bilbao	bilbao	bilbao	N	PROPN;NOM;MASC;SG
bun	bolgarski	bun	bolgarski		ADJ;NOM;MASC;SG
bun	bun	bun	bun		N;NOM;MASC;SG
multi	multi	multi	multa	DET	N;NOM;MASC;SG
wiedemann	wiedemann	wiedemann	wiedemann	N	
isidro	isidro	isidro	isidro	NUM	
woody	woody	woody	woody		
woody	jelko	woody	jelka		ADV
fat	debel	fat	debel	N	ADJ;NOM;INDF;MASC;SG
fat	debela	fat	debela	N	ADJ;NOM;FEM;SG
fat	debeli	fat	debela	N	ADJ;NOM;MASC;PL
andrey	andrej	andrey	andrej	N	PROPN;NOM;MASC;SG
pegasus	pegasus	pegasus	pegasus		N;NOM;MASC;SG
coriacea	coriacea	coriacea	coriace		N;NOM;MASC;SG
seymour	seymour	seymour	seymour		N;NOM;MASC;SG
browne	browne	browne	browen	N	
lex	lex	lex	lex		
magnifica	magnifica	magnifica	magnifica		N;NOM;MASC;SG
fukushima	fukušima	fukushima	fukušima	N	ADJ;NOM;FEM;DU
episodes	epizode	episodes	epizoda		N;NOM;FEM;PL
episodes	epizod	episodes	epizod		N;GEN;FEM;PL
herb	herb	herb	herba		PROPN;NOM;MASC;SG
herb	zelišča	herb	zelišče		N;NOM;NEUT;PL
herb	zeliščni	herb	zeliščen		ADJ;NOM;MASC;SG
ringo	ringo	ringo	ringo		N;NOM;MASC;SG
nicola	nicola	nicola	nicolo	N	PROPN;NOM;MASC;SG
renault	renault	renault	renaulta		N;NOM;MASC;SG
bleach	belilo	bleach	belilo		N;NOM;NEUT;SG
avengers	maščevalci	avengers	maščevalec		N;NOM;MASC;PL
weiss	weiss	weiss	weiss	N	PROPN;NOM;MASC;SG
switch	preklopi	switch	preklop	N	V;PFV;IND;SG;3;PRS;FIN
switch	zamenjaj	switch	zamenjaj	N	V;PFV;IMP;SG;2;FIN
herald	herald	herald	herald		N;NOM;MASC;SG
dickinson	dickinson	dickinson	dickinson		N;NOM;MASC;SG
melanie	melanie	melanie	melan		PROPN;NOM;MASC;SG
holloway	holloway	holloway	holloway	V	N;NOM;MASC;SG
tama	tama	tama	tama	N	
ngơ	ignorira	ngơ	ignorirati		V;IND;SG;3;PRS;FIN
chamberlain	chamberlain	chamberlain	chamberlain	V	N;NOM;MASC;SG
gala	gala	gala	gala		N;NOM;FEM;SG
cằm	chin	cằm	chin	N	PROPN;NOM;MASC;SG
paula	paulo	paula	paula		PROPN;NOM;MASC;SG
paula	paula	paula	pauti		N;ACC;MASC;SG
romano	romano	romano	roman		ADV
wizard	čarovnik	wizard	čarovnik		N;NOM;MASC;SG
zander	zander	zander	zander		N;NOM;MASC;SG
selim	selim	selim	seliti	N	V;IPFV;IND;SG;1;PRS;FIN
yom	jom	yom	on		N;NOM;MASC;SG
damian	damian	damian	damian	N	PROPN;NOM;MASC;SG
bedford	bedford	bedford	bedford	N	
haifa	haifi	haifa	haifa	N	PROPN;NOM;MASC;SG
cash	gotovino	cash	gotovina		N;ACC;FEM;SG
cash	gotovina	cash	gotovina		N;NOM;FEM;SG
sorbonne	sorbonni	sorbonne	sorbonen	N	ADJ;NOM;MASC;PL
lugo	lugo	lugo	lug	NUM	
teo	teo	teo	teo	V	PROPN;NOM;MASC;SG
villanueva	villanueva	villanueva	villanuev	N	PROPN;NOM;MASC;SG
kenji	kenji	kenji	kenj		N;NOM;MASC;SG
dorsalis	dorsalis	dorsalis	dorsalis		V;PFV;MASC;PL;V.PTCP
nur	nur	nur	nur	N	
robson	robson	robson	robson	N	
mask	masko	mask	maska		N;ACC;FEM;SG
mask	maska	mask	maska		N;NOM;FEM;SG
coa	coa	coa	coa	V	PROPN;NOM;MASC;SG
cluj	cluj	cluj	cluj	NUM	PROPN;NOM;MASC;SG
sinclair	sinclair	sinclair	sinclair		N;NOM;MASC;SG
asparagus	šparglji	asparagus	šparglji		N;NOM;MASC;PL
tábor	tábor	tábor	tábor	NUM	N;NOM;MASC;SG
rojas	rojas	rojas	rojas		N;NOM;MASC;SG
dahl	dahl	dahl	dahel	N	PROPN;NOM;MASC;SG
nhả	izpust	nhả	izpust	V	N;NOM;MASC;SG
nhả	sproščanje	nhả	sproščanje	V	N;NOM;NEUT;SG
nhả	sprostitev	nhả	sprostitev	V	N;NOM;FEM;SG
jenkins	jenkins	jenkins	jenkins		
minneapolis	minneapolisu	minneapolis	minneapolis		N;DAT;MASC;SG
pack	pakiranje	pack	pakiranje		N;NOM;NEUT;SG
pack	trop	pack	trop		N;NOM;MASC;SG
pack	pakiranja	pack	pakiranje		N;NOM;NEUT;PL
pack	krdelo	pack	krdeti		N;NOM;NEUT;SG
modena	modena	modena	moden	NUM	ADJ;NOM;FEM;SG
lions	levi	lions	lev	N	ADJ;NOM;MASC;SG
lions	leve	lions	lev	N	ADJ;NOM;FEM;PL
buckingham	buckinghamsko	buckingham	buckinghamsko		ADJ;NOM;NEUT;SG
kitty	mucek	kitty	mucek		N;NOM;MASC;SG
kitty	muci	kitty	muca		N;NOM;FEM;SG
kitty	muc	kitty	muc		N;NOM;MASC;SG
kitty	mucka	kitty	mucka		N;NOM;MASC;SG
kitty	muca	kitty	muca		N;NOM;FEM;SG
omer	omer	omer	omer		PROPN;NOM;MASC;SG
petersen	petersen	petersen	petersen	V	N;NOM;MASC;SG
maritima	maritima	maritima	mariti		ADJ;NOM;FEM;SG
madeleine	madeleine	madeleine	madelein	N	PROPN;NOM;FEM;SG
baba	baba	baba	babati		N;NOM;FEM;SG
backstreet	backstreet	backstreet	backstreet		N;NOM;MASC;SG
saunier	saunier	saunier	saunier		N;NOM;MASC;SG
campagne	campagne	campagne	campagen	V	ADJ;NOM;DEF;MASC;SG
nagano	nagano	nagano	nagan	N	ADV
spielberg	spielberg	spielberg	spielberg		N;NOM;MASC;SG
coventry	coventry	coventry	coventry	N	PROPN;NOM;MASC;SG
pbs	pbs	pbs	pbs		N;NOM;MASC;SG
pau	pau	pau	pau	N	PROPN;NOM;MASC;SG
ito	ito	ito	ito		PROPN;NOM;MASC;SG
calvert	calvert	calvert	calvert		N;NOM;MASC;SG
nolan	nolan	nolan	nolan		N;NOM;MASC;SG
treviso	treviso	treviso	trevis	N	PROPN;NOM;MASC;SG
meet	spoznaj	meet	spoznaj	ADJ	V;IND;SG;3;PRS;FIN
radiata	radiata	radiata	radiat	N	V;PFV;IND;DU;3;PRS;FIN
usaf	usaf	usaf	usaf		PROPN;NOM;MASC;SG
messenger	sel	messenger	sel	N	V;MASC;SG;V.PTCP
messenger	sla	messenger	sla	N	PROPN;NOM;FEM;SG
stream	tok	stream	tok		N;NOM;MASC;SG
stream	potok	stream	potok		N;NOM;MASC;SG
oldenburg	oldenburg	oldenburg	oldenburg		PROPN;NOM;MASC;SG
jacobs	jacobs	jacobs	jacobs	N	
ensign	praporščak	ensign	praporščak		N;NOM;MASC;SG
sio	sio	sio	sio	N	
niigata	niigata	niigata	niigat	N	V;IPFV;IND;DU;3;PRS;FIN
carlsen	carlsen	carlsen	carlsen	N	
phalanx	falanga	phalanx	falanga	N	ADJ;NOM;FEM;SG
gerard	gérard	gerard	gérard		N;NOM;MASC;SG
gerard	gerrard	gerard	gerrard		PROPN;NOM;MASC;SG
gerard	gerard	gerard	gerard		N;NOM;MASC;SG
yerevan	erevan	yerevan	erevan	N	
bergman	bergman	bergman	bergman		N;NOM;MASC;SG
oran	oranu	oran	oran		N;DAT;MASC;SG
ortiz	ortiz	ortiz	ortiz		PROPN;NOM;MASC;SG
focke	focke	focke	focka		N;NOM;MASC;SG
constance	constance	constance	constanec	N	PROPN;NOM;MASC;SG
guiana	gvajana	guiana	gvajana		N;NOM;FEM;SG
boca	boca	boca	boc	N	PROPN;NOM;MASC;SG
nếm	okus	nếm	okus	V	N;NOM;MASC;SG
nếm	okusi	nếm	okusiti	V	N;NOM;MASC;PL
ski	smučarski	ski	smučarski	N	ADJ;NOM;MASC;SG
ski	smučarskih	ski	smučarski	N	ADJ;GEN;MASC;PL
guetta	guetta	guetta	guett		N;NOM;MASC;SG
simoni	simoni	simoni	simon		N;NOM;FEM;SG
amor	amor	amor	amor		N;NOM;MASC;SG
zara	zara	zara	zara		PROPN;NOM;FEM;SG
michele	michele	michele	michel	N	PROPN;NOM;MASC;SG
swansea	swansea	swansea	swansea	N	PROPN;NOM;MASC;SG
españa	españa	españa	españa	N	PROPN;NOM;FEM;SG
nigel	nigel	nigel	nigi	N	PROPN;NOM;MASC;SG
sue	toži	sue	tožiti		V;IPFV;IND;SG;3;PRS;FIN
sue	sue	sue	sue		PROPN;NOM;FEM;SG
garfield	garfield	garfield	garfield		N;NOM;MASC;SG
tula	tula	tula	tul	NUM	PROPN;NOM;FEM;SG
texte	texte	texte	text		N;NOM;MASC;SG
alicia	alicia	alicia	alicia		N;NOM;FEM;SG
registry	register	registry	register		N;NOM;MASC;SG
registry	registra	registry	register		N;NOM;MASC;SG
eindhoven	eindhovna	eindhoven	eindhoven	N	ADJ;NOM;FEM;SG
seinen	seinen	seinen	seinen		N;NOM;MASC;SG
archipelago	otočje	archipelago	otočje	V	N;NOM;NEUT;SG
gogh	gogh	gogh	gogh		N;NOM;MASC;SG
nirvana	nirvana	nirvana	nirvan		N;NOM;FEM;SG
wanted	iskani	wanted	iskan	N	ADJ;NOM;DEF;MASC;SG;V.PTCP
wanted	iskana	wanted	iskan	N	ADJ;NOM;FEM;SG;V.PTCP
truong	truong	truong	truonga	N	
survivor	preživelih	survivor	preživel	N	ADJ;GEN;MASC;PL;V.PTCP
survivor	preživeli	survivor	preživeti	N	V;PFV;MASC;PL;V.PTCP
gauge	profil	gauge	profiti		N;NOM;MASC;SG
gauge	merilec	gauge	merilec		N;NOM;MASC;SG
gauge	merilnik	gauge	merilnik		N;NOM;MASC;SG
nháp	osnutki	nháp	osnutek	V	N;NOM;MASC;PL
nháp	osnutek	nháp	osnutek	V	N;NOM;MASC;SG
chát	grobo	chát	grobo	ADJ	ADV
chát	klepet	chát	klepet	ADJ	N;NOM;MASC;SG
melody	melody	melody	melody		N;NOM;MASC;SG
melody	melodija	melody	melodija		N;NOM;FEM;SG
melody	melodijo	melody	melodija		N;ACC;FEM;SG
beretta	beretta	beretta	berett		N;NOM;FEM;SG
sterling	sterling	sterling	sterling	V	N;NOM;MASC;SG
chambers	chambers	chambers	chambers		N;NOM;MASC;SG
chambers	komore	chambers	komor		N;NOM;FEM;PL
mari	mari	mari	mara		N;NOM;FEM;SG
humbert	humbert	humbert	humbert		N;NOM;MASC;SG
ivy	ivy	ivy	ivy		PROPN;NOM;MASC;SG
northampton	northampton	northampton	northampton		N;NOM;MASC;SG
judith	judith	judith	judith	N	
shirley	shirley	shirley	shirley		PROPN;NOM;MASC;SG
michelangelo	michelangelo	michelangelo	michelangel		N;NOM;MASC;SG
cate	cate	cate	cat	N	PROPN;NOM;FEM;SG
xui	nesrečno	xui	nesrečno	ADJ	ADV
lou	lou	lou	lou	N	PROPN;NOM;MASC;SG
advance	vnaprej	advance	vnaprej	N	ADV
boulogne	boulogne	boulogne	boulogen	N	ADJ;NOM;DEF;MASC;SG
pulitzer	pulitzerjevo	pulitzer	pulitzerjev		ADJ;NOM;NEUT;SG
sandra	sandra	sandra	sandra		N;NOM;FEM;SG
krasnoyarsk	krasnojarsk	krasnoyarsk	krasnojarsk	N	
buch	buch	buch	buch		
mesnil	mesnil	mesnil	mesniti		N;NOM;MASC;SG
angry	jezna	angry	jezen	N	ADJ;NOM;FEM;SG
angry	jezen	angry	jezen	N	ADJ;NOM;INDF;MASC;SG
angry	jezni	angry	jezen	N	ADJ;NOM;MASC;PL
angry	jezno	angry	jezno	N	ADV
lisboa	lizbonska	lisboa	lizbonski		ADJ;NOM;FEM;SG
lisboa	lizboni	lisboa	lizbon		PROPN;NOM;FEM;SG
lisboa	lizbonske	lisboa	lizbonski		ADJ;NOM;FEM;PL
lisboa	lisbon	lisboa	lisbon		N;NOM;MASC;SG
stamford	stamford	stamford	stamford	N	
klm	klm	klm	klm		N;NOM;MASC;SG
kansai	kansai	kansai	kansai		N;NOM;MASC;SG
oval	ovalne	oval	ovalen	N	ADJ;NOM;FEM;PL
mannheim	mannheim	mannheim	mannheim	N	PROPN;NOM;MASC;SG
nationale	nationale	nationale	nationala	N	PROPN;NOM;MASC;SG
ida	ide	ida	ide		N;NOM;MASC;SG
ida	ida	ida	ida		PROPN;NOM;FEM;SG
deutsch	deutsch	deutsch	deutsch	N	
cantor	cantor	cantor	cantor		N;NOM;MASC;SG
dorset	dorset	dorset	dorset	N	PROPN;NOM;MASC;SG
dover	dover	dover	dover	N	PROPN;NOM;MASC;SG
avia	avia	avia	avia		N;NOM;MASC;SG
bohr	bohr	bohr	bohr	N	PROPN;NOM;MASC;SG
lamb	lamb	lamb	lamb	N	
noir	noir	noir	noir		N;NOM;MASC;SG
bray	bray	bray	bray	NUM	
sap	sap	sap	sap		N;NOM;MASC;SG
lauren	lauren	lauren	lauren		ADV
tạt	gorčica	tạt	gorčica	ADJ	N;NOM;FEM;SG
tạt	gorčice	tạt	gorčica	ADJ	N;NOM;FEM;PL
tristan	tristan	tristan	tristan		N;NOM;MASC;SG
howe	howe	howe	how	N	PROPN;NOM;MASC;SG
saunders	saunders	saunders	saunders		PROPN;NOM;MASC;SG
wyatt	wyatt	wyatt	wyatt		PROPN;NOM;MASC;SG
katherine	katherine	katherine	katherin		ADJ;NOM;FEM;SG
katherine	katarina	katherine	katarina		N;NOM;FEM;SG
manitoba	manitoba	manitoba	manitoba	N	PROPN;NOM;FEM;SG
ausf	ausf	ausf	ausf	N	
cật	ledvice	cật	ledvica	V	N;NOM;FEM;PL
tea	tea	tea	tea	N	
stern	krma	stern	krma		N;NOM;FEM;SG
stern	stern	stern	stern		N;NOM;MASC;SG
teddy	teddy	teddy	teddy		
marek	marek	marek	marek		N;NOM;MASC;SG
breaking	lomi	breaking	lomiti		V;IPFV;IND;SG;3;PRS;FIN
breaking	zlom	breaking	zlom		N;NOM;MASC;SG
alien	nezemeljsko	alien	nezemeljsko		ADJ;NOM;NEUT;SG
schindler	schindler	schindler	schindler		N;NOM;MASC;SG
lydia	lidija	lydia	lidija		N;NOM;FEM;SG
lydia	lydia	lydia	lydia		N;NOM;MASC;SG
fun	zabavno	fun	zabaven	N	ADJ;NOM;NEUT;SG
lorenz	lorenz	lorenz	lorenza		N;NOM;MASC;SG
bouches	bouches	bouches	bouches		N;NOM;MASC;SG
clermont	clermont	clermont	clermont	N	PROPN;NOM;MASC;SG
dalton	dalton	dalton	dalton		PROPN;NOM;MASC;SG
gottfried	gottfried	gottfried	gottfried		N;NOM;MASC;SG
stephens	stephens	stephens	stephens		PROPN;NOM;MASC;SG
byrne	byrne	byrne	byrn	N	ADJ;NOM;FEM;SG
lesser	manjše	lesser	majhen		ADJ;NOM;CMPR;NEUT;SG
mgm	mgm	mgm	mgm	N	
brock	brock	brock	brock		N;NOM;MASC;SG
conway	conway	conway	conway	N	PROPN;NOM;MASC;SG
msn	msn	msn	msen		N;NOM;MASC;SG
rodrigues	rodrigues	rodrigues	rodrigues		N;NOM;MASC;SG
snyder	snyder	snyder	snyder		
credit	zasluge	credit	zasluga		N;NOM;FEM;PL
credit	kreditne	credit	krediten		ADJ;NOM;FEM;PL
credit	kredit	credit	kredit		N;NOM;MASC;SG
credit	kreditno	credit	krediten		ADJ;NOM;NEUT;SG
carrie	carrie	carrie	carri		PROPN;NOM;FEM;SG
axel	axel	axel	anije	N	
daimyo	daimjo	daimyo	daime	N	V;IPFV;IND;PL;1;PRS;FIN
corp	corp	corp	corpa	N	PROPN;NOM;MASC;SG
punic	punska	punic	punski	N	ADJ;NOM;FEM;SG
molotov	molotov	molotov	molot		N;NOM;MASC;SG
vieux	vieux	vieux	vieux		N;NOM;MASC;SG
novosibirsk	novosibirsku	novosibirsk	novosibirski		ADJ;DAT;MASC;SG
galápagos	galapagos	galápagos	galapagos		N;NOM;MASC;SG
frost	pozeba	frost	pozeba		N;NOM;FEM;SG
frost	frost	frost	frost		N;NOM;MASC;SG
utrecht	utrecht	utrecht	utrecht	N	PROPN;NOM;MASC;SG
wiltshire	wiltshire	wiltshire	wiltshira	N	PROPN;NOM;MASC;SG
munro	munro	munro	munro		
endangered	ogrožen	endangered	ogrožen	V	ADJ;NOM;INDF;MASC;SG;V.PTCP
endangered	ogroženih	endangered	ogrožen	V	ADJ;GEN;MASC;PL;V.PTCP
endangered	ogroženi	endangered	ogrožen	V	ADJ;NOM;MASC;PL;V.PTCP
endangered	ogroženo	endangered	ogrožen	V	ADJ;NOM;NEUT;SG;V.PTCP
endangered	ogrožena	endangered	ogrožen	V	ADJ;NOM;FEM;SG;V.PTCP
endangered	ogrožene	endangered	ogrožen	V	ADJ;NOM;FEM;PL;V.PTCP
lausanne	lausanni	lausanne	lausanen	N	ADJ;NOM;MASC;SG
jacqueline	jacqueline	jacqueline	jacquelina	N	PROPN;NOM;FEM;SG
norris	norris	norris	norris		N;NOM;MASC;SG
sui	sui	sui	sui	N	PROPN;NOM;MASC;SG
gekko	gekko	gekko	gekko	V	
nikita	nikita	nikita	nikit		N;NOM;MASC;SG
dudley	dudley	dudley	dudley		PROPN;NOM;MASC;SG
pleasant	prijetno	pleasant	prijeten		ADJ;NOM;NEUT;SG
pleasant	prijeten	pleasant	prijeten		ADJ;NOM;INDF;MASC;SG
pleasant	prijetna	pleasant	prijeten		ADJ;NOM;FEM;SG
magdalena	magdalena	magdalena	magdalen	N	ADJ;NOM;FEM;SG
magdalena	magdalena	magdalena	magdalen	N	ADJ;NOM;FEM;SG
arras	arras	arras	arras	N	PROPN;NOM;MASC;SG
tot	tot	tot	tot	ADJ	
điếc	gluhi	điếc	gluhiti	V	ADJ;NOM;MASC;PL
điếc	gluha	điếc	gluh	V	ADJ;NOM;FEM;SG
điếc	gluh	điếc	gluh	V	N;NOM;MASC;SG
xxi	xxi	xxi	iti	NUM	PROPN;NOM;MASC;SG
neu	neu	neu	neu		
sami	sami	sami	sam		ADJ;NOM;MASC;PL
marilyn	marilyn	marilyn	marilyen	N	PROPN;NOM;MASC;SG
vincennes	vincennes	vincennes	vincennos		ADJ;NOM;INDF;MASC;SG
geisei	geisei	geisei	geisei		N;NOM;MASC;PL
simone	simone	simone	simona		PROPN;NOM;FEM;SG
gifu	gifu	gifu	gif	N	
tanganyika	tanganjika	tanganyika	tanganjik		N;ACC;MASC;SG
jericho	jericho	jericho	jerich	N	PROPN;NOM;MASC;SG
thatcher	thatcher	thatcher	thatcher	V	N;NOM;MASC;SG
byron	byron	byron	byron		N;NOM;MASC;SG
vandal	vandala	vandal	vandati	N	
khz	khz	khz	khz	N	PROPN;NOM;MASC;SG
ying	ying	ying	ying	N	
toni	toni	toni	ton		N;NOM;MASC;PL
moravia	moravske	moravia	moravski	N	ADJ;NOM;FEM;PL
nal	nal	nal	nalo		PROPN;NOM;MASC;SG
surigao	surigao	surigao	surigao	N	
raoul	raoul	raoul	raoul		N;NOM;MASC;SG
wiener	wiener	wiener	wiener		PROPN;NOM;MASC;SG
danzig	danzig	danzig	danzig	N	PROPN;NOM;MASC;SG
clarence	clarence	clarence	clarenca		N;NOM;MASC;SG
watt	watts	watt	watts		
yoko	yoko	yoko	yoko		PROPN;NOM;FEM;SG
livingstone	livingstone	livingstone	livingston		N;NOM;FEM;SG
jerzy	jerzy	jerzy	jerzy	N	PROPN;NOM;MASC;SG
durand	durand	durand	duranda		N;NOM;MASC;SG
judy	judy	judy	judy	N	PROPN;NOM;FEM;SG
neue	neue	neue	neue	N	
pom	pom	pom	pom	N	
mầu	barvni	mầu	barven	N	ADJ;NOM;MASC;SG
mầu	barvno	mầu	barvno	N	ADV
shaun	shaun	shaun	shaun	N	PROPN;NOM;MASC;SG
higgins	higgins	higgins	higgins		N;NOM;MASC;SG
aya	aya	aya	ay		
vẫy	maha	vẫy	maha	V	N;NOM;MASC;SG
meade	meade	meade	meada		N;NOM;MASC;SG
dorothy	dorothy	dorothy	dorothy		PROPN;NOM;FEM;SG
hartley	hartley	hartley	hartley		
epstein	epstein	epstein	epstein		N;NOM;MASC;SG
jobs	zaposlitve	jobs	zaposlitev		N;NOM;FEM;PL
atr	atr	atr	atr		N;NOM;MASC;SG
campobasso	campobasso	campobasso	campobassa	N	ADV
pictus	pictus	pictus	pictus		N;NOM;MASC;SG
gnome	gnome	gnome	gnom		N;NOM;MASC;SG
gnome	palčka	gnome	palček		N;NOM;MASC;SG
gutenberg	gutenberg	gutenberg	gutenberg		N;NOM;MASC;SG
terre	terre	terre	terer	N	
novo	novo	novo	nov		ADJ;NOM;NEUT;SG
gloster	gloster	gloster	gloster		N;NOM;MASC;SG
doubleday	doubleday	doubleday	doubleday	N	
vita	vita	vita	vit		N;NOM;MASC;SG
worms	črve	worms	črv		N;ACC;MASC;PL
worms	črvi	worms	črv		N;NOM;MASC;PL
stefano	stefano	stefano	stefan	N	PROPN;NOM;MASC;SG
mei	mei	mei	jaz	N	PROPN;NOM;MASC;SG
nháy	flash	nháy	flahh	V	N;NOM;MASC;SG
nháy	blisk	nháy	blisk	V	N;NOM;MASC;SG
alfredo	alfredo	alfredo	alfreda	N	PROPN;NOM;MASC;SG
castilla	castile	castilla	castiti	N	V;IPFV;FEM;PL;V.PTCP
dayton	dayton	dayton	dayton	N	PROPN;NOM;MASC;SG
takeo	takeo	takeo	takeo	N	
corbett	corbett	corbett	corbett		PROPN;NOM;MASC;SG
champ	šampion	champ	šampion		N;NOM;MASC;SG
champ	prvak	champ	prvak		N;NOM;MASC;SG
bowditch	bowditch	bowditch	bowditch		N;NOM;MASC;SG
kochi	kochi	kochi	kocha	N	
aves	aves	aves	aves		N;NOM;MASC;SG
clemens	clemens	clemens	clemens	N	
gupta	gupta	gupta	gupt		N;NOM;MASC;SG
hardpoint	hardpoint	hardpoint	hardpoint		N;NOM;MASC;SG
nomen	nomen	nomen	nomen		N;NOM;MASC;SG
trọc	plešast	trọc	plešast	V	N;NOM;MASC;SG
trọc	plešasti	trọc	plešast	V	N;NOM;MASC;PL
trọc	pleško	trọc	pleški	V	N;NOM;MASC;SG
als	als	als	als		
neal	neal	neal	nealo		PROPN;NOM;MASC;SG
sạc	polnilec	sạc	polnilec	V	N;NOM;MASC;SG
sạc	polnim	sạc	poln	V	ADJ;DAT;MASC;PL
sạc	polnjenje	sạc	polnjenje	V	N;NOM;NEUT;SG
fossil	fosilnih	fossil	fosilen	NUM	ADJ;GEN;MASC;PL
bart	bart	bart	barta		N;NOM;MASC;SG
eniwetok	eniwetok	eniwetok	eniwetok		N;NOM;MASC;SG
bourne	bourne	bourne	bouren	N	ADJ;NOM;MASC;SG
esther	esther	esther	esther	N	PROPN;NOM;FEM;SG
leroy	leroy	leroy	leroy		N;NOM;MASC;SG
lester	lesterja	lester	lester		N;NOM;MASC;SG
lester	lester	lester	lestro		N;NOM;MASC;SG
biswas	biswas	biswas	biswas	N	
prostějov	prostějov	prostějov	prostaj		N;GEN;MASC;PL
mitterrand	mitterrand	mitterrand	mitterranda		N;NOM;MASC;SG
doug	douga	doug	doug		N;NOM;MASC;SG
doug	doug	doug	doug		PROPN;NOM;MASC;SG
arroyo	arroyo	arroyo	arroya	N	PROPN;NOM;MASC;SG
oss	oss	oss	ossa		N;NOM;MASC;SG
alpine	alpski	alpine	alpski	N	ADJ;NOM;DEF;MASC;SG
henrik	henrik	henrik	henrik		N;NOM;MASC;SG
geoffroy	bogomir	geoffroy	bogomir		N;NOM;MASC;SG
cream	smetana	cream	smetana		N;NOM;FEM;SG
cream	kremo	cream	krema		N;ACC;FEM;SG
cream	smetane	cream	smetana		N;NOM;FEM;PL
cream	smetano	cream	smetana		N;ACC;FEM;SG
cream	krema	cream	krema		N;NOM;FEM;SG
grimm	grimm	grimm	grim		N;DAT;MASC;SG
antony	antonij	antony	antonija		N;NOM;MASC;SG
zack	zack	zack	zack		PROPN;NOM;MASC;SG
royen	royen	royen	royen		N;NOM;MASC;SG
reeves	reeves	reeves	reeves	N	
finn	finn	finn	finn		PROPN;NOM;MASC;SG
hoth	hoth	hoth	hoth	N	
zlín	zlín	zlín	zlín	N	
sioux	sioux	sioux	sioux		N;NOM;MASC;SG
aberdeen	aberdeen	aberdeen	aberdeen		
sprague	sprague	sprague	spragua		N;NOM;MASC;SG
kladno	kladno	kladno	kladen		ADV
arad	arad	arad	arad	N	PROPN;NOM;MASC;SG
castelnau	castelnau	castelnau	castelna		N;NOM;MASC;SG
tenuifolia	tenuifolia	tenuifolia	tenuifolia		N;NOM;MASC;SG
gfdl	gfdl	gfdl	gfdla		N;NOM;MASC;SG
bio	bio	bio	biti	N	
trip	izlet	trip	izlet		N;NOM;MASC;SG
trip	potovanje	trip	potovanje		N;NOM;NEUT;SG
trip	trip	trip	trip		N;NOM;MASC;SG
garde	garde	garde	garda		N;NOM;FEM;PL
trois	trois	trois	trois	NUM	N;NOM;MASC;SG
tara	tara	tara	tar		PROPN;NOM;FEM;SG
tara	taro	tara	taro		N;NOM;FEM;SG
hittite	hetitska	hittite	hetitski	N	ADJ;NOM;FEM;SG
guthrie	guthrie	guthrie	guthriti		N;NOM;MASC;SG
eclipse	mrk	eclipse	mrk	V	N;NOM;MASC;SG
accipitridae	accipitridae	accipitridae	accipitrida	V	N;NOM;MASC;PL
tap	tekmovalec	tap	tekmovalec		N;NOM;MASC;SG
sts	sts	sts	sts		PROPN;NOM;MASC;SG
brandon	brandon	brandon	brandon		N;NOM;MASC;SG
hoover	hoover	hoover	hoover		N;NOM;MASC;SG
borgo	borgo	borgo	borga	N	PROPN;NOM;NEUT;SG
rodney	rodney	rodney	rodney		ADJ;NOM;MASC;SG
rodney	robi	rodney	roba		N;NOM;MASC;SG
foo	foo	foo	foo	N	PROPN;NOM;MASC;SG
sida	aids	sida	aids		N;NOM;MASC;SG
sida	pripomočki	sida	pripomoček		N;NOM;MASC;PL
sutton	sutton	sutton	sutton	N	
hance	hance	hance	hance		N;NOM;FEM;PL
flynn	flynn	flynn	flynn		N;NOM;MASC;SG
frontalis	frontalis	frontalis	frontalis		V;MASC;SG;V.PTCP
lover	ljubimec	lover	ljubimec		N;NOM;MASC;SG
superba	superba	superba	superba		N;NOM;FEM;SG
tor	tor	tor	tor	V	N;NOM;MASC;SG
tor	tor	tor	tor	V	N;NOM;MASC;SG
tor	thor	tor	thor	V	N;NOM;MASC;SG
rụi	zdrobljena	rụi	zdrobljen	V	ADJ;NOM;FEM;SG;V.PTCP
romanov	romanova	romanov	romanova		ADJ;NOM;FEM;SG
aspera	aspera	aspera	asper		N;NOM;MASC;SG
smilax	smilax	smilax	smilax		N;NOM;MASC;SG
salazar	salazar	salazar	salazar		N;NOM;MASC;SG
gmbh	gmbh	gmbh	gmbh		PROPN;NOM;MASC;SG
giles	giles	giles	giles		
whole	cele	whole	cel		ADJ;NOM;FEM;PL
whole	cel	whole	cel		ADJ;NOM;INDF;MASC;SG
whole	cela	whole	cel		ADJ;NOM;FEM;SG
whole	celotno	whole	celoten		ADJ;NOM;NEUT;SG
aid	pomoč	aid	pomoč		N;NOM;FEM;SG
aid	pomoči	aid	pomoč		N;GEN;FEM;SG
râm	senca	râm	senca	ADJ	N;NOM;FEM;SG
râm	senci	râm	senca	ADJ	N;DAT;FEM;SG
râm	senco	râm	senca	ADJ	N;ACC;FEM;SG
râm	odtenek	râm	odtenek	ADJ	N;NOM;MASC;SG
milwaukee	milwaukeeju	milwaukee	milwaukek		N;DAT;NEUT;SG
edith	edith	edith	editi	N	PROPN;NOM;FEM;SG
noah	noe	noah	noe	N	PROPN;NOM;MASC;SG
noah	noah	noah	nog	N	PROPN;NOM;MASC;SG
lynx	ris	lynx	ris		N;NOM;MASC;SG
fulltext	fulltext	fulltext	fulltext		N;NOM;MASC;SG
vhs	vhs	vhs	vhs		N;NOM;MASC;SG
troll	trol	troll	trol		N;NOM;MASC;SG
troll	troli	troll	troliti		N;NOM;MASC;PL
sora	sora	sora	sora	N	PROPN;NOM;FEM;SG
